object={
	name="mushroom_red_generator_1_0"
	clamp_to_water_level=no
	render_under_water=no
	generated_content=yes
	layer="tree_layer"
	pdxmesh="Shroom_2_mesh"
	count=1127
	transform="7038.521484 0.000000 834.346558 0.000000 0.987214 0.000000 -0.159400 0.816306 0.816306 0.816306
7029.456055 0.000000 845.120422 0.000000 0.967005 0.000000 0.254756 0.773762 0.773762 0.773762
7027.197754 0.000000 844.734619 0.000000 0.848843 0.000000 0.528645 0.743264 0.743264 0.743264
7038.349609 0.000000 835.704163 0.000000 0.470577 0.000000 0.882359 0.689905 0.689905 0.689905
7028.799805 0.000000 847.299011 0.000000 0.998886 0.000000 -0.047183 0.804808 0.804808 0.804808
7028.307617 0.000000 845.452515 0.000000 0.696121 0.000000 -0.717924 0.881570 0.881570 0.881570
7029.130859 0.000000 846.225037 0.000000 0.364172 0.000000 0.931332 0.677967 0.677967 0.677967
7026.193359 0.000000 844.937927 0.000000 0.872675 0.000000 -0.488302 0.851963 0.851963 0.851963
7026.886719 0.000000 845.766296 0.000000 0.928363 0.000000 -0.371675 0.838789 0.838789 0.838789
7028.718750 0.000000 844.538940 0.000000 0.571603 0.000000 -0.820530 0.898023 0.898023 0.898023
7039.168457 0.000000 834.168030 0.000000 0.874774 0.000000 0.484532 0.748477 0.748477 0.748477
7041.198730 0.000000 843.589233 0.000000 0.770868 0.000000 -0.636995 0.870343 0.870343 0.870343
7039.633789 0.000000 835.720032 0.000000 0.999977 0.000000 0.006734 0.799314 0.799314 0.799314
7041.855469 0.000000 842.694580 0.000000 0.595456 0.000000 0.803388 0.704969 0.704969 0.704969
7040.613281 0.000000 842.641907 0.000000 0.119198 0.000000 0.992870 0.652170 0.652170 0.652170
7039.959961 0.000000 834.783325 0.000000 0.924348 0.000000 0.381549 0.760125 0.760125 0.760125
7101.050781 0.000000 853.414429 0.000000 0.738303 0.000000 -0.674470 0.875401 0.875401 0.875401
7102.542969 0.000000 863.138855 0.000000 0.199520 0.000000 0.979894 0.660460 0.660460 0.660460
7100.175293 0.000000 852.620911 0.000000 0.966082 0.000000 -0.258235 0.826605 0.826605 0.826605
7101.557617 0.000000 852.641907 0.000000 0.093291 0.000000 -0.995639 0.950484 0.950484 0.950484
7106.550293 0.000000 858.042969 0.000000 0.717750 0.000000 -0.696301 0.878455 0.878455 0.878455
7110.801758 0.000000 862.473145 0.000000 0.527477 0.000000 -0.849569 0.903404 0.903404 0.903404
7120.330078 0.000000 861.575745 0.000000 0.744921 0.000000 0.667152 0.725604 0.725604 0.725604
7121.725586 0.000000 860.465820 0.000000 0.944782 0.000000 0.327701 0.765992 0.765992 0.765992
7111.490234 0.000000 854.668823 0.000000 0.810506 0.000000 0.585731 0.736258 0.736258 0.736258
7121.503906 0.000000 862.186340 0.000000 0.148602 0.000000 0.988897 0.655193 0.655193 0.655193
7120.441895 0.000000 860.183838 0.000000 0.287615 0.000000 0.957746 0.669716 0.669716 0.669716
7107.245605 0.000000 859.096008 0.000000 0.194147 0.000000 -0.980973 0.940098 0.940098 0.940098
7111.965332 0.000000 862.136780 0.000000 0.124300 0.000000 0.992245 0.652694 0.652694 0.652694
7111.753906 0.000000 863.270081 0.000000 0.434052 0.000000 -0.900888 0.914267 0.914267 0.914267
7110.096680 0.000000 863.361572 0.000000 0.857933 0.000000 0.513761 0.745041 0.745041 0.745041
7103.407715 0.000000 862.928223 0.000000 0.577098 0.000000 0.816675 0.702661 0.702661 0.702661
7121.206543 0.000000 861.216187 0.000000 0.349211 0.000000 -0.937044 0.923664 0.923664 0.923664
7120.845703 0.000000 862.819824 0.000000 0.482779 0.000000 -0.875742 0.908681 0.908681 0.908681
7119.584473 0.000000 865.267395 0.000000 0.927768 0.000000 0.373156 0.761048 0.761048 0.761048
7121.611328 0.000000 867.488220 0.000000 0.343975 0.000000 0.938979 0.675768 0.675768 0.675768
7121.058594 0.000000 863.955139 0.000000 0.257873 0.000000 -0.966179 0.933433 0.933433 0.933433
7111.434570 0.000000 863.835999 0.000000 0.210978 0.000000 -0.977491 0.938347 0.938347 0.938347
7120.403320 0.000000 866.581360 0.000000 0.565176 0.000000 0.824970 0.701181 0.701181 0.701181
7122.424805 0.000000 872.096619 0.000000 0.275863 0.000000 -0.961197 0.931532 0.931532 0.931532
7123.554688 0.000000 872.357361 0.000000 0.996589 0.000000 -0.082519 0.808415 0.808415 0.808415
7119.984863 0.000000 864.225098 0.000000 0.950875 0.000000 -0.309574 0.832060 0.832060 0.832060
7121.533691 0.000000 866.416687 0.000000 0.413874 0.000000 0.910334 0.683464 0.683464 0.683464
7120.526367 0.000000 867.678345 0.000000 0.991760 0.000000 0.128107 0.786915 0.786915 0.786915
7118.768555 0.000000 864.754211 0.000000 0.119938 0.000000 0.992781 0.652246 0.652246 0.652246
7496.183594 0.000000 827.305054 0.000000 0.202221 0.000000 0.979340 0.660741 0.660741 0.660741
7505.098145 0.000000 831.680115 0.000000 0.061018 0.000000 0.998137 0.646219 0.646219 0.646219
7497.715332 0.000000 827.133301 0.000000 0.740835 0.000000 -0.671687 0.875018 0.875018 0.875018
7505.457031 0.000000 830.194153 0.000000 0.997875 0.000000 -0.065158 0.806642 0.806642 0.806642
7496.921875 0.000000 826.360168 0.000000 0.395401 0.000000 -0.918509 0.918594 0.918594 0.918594
7504.798828 0.000000 830.827637 0.000000 0.996203 0.000000 -0.087056 0.808879 0.808879 0.808879
7539.178223 0.000000 807.198853 0.000000 0.933926 0.000000 -0.357467 0.837235 0.837235 0.837235
7544.687988 0.000000 825.220398 0.000000 0.285056 0.000000 0.958511 0.669444 0.669444 0.669444
7545.892090 0.000000 824.330261 0.000000 0.425422 0.000000 -0.904995 0.915240 0.915240 0.915240
7539.908203 0.000000 806.198303 0.000000 0.010546 0.000000 -0.999944 0.958926 0.958926 0.958926
7544.827637 0.000000 824.037292 0.000000 0.002784 0.000000 -0.999996 0.959716 0.959716 0.959716
7538.382324 0.000000 806.502869 0.000000 0.649914 0.000000 -0.760008 0.887938 0.887938 0.887938
7545.453613 0.000000 825.923279 0.000000 0.999411 0.000000 -0.034326 0.803497 0.803497 0.803497
7506.757812 0.000000 841.237610 0.000000 0.692532 0.000000 -0.721387 0.882078 0.882078 0.882078
7514.562500 0.000000 835.603943 0.000000 0.537054 0.000000 0.843548 0.697748 0.697748 0.697748
7508.424316 0.000000 843.604797 0.000000 0.446243 0.000000 0.894912 0.687116 0.687116 0.687116
7506.265137 0.000000 833.599731 0.000000 0.187058 0.000000 -0.982349 0.940834 0.940834 0.940834
7505.011719 0.000000 831.962952 0.000000 0.250873 0.000000 -0.968020 0.934170 0.934170 0.934170
7501.166504 0.000000 836.673279 0.000000 0.999964 0.000000 0.008537 0.799130 0.799130 0.799130
7509.642090 0.000000 836.783386 0.000000 0.271495 0.000000 -0.962440 0.931994 0.931994 0.931994
7508.778320 0.000000 833.578613 0.000000 0.914833 0.000000 -0.403832 0.842343 0.842343 0.842343
7510.172363 0.000000 835.244202 0.000000 0.698045 0.000000 0.716054 0.718703 0.718703 0.718703
7515.214355 0.000000 834.172058 0.000000 0.872152 0.000000 -0.489234 0.852072 0.852072 0.852072
7509.119141 0.000000 842.183960 0.000000 0.981314 0.000000 -0.192412 0.819722 0.819722 0.819722
7511.481934 0.000000 834.743103 0.000000 0.378229 0.000000 0.925712 0.679509 0.679509 0.679509
7506.430176 0.000000 832.021973 0.000000 0.445558 0.000000 -0.895253 0.912962 0.912962 0.912962
7507.532715 0.000000 832.992859 0.000000 0.999743 0.000000 -0.022679 0.802310 0.802310 0.802310
7507.966797 0.000000 841.664185 0.000000 0.340556 0.000000 0.940224 0.675397 0.675397 0.675397
7513.105957 0.000000 832.964539 0.000000 0.568139 0.000000 0.822932 0.701548 0.701548 0.701548
7515.782715 0.000000 835.268494 0.000000 0.989435 0.000000 -0.144979 0.814820 0.814820 0.814820
7506.377930 0.000000 840.104431 0.000000 0.723682 0.000000 0.690134 0.722417 0.722417 0.722417
7500.864746 0.000000 837.939819 0.000000 0.998605 0.000000 -0.052794 0.805380 0.805380 0.805380
7507.507812 0.000000 840.365173 0.000000 0.905263 0.000000 0.424853 0.755304 0.755304 0.755304
7509.558105 0.000000 832.751770 0.000000 0.993166 0.000000 0.116714 0.788084 0.788084 0.788084
7509.547852 0.000000 843.763489 0.000000 0.233063 0.000000 -0.972462 0.936040 0.936040 0.936040
7508.741211 0.000000 837.428528 0.000000 0.599743 0.000000 -0.800193 0.894486 0.894486 0.894486
7508.695312 0.000000 836.318176 0.000000 0.631822 0.000000 0.775114 0.709662 0.709662 0.709662
7509.834473 0.000000 837.845581 0.000000 0.856608 0.000000 -0.515967 0.855222 0.855222 0.855222
7501.708008 0.000000 837.622375 0.000000 0.496002 0.000000 -0.868322 0.907136 0.907136 0.907136
7522.909180 0.000000 834.981750 0.000000 0.872290 0.000000 0.488989 0.747957 0.747957 0.747957
7523.515625 0.000000 834.039978 0.000000 0.874905 0.000000 0.484295 0.748504 0.748504 0.748504
7523.506348 0.000000 835.722473 0.000000 0.215348 0.000000 0.976537 0.662108 0.662108 0.662108
6621.845215 0.000000 1586.476318 0.000000 0.989378 0.000000 -0.145364 0.814859 0.814859 0.814859
6618.740723 0.000000 1590.816284 0.000000 0.559276 0.000000 0.828981 0.700455 0.700455 0.700455
6622.429688 0.000000 1581.279663 0.000000 0.180703 0.000000 -0.983538 0.941492 0.941492 0.941492
6621.143066 0.000000 1587.670898 0.000000 0.802810 0.000000 0.596235 0.734932 0.734932 0.734932
6622.601562 0.000000 1598.959229 0.000000 0.470252 0.000000 0.882532 0.689868 0.689868 0.689868
6619.473145 0.000000 1591.527832 0.000000 0.941315 0.000000 -0.337530 0.835069 0.835069 0.835069
6620.575195 0.000000 1586.844849 0.000000 0.909800 0.000000 0.415047 0.756405 0.756405 0.756405
6632.283691 0.000000 1589.148804 0.000000 0.502666 0.000000 0.864481 0.693647 0.693647 0.693647
6638.816406 0.000000 1599.463379 0.000000 0.231911 0.000000 -0.972737 0.936161 0.936161 0.936161
6623.541992 0.000000 1581.101074 0.000000 0.051882 0.000000 0.998653 0.645287 0.645287 0.645287
6627.315430 0.000000 1589.708862 0.000000 0.991375 0.000000 0.131055 0.786612 0.786612 0.786612
6627.680176 0.000000 1585.884033 0.000000 0.984689 0.000000 0.174319 0.782153 0.782153 0.782153
6625.325684 0.000000 1583.769409 0.000000 0.946783 0.000000 0.321871 0.766620 0.766620 0.766620
6630.860352 0.000000 1598.293457 0.000000 0.358112 0.000000 0.933678 0.677305 0.677305 0.677305
6642.578613 0.000000 1592.894165 0.000000 0.993201 0.000000 0.116410 0.788116 0.788116 0.788116
6630.197754 0.000000 1580.927979 0.000000 0.999695 0.000000 -0.024696 0.802516 0.802516 0.802516
6634.453125 0.000000 1588.640625 0.000000 0.721230 0.000000 0.692696 0.722055 0.722055 0.722055
6627.274414 0.000000 1583.710571 0.000000 0.139384 0.000000 -0.990238 0.945756 0.945756 0.945756
6638.371094 0.000000 1597.623779 0.000000 0.858062 0.000000 0.513546 0.745066 0.745066 0.745066
6632.826172 0.000000 1598.801514 0.000000 0.827014 0.000000 -0.562182 0.860812 0.860812 0.860812
6648.797363 0.000000 1593.032959 0.000000 0.389586 0.000000 -0.920990 0.919238 0.919238 0.919238
6624.758789 0.000000 1582.224976 0.000000 0.446432 0.000000 -0.894818 0.912862 0.912862 0.912862
6626.296875 0.000000 1582.568115 0.000000 0.774121 0.000000 0.633037 0.730179 0.730179 0.730179
6626.384766 0.000000 1584.942017 0.000000 0.972247 0.000000 -0.233955 0.824053 0.824053 0.824053
6631.425781 0.000000 1578.614258 0.000000 0.981538 0.000000 0.191269 0.780397 0.780397 0.780397
6643.939453 0.000000 1592.576904 0.000000 0.859207 0.000000 -0.511628 0.854706 0.854706 0.854706
6635.637695 0.000000 1588.080322 0.000000 0.806678 0.000000 -0.590992 0.864404 0.864404 0.864404
6636.944336 0.000000 1580.814453 0.000000 0.689045 0.000000 -0.724718 0.882570 0.882570 0.882570
6630.738281 0.000000 1579.781860 0.000000 0.775598 0.000000 0.631228 0.730416 0.730416 0.730416
6626.734375 0.000000 1588.506226 0.000000 0.527373 0.000000 -0.849634 0.903417 0.903417 0.903417
6631.413086 0.000000 1580.968628 0.000000 0.546270 0.000000 0.837609 0.698865 0.698865 0.698865
6633.459961 0.000000 1589.370483 0.000000 0.388772 0.000000 0.921334 0.680672 0.680672 0.680672
6624.212891 0.000000 1583.314697 0.000000 0.549797 0.000000 -0.835299 0.900706 0.900706 0.900706
6635.061035 0.000000 1589.613770 0.000000 0.703655 0.000000 0.710542 0.719504 0.719504 0.719504
6633.329590 0.000000 1588.241089 0.000000 0.271178 0.000000 0.962529 0.667972 0.667972 0.667972
6639.311035 0.000000 1597.006836 0.000000 0.888588 0.000000 -0.458707 0.848540 0.848540 0.848540
6638.225098 0.000000 1596.495728 0.000000 0.536843 0.000000 0.843682 0.697723 0.697723 0.697723
6631.812500 0.000000 1599.090332 0.000000 0.994473 0.000000 -0.104994 0.810714 0.810714 0.810714
6627.632812 0.000000 1582.703003 0.000000 0.992388 0.000000 0.123149 0.787424 0.787424 0.787424
6630.431641 0.000000 1581.982300 0.000000 0.875876 0.000000 0.482535 0.748709 0.748709 0.748709
6633.682617 0.000000 1598.193359 0.000000 0.836213 0.000000 0.548405 0.740875 0.740875 0.740875
6630.155273 0.000000 1599.181885 0.000000 0.056655 0.000000 0.998394 0.645774 0.645774 0.645774
6639.037109 0.000000 1598.394531 0.000000 0.998182 0.000000 0.060268 0.793857 0.793857 0.793857
6630.427246 0.000000 1578.456177 0.000000 0.971799 0.000000 -0.235813 0.824248 0.824248 0.824248
6649.562988 0.000000 1593.735840 0.000000 0.840973 0.000000 -0.541076 0.858235 0.858235 0.858235
6623.466309 0.000000 1598.748535 0.000000 0.984968 0.000000 -0.172736 0.817684 0.817684 0.817684
6627.931641 0.000000 1588.970215 0.000000 0.995309 0.000000 0.096744 0.790130 0.790130 0.790130
6626.391602 0.000000 1589.993896 0.000000 0.987848 0.000000 -0.155420 0.815895 0.815895 0.815895
6626.214844 0.000000 1584.035522 0.000000 0.894172 0.000000 -0.447723 0.847285 0.847285 0.847285
6627.240723 0.000000 1584.623657 0.000000 0.935368 0.000000 0.353677 0.763178 0.763178 0.763178
6622.188965 0.000000 1599.850586 0.000000 0.024801 0.000000 0.999692 0.642526 0.642526 0.642526
6637.997559 0.000000 1606.421631 0.000000 0.999995 0.000000 -0.003162 0.800322 0.800322 0.800322
6635.784668 0.000000 1605.788940 0.000000 0.454685 0.000000 -0.890652 0.911921 0.911921 0.911921
6624.718262 0.000000 1600.682495 0.000000 0.076042 0.000000 -0.997105 0.952247 0.952247 0.952247
6634.266113 0.000000 1604.655151 0.000000 0.796085 0.000000 -0.605184 0.866208 0.866208 0.866208
6631.493164 0.000000 1599.656250 0.000000 0.647736 0.000000 -0.761865 0.888229 0.888229 0.888229
6639.002930 0.000000 1599.642578 0.000000 0.581032 0.000000 -0.813881 0.896848 0.896848 0.896848
6630.699707 0.000000 1600.834595 0.000000 0.275170 0.000000 -0.961396 0.931605 0.931605 0.931605
6637.327637 0.000000 1607.549683 0.000000 0.992463 0.000000 -0.122542 0.812513 0.812513 0.812513
6635.854492 0.000000 1604.538208 0.000000 0.803945 0.000000 0.594704 0.735126 0.735126 0.735126
6634.507812 0.000000 1605.796387 0.000000 0.990687 0.000000 0.136159 0.786088 0.786088 0.786088
6625.795410 0.000000 1600.931763 0.000000 0.677089 0.000000 0.735901 0.715763 0.715763 0.715763
6624.303223 0.000000 1601.661621 0.000000 0.999602 0.000000 -0.028198 0.802873 0.802873 0.802873
6631.233887 0.000000 1601.987549 0.000000 0.752533 0.000000 -0.658554 0.873226 0.873226 0.873226
6636.495117 0.000000 1606.647583 0.000000 0.670098 0.000000 0.742273 0.714799 0.714799 0.714799
6638.018555 0.000000 1599.942383 0.000000 0.696368 0.000000 -0.717685 0.881535 0.881535 0.881535
6635.103027 0.000000 1605.086548 0.000000 0.818428 0.000000 0.574609 0.737649 0.737649 0.737649
6550.698730 0.000000 1673.296875 0.000000 0.744730 0.000000 0.667366 0.725575 0.725575 0.725575
6556.562500 0.000000 1670.021606 0.000000 0.088317 0.000000 -0.996092 0.950992 0.950992 0.950992
6552.250000 0.000000 1677.497803 0.000000 0.312853 0.000000 0.949801 0.672411 0.672411 0.672411
6548.541504 0.000000 1675.401611 0.000000 0.156214 0.000000 -0.987723 0.944023 0.944023 0.944023
6552.245605 0.000000 1670.712524 0.000000 0.083139 0.000000 -0.996538 0.951522 0.951522 0.951522
6550.802734 0.000000 1675.579224 0.000000 0.776897 0.000000 0.629628 0.730626 0.730626 0.730626
6556.975586 0.000000 1667.704590 0.000000 0.902641 0.000000 -0.430394 0.845320 0.845320 0.845320
6558.484375 0.000000 1684.112061 0.000000 0.842753 0.000000 0.538300 0.742101 0.742101 0.742101
6557.069824 0.000000 1671.515137 0.000000 0.392990 0.000000 -0.919543 0.918861 0.918861 0.918861
6556.859863 0.000000 1666.224976 0.000000 0.946622 0.000000 0.322346 0.766569 0.766569 0.766569
6553.688965 0.000000 1677.829834 0.000000 0.791559 0.000000 0.611093 0.733034 0.733034 0.733034
6553.707520 0.000000 1671.130005 0.000000 0.796964 0.000000 -0.604027 0.866060 0.866060 0.866060
6551.637207 0.000000 1674.432861 0.000000 0.317055 0.000000 -0.948407 0.927138 0.927138 0.927138
6558.633789 0.000000 1685.551636 0.000000 0.086587 0.000000 -0.996244 0.951169 0.951169 0.951169
6552.147949 0.000000 1676.070557 0.000000 0.984162 0.000000 0.177272 0.781847 0.781847 0.781847
6551.982422 0.000000 1672.057129 0.000000 0.934390 0.000000 -0.356251 0.837102 0.837102 0.837102
6553.499512 0.000000 1667.059937 0.000000 0.873746 0.000000 -0.486382 0.851739 0.851739 0.851739
6550.360840 0.000000 1674.448853 0.000000 0.559993 0.000000 0.828497 0.700543 0.700543 0.700543
6549.665039 0.000000 1675.560425 0.000000 0.262604 0.000000 -0.964904 0.932934 0.932934 0.932934
6552.434570 0.000000 1667.297119 0.000000 0.937334 0.000000 -0.348431 0.836251 0.836251 0.836251
6553.078125 0.000000 1676.804321 0.000000 0.924211 0.000000 0.381883 0.760088 0.760088 0.760088
6557.452637 0.000000 1670.539917 0.000000 0.837753 0.000000 -0.546049 0.858838 0.858838 0.858838
6557.727051 0.000000 1666.756592 0.000000 0.838384 0.000000 -0.545080 0.858720 0.858720 0.858720
6558.658203 0.000000 1683.158691 0.000000 0.925232 0.000000 -0.379402 0.839638 0.839638 0.839638
6556.278809 0.000000 1670.920532 0.000000 0.219283 0.000000 -0.975661 0.937481 0.937481 0.937481
6550.976562 0.000000 1672.296509 0.000000 0.998567 0.000000 -0.053517 0.805454 0.805454 0.805454
6551.608398 0.000000 1673.078247 0.000000 0.612717 0.000000 -0.790303 0.892825 0.892825 0.892825
6559.506836 0.000000 1682.651855 0.000000 0.684637 0.000000 0.728885 0.716813 0.716813 0.716813
6586.198242 0.000000 1672.620117 0.000000 0.721831 0.000000 0.692070 0.722144 0.722144 0.722144
6572.090332 0.000000 1675.859375 0.000000 0.580881 0.000000 0.813988 0.703133 0.703133 0.703133
6586.675781 0.000000 1667.400879 0.000000 0.900100 0.000000 0.435683 0.754082 0.754082 0.754082
6581.222168 0.000000 1670.350220 0.000000 0.290270 0.000000 0.956945 0.669998 0.669998 0.669998
6573.019531 0.000000 1678.079834 0.000000 0.980383 0.000000 -0.197100 0.820209 0.820209 0.820209
6566.205566 0.000000 1676.904541 0.000000 0.498848 0.000000 0.866689 0.693198 0.693198 0.693198
6570.460938 0.000000 1684.617188 0.000000 0.940677 0.000000 0.339302 0.764739 0.764739 0.764739
6564.025879 0.000000 1676.227417 0.000000 0.517241 0.000000 0.855840 0.695373 0.695373 0.695373
6573.348633 0.000000 1674.571777 0.000000 0.978004 0.000000 -0.208584 0.821403 0.821403 0.821403
6576.724609 0.000000 1685.275391 0.000000 0.345429 0.000000 0.938445 0.675925 0.675925 0.675925
6559.202148 0.000000 1684.193481 0.000000 0.833868 0.000000 0.551964 0.740441 0.740441 0.740441
6572.341309 0.000000 1679.355469 0.000000 0.852627 0.000000 -0.522520 0.856003 0.856003 0.856003
6582.877930 0.000000 1677.234619 0.000000 0.963217 0.000000 -0.268726 0.827713 0.827713 0.827713
6566.738281 0.000000 1668.855591 0.000000 0.110169 0.000000 -0.993913 0.948755 0.948755 0.948755
6571.645508 0.000000 1684.056885 0.000000 0.419030 0.000000 0.907972 0.684042 0.684042 0.684042
6587.895996 0.000000 1667.065430 0.000000 0.998822 0.000000 -0.048524 0.804945 0.804945 0.804945
6564.985352 0.000000 1677.062256 0.000000 0.000138 0.000000 -1.000000 0.959986 0.959986 0.959986
6567.420898 0.000000 1676.945190 0.000000 0.829145 0.000000 -0.559034 0.860425 0.860425 0.860425
6580.449707 0.000000 1671.318604 0.000000 0.926527 0.000000 0.376227 0.760711 0.760711 0.760711
6587.104492 0.000000 1673.407349 0.000000 0.531652 0.000000 0.846963 0.697097 0.697097 0.697097
6571.068848 0.000000 1685.590332 0.000000 0.978578 0.000000 0.205878 0.778878 0.778878 0.778878
6573.267090 0.000000 1675.661133 0.000000 0.989618 0.000000 0.143720 0.785310 0.785310 0.785310
6581.494629 0.000000 1671.509399 0.000000 0.569455 0.000000 0.822022 0.701711 0.701711 0.701711
6566.439453 0.000000 1677.958862 0.000000 0.988360 0.000000 -0.152135 0.815557 0.815557 0.815557
6565.374512 0.000000 1676.037598 0.000000 0.995899 0.000000 -0.090468 0.809228 0.809228 0.809228
6573.319824 0.000000 1679.061035 0.000000 0.524297 0.000000 -0.851535 0.903785 0.903785 0.903785
6567.749512 0.000000 1668.951782 0.000000 0.148935 0.000000 0.988847 0.655227 0.655227 0.655227
6590.654297 0.000000 1683.158691 0.000000 0.947520 0.000000 -0.319698 0.833146 0.833146 0.833146
6572.353027 0.000000 1674.899536 0.000000 0.867627 0.000000 -0.497215 0.853006 0.853006 0.853006
6587.263184 0.000000 1672.449707 0.000000 0.991060 0.000000 0.133420 0.786369 0.786369 0.786369
6582.315430 0.000000 1676.415405 0.000000 0.907853 0.000000 -0.419288 0.844070 0.844070 0.844070
6565.502930 0.000000 1677.991455 0.000000 0.996613 0.000000 -0.082233 0.808386 0.808386 0.808386
6583.299316 0.000000 1676.416748 0.000000 0.885181 0.000000 -0.465246 0.849291 0.849291 0.849291
6591.502930 0.000000 1682.651855 0.000000 0.995504 0.000000 -0.094719 0.809662 0.809662 0.809662
6594.997559 0.000000 1669.701538 0.000000 0.781929 0.000000 0.623367 0.731445 0.731445 0.731445
6593.902832 0.000000 1671.950562 0.000000 0.288493 0.000000 -0.957482 0.930191 0.930191 0.930191
6601.442871 0.000000 1666.984131 0.000000 0.784160 0.000000 0.620559 0.731810 0.731810 0.731810
6593.253418 0.000000 1675.386108 0.000000 0.544085 0.000000 -0.839030 0.901401 0.901401 0.901401
6603.596191 0.000000 1680.588379 0.000000 0.858135 0.000000 -0.513424 0.854919 0.854919 0.854919
6592.845703 0.000000 1670.674927 0.000000 0.999364 0.000000 -0.035654 0.803632 0.803632 0.803632
6600.147461 0.000000 1666.569946 0.000000 0.961249 0.000000 -0.275681 0.828449 0.828449 0.828449
6598.734375 0.000000 1668.855591 0.000000 0.987781 0.000000 0.155850 0.784060 0.784060 0.784060
6592.707520 0.000000 1671.910889 0.000000 0.198623 0.000000 -0.980076 0.939633 0.939633 0.939633
6602.969727 0.000000 1681.534668 0.000000 0.993902 0.000000 -0.110264 0.811254 0.811254 0.811254
6600.556152 0.000000 1667.531982 0.000000 0.967355 0.000000 0.253425 0.773902 0.773902 0.773902
6593.910156 0.000000 1674.491455 0.000000 0.358269 0.000000 0.933618 0.677323 0.677323 0.677323
6595.027832 0.000000 1668.665161 0.000000 0.394865 0.000000 -0.918739 0.918653 0.918653 0.918653
6599.745605 0.000000 1668.951782 0.000000 0.591057 0.000000 0.806630 0.704413 0.704413 0.704413
6592.667969 0.000000 1674.438843 0.000000 0.940594 0.000000 -0.339534 0.835286 0.835286 0.835286
6593.494629 0.000000 1670.050781 0.000000 0.486768 0.000000 -0.873531 0.908216 0.908216 0.908216
6652.505371 0.000000 2011.365112 0.000000 0.260050 0.000000 0.965595 0.666796 0.666796 0.666796
6649.361328 0.000000 2010.614990 0.000000 0.537797 0.000000 -0.843074 0.902162 0.902162 0.902162
6654.597656 0.000000 2014.857666 0.000000 0.016083 0.000000 -0.999871 0.958362 0.958362 0.958362
6653.372070 0.000000 2010.282959 0.000000 0.130589 0.000000 -0.991437 0.946660 0.946660 0.946660
6648.271484 0.000000 2011.255127 0.000000 0.779704 0.000000 -0.626148 0.868918 0.868918 0.868918
6653.514160 0.000000 2011.295654 0.000000 0.297338 0.000000 -0.954772 0.929248 0.929248 0.929248
6649.631348 0.000000 2011.596191 0.000000 0.910228 0.000000 0.414108 0.756510 0.756510 0.756510
6654.185059 0.000000 2015.749023 0.000000 0.574986 0.000000 -0.818163 0.897602 0.897602 0.897602
6654.459473 0.000000 2022.305176 0.000000 0.746715 0.000000 0.665144 0.725879 0.725879 0.725879
6654.494629 0.000000 2023.409424 0.000000 0.628955 0.000000 -0.777442 0.890715 0.890715 0.890715
6715.402832 0.000000 1677.658447 0.000000 0.087906 0.000000 0.996129 0.648966 0.648966 0.648966
6714.085449 0.000000 1676.458496 0.000000 0.366041 0.000000 0.930599 0.678172 0.678172 0.678172
6717.029297 0.000000 1680.681274 0.000000 0.583166 0.000000 -0.812353 0.896580 0.896580 0.896580
6716.772949 0.000000 1676.814453 0.000000 0.274698 0.000000 -0.961531 0.931655 0.931655 0.931655
6715.494141 0.000000 1676.111816 0.000000 0.147069 0.000000 -0.989126 0.944965 0.944965 0.944965
6716.277344 0.000000 1681.920654 0.000000 0.077434 0.000000 0.996997 0.647895 0.647895 0.647895
6718.779785 0.000000 1678.461670 0.000000 0.064552 0.000000 -0.997914 0.953420 0.953420 0.953420
6717.774414 0.000000 1681.420654 0.000000 0.634206 0.000000 -0.773164 0.890025 0.890025 0.890025
6717.671875 0.000000 1676.349609 0.000000 0.732241 0.000000 -0.681046 0.876312 0.876312 0.876312
6718.638672 0.000000 1683.158691 0.000000 0.922199 0.000000 0.386715 0.759555 0.759555 0.759555
6714.522949 0.000000 1677.288330 0.000000 0.660709 0.000000 -0.750642 0.886482 0.886482 0.886482
6716.148926 0.000000 1680.343872 0.000000 0.137674 0.000000 0.990478 0.654068 0.654068 0.654068
6716.272949 0.000000 1677.883179 0.000000 0.637125 0.000000 0.770761 0.710360 0.710360 0.710360
6717.740723 0.000000 1680.139160 0.000000 0.533636 0.000000 0.845714 0.697336 0.697336 0.697336
6718.687012 0.000000 1696.787231 0.000000 0.096862 0.000000 0.995298 0.649882 0.649882 0.649882
6719.487305 0.000000 1682.651855 0.000000 0.187446 0.000000 0.982275 0.659207 0.659207 0.659207
6723.568848 0.000000 1693.306030 0.000000 0.098093 0.000000 0.995177 0.650008 0.650008 0.650008
6727.606445 0.000000 1681.280884 0.000000 0.022766 0.000000 -0.999741 0.957681 0.957681 0.957681
6724.171875 0.000000 1672.418213 0.000000 0.449264 0.000000 -0.893399 0.912540 0.912540 0.912540
6719.192871 0.000000 1679.923828 0.000000 0.211614 0.000000 0.977353 0.661719 0.661719 0.661719
6723.877930 0.000000 1683.927490 0.000000 0.897462 0.000000 -0.441093 0.846531 0.846531 0.846531
6724.408691 0.000000 1673.953613 0.000000 0.760577 0.000000 0.649248 0.728027 0.728027 0.728027
6719.258301 0.000000 1678.446289 0.000000 0.986086 0.000000 -0.166234 0.817011 0.817011 0.817011
6722.388184 0.000000 1682.282837 0.000000 0.851887 0.000000 0.523725 0.743853 0.743853 0.743853
6725.333984 0.000000 1672.917358 0.000000 0.430276 0.000000 0.902697 0.685307 0.685307 0.685307
6726.264648 0.000000 1681.276001 0.000000 0.199333 0.000000 0.979932 0.660441 0.660441 0.660441
6722.410645 0.000000 1693.039795 0.000000 0.275367 0.000000 0.961339 0.668416 0.668416 0.668416
6722.913086 0.000000 1683.347290 0.000000 0.969532 0.000000 -0.244964 0.825208 0.825208 0.825208
6723.166504 0.000000 1692.268677 0.000000 0.174268 0.000000 -0.984698 0.942158 0.942158 0.942158
6725.512207 0.000000 1673.951660 0.000000 0.932508 0.000000 -0.361148 0.837637 0.837637 0.837637
6723.788574 0.000000 1682.886475 0.000000 0.691206 0.000000 -0.722658 0.882266 0.882266 0.882266
6719.207520 0.000000 1697.957153 0.000000 0.255119 0.000000 -0.966910 0.933723 0.933723 0.933723
6719.243652 0.000000 1696.154175 0.000000 0.244812 0.000000 0.969571 0.665192 0.665192 0.665192
6719.493164 0.000000 1697.053833 0.000000 0.963208 0.000000 0.268757 0.772284 0.772284 0.772284
6787.295898 0.000000 1813.654175 0.000000 0.918269 0.000000 0.395957 0.758532 0.758532 0.758532
6784.110352 0.000000 1820.080811 0.000000 0.734889 0.000000 -0.678188 0.875915 0.875915 0.875915
6789.747070 0.000000 1819.928101 0.000000 0.536703 0.000000 -0.843772 0.902294 0.902294 0.902294
6785.440918 0.000000 1821.826904 0.000000 0.076532 0.000000 -0.997067 0.952197 0.952197 0.952197
6788.504395 0.000000 1818.346313 0.000000 0.931283 0.000000 -0.364296 0.837981 0.837981 0.837981
6788.960938 0.000000 1822.854492 0.000000 0.618225 0.000000 0.786001 0.707887 0.707887 0.707887
6786.849609 0.000000 1822.952393 0.000000 0.746780 0.000000 0.665071 0.725888 0.725888 0.725888
6795.937988 0.000000 1820.991577 0.000000 0.998343 0.000000 0.057547 0.794135 0.794135 0.794135
6788.090332 0.000000 1819.814331 0.000000 0.566470 0.000000 0.824082 0.701341 0.701341 0.701341
6794.806641 0.000000 1821.687622 0.000000 0.836020 0.000000 -0.548700 0.859161 0.859161 0.859161
6786.714844 0.000000 1812.451538 0.000000 0.697906 0.000000 -0.716189 0.881317 0.881317 0.881317
6784.439941 0.000000 1821.230225 0.000000 0.999962 0.000000 -0.008711 0.800887 0.800887 0.800887
6789.664551 0.000000 1818.390503 0.000000 0.485234 0.000000 -0.874385 0.908395 0.908395 0.908395
6785.182129 0.000000 1820.394531 0.000000 0.580367 0.000000 0.814355 0.703069 0.703069 0.703069
6787.887207 0.000000 1822.370728 0.000000 0.445301 0.000000 -0.895381 0.912991 0.912991 0.912991
6794.659180 0.000000 1820.539673 0.000000 0.994538 0.000000 -0.104376 0.810651 0.810651 0.810651
6789.034668 0.000000 1819.210693 0.000000 0.793166 0.000000 -0.609005 0.866698 0.866698 0.866698
6789.781738 0.000000 1822.180298 0.000000 0.327681 0.000000 -0.944788 0.925995 0.925995 0.925995
6786.503906 0.000000 1822.007690 0.000000 0.996694 0.000000 -0.081251 0.808285 0.808285 0.808285
6787.912109 0.000000 1812.915527 0.000000 0.911891 0.000000 -0.410432 0.843079 0.843079 0.843079
6786.372070 0.000000 1813.939209 0.000000 0.934353 0.000000 -0.356350 0.837113 0.837113 0.837113
6789.632812 0.000000 1823.851440 0.000000 0.300735 0.000000 0.953708 0.671114 0.671114 0.671114
6787.561035 0.000000 1853.266968 0.000000 0.665650 0.000000 -0.746264 0.885809 0.885809 0.885809
6790.366699 0.000000 1849.407593 0.000000 0.543872 0.000000 -0.839168 0.901426 0.901426 0.901426
6784.110352 0.000000 1852.072998 0.000000 0.832807 0.000000 -0.553564 0.859755 0.859755 0.859755
6786.484375 0.000000 1823.923096 0.000000 0.511985 0.000000 0.858995 0.694749 0.694749 0.694749
6785.879395 0.000000 1831.911499 0.000000 0.739054 0.000000 0.673646 0.724713 0.724713 0.724713
6785.440918 0.000000 1853.819092 0.000000 0.952307 0.000000 -0.305143 0.831585 0.831585 0.831585
6788.071777 0.000000 1824.901245 0.000000 0.820933 0.000000 -0.571024 0.861905 0.861905 0.861905
6786.570801 0.000000 1825.642456 0.000000 0.701718 0.000000 -0.712454 0.880773 0.880773 0.880773
6784.822266 0.000000 1830.635864 0.000000 0.912693 0.000000 0.408647 0.757120 0.757120 0.757120
6790.547363 0.000000 1845.258545 0.000000 0.973663 0.000000 -0.227994 0.823429 0.823429 0.823429
6787.760254 0.000000 1823.619385 0.000000 0.672934 0.000000 0.739703 0.715189 0.715189 0.715189
6789.358398 0.000000 1825.156738 0.000000 0.336404 0.000000 0.941718 0.674947 0.674947 0.674947
6791.340820 0.000000 1844.285522 0.000000 0.310772 0.000000 -0.950484 0.927812 0.927812 0.927812
6786.402832 0.000000 1853.000732 0.000000 0.724362 0.000000 0.689420 0.722517 0.722517 0.722517
6784.439941 0.000000 1853.222412 0.000000 0.426497 0.000000 0.904489 0.684881 0.684881 0.684881
6784.684082 0.000000 1831.871826 0.000000 0.537898 0.000000 -0.843010 0.902150 0.902150 0.902150
6785.182129 0.000000 1852.386719 0.000000 0.514585 0.000000 0.857439 0.695057 0.695057 0.695057
6791.296387 0.000000 1849.939209 0.000000 0.767188 0.000000 0.641423 0.729070 0.729070 0.729070
6787.158691 0.000000 1852.229614 0.000000 0.747348 0.000000 0.664432 0.725975 0.725975 0.725975
6787.605469 0.000000 1825.797852 0.000000 0.338926 0.000000 0.940813 0.675220 0.675220 0.675220
6786.503906 0.000000 1853.999878 0.000000 0.482150 0.000000 -0.876088 0.908754 0.908754 0.908754
6791.710938 0.000000 1848.521240 0.000000 0.698722 0.000000 -0.715393 0.881201 0.881201 0.881201
6788.643066 0.000000 1824.057373 0.000000 0.666987 0.000000 0.745069 0.714373 0.714373 0.714373
6787.097656 0.000000 1824.672974 0.000000 0.084721 0.000000 0.996405 0.648640 0.648640 0.648640
6785.471191 0.000000 1830.011719 0.000000 0.336350 0.000000 -0.941737 0.925058 0.925058 0.925058
6786.902344 0.000000 1866.265015 0.000000 0.882367 0.000000 -0.470563 0.849904 0.849904 0.849904
6795.862793 0.000000 1857.310059 0.000000 0.989404 0.000000 -0.145186 0.814841 0.814841 0.814841
6794.259277 0.000000 1857.561279 0.000000 0.816686 0.000000 0.577083 0.737341 0.737341 0.737341
6786.706055 0.000000 1867.684937 0.000000 0.302760 0.000000 -0.953067 0.928669 0.928669 0.928669
6787.893555 0.000000 1866.979126 0.000000 0.999835 0.000000 -0.018149 0.801849 0.801849 0.801849
6794.986328 0.000000 1856.588135 0.000000 0.418112 0.000000 -0.908396 0.916062 0.916062 0.916062
6655.462402 0.000000 2014.646973 0.000000 0.990364 0.000000 0.138486 0.785848 0.785848 0.785848
6655.419434 0.000000 2023.607178 0.000000 0.732559 0.000000 0.680704 0.723736 0.723736 0.723736
6657.035645 0.000000 2018.386963 0.000000 0.604788 0.000000 -0.796387 0.893843 0.893843 0.893843
6657.895020 0.000000 2023.864624 0.000000 0.544510 0.000000 -0.838754 0.901349 0.901349 0.901349
6660.179688 0.000000 2024.332275 0.000000 0.887409 0.000000 0.460982 0.751199 0.751199 0.751199
6657.245605 0.000000 2027.300171 0.000000 0.999956 0.000000 -0.009370 0.800954 0.800954 0.800954
6656.837891 0.000000 2022.588989 0.000000 0.903562 0.000000 -0.428457 0.845102 0.845102 0.845102
6660.416504 0.000000 2025.867676 0.000000 0.622243 0.000000 0.782824 0.708409 0.708409 0.708409
6657.003418 0.000000 2019.764282 0.000000 0.468908 0.000000 0.883247 0.689713 0.689713 0.689713
6655.524902 0.000000 2022.160889 0.000000 0.391355 0.000000 0.920240 0.680958 0.680958 0.680958
6661.341797 0.000000 2024.831421 0.000000 0.984605 0.000000 -0.174794 0.817896 0.817896 0.817896
6656.699707 0.000000 2023.824951 0.000000 0.860929 0.000000 0.508726 0.745637 0.745637 0.745637
6657.902344 0.000000 2026.405518 0.000000 0.682190 0.000000 -0.731175 0.883529 0.883529 0.883529
6661.520020 0.000000 2025.865723 0.000000 0.710799 0.000000 0.703395 0.720533 0.720533 0.720533
6656.660156 0.000000 2026.352905 0.000000 0.337774 0.000000 0.941227 0.675096 0.675096 0.675096
6656.006836 0.000000 2018.494263 0.000000 0.880910 0.000000 0.473285 0.749782 0.749782 0.749782
6657.867676 0.000000 2027.994995 0.000000 0.551724 0.000000 0.834027 0.699530 0.699530 0.699530
7309.915527 0.000000 1926.343506 0.000000 0.752506 0.000000 -0.658585 0.873230 0.873230 0.873230
7298.062500 0.000000 1932.911743 0.000000 0.137300 0.000000 -0.990529 0.945970 0.945970 0.945970
7300.101562 0.000000 1928.355713 0.000000 0.330452 0.000000 0.943823 0.674304 0.674304 0.674304
7299.936035 0.000000 1932.164917 0.000000 0.441253 0.000000 0.897383 0.686549 0.686549 0.686549
7303.331055 0.000000 1925.946289 0.000000 0.473450 0.000000 0.880821 0.690237 0.690237 0.690237
7303.233398 0.000000 1939.057739 0.000000 0.964037 0.000000 0.265770 0.772600 0.772600 0.772600
7300.338379 0.000000 1929.891113 0.000000 0.447336 0.000000 0.894366 0.687241 0.687241 0.687241
7299.333008 0.000000 1933.471924 0.000000 0.392299 0.000000 -0.919838 0.918938 0.918938 0.918938
7302.648438 0.000000 1924.793091 0.000000 0.129701 0.000000 -0.991553 0.946752 0.946752 0.946752
7309.245605 0.000000 1927.471558 0.000000 0.133526 0.000000 0.991045 0.653642 0.653642 0.653642
7301.263672 0.000000 1928.854858 0.000000 0.958462 0.000000 0.285219 0.770539 0.770539 0.770539
7302.794922 0.000000 1938.082153 0.000000 0.789135 0.000000 0.614220 0.732631 0.732631 0.732631
7302.193359 0.000000 1939.052002 0.000000 0.982349 0.000000 -0.187059 0.819167 0.819167 0.819167
7308.413086 0.000000 1926.569458 0.000000 0.906523 0.000000 0.422157 0.755607 0.755607 0.755607
7301.441895 0.000000 1929.889160 0.000000 0.724342 0.000000 0.689441 0.722514 0.722514 0.722514
7303.851074 0.000000 1938.266846 0.000000 0.218775 0.000000 0.975775 0.662466 0.662466 0.662466
7303.659668 0.000000 1924.889282 0.000000 0.525289 0.000000 -0.850924 0.903666 0.903666 0.903666
7299.019043 0.000000 1932.576050 0.000000 0.688676 0.000000 0.725070 0.717378 0.717378 0.717378
7743.004395 0.000000 1988.580811 0.000000 0.876110 0.000000 0.482111 0.748758 0.748758 0.748758
7740.647949 0.000000 1996.736328 0.000000 0.932380 0.000000 0.361481 0.762327 0.762327 0.762327
7741.076660 0.000000 1997.992310 0.000000 0.125077 0.000000 0.992147 0.652774 0.652774 0.652774
7742.562012 0.000000 1984.716919 0.000000 0.485199 0.000000 0.874404 0.691601 0.691601 0.691601
7741.546875 0.000000 1996.271484 0.000000 0.828143 0.000000 -0.560516 0.860607 0.860607 0.860607
7742.496582 0.000000 1989.407593 0.000000 0.041290 0.000000 -0.999147 0.955793 0.955793 0.955793
7740.147949 0.000000 1997.805054 0.000000 0.203576 0.000000 -0.979059 0.939118 0.939118 0.939118
7749.326660 0.000000 2000.237549 0.000000 0.013902 0.000000 -0.999903 0.958584 0.958584 0.958584
7743.082520 0.000000 1985.886841 0.000000 0.710791 0.000000 -0.703403 0.879468 0.879468 0.879468
7747.954590 0.000000 1984.862183 0.000000 0.639705 0.000000 -0.768621 0.889298 0.889298 0.889298
7746.453613 0.000000 1985.603394 0.000000 0.994251 0.000000 -0.107070 0.810927 0.810927 0.810927
7743.118652 0.000000 1984.083862 0.000000 0.823363 0.000000 0.567516 0.738530 0.738530 0.738530
7748.062012 0.000000 2000.530762 0.000000 0.492935 0.000000 0.870066 0.692504 0.692504 0.692504
7743.068359 0.000000 1988.517578 0.000000 0.693780 0.000000 -0.720187 0.881902 0.881902 0.881902
7748.859863 0.000000 2001.154541 0.000000 0.692334 0.000000 -0.721577 0.882106 0.882106 0.882106
7747.488281 0.000000 1985.758789 0.000000 0.867308 0.000000 0.497771 0.746929 0.746929 0.746929
7746.980469 0.000000 1984.633911 0.000000 0.393702 0.000000 0.919238 0.681218 0.681218 0.681218
7743.368164 0.000000 1984.983521 0.000000 0.221239 0.000000 -0.975220 0.937277 0.937277 0.937277
6035.437988 0.000000 2559.014893 0.000000 0.930859 0.000000 -0.365378 0.838099 0.838099 0.838099
6034.205078 0.000000 2558.705811 0.000000 0.987184 0.000000 0.159586 0.783675 0.783675 0.783675
6025.463867 0.000000 2565.889648 0.000000 0.586546 0.000000 -0.809916 0.896156 0.896156 0.896156
6029.268555 0.000000 2568.613525 0.000000 0.861131 0.000000 0.508383 0.745678 0.745678 0.745678
6035.361816 0.000000 2566.769287 0.000000 0.030196 0.000000 -0.999544 0.956924 0.956924 0.956924
6024.379883 0.000000 2567.249512 0.000000 0.999861 0.000000 -0.016683 0.801699 0.801699 0.801699
6024.658203 0.000000 2573.145020 0.000000 0.110464 0.000000 -0.993880 0.948725 0.948725 0.948725
6024.799316 0.000000 2564.556641 0.000000 0.093619 0.000000 -0.995608 0.950450 0.950450 0.950450
6034.609863 0.000000 2559.600098 0.000000 0.319711 0.000000 0.947515 0.673147 0.673147 0.673147
6022.773926 0.000000 2560.600342 0.000000 0.353411 0.000000 0.935468 0.676793 0.676793 0.676793
6033.138184 0.000000 2561.006836 0.000000 0.866924 0.000000 0.498440 0.746850 0.746850 0.746850
6034.557617 0.000000 2567.682617 0.000000 0.846237 0.000000 0.532806 0.742764 0.742764 0.742764
6035.687500 0.000000 2567.943359 0.000000 0.020689 0.000000 -0.999786 0.957893 0.957893 0.957893
6025.507812 0.000000 2567.057129 0.000000 0.996684 0.000000 0.081375 0.791702 0.791702 0.791702
6034.565918 0.000000 2566.073242 0.000000 0.733737 0.000000 -0.679434 0.876088 0.876088 0.876088
6023.308105 0.000000 2561.753174 0.000000 0.228675 0.000000 0.973503 0.663501 0.663501 0.663501
6024.457520 0.000000 2566.200928 0.000000 0.985426 0.000000 0.170106 0.782588 0.782588 0.782588
6033.905762 0.000000 2560.321533 0.000000 0.847760 0.000000 0.530381 0.743056 0.743056 0.743056
6028.779297 0.000000 2569.524414 0.000000 0.946366 0.000000 -0.323095 0.833511 0.833511 0.833511
6028.566895 0.000000 2568.011963 0.000000 0.803697 0.000000 -0.595039 0.864916 0.864916 0.864916
6063.709961 0.000000 2605.818359 0.000000 0.653992 0.000000 -0.756502 0.887390 0.887390 0.887390
6066.933594 0.000000 2600.807861 0.000000 0.503404 0.000000 0.864051 0.693734 0.693734 0.693734
6060.152832 0.000000 2603.632812 0.000000 0.375818 0.000000 -0.926693 0.920756 0.920756 0.920756
6062.269043 0.000000 2604.005859 0.000000 0.991454 0.000000 0.130459 0.786674 0.786674 0.786674
6069.391602 0.000000 2610.431885 0.000000 0.570819 0.000000 -0.821076 0.898120 0.898120 0.898120
6073.486328 0.000000 2609.800293 0.000000 0.180082 0.000000 0.983652 0.658444 0.658444 0.658444
6069.573242 0.000000 2604.690674 0.000000 0.453406 0.000000 -0.891304 0.912067 0.912067 0.912067
6061.411133 0.000000 2602.345215 0.000000 0.803787 0.000000 0.594917 0.735099 0.735099 0.735099
6062.395508 0.000000 2606.822754 0.000000 0.098967 0.000000 -0.995091 0.949903 0.949903 0.949903
6072.180664 0.000000 2609.129150 0.000000 0.779914 0.000000 -0.625887 0.868884 0.868884 0.868884
6068.220215 0.000000 2611.157227 0.000000 0.705021 0.000000 0.709187 0.719700 0.719700 0.719700
6062.354004 0.000000 2605.403564 0.000000 0.357627 0.000000 -0.933865 0.922748 0.922748 0.922748
6063.754395 0.000000 2607.043213 0.000000 0.897952 0.000000 -0.440093 0.846417 0.846417 0.846417
6068.424805 0.000000 2605.022705 0.000000 0.775831 0.000000 0.630941 0.730454 0.730454 0.730454
6069.178223 0.000000 2611.817383 0.000000 0.848409 0.000000 0.529342 0.743180 0.743180 0.743180
6066.196777 0.000000 2601.722900 0.000000 0.551960 0.000000 -0.833870 0.900442 0.900442 0.900442
6069.248047 0.000000 2605.795410 0.000000 0.952858 0.000000 -0.303418 0.831401 0.831401 0.831401
6061.329590 0.000000 2603.434570 0.000000 0.813639 0.000000 -0.581370 0.863195 0.863195 0.863195
6063.187012 0.000000 2604.743408 0.000000 0.263412 0.000000 -0.964684 0.932849 0.932849 0.932849
6062.702148 0.000000 2607.935791 0.000000 0.991379 0.000000 -0.131025 0.813385 0.813385 0.813385
6073.236328 0.000000 2608.854004 0.000000 0.943901 0.000000 0.330229 0.765720 0.765720 0.765720
6060.415527 0.000000 2602.672852 0.000000 0.999575 0.000000 0.029135 0.797032 0.797032 0.797032
6068.835938 0.000000 2604.109131 0.000000 0.572065 0.000000 0.820209 0.702034 0.702034 0.702034
6067.255859 0.000000 2601.674316 0.000000 0.984474 0.000000 -0.175529 0.817972 0.817972 0.817972
5981.187500 0.000000 3412.789551 0.000000 0.997291 0.000000 -0.073561 0.807500 0.807500 0.807500
5981.947266 0.000000 3406.791016 0.000000 0.572711 0.000000 -0.819757 0.897885 0.897885 0.897885
5979.492676 0.000000 3405.236572 0.000000 0.961822 0.000000 -0.273674 0.828237 0.828237 0.828237
5978.175293 0.000000 3404.036621 0.000000 0.280380 0.000000 0.959889 0.668947 0.668947 0.668947
5978.562012 0.000000 3406.770508 0.000000 0.862116 0.000000 -0.506712 0.854125 0.854125 0.854125
5981.119141 0.000000 3408.259277 0.000000 0.896761 0.000000 0.442514 0.753308 0.753308 0.753308
5980.256836 0.000000 3406.656494 0.000000 0.999216 0.000000 -0.039593 0.804034 0.804034 0.804034
5980.194336 0.000000 3413.820801 0.000000 0.944092 0.000000 -0.329683 0.834221 0.834221 0.834221
5980.367188 0.000000 3409.498779 0.000000 0.520693 0.000000 -0.853744 0.904216 0.904216 0.904216
5979.489258 0.000000 3407.348877 0.000000 0.456085 0.000000 -0.889936 0.911760 0.911760 0.911760
5981.864258 0.000000 3408.998779 0.000000 0.931845 0.000000 0.362856 0.762177 0.762177 0.762177
5980.952637 0.000000 3407.320801 0.000000 0.652065 0.000000 0.758163 0.712351 0.712351 0.712351
5979.370605 0.000000 3406.262939 0.000000 0.894298 0.000000 -0.447472 0.847256 0.847256 0.847256
5978.612793 0.000000 3404.866455 0.000000 0.569755 0.000000 0.821814 0.701748 0.701748 0.701748
5980.238770 0.000000 3407.921875 0.000000 0.973002 0.000000 0.230794 0.776278 0.776278 0.776278
5981.694336 0.000000 3412.016846 0.000000 0.966756 0.000000 0.255699 0.773662 0.773662 0.773662
5981.830566 0.000000 3407.717285 0.000000 0.989177 0.000000 0.146727 0.785000 0.785000 0.785000
5981.985352 0.000000 3413.661621 0.000000 0.149010 0.000000 -0.988836 0.944765 0.944765 0.944765
5999.717773 0.000000 3405.623047 0.000000 0.970709 0.000000 -0.240260 0.824714 0.824714 0.824714
6009.643066 0.000000 3411.546631 0.000000 0.358872 0.000000 0.933387 0.677388 0.677388 0.677388
5984.211914 0.000000 3413.051514 0.000000 0.458702 0.000000 -0.888590 0.911461 0.911461 0.911461
6004.954590 0.000000 3400.013428 0.000000 0.589929 0.000000 0.807455 0.704270 0.704270 0.704270
6001.106445 0.000000 3401.592529 0.000000 0.934185 0.000000 -0.356789 0.837161 0.837161 0.837161
5987.352539 0.000000 3407.265381 0.000000 0.613926 0.000000 -0.789363 0.892669 0.892669 0.892669
5985.823730 0.000000 3412.879150 0.000000 0.444480 0.000000 -0.895789 0.913084 0.913084 0.913084
6005.302734 0.000000 3401.558838 0.000000 0.840259 0.000000 -0.542184 0.858369 0.858369 0.858369
6003.026367 0.000000 3407.265381 0.000000 0.990095 0.000000 -0.140400 0.814349 0.814349 0.814349
6003.149414 0.000000 3414.995361 0.000000 0.425895 0.000000 0.904773 0.684813 0.684813 0.684813
5986.375000 0.000000 3406.122803 0.000000 0.778844 0.000000 -0.627218 0.869058 0.869058 0.869058
6001.591309 0.000000 3400.240234 0.000000 0.955788 0.000000 0.294056 0.769598 0.769598 0.769598
6000.038086 0.000000 3400.664307 0.000000 0.234932 0.000000 -0.972012 0.935844 0.935844 0.935844
5998.361816 0.000000 3405.208252 0.000000 0.302097 0.000000 -0.953277 0.928740 0.928740 0.928740
6004.150391 0.000000 3401.039307 0.000000 0.963915 0.000000 0.266212 0.772553 0.772553 0.772553
6000.790039 0.000000 3404.811279 0.000000 0.354841 0.000000 0.934927 0.676949 0.676949 0.676949
5985.069336 0.000000 3413.971924 0.000000 0.820350 0.000000 -0.571862 0.862009 0.862009 0.862009
6002.103027 0.000000 3406.511963 0.000000 0.994205 0.000000 0.107505 0.789028 0.789028 0.789028
6008.910645 0.000000 3410.631104 0.000000 0.402072 0.000000 -0.915608 0.917853 0.917853 0.917853
6008.595215 0.000000 3411.975586 0.000000 0.732467 0.000000 0.680803 0.723722 0.723722 0.723722
5987.710938 0.000000 3406.257568 0.000000 0.806381 0.000000 0.591396 0.735545 0.735545 0.735545
6014.572754 0.000000 3399.073486 0.000000 0.476896 0.000000 0.878960 0.690636 0.690636 0.690636
5999.194824 0.000000 3404.548096 0.000000 0.669707 0.000000 -0.742625 0.885254 0.885254 0.885254
5984.919922 0.000000 3412.267578 0.000000 0.849084 0.000000 -0.528258 0.856689 0.856689 0.856689
6002.182129 0.000000 3415.275635 0.000000 0.705989 0.000000 -0.708223 0.880161 0.880161 0.880161
6003.986328 0.000000 3407.000488 0.000000 0.581189 0.000000 0.813768 0.703172 0.703172 0.703172
6000.148926 0.000000 3401.727295 0.000000 0.499806 0.000000 0.866137 0.693311 0.693311 0.693311
5986.292969 0.000000 3407.590332 0.000000 0.554877 0.000000 -0.831932 0.900085 0.900085 0.900085
6002.974121 0.000000 3406.238281 0.000000 0.624461 0.000000 0.781056 0.708698 0.708698 0.708698
6015.497559 0.000000 3399.271240 0.000000 0.077207 0.000000 -0.997015 0.952128 0.952128 0.952128
6037.129883 0.000000 3480.872314 0.000000 0.617658 0.000000 -0.786446 0.892186 0.892186 0.892186
6034.652832 0.000000 3480.433105 0.000000 0.856344 0.000000 0.516406 0.744726 0.744726 0.744726
6036.670410 0.000000 3484.567871 0.000000 0.431261 0.000000 -0.902227 0.914582 0.914582 0.914582
6035.700195 0.000000 3481.609375 0.000000 0.393199 0.000000 -0.919454 0.918838 0.918838 0.918838
6036.967773 0.000000 3476.997070 0.000000 0.882257 0.000000 -0.470768 0.849927 0.849927 0.849927
6036.013672 0.000000 3480.115967 0.000000 0.973252 0.000000 -0.229739 0.823612 0.823612 0.823612
6037.844238 0.000000 3485.273682 0.000000 0.289624 0.000000 0.957140 0.669930 0.669930 0.669930
6036.286621 0.000000 3485.678467 0.000000 0.428864 0.000000 0.903369 0.685148 0.685148 0.685148
6269.912109 0.000000 2479.017578 0.000000 0.820380 0.000000 0.571819 0.737996 0.737996 0.737996
6271.184082 0.000000 2468.463623 0.000000 0.070162 0.000000 0.997536 0.647153 0.647153 0.647153
6265.164551 0.000000 2474.785400 0.000000 0.842246 0.000000 -0.539093 0.857994 0.857994 0.857994
6265.038574 0.000000 2479.921143 0.000000 0.754171 0.000000 -0.656678 0.872972 0.872972 0.872972
6267.073730 0.000000 2474.539062 0.000000 0.510874 0.000000 0.859656 0.694617 0.694617 0.694617
6261.549805 0.000000 2476.721924 0.000000 0.994800 0.000000 -0.101849 0.810392 0.810392 0.810392
6264.554688 0.000000 2473.116699 0.000000 0.474413 0.000000 -0.880302 0.909651 0.909651 0.909651
6270.519531 0.000000 2483.916748 0.000000 0.931885 0.000000 -0.362755 0.837812 0.837812 0.837812
6266.526855 0.000000 2478.997070 0.000000 0.197104 0.000000 -0.980383 0.939791 0.939791 0.939791
6270.433105 0.000000 2474.018311 0.000000 0.495186 0.000000 0.868787 0.692768 0.692768 0.692768
6268.221680 0.000000 2478.883057 0.000000 0.717233 0.000000 0.696833 0.721469 0.721469 0.721469
6268.827637 0.000000 2476.619141 0.000000 0.991716 0.000000 0.128449 0.786880 0.786880 0.786880
6270.577148 0.000000 2475.583008 0.000000 0.231976 0.000000 -0.972722 0.936154 0.936154 0.936154
6267.548828 0.000000 2475.916504 0.000000 0.645554 0.000000 -0.763715 0.888521 0.888521 0.888521
6258.721191 0.000000 2480.861816 0.000000 0.703077 0.000000 0.711114 0.719421 0.719421 0.719421
6270.668945 0.000000 2485.356201 0.000000 0.154551 0.000000 0.987985 0.655806 0.655806 0.655806
6264.183105 0.000000 2475.875244 0.000000 0.999990 0.000000 -0.004411 0.800449 0.800449 0.800449
6260.893555 0.000000 2478.900635 0.000000 0.401628 0.000000 -0.915803 0.917902 0.917902 0.917902
6264.622559 0.000000 2478.638916 0.000000 0.901885 0.000000 0.431976 0.754501 0.754501 0.754501
6269.256348 0.000000 2477.875000 0.000000 0.507882 0.000000 -0.861427 0.905737 0.905737 0.905737
6265.938965 0.000000 2473.681641 0.000000 0.551144 0.000000 -0.834410 0.900541 0.900541 0.900541
6261.776367 0.000000 2479.798096 0.000000 0.652837 0.000000 -0.757498 0.887545 0.887545 0.887545
6270.791992 0.000000 2489.594482 0.000000 0.939068 0.000000 0.343732 0.764259 0.764259 0.764259
6260.401367 0.000000 2477.053955 0.000000 0.997698 0.000000 -0.067818 0.806913 0.806913 0.806913
6270.834473 0.000000 2478.266357 0.000000 0.999569 0.000000 0.029368 0.797008 0.797008 0.797008
6261.224609 0.000000 2477.826660 0.000000 0.470361 0.000000 -0.882474 0.910120 0.910120 0.910120
6266.232910 0.000000 2475.173340 0.000000 0.937494 0.000000 0.348002 0.763795 0.763795 0.763795
6267.454102 0.000000 2479.575439 0.000000 0.945580 0.000000 -0.325391 0.833759 0.833759 0.833759
6269.726562 0.000000 2476.154297 0.000000 0.109219 0.000000 0.994018 0.651147 0.651147 0.651147
6270.693359 0.000000 2482.963379 0.000000 0.639177 0.000000 0.769059 0.710632 0.710632 0.710632
6259.520020 0.000000 2480.294922 0.000000 0.440566 0.000000 -0.897720 0.913529 0.913529 0.913529
6268.917480 0.000000 2479.547363 0.000000 0.964567 0.000000 -0.263839 0.827196 0.827196 0.827196
6267.335449 0.000000 2478.489502 0.000000 0.967583 0.000000 -0.252553 0.826006 0.826006 0.826006
6265.568359 0.000000 2479.132568 0.000000 0.590126 0.000000 -0.807312 0.895705 0.895705 0.895705
6260.812500 0.000000 2476.140381 0.000000 0.434885 0.000000 0.900486 0.685827 0.685827 0.685827
6264.599609 0.000000 2474.034668 0.000000 0.828465 0.000000 0.560041 0.739451 0.739451 0.739451
6265.386230 0.000000 2475.675537 0.000000 0.994121 0.000000 -0.108273 0.811050 0.811050 0.811050
6270.676270 0.000000 2469.290527 0.000000 0.591269 0.000000 -0.806475 0.895561 0.895561 0.895561
6268.327637 0.000000 2477.687744 0.000000 0.833196 0.000000 0.552978 0.740317 0.740317 0.740317
6271.019531 0.000000 2474.772217 0.000000 0.978356 0.000000 -0.206928 0.821231 0.821231 0.821231
6269.795410 0.000000 2479.943848 0.000000 0.982834 0.000000 0.184494 0.781099 0.781099 0.781099
6271.459961 0.000000 2488.498779 0.000000 0.965997 0.000000 0.258551 0.773362 0.773362 0.773362
6271.541992 0.000000 2482.456543 0.000000 0.302978 0.000000 -0.952998 0.928646 0.928646 0.928646
6273.082520 0.000000 2466.277588 0.000000 0.945261 0.000000 0.326314 0.766142 0.766142 0.766142
6275.358398 0.000000 2485.489990 0.000000 0.952840 0.000000 -0.303473 0.831407 0.831407 0.831407
6277.600098 0.000000 2474.788818 0.000000 0.712926 0.000000 -0.701240 0.879158 0.879158 0.879158
6271.709961 0.000000 2474.200439 0.000000 0.759844 0.000000 -0.650105 0.872088 0.872088 0.872088
6273.899414 0.000000 2483.408691 0.000000 0.995579 0.000000 -0.093928 0.809582 0.809582 0.809582
6271.247559 0.000000 2479.728516 0.000000 0.037804 0.000000 0.999285 0.643852 0.643852 0.643852
6278.533691 0.000000 2473.258545 0.000000 0.052395 0.000000 0.998626 0.645339 0.645339 0.645339
6271.237305 0.000000 2483.998291 0.000000 0.418944 0.000000 -0.908012 0.915968 0.915968 0.915968
6271.312988 0.000000 2478.250977 0.000000 0.985788 0.000000 0.167993 0.782807 0.782807 0.782807
6272.511230 0.000000 2483.507324 0.000000 0.055185 0.000000 0.998476 0.645624 0.645624 0.645624
6273.050293 0.000000 2467.655029 0.000000 0.275112 0.000000 0.961412 0.668389 0.668389 0.668389
6271.560547 0.000000 2475.508057 0.000000 0.949776 0.000000 -0.312929 0.832419 0.832419 0.832419
6274.777344 0.000000 2484.287598 0.000000 0.485139 0.000000 -0.874437 0.908406 0.908406 0.908406
6279.408691 0.000000 2472.161377 0.000000 0.114437 0.000000 -0.993430 0.948318 0.948318 0.948318
6271.248047 0.000000 2468.400391 0.000000 0.885032 0.000000 -0.465530 0.849324 0.849324 0.849324
6271.257324 0.000000 2489.586670 0.000000 0.616802 0.000000 0.787118 0.707703 0.707703 0.707703
6273.190430 0.000000 2482.604004 0.000000 0.249589 0.000000 0.968352 0.665695 0.665695 0.665695
6277.409668 0.000000 2475.842285 0.000000 0.967539 0.000000 -0.252721 0.826024 0.826024 0.826024
6271.236328 0.000000 2485.900879 0.000000 0.767943 0.000000 0.640518 0.729190 0.729190 0.729190
6272.053711 0.000000 2466.384766 0.000000 0.864264 0.000000 -0.503039 0.853691 0.853691 0.853691
6275.974609 0.000000 2484.751465 0.000000 0.872520 0.000000 -0.488579 0.851995 0.851995 0.851995
6274.434570 0.000000 2485.775146 0.000000 0.999685 0.000000 -0.025087 0.802556 0.802556 0.802556
6279.445801 0.000000 2473.352539 0.000000 0.517937 0.000000 -0.855419 0.904544 0.904544 0.904544
6312.322754 0.000000 2484.930176 0.000000 0.563301 0.000000 -0.826252 0.899050 0.899050 0.899050
6322.259766 0.000000 2469.064453 0.000000 0.474035 0.000000 0.880506 0.690305 0.690305 0.690305
6323.735352 0.000000 2478.057129 0.000000 0.851455 0.000000 -0.524428 0.856231 0.856231 0.856231
6304.168945 0.000000 2491.916748 0.000000 0.900583 0.000000 -0.434684 0.845805 0.845805 0.845805
6317.468262 0.000000 2480.179199 0.000000 0.198803 0.000000 0.980039 0.660386 0.660386 0.660386
6304.172852 0.000000 2485.278076 0.000000 0.922644 0.000000 -0.385652 0.840327 0.840327 0.840327
6308.029297 0.000000 2487.699463 0.000000 0.467304 0.000000 0.884097 0.689528 0.689528 0.689528
6308.057129 0.000000 2476.031982 0.000000 0.284567 0.000000 -0.958656 0.930608 0.930608 0.930608
6331.065918 0.000000 2474.539062 0.000000 0.903961 0.000000 -0.427615 0.845007 0.845007 0.845007
6304.664062 0.000000 2490.132568 0.000000 0.990480 0.000000 -0.137660 0.814067 0.814067 0.814067
6323.928711 0.000000 2468.539062 0.000000 0.542915 0.000000 -0.839788 0.901543 0.901543 0.901543
6334.511719 0.000000 2483.916748 0.000000 0.135049 0.000000 -0.990839 0.946202 0.946202 0.946202
6312.264648 0.000000 2489.226807 0.000000 0.456850 0.000000 -0.889544 0.911673 0.911673 0.911673
6305.784668 0.000000 2485.105713 0.000000 0.871282 0.000000 0.490783 0.747747 0.747747 0.747747
6322.987305 0.000000 2479.491943 0.000000 0.355734 0.000000 -0.934587 0.922954 0.922954 0.922954
6316.573730 0.000000 2481.625244 0.000000 0.775948 0.000000 -0.630797 0.869527 0.869527 0.869527
6309.513672 0.000000 2487.940918 0.000000 0.147405 0.000000 -0.989076 0.944931 0.944931 0.944931
6331.541016 0.000000 2475.916504 0.000000 0.145559 0.000000 -0.989350 0.945121 0.945121 0.945121
6306.780762 0.000000 2486.646484 0.000000 0.226991 0.000000 -0.973897 0.936676 0.936676 0.936676
6308.773438 0.000000 2486.618408 0.000000 0.704136 0.000000 -0.710065 0.880427 0.880427 0.880427
6313.269043 0.000000 2488.450195 0.000000 0.317321 0.000000 0.948318 0.672891 0.672891 0.672891
6309.016602 0.000000 2476.866943 0.000000 0.198303 0.000000 0.980141 0.660334 0.660334 0.660334
6322.063965 0.000000 2478.738525 0.000000 0.985823 0.000000 0.167786 0.782828 0.782828 0.782828
6313.499023 0.000000 2485.151855 0.000000 0.949564 0.000000 -0.313575 0.832489 0.832489 0.832489
6305.784180 0.000000 2490.558838 0.000000 0.215838 0.000000 -0.976429 0.937841 0.937841 0.937841
6313.368652 0.000000 2484.022461 0.000000 0.977255 0.000000 0.212068 0.778234 0.778234 0.778234
6313.066406 0.000000 2489.953857 0.000000 0.924082 0.000000 0.382195 0.760054 0.760054 0.760054
6330.225098 0.000000 2475.173340 0.000000 0.334135 0.000000 -0.942525 0.925298 0.925298 0.925298
6304.880859 0.000000 2484.494141 0.000000 0.990352 0.000000 0.138574 0.785839 0.785839 0.785839
6304.863281 0.000000 2491.145508 0.000000 0.849651 0.000000 -0.527346 0.856580 0.856580 0.856580
6307.768555 0.000000 2486.427246 0.000000 0.684915 0.000000 0.728623 0.716851 0.716851 0.716851
6323.947266 0.000000 2479.227051 0.000000 0.980993 0.000000 0.194041 0.780109 0.780109 0.780109
6334.685547 0.000000 2482.963379 0.000000 0.424943 0.000000 0.905220 0.684706 0.684706 0.684706
6323.180176 0.000000 2469.340088 0.000000 0.711352 0.000000 0.702836 0.720613 0.720613 0.720613
6317.497070 0.000000 2481.136719 0.000000 0.841811 0.000000 0.539773 0.741923 0.741923 0.741923
6316.578613 0.000000 2480.548584 0.000000 0.961146 0.000000 -0.276041 0.828487 0.828487 0.828487
6309.534180 0.000000 2477.796143 0.000000 0.108392 0.000000 0.994108 0.651062 0.651062 0.651062
6322.935059 0.000000 2478.464844 0.000000 0.823716 0.000000 0.567003 0.738593 0.738593 0.738593
6335.534180 0.000000 2482.456543 0.000000 0.585827 0.000000 0.810436 0.703754 0.703754 0.703754
6335.229492 0.000000 2483.998291 0.000000 0.815418 0.000000 0.578873 0.737118 0.737118 0.737118
6342.421387 0.000000 2553.235840 0.000000 0.996404 0.000000 -0.084729 0.808641 0.808641 0.808641
6351.674805 0.000000 2541.833984 0.000000 0.511452 0.000000 -0.859312 0.905315 0.905315 0.905315
6336.165039 0.000000 2555.901123 0.000000 0.838118 0.000000 0.545489 0.741230 0.741230 0.741230
6349.464355 0.000000 2544.163574 0.000000 0.588929 0.000000 0.808185 0.704144 0.704144 0.704144
6341.801758 0.000000 2555.748291 0.000000 0.897236 0.000000 0.441550 0.753417 0.753417 0.753417
6340.025391 0.000000 2551.683838 0.000000 0.672637 0.000000 0.739973 0.715148 0.715148 0.715148
6350.233887 0.000000 2540.021484 0.000000 0.939372 0.000000 -0.342899 0.835651 0.835651 0.835651
6345.474121 0.000000 2530.773193 0.000000 0.480618 0.000000 0.876930 0.691068 0.691068 0.691068
6340.559082 0.000000 2554.166504 0.000000 0.941968 0.000000 -0.335703 0.834872 0.834872 0.834872
6336.660156 0.000000 2554.116943 0.000000 0.956046 0.000000 -0.293217 0.830312 0.830312 0.830312
6351.973145 0.000000 2540.049805 0.000000 0.078255 0.000000 -0.996933 0.952021 0.952021 0.952021
6344.260742 0.000000 2553.211182 0.000000 0.533601 0.000000 -0.845736 0.902668 0.902668 0.902668
6342.602051 0.000000 2549.086670 0.000000 0.181194 0.000000 0.983447 0.658559 0.658559 0.658559
6340.145020 0.000000 2555.634766 0.000000 0.803113 0.000000 0.595826 0.734984 0.734984 0.734984
6348.569824 0.000000 2545.609619 0.000000 0.998669 0.000000 0.051570 0.794745 0.794745 0.794745
6344.619141 0.000000 2541.152832 0.000000 0.141261 0.000000 0.989972 0.654437 0.654437 0.654437
6341.509766 0.000000 2551.925293 0.000000 0.173539 0.000000 -0.984827 0.942234 0.942234 0.942234
6344.178711 0.000000 2530.358887 0.000000 0.972583 0.000000 -0.232554 0.823907 0.823907 0.823907
6340.769531 0.000000 2550.602783 0.000000 0.484445 0.000000 -0.874822 0.908487 0.908487 0.908487
6350.318848 0.000000 2541.419189 0.000000 0.349039 0.000000 -0.937108 0.923683 0.923683 0.923683
6345.265137 0.000000 2552.434570 0.000000 0.994337 0.000000 -0.106274 0.810845 0.810845 0.810845
6343.395508 0.000000 2548.113525 0.000000 0.912618 0.000000 -0.408814 0.842898 0.842898 0.842898
6337.780273 0.000000 2554.543213 0.000000 0.735217 0.000000 -0.677832 0.875866 0.875866 0.875866
6341.719238 0.000000 2554.210693 0.000000 0.248343 0.000000 -0.968672 0.934436 0.934436 0.934436
6345.062500 0.000000 2553.938232 0.000000 0.790222 0.000000 -0.612821 0.867189 0.867189 0.867189
6351.151855 0.000000 2540.759033 0.000000 0.182017 0.000000 0.983295 0.658644 0.658644 0.658644
6343.351074 0.000000 2553.767334 0.000000 0.244873 0.000000 -0.969555 0.934801 0.934801 0.934801
6344.587402 0.000000 2531.321045 0.000000 0.258401 0.000000 -0.966038 0.933377 0.933377 0.933377
6341.089355 0.000000 2555.031006 0.000000 0.321827 0.000000 0.946799 0.673375 0.673375 0.673375
6336.859375 0.000000 2555.129883 0.000000 0.134504 0.000000 -0.990913 0.946258 0.946258 0.946258
6345.477051 0.000000 2531.830322 0.000000 0.923902 0.000000 -0.382629 0.839994 0.839994 0.839994
6343.765625 0.000000 2552.349365 0.000000 0.514291 0.000000 -0.857616 0.904978 0.904978 0.904978
6349.493164 0.000000 2545.121094 0.000000 0.955806 0.000000 0.293996 0.769605 0.769605 0.769605
6348.574707 0.000000 2544.532959 0.000000 0.992491 0.000000 -0.122314 0.812490 0.812490 0.812490
6842.507812 0.000000 2105.512695 0.000000 0.230499 0.000000 -0.973073 0.936309 0.936309 0.936309
6846.345215 0.000000 2109.517090 0.000000 0.621773 0.000000 0.783198 0.708348 0.708348 0.708348
6845.668457 0.000000 2104.938965 0.000000 0.624888 0.000000 -0.780714 0.891246 0.891246 0.891246
6844.196289 0.000000 2105.656982 0.000000 0.576579 0.000000 -0.817041 0.897404 0.897404 0.897404
6838.776855 0.000000 2110.678467 0.000000 0.344105 0.000000 -0.938931 0.924218 0.924218 0.924218
6843.338379 0.000000 2104.389648 0.000000 0.901602 0.000000 -0.432566 0.845565 0.845565 0.845565
6847.146484 0.000000 2108.217529 0.000000 0.935837 0.000000 -0.352433 0.836687 0.836687 0.836687
6844.589355 0.000000 2104.633545 0.000000 0.903283 0.000000 -0.429045 0.845168 0.845168 0.845168
6839.703125 0.000000 2110.189209 0.000000 0.799189 0.000000 0.601079 0.734316 0.734316 0.734316
6848.106445 0.000000 2101.371826 0.000000 0.022458 0.000000 -0.999748 0.957712 0.957712 0.957712
6847.250977 0.000000 2109.691895 0.000000 0.012532 0.000000 -0.999922 0.958724 0.958724 0.958724
6851.862305 0.000000 2099.825928 0.000000 0.414088 0.000000 -0.910237 0.916512 0.916512 0.916512
6849.718262 0.000000 2101.199463 0.000000 0.776011 0.000000 0.630720 0.730483 0.730483 0.730483
6850.372559 0.000000 2098.181152 0.000000 0.577000 0.000000 -0.816744 0.897351 0.897351 0.897351
6849.259277 0.000000 2111.100586 0.000000 0.744241 0.000000 0.667912 0.725500 0.725500 0.725500
6848.384277 0.000000 2110.332764 0.000000 0.234654 0.000000 0.972079 0.664127 0.664127 0.664127
6850.897461 0.000000 2099.245850 0.000000 0.997803 0.000000 0.066251 0.793247 0.793247 0.793247
6848.814453 0.000000 2100.587891 0.000000 0.669972 0.000000 -0.742386 0.885218 0.885218 0.885218
6851.772949 0.000000 2098.784912 0.000000 0.897726 0.000000 0.440554 0.753530 0.753530 0.753530
6847.445312 0.000000 2108.720947 0.000000 0.250900 0.000000 0.968013 0.665832 0.665832 0.665832
6844.527344 0.000000 2117.912109 0.000000 0.931353 0.000000 -0.364118 0.837961 0.837961 0.837961
6838.247559 0.000000 2111.503906 0.000000 0.766243 0.000000 -0.642551 0.871080 0.871080 0.871080
6845.752930 0.000000 2117.028564 0.000000 0.919688 0.000000 0.392651 0.758899 0.758899 0.758899
6839.446289 0.000000 2111.654053 0.000000 0.968418 0.000000 -0.249333 0.825668 0.825668 0.825668
6844.689453 0.000000 2116.806152 0.000000 0.949061 0.000000 -0.315093 0.832651 0.832651 0.832651
6845.877441 0.000000 2116.138428 0.000000 0.922181 0.000000 -0.386759 0.840450 0.840450 0.840450
6849.166016 0.000000 2111.534912 0.000000 0.994124 0.000000 0.108249 0.788952 0.788952 0.788952
6848.177246 0.000000 2111.767822 0.000000 0.991112 0.000000 0.133029 0.786409 0.786409 0.786409
6906.500000 0.000000 2169.497070 0.000000 0.171849 0.000000 -0.985123 0.942408 0.942408 0.942408
6908.474121 0.000000 2171.325928 0.000000 0.283441 0.000000 -0.958990 0.930728 0.930728 0.930728
6896.357422 0.000000 2173.255371 0.000000 0.637176 0.000000 -0.770718 0.889633 0.889633 0.889633
6888.366699 0.000000 2167.642578 0.000000 0.763823 0.000000 0.645426 0.728538 0.728538 0.728538
6900.417480 0.000000 2160.256348 0.000000 0.934217 0.000000 0.356705 0.762848 0.762848 0.762848
6889.095215 0.000000 2162.977783 0.000000 0.598830 0.000000 -0.800876 0.894602 0.894602 0.894602
6895.554688 0.000000 2160.454590 0.000000 0.995488 0.000000 -0.094890 0.809680 0.809680 0.809680
6897.752930 0.000000 2172.145508 0.000000 0.598595 0.000000 0.801052 0.705368 0.705368 0.705368
6889.001953 0.000000 2159.186035 0.000000 0.242684 0.000000 0.970105 0.664969 0.664969 0.664969
6905.330078 0.000000 2170.575928 0.000000 0.917724 0.000000 0.397218 0.758392 0.758392 0.758392
6894.329102 0.000000 2161.513428 0.000000 0.348333 0.000000 0.937371 0.676241 0.676241 0.676241
6902.769043 0.000000 2174.662842 0.000000 0.996159 0.000000 -0.087564 0.808931 0.808931 0.808931
6889.018555 0.000000 2166.347168 0.000000 0.099507 0.000000 0.995037 0.650153 0.650153 0.650153
6907.330566 0.000000 2168.374023 0.000000 0.373813 0.000000 -0.927504 0.920976 0.920976 0.920976
6900.862305 0.000000 2165.317383 0.000000 0.924299 0.000000 -0.381670 0.839888 0.839888 0.839888
6897.531250 0.000000 2173.865967 0.000000 0.878460 0.000000 0.477817 0.749257 0.749257 0.749257
6910.566406 0.000000 2174.818604 0.000000 0.396784 0.000000 -0.917912 0.918440 0.918440 0.918440
6909.340820 0.000000 2170.243896 0.000000 0.962646 0.000000 0.270763 0.772072 0.772072 0.772072
6901.359863 0.000000 2161.194336 0.000000 0.427660 0.000000 0.903939 0.685012 0.685012 0.685012
6889.739258 0.000000 2158.155273 0.000000 0.960687 0.000000 0.277635 0.771344 0.771344 0.771344
6900.195801 0.000000 2161.522705 0.000000 0.898159 0.000000 0.439671 0.753630 0.753630 0.753630
6889.508789 0.000000 2167.396240 0.000000 0.316430 0.000000 -0.948616 0.927205 0.927205 0.927205
6889.985840 0.000000 2159.712158 0.000000 0.400496 0.000000 -0.916299 0.918028 0.918028 0.918028
6904.240234 0.000000 2171.216064 0.000000 0.267556 0.000000 0.963542 0.667589 0.667589 0.667589
6888.300293 0.000000 2163.699951 0.000000 0.007949 0.000000 0.999968 0.640810 0.640810 0.640810
6903.695312 0.000000 2174.173584 0.000000 0.574018 0.000000 0.818843 0.702277 0.702277 0.702277
6888.481445 0.000000 2158.272705 0.000000 0.540547 0.000000 0.841313 0.698171 0.698171 0.698171
6894.600586 0.000000 2160.045166 0.000000 0.984063 0.000000 -0.177820 0.818209 0.818209 0.818209
6909.482910 0.000000 2171.256592 0.000000 0.040157 0.000000 0.999193 0.644091 0.644091 0.644091
6895.364746 0.000000 2161.439453 0.000000 0.830444 0.000000 -0.557101 0.860188 0.860188 0.860188
6905.600098 0.000000 2171.557129 0.000000 0.791570 0.000000 -0.611078 0.866964 0.866964 0.866964
6897.233887 0.000000 2172.895752 0.000000 0.166927 0.000000 0.985969 0.657083 0.657083 0.657083
6842.713379 0.000000 2198.667969 0.000000 0.763617 0.000000 -0.645670 0.871495 0.871495 0.871495
6843.769043 0.000000 2195.208496 0.000000 0.903137 0.000000 0.429353 0.754797 0.754797 0.754797
6841.113281 0.000000 2198.399902 0.000000 0.899372 0.000000 -0.437185 0.846088 0.846088 0.846088
6841.978027 0.000000 2199.994385 0.000000 0.853211 0.000000 -0.521566 0.855889 0.855889 0.855889
6842.754395 0.000000 2194.133057 0.000000 0.955536 0.000000 -0.294874 0.830489 0.830489 0.830489
6842.746582 0.000000 2195.828857 0.000000 0.817591 0.000000 0.575799 0.737501 0.737501 0.737501
6840.913574 0.000000 2199.701416 0.000000 0.293676 0.000000 0.955905 0.670361 0.670361 0.670361
6843.445801 0.000000 2199.379395 0.000000 0.991604 0.000000 -0.129312 0.813209 0.813209 0.813209
6841.866699 0.000000 2199.061523 0.000000 0.257274 0.000000 0.966339 0.666504 0.666504 0.666504
6858.790039 0.000000 2190.838135 0.000000 0.409585 0.000000 0.912272 0.682984 0.682984 0.682984
6848.106445 0.000000 2197.348389 0.000000 0.278141 0.000000 0.960540 0.668710 0.668710 0.668710
6849.871582 0.000000 2183.825439 0.000000 0.259470 0.000000 -0.965751 0.933265 0.933265 0.933265
6849.718262 0.000000 2197.176025 0.000000 0.995387 0.000000 -0.095936 0.809787 0.809787 0.809787
6848.814453 0.000000 2182.550049 0.000000 0.708714 0.000000 -0.705496 0.879768 0.879768 0.879768
6853.447266 0.000000 2200.011230 0.000000 0.781096 0.000000 -0.624411 0.868691 0.868691 0.868691
6848.676270 0.000000 2183.785889 0.000000 0.998106 0.000000 0.061510 0.793731 0.793731 0.793731
6853.088867 0.000000 2201.240234 0.000000 0.370989 0.000000 -0.928637 0.921286 0.921286 0.921286
6848.814453 0.000000 2196.564453 0.000000 0.983099 0.000000 0.183076 0.781246 0.781246 0.781246
6859.718750 0.000000 2190.406738 0.000000 0.818378 0.000000 -0.574680 0.862360 0.862360 0.862360
6852.455078 0.000000 2200.536377 0.000000 0.947946 0.000000 -0.318432 0.833010 0.833010 0.833010
6858.969238 0.000000 2191.752686 0.000000 0.798418 0.000000 -0.602103 0.865815 0.865815 0.865815
6895.611816 0.000000 2176.947021 0.000000 0.821752 0.000000 -0.569846 0.861759 0.861759 0.861759
6910.153809 0.000000 2175.709961 0.000000 0.941002 0.000000 -0.338400 0.835163 0.835163 0.835163
6902.239746 0.000000 2175.488281 0.000000 0.443766 0.000000 0.896143 0.686835 0.686835 0.686835
6893.921875 0.000000 2176.854736 0.000000 0.912840 0.000000 -0.408317 0.842843 0.842843 0.842843
6892.818848 0.000000 2176.665039 0.000000 0.593326 0.000000 -0.804962 0.895301 0.895301 0.895301
6903.438477 0.000000 2175.638428 0.000000 0.625246 0.000000 0.780428 0.708800 0.708800 0.708800
6892.950195 0.000000 2177.633057 0.000000 0.058460 0.000000 -0.998290 0.954042 0.954042 0.954042
6894.795898 0.000000 2176.433838 0.000000 0.351906 0.000000 0.936036 0.676629 0.676629 0.676629
6894.299805 0.000000 2177.727295 0.000000 0.892816 0.000000 -0.450422 0.847592 0.847592 0.847592
6911.977051 0.000000 2175.390869 0.000000 0.754288 0.000000 -0.656544 0.872954 0.872954 0.872954
6911.431152 0.000000 2174.607910 0.000000 0.358919 0.000000 -0.933369 0.922607 0.922607 0.922607
7094.012695 0.000000 2164.541260 0.000000 0.232292 0.000000 -0.972646 0.936121 0.936121 0.936121
7089.833008 0.000000 2166.249512 0.000000 0.421961 0.000000 -0.906614 0.915629 0.915629 0.915629
7085.171875 0.000000 2171.911133 0.000000 0.022877 0.000000 -0.999738 0.957670 0.957670 0.957670
7078.805664 0.000000 2174.152832 0.000000 0.728369 0.000000 0.685186 0.723111 0.723111 0.723111
7087.554688 0.000000 2168.186523 0.000000 0.969174 0.000000 -0.246378 0.825357 0.825357 0.825357
7080.234375 0.000000 2170.977051 0.000000 0.330211 0.000000 -0.943907 0.925722 0.925722 0.925722
7085.599609 0.000000 2169.498047 0.000000 0.370206 0.000000 -0.928950 0.921372 0.921372 0.921372
7091.654297 0.000000 2164.601562 0.000000 0.479470 0.000000 0.877558 0.690935 0.690935 0.690935
7093.266602 0.000000 2162.541260 0.000000 0.047149 0.000000 0.998888 0.644804 0.644804 0.644804
7095.914062 0.000000 2165.319824 0.000000 0.873278 0.000000 -0.487222 0.851837 0.851837 0.851837
7079.744141 0.000000 2172.662354 0.000000 0.717263 0.000000 0.696802 0.721474 0.721474 0.721474
7088.201172 0.000000 2166.676514 0.000000 0.901608 0.000000 -0.432554 0.845564 0.845564 0.845564
7087.273926 0.000000 2169.922607 0.000000 0.703253 0.000000 0.710939 0.719446 0.719446 0.719446
7100.251953 0.000000 2172.935547 0.000000 0.768707 0.000000 0.639601 0.729312 0.729312 0.729312
7084.315918 0.000000 2170.437500 0.000000 0.975093 0.000000 0.221795 0.777219 0.777219 0.777219
7101.591797 0.000000 2172.236328 0.000000 0.595165 0.000000 -0.803603 0.895068 0.895068 0.895068
7081.766113 0.000000 2170.805176 0.000000 0.938852 0.000000 0.344322 0.764195 0.764195 0.764195
7086.059082 0.000000 2168.197021 0.000000 0.214680 0.000000 0.976685 0.662039 0.662039 0.662039
7091.291016 0.000000 2165.928467 0.000000 0.848551 0.000000 -0.529113 0.856792 0.856792 0.856792
7092.095215 0.000000 2163.266602 0.000000 0.999891 0.000000 -0.014761 0.801504 0.801504 0.801504
7090.265137 0.000000 2164.929443 0.000000 0.996863 0.000000 -0.079147 0.808070 0.808070 0.808070
7095.322754 0.000000 2164.230469 0.000000 0.953036 0.000000 -0.302856 0.831341 0.831341 0.831341
7078.478027 0.000000 2172.955322 0.000000 0.979821 0.000000 -0.199879 0.820498 0.820498 0.820498
7081.149414 0.000000 2171.855225 0.000000 0.930793 0.000000 -0.365548 0.838118 0.838118 0.838118
7079.969238 0.000000 2173.816406 0.000000 0.437905 0.000000 0.899021 0.686169 0.686169 0.686169
7093.053223 0.000000 2163.926758 0.000000 0.573941 0.000000 -0.818897 0.897732 0.897732 0.897732
7101.165527 0.000000 2173.596924 0.000000 0.925622 0.000000 -0.378451 0.839534 0.839534 0.839534
7084.920410 0.000000 2168.397217 0.000000 0.805015 0.000000 -0.593254 0.864690 0.864690 0.864690
7080.972656 0.000000 2170.031982 0.000000 0.636259 0.000000 -0.771476 0.889754 0.889754 0.889754
7079.757812 0.000000 2174.949707 0.000000 0.963931 0.000000 -0.266153 0.827441 0.827441 0.827441
7084.072266 0.000000 2171.861572 0.000000 0.634921 0.000000 0.772577 0.710070 0.710070 0.710070
7078.100586 0.000000 2175.041260 0.000000 0.724117 0.000000 0.689677 0.722481 0.722481 0.722481
7086.756348 0.000000 2169.018311 0.000000 0.963698 0.000000 -0.266995 0.827530 0.827530 0.827530
7094.840332 0.000000 2165.117188 0.000000 0.601175 0.000000 0.799118 0.705696 0.705696 0.705696
7089.150879 0.000000 2167.005615 0.000000 0.554438 0.000000 -0.832225 0.900139 0.900139 0.900139
7084.615723 0.000000 2169.359131 0.000000 0.850968 0.000000 0.525217 0.743675 0.743675 0.743675
7088.857422 0.000000 2166.042480 0.000000 0.997720 0.000000 -0.067489 0.806880 0.806880 0.806880
7088.270996 0.000000 2167.625977 0.000000 0.288860 0.000000 -0.957371 0.930152 0.930152 0.930152
7080.201172 0.000000 2171.869629 0.000000 0.796268 0.000000 0.604944 0.733823 0.733823 0.733823
7085.147461 0.000000 2170.907227 0.000000 0.127749 0.000000 0.991807 0.653048 0.653048 0.653048
7085.627930 0.000000 2178.424316 0.000000 0.915487 0.000000 0.402348 0.757822 0.757822 0.757822
7079.438477 0.000000 2175.515625 0.000000 0.203472 0.000000 -0.979081 0.939129 0.939129 0.939129
7084.304199 0.000000 2178.402100 0.000000 0.674619 0.000000 -0.738166 0.884579 0.884579 0.884579
7084.476562 0.000000 2179.524658 0.000000 0.848934 0.000000 -0.528500 0.856718 0.856718 0.856718
7085.346680 0.000000 2179.279053 0.000000 0.988473 0.000000 -0.151395 0.815481 0.815481 0.815481
7073.844238 0.000000 2215.817627 0.000000 0.308331 0.000000 0.951279 0.671926 0.671926 0.671926
7080.250977 0.000000 2215.335449 0.000000 0.080530 0.000000 0.996752 0.648212 0.648212 0.648212
7072.787109 0.000000 2214.542236 0.000000 0.580949 0.000000 -0.813940 0.896858 0.896858 0.896858
7072.648926 0.000000 2215.778076 0.000000 0.842684 0.000000 -0.538409 0.857912 0.857912 0.857912
7081.378906 0.000000 2215.143066 0.000000 0.894386 0.000000 0.447295 0.752764 0.752764 0.752764
7080.328613 0.000000 2214.286865 0.000000 0.356474 0.000000 0.934305 0.677127 0.677127 0.677127
6857.647461 0.000000 2524.913818 0.000000 0.370632 0.000000 -0.928780 0.921325 0.921325 0.921325
6874.503906 0.000000 2521.411133 0.000000 0.294870 0.000000 0.955537 0.670488 0.670488 0.670488
6871.678223 0.000000 2522.215576 0.000000 0.993667 0.000000 0.112366 0.788530 0.788530 0.788530
6875.334473 0.000000 2520.288086 0.000000 0.981634 0.000000 -0.190772 0.819552 0.819552 0.819552
6871.264648 0.000000 2523.719971 0.000000 0.683588 0.000000 0.729868 0.716666 0.716666 0.716666
6861.079102 0.000000 2525.238770 0.000000 0.722422 0.000000 0.691452 0.722231 0.722231 0.722231
6857.655273 0.000000 2525.966797 0.000000 0.999789 0.000000 0.020526 0.797909 0.797909 0.797909
6870.745117 0.000000 2522.828613 0.000000 0.964603 0.000000 0.263706 0.772818 0.772818 0.772818
6856.623047 0.000000 2524.968262 0.000000 0.791157 0.000000 -0.611613 0.867033 0.867033 0.867033
6881.255371 0.000000 2526.999023 0.000000 0.967278 0.000000 -0.253720 0.826129 0.826129 0.826129
6880.380371 0.000000 2526.231201 0.000000 0.151092 0.000000 -0.988520 0.944551 0.944551 0.944551
6862.746094 0.000000 2536.010986 0.000000 0.023851 0.000000 0.999716 0.642430 0.642430 0.642430
6863.932617 0.000000 2536.875244 0.000000 0.033640 0.000000 -0.999434 0.956573 0.956573 0.956573
6862.188965 0.000000 2537.231689 0.000000 0.381658 0.000000 0.924304 0.679887 0.679887 0.679887
6863.030273 0.000000 2536.884766 0.000000 0.564075 0.000000 -0.825724 0.898955 0.898955 0.898955
6886.252441 0.000000 2535.499512 0.000000 0.999996 0.000000 0.002830 0.799712 0.799712 0.799712
6891.311035 0.000000 2546.571289 0.000000 0.792880 0.000000 -0.609378 0.866746 0.866746 0.866746
6885.465332 0.000000 2533.094482 0.000000 0.974051 0.000000 -0.226328 0.823255 0.823255 0.823255
6884.007812 0.000000 2532.158936 0.000000 0.041820 0.000000 -0.999125 0.955739 0.955739 0.955739
6894.742188 0.000000 2536.010986 0.000000 0.967842 0.000000 -0.251558 0.825902 0.825902 0.825902
6895.928711 0.000000 2536.875244 0.000000 0.951309 0.000000 -0.308240 0.831917 0.831917 0.831917
6891.606445 0.000000 2547.845947 0.000000 0.957287 0.000000 -0.289139 0.829878 0.829878 0.829878
6886.018555 0.000000 2534.251465 0.000000 0.983417 0.000000 -0.181359 0.818576 0.818576 0.818576
6890.112305 0.000000 2546.100098 0.000000 0.938665 0.000000 0.344830 0.764140 0.764140 0.764140
6894.185059 0.000000 2537.231689 0.000000 0.824575 0.000000 -0.565752 0.861252 0.861252 0.861252
6884.150879 0.000000 2533.410645 0.000000 0.591599 0.000000 0.806232 0.704481 0.704481 0.704481
6890.287598 0.000000 2547.256104 0.000000 0.934260 0.000000 0.356592 0.762860 0.762860 0.762860
6881.162109 0.000000 2527.433350 0.000000 0.972146 0.000000 0.234378 0.775902 0.775902 0.775902
6887.233398 0.000000 2535.080078 0.000000 0.239056 0.000000 -0.971006 0.935412 0.935412 0.935412
6884.957520 0.000000 2532.308350 0.000000 0.388729 0.000000 0.921352 0.680668 0.680668 0.680668
6880.173340 0.000000 2527.666260 0.000000 0.179489 0.000000 0.983760 0.658382 0.658382 0.658382
6895.026367 0.000000 2536.884766 0.000000 0.375366 0.000000 -0.926877 0.920805 0.920805 0.920805
6938.496094 0.000000 2393.442383 0.000000 0.970834 0.000000 -0.239752 0.824661 0.824661 0.824661
6934.985840 0.000000 2397.109131 0.000000 0.296357 0.000000 -0.955077 0.929353 0.929353 0.929353
6942.333496 0.000000 2397.446777 0.000000 0.198938 0.000000 0.980012 0.660400 0.660400 0.660400
6941.070312 0.000000 2389.039551 0.000000 0.971119 0.000000 -0.238596 0.824540 0.824540 0.824540
6930.873047 0.000000 2397.982910 0.000000 0.446903 0.000000 0.894582 0.687191 0.687191 0.687191
6935.670410 0.000000 2394.246826 0.000000 0.989142 0.000000 0.146966 0.784976 0.784976 0.784976
6931.396484 0.000000 2395.348633 0.000000 0.751274 0.000000 -0.659990 0.873421 0.873421 0.873421
6923.120117 0.000000 2395.351318 0.000000 0.600226 0.000000 0.799830 0.705575 0.705575 0.705575
6942.421875 0.000000 2394.887207 0.000000 0.332519 0.000000 -0.943097 0.925472 0.925472 0.925472
6927.121582 0.000000 2395.615967 0.000000 0.183465 0.000000 -0.983026 0.941206 0.941206 0.941206
6937.326172 0.000000 2394.521240 0.000000 0.844413 0.000000 -0.535693 0.857584 0.857584 0.857584
6939.326660 0.000000 2392.319336 0.000000 0.970828 0.000000 -0.239777 0.824664 0.824664 0.824664
6930.235352 0.000000 2394.284912 0.000000 0.978392 0.000000 -0.206760 0.821213 0.821213 0.821213
6935.256836 0.000000 2395.751221 0.000000 0.323686 0.000000 0.946164 0.673575 0.673575 0.673575
6926.080566 0.000000 2394.754150 0.000000 0.477513 0.000000 -0.878625 0.909292 0.909292 0.909292
6937.868164 0.000000 2389.220703 0.000000 0.649581 0.000000 -0.760293 0.887982 0.887982 0.887982
6943.134766 0.000000 2396.147217 0.000000 0.631047 0.000000 0.775744 0.709560 0.709560 0.709560
6930.969727 0.000000 2396.592529 0.000000 0.286452 0.000000 -0.958095 0.930408 0.930408 0.930408
6940.194824 0.000000 2388.245850 0.000000 0.998967 0.000000 0.045453 0.795369 0.795369 0.795369
6936.481934 0.000000 2388.225586 0.000000 0.693514 0.000000 0.720444 0.718060 0.718060 0.718060
6936.236328 0.000000 2395.161377 0.000000 0.511610 0.000000 0.859218 0.694704 0.694704 0.694704
6934.737305 0.000000 2394.859863 0.000000 0.940833 0.000000 0.338870 0.764786 0.764786 0.764786
6927.782227 0.000000 2394.772461 0.000000 0.210830 0.000000 -0.977523 0.938363 0.938363 0.938363
6930.312012 0.000000 2395.252686 0.000000 0.064567 0.000000 -0.997913 0.953419 0.953419 0.953419
6937.596191 0.000000 2395.502441 0.000000 0.543301 0.000000 -0.839538 0.901496 0.901496 0.901496
6930.275391 0.000000 2397.242432 0.000000 0.999379 0.000000 -0.035235 0.803590 0.803590 0.803590
6922.226074 0.000000 2395.557617 0.000000 0.971733 0.000000 -0.236084 0.824276 0.824276 0.824276
6936.960449 0.000000 2389.106689 0.000000 0.877268 0.000000 -0.480000 0.850996 0.850996 0.850996
6931.814453 0.000000 2396.243652 0.000000 0.999278 0.000000 -0.037990 0.803870 0.803870 0.803870
6941.577148 0.000000 2388.266846 0.000000 0.524637 0.000000 -0.851326 0.903744 0.903744 0.903744
6941.868164 0.000000 2389.911621 0.000000 0.997774 0.000000 0.066692 0.793202 0.793202 0.793202
6943.239258 0.000000 2397.621582 0.000000 0.680245 0.000000 -0.732985 0.883799 0.883799 0.883799
6943.219727 0.000000 2394.759521 0.000000 0.273272 0.000000 0.961937 0.668194 0.668194 0.668194
6943.433594 0.000000 2396.650635 0.000000 0.964860 0.000000 0.262766 0.772917 0.772917 0.772917
6937.529785 0.000000 2419.788818 0.000000 0.990815 0.000000 0.135226 0.786184 0.786184 0.786184
6933.179199 0.000000 2406.170410 0.000000 0.012759 0.000000 -0.999919 0.958700 0.958700 0.958700
6943.102051 0.000000 2404.479248 0.000000 0.912879 0.000000 -0.408230 0.842833 0.842833 0.842833
6942.533203 0.000000 2401.963623 0.000000 0.491740 0.000000 0.870742 0.692364 0.692364 0.692364
6936.956543 0.000000 2415.936768 0.000000 0.552874 0.000000 0.833265 0.699670 0.699670 0.699670
6935.533203 0.000000 2418.813477 0.000000 0.990058 0.000000 0.140662 0.785625 0.785625 0.785625
6928.993164 0.000000 2409.834717 0.000000 0.828125 0.000000 -0.560543 0.860610 0.860610 0.860610
6929.892090 0.000000 2413.530029 0.000000 0.731183 0.000000 -0.682182 0.876470 0.876470 0.876470
6939.487793 0.000000 2407.327637 0.000000 0.976318 0.000000 0.216340 0.777788 0.777788 0.777788
6942.351074 0.000000 2410.033936 0.000000 0.405798 0.000000 0.913963 0.682562 0.682562 0.682562
6942.571289 0.000000 2416.466553 0.000000 0.909484 0.000000 -0.415739 0.843673 0.843673 0.843673
6942.495117 0.000000 2411.598633 0.000000 0.010816 0.000000 -0.999942 0.958898 0.958898 0.958898
6929.478027 0.000000 2408.482422 0.000000 0.465595 0.000000 0.884998 0.689331 0.689331 0.689331
6942.361328 0.000000 2403.321289 0.000000 0.979568 0.000000 -0.201113 0.820626 0.820626 0.820626
6936.540527 0.000000 2414.654541 0.000000 0.995711 0.000000 0.092518 0.790563 0.790563 0.790563
6928.676758 0.000000 2413.053467 0.000000 0.119213 0.000000 0.992869 0.652172 0.652172 0.652172
6934.361328 0.000000 2419.218750 0.000000 0.650825 0.000000 -0.759228 0.887815 0.887815 0.887815
6934.428711 0.000000 2418.003174 0.000000 0.627854 0.000000 -0.778331 0.890859 0.890859 0.890859
6932.406738 0.000000 2407.138916 0.000000 0.351204 0.000000 -0.936299 0.923447 0.923447 0.923447
6936.797363 0.000000 2418.873291 0.000000 0.612133 0.000000 -0.790755 0.892900 0.892900 0.892900
6939.374512 0.000000 2406.056641 0.000000 0.565251 0.000000 0.824919 0.701191 0.701191 0.701191
6942.739746 0.000000 2417.584961 0.000000 0.067502 0.000000 0.997719 0.646881 0.646881 0.646881
6937.935547 0.000000 2418.791748 0.000000 0.990400 0.000000 -0.138229 0.814125 0.814125 0.814125
6933.451660 0.000000 2407.329834 0.000000 0.599465 0.000000 -0.800401 0.894522 0.894522 0.894522
6942.659668 0.000000 2400.615234 0.000000 0.766075 0.000000 0.642752 0.728894 0.728894 0.728894
6938.681641 0.000000 2406.779053 0.000000 0.460817 0.000000 -0.887495 0.911218 0.911218 0.911218
6937.486328 0.000000 2415.148193 0.000000 0.914923 0.000000 -0.403628 0.842320 0.842320 0.842320
6928.035645 0.000000 2409.969482 0.000000 0.534869 0.000000 0.844935 0.697484 0.697484 0.697484
6936.117188 0.000000 2418.097656 0.000000 0.020960 0.000000 0.999780 0.642135 0.642135 0.642135
6942.594238 0.000000 2405.306152 0.000000 0.934150 0.000000 -0.356880 0.837171 0.837171 0.837171
6928.844238 0.000000 2412.168945 0.000000 0.269443 0.000000 -0.963016 0.932211 0.932211 0.932211
6942.937500 0.000000 2410.787842 0.000000 0.666621 0.000000 -0.745397 0.885677 0.885677 0.885677
6951.525879 0.000000 2403.660645 0.000000 0.579896 0.000000 -0.814691 0.896990 0.896990 0.896990
6952.000000 0.000000 2401.034424 0.000000 0.974521 0.000000 -0.224295 0.823043 0.823043 0.823043
6943.627930 0.000000 2410.216064 0.000000 0.947391 0.000000 -0.320080 0.833187 0.833187 0.833187
6952.214844 0.000000 2409.035889 0.000000 0.877548 0.000000 0.479489 0.749063 0.749063 0.749063
6957.155273 0.000000 2408.652588 0.000000 0.380743 0.000000 -0.924681 0.920214 0.920214 0.920214
6950.161133 0.000000 2402.083252 0.000000 0.768017 0.000000 0.640429 0.729202 0.729202 0.729202
6943.180176 0.000000 2401.785156 0.000000 0.929589 0.000000 0.368599 0.761548 0.761548 0.761548
6955.921387 0.000000 2407.332031 0.000000 0.475292 0.000000 0.879828 0.690450 0.690450 0.690450
6945.209961 0.000000 2409.427979 0.000000 0.323401 0.000000 -0.946262 0.926456 0.926456 0.926456
6943.645508 0.000000 2403.337158 0.000000 0.995171 0.000000 -0.098152 0.810014 0.810014 0.810014
6954.464355 0.000000 2406.929443 0.000000 0.051757 0.000000 0.998660 0.645274 0.645274 0.645274
6956.294434 0.000000 2415.175781 0.000000 0.835584 0.000000 -0.549363 0.859241 0.859241 0.859241
6950.660645 0.000000 2400.639404 0.000000 0.967432 0.000000 0.253130 0.773933 0.773933 0.773933
6944.037598 0.000000 2408.721436 0.000000 0.614727 0.000000 -0.788740 0.892565 0.892565 0.892565
6953.357910 0.000000 2408.208008 0.000000 0.916048 0.000000 -0.401069 0.842036 0.842036 0.842036
6943.824707 0.000000 2416.940430 0.000000 0.980344 0.000000 -0.197297 0.820229 0.820229 0.820229
6943.478516 0.000000 2411.523682 0.000000 0.606802 0.000000 0.794853 0.706415 0.706415 0.706415
6953.533203 0.000000 2409.459717 0.000000 0.983709 0.000000 0.179771 0.781589 0.781589 0.781589
6943.166016 0.000000 2404.416016 0.000000 0.977826 0.000000 -0.209418 0.821490 0.821490 0.821490
6953.129883 0.000000 2401.694336 0.000000 0.964982 0.000000 -0.262315 0.827036 0.827036 0.827036
6950.543945 0.000000 2403.152832 0.000000 0.331296 0.000000 0.943527 0.674396 0.674396 0.674396
6951.194824 0.000000 2401.792236 0.000000 0.287142 0.000000 0.957888 0.669666 0.669666 0.669666
6957.272949 0.000000 2414.881348 0.000000 0.998940 0.000000 0.046027 0.795310 0.795310 0.795310
6953.791504 0.000000 2400.512451 0.000000 0.893718 0.000000 -0.448629 0.847388 0.847388 0.847388
6956.666016 0.000000 2409.563477 0.000000 0.876247 0.000000 0.481863 0.748787 0.748787 0.748787
6943.971680 0.000000 2402.400391 0.000000 0.708688 0.000000 -0.705522 0.879772 0.879772 0.879772
6955.365234 0.000000 2406.519531 0.000000 0.781427 0.000000 0.623997 0.731363 0.731363 0.731363
6943.465820 0.000000 2400.881836 0.000000 0.576462 0.000000 -0.817124 0.897418 0.897418 0.897418
6955.032227 0.000000 2407.685059 0.000000 0.431100 0.000000 -0.902304 0.914600 0.914600 0.914600
6945.270508 0.000000 2408.500244 0.000000 0.024611 0.000000 -0.999697 0.957493 0.957493 0.957493
6956.453613 0.000000 2408.051025 0.000000 0.996175 0.000000 0.087377 0.791089 0.791089 0.791089
7099.285645 0.000000 2416.662354 0.000000 0.050841 0.000000 0.998707 0.645181 0.645181 0.645181
7094.012695 0.000000 2420.478760 0.000000 0.469135 0.000000 0.883126 0.689739 0.689739 0.689739
7097.510254 0.000000 2419.788818 0.000000 0.614585 0.000000 -0.788850 0.892583 0.892583 0.892583
7096.937012 0.000000 2415.936768 0.000000 0.541273 0.000000 0.840847 0.698258 0.698258 0.698258
7095.914062 0.000000 2421.257324 0.000000 0.013575 0.000000 0.999908 0.641383 0.641383 0.641383
7086.270508 0.000000 2414.869629 0.000000 0.006172 0.000000 -0.999981 0.959371 0.959371 0.959371
7097.082031 0.000000 2422.345215 0.000000 0.117099 0.000000 0.993120 0.651955 0.651955 0.651955
7097.946777 0.000000 2423.939697 0.000000 0.300368 0.000000 -0.953823 0.928925 0.928925 0.928925
7090.619629 0.000000 2416.877441 0.000000 0.105798 0.000000 0.994388 0.650797 0.650797 0.650797
7096.520996 0.000000 2414.654541 0.000000 0.579841 0.000000 0.814730 0.703003 0.703003 0.703003
7098.046387 0.000000 2416.510254 0.000000 0.581699 0.000000 -0.813404 0.896764 0.896764 0.896764
7095.322754 0.000000 2420.167969 0.000000 0.861100 0.000000 0.508436 0.745672 0.745672 0.745672
7102.690430 0.000000 2425.610107 0.000000 0.850375 0.000000 0.526178 0.743560 0.743560 0.743560
7087.629395 0.000000 2415.090088 0.000000 0.984644 0.000000 -0.174574 0.817874 0.817874 0.817874
7096.777832 0.000000 2418.873291 0.000000 0.370379 0.000000 0.928881 0.678647 0.678647 0.678647
7096.882324 0.000000 2423.646729 0.000000 0.950255 0.000000 0.311473 0.767737 0.767737 0.767737
7097.916016 0.000000 2418.791748 0.000000 0.611434 0.000000 0.791296 0.707010 0.707010 0.707010
7086.577148 0.000000 2415.982666 0.000000 0.845638 0.000000 0.533756 0.742650 0.742650 0.742650
7094.840332 0.000000 2421.054688 0.000000 0.691031 0.000000 -0.722826 0.882290 0.882290 0.882290
7091.418457 0.000000 2416.310547 0.000000 0.257993 0.000000 -0.966147 0.933420 0.933420 0.933420
7097.466797 0.000000 2415.148193 0.000000 0.625347 0.000000 -0.780347 0.891186 0.891186 0.891186
7097.835449 0.000000 2423.006836 0.000000 0.999826 0.000000 -0.018657 0.801901 0.801901 0.801901
7096.097656 0.000000 2418.097656 0.000000 0.449232 0.000000 0.893415 0.687457 0.687457 0.687457
7103.358398 0.000000 2424.514404 0.000000 0.197582 0.000000 -0.980286 0.939741 0.939741 0.939741
7107.931641 0.000000 2423.715088 0.000000 0.365746 0.000000 0.930715 0.678140 0.678140 0.678140
7106.683105 0.000000 2422.662109 0.000000 0.999773 0.000000 -0.021296 0.802169 0.802169 0.802169
7103.155762 0.000000 2425.602295 0.000000 0.998618 0.000000 -0.052550 0.805355 0.805355 0.805355
7107.670898 0.000000 2422.442871 0.000000 0.989343 0.000000 -0.145607 0.814884 0.814884 0.814884
7083.399414 0.000000 2435.187012 0.000000 0.430439 0.000000 0.902620 0.685325 0.685325 0.685325
7098.682129 0.000000 2454.605469 0.000000 0.412503 0.000000 0.910956 0.683311 0.683311 0.683311
7094.585938 0.000000 2433.172852 0.000000 0.525255 0.000000 -0.850945 0.903670 0.903670 0.903670
7102.402344 0.000000 2458.871582 0.000000 0.934336 0.000000 -0.356394 0.837118 0.837118 0.837118
7083.905762 0.000000 2439.324219 0.000000 0.067379 0.000000 -0.997727 0.953132 0.953132 0.953132
7082.448730 0.000000 2438.921631 0.000000 0.759641 0.000000 -0.650343 0.872120 0.872120 0.872120
7095.799316 0.000000 2432.608887 0.000000 0.993470 0.000000 0.114091 0.788353 0.788353 0.788353
7082.458008 0.000000 2434.579834 0.000000 0.989298 0.000000 0.145912 0.785084 0.785084 0.785084
7099.414551 0.000000 2455.316895 0.000000 0.084722 0.000000 0.996405 0.648640 0.648640 0.648640
7083.349609 0.000000 2438.511719 0.000000 0.457843 0.000000 0.889033 0.688441 0.688441 0.688441
7083.016602 0.000000 2439.677246 0.000000 0.080881 0.000000 -0.996724 0.951753 0.951753 0.951753
7082.493652 0.000000 2435.557617 0.000000 0.235181 0.000000 0.971952 0.664182 0.664182 0.664182
7094.718750 0.000000 2432.206787 0.000000 0.311234 0.000000 -0.950333 0.927763 0.927763 0.927763
7102.513672 0.000000 2465.947998 0.000000 0.907507 0.000000 -0.420036 0.844154 0.844154 0.844154
7102.640137 0.000000 2464.599609 0.000000 0.439099 0.000000 -0.898439 0.913695 0.913695 0.913695
7115.283691 0.000000 2450.594727 0.000000 0.332163 0.000000 0.943222 0.674489 0.674489 0.674489
7106.550293 0.000000 2457.652344 0.000000 0.067950 0.000000 0.997689 0.646927 0.646927 0.646927
7105.401855 0.000000 2461.670654 0.000000 0.697713 0.000000 -0.716377 0.881344 0.881344 0.881344
7112.767578 0.000000 2462.590576 0.000000 0.939105 0.000000 -0.343629 0.835730 0.835730 0.835730
7107.831055 0.000000 2451.739990 0.000000 0.241227 0.000000 0.970469 0.664816 0.664816 0.664816
7105.070312 0.000000 2456.739990 0.000000 0.954552 0.000000 -0.298045 0.830827 0.830827 0.830827
7103.200195 0.000000 2458.743896 0.000000 0.720515 0.000000 0.693440 0.721950 0.721950 0.721950
7106.596680 0.000000 2456.247314 0.000000 0.975322 0.000000 0.220786 0.777324 0.777324 0.777324
7106.341309 0.000000 2450.095215 0.000000 0.868360 0.000000 0.495935 0.747144 0.747144 0.747144
7107.683105 0.000000 2457.031250 0.000000 0.964705 0.000000 -0.263334 0.827143 0.827143 0.827143
7115.579102 0.000000 2451.869385 0.000000 0.598933 0.000000 -0.800799 0.894589 0.894589 0.894589
7114.084961 0.000000 2450.123535 0.000000 0.971248 0.000000 0.238072 0.775515 0.775515 0.775515
7104.400879 0.000000 2461.073975 0.000000 0.018006 0.000000 0.999838 0.641834 0.641834 0.641834
7114.260254 0.000000 2451.279541 0.000000 0.803933 0.000000 0.594719 0.735124 0.735124 0.735124
7105.143066 0.000000 2460.238281 0.000000 0.423102 0.000000 0.906082 0.684499 0.684499 0.684499
7106.866211 0.000000 2451.159912 0.000000 0.307382 0.000000 0.951586 0.671825 0.671825 0.671825
7104.169922 0.000000 2457.200439 0.000000 0.885385 0.000000 0.464858 0.750754 0.750754 0.750754
7107.741699 0.000000 2450.698975 0.000000 0.479959 0.000000 0.877291 0.690991 0.690991 0.690991
7105.391113 0.000000 2457.641113 0.000000 0.998351 0.000000 -0.057413 0.805851 0.805851 0.805851
7105.962891 0.000000 2456.877686 0.000000 0.374002 0.000000 -0.927428 0.920955 0.920955 0.920955
7103.160645 0.000000 2465.769531 0.000000 0.957598 0.000000 0.288109 0.770232 0.770232 0.770232
7112.871582 0.000000 2463.962402 0.000000 0.391250 0.000000 -0.920284 0.919054 0.919054 0.919054
7103.446289 0.000000 2464.866211 0.000000 0.611497 0.000000 0.791247 0.707018 0.707018 0.707018
6347.489258 0.000000 2563.155762 0.000000 0.150049 0.000000 -0.988679 0.944658 0.944658 0.944658
6339.028809 0.000000 2565.482666 0.000000 0.777074 0.000000 0.629409 0.730655 0.730655 0.730655
6351.673828 0.000000 2563.697021 0.000000 0.248417 0.000000 -0.968653 0.934429 0.934429 0.934429
6354.405762 0.000000 2561.177734 0.000000 0.804983 0.000000 -0.593297 0.864696 0.864696 0.864696
6343.448242 0.000000 2565.790039 0.000000 0.877615 0.000000 0.479366 0.749077 0.749077 0.749077
6344.340820 0.000000 2567.249512 0.000000 0.941337 0.000000 -0.337467 0.835062 0.835062 0.835062
6354.969238 0.000000 2570.539062 0.000000 0.965833 0.000000 -0.259164 0.826703 0.826703 0.826703
6351.117676 0.000000 2562.180176 0.000000 0.785140 0.000000 -0.619319 0.868029 0.868029 0.868029
6355.673340 0.000000 2560.571045 0.000000 0.417498 0.000000 0.908678 0.683870 0.683870 0.683870
6342.765625 0.000000 2564.636963 0.000000 0.727255 0.000000 -0.686368 0.877055 0.877055 0.877055
6350.441895 0.000000 2563.435547 0.000000 0.503563 0.000000 -0.863959 0.906247 0.906247 0.906247
6355.884766 0.000000 2561.710205 0.000000 0.718206 0.000000 -0.695831 0.878388 0.878388 0.878388
6346.547852 0.000000 2562.548584 0.000000 0.999200 0.000000 0.039983 0.795926 0.795926 0.795926
6345.468750 0.000000 2567.057129 0.000000 0.909243 0.000000 -0.416266 0.843732 0.843732 0.843732
6344.418457 0.000000 2566.200928 0.000000 0.501414 0.000000 0.865207 0.693500 0.693500 0.693500
6355.964355 0.000000 2570.310059 0.000000 0.173587 0.000000 0.984819 0.657771 0.657771 0.657771
6339.059082 0.000000 2564.446533 0.000000 0.077746 0.000000 -0.996973 0.952073 0.952073 0.952073
6343.776855 0.000000 2564.732910 0.000000 0.687912 0.000000 0.725794 0.717271 0.717271 0.717271
6354.597656 0.000000 2571.417725 0.000000 0.649376 0.000000 0.760468 0.711990 0.711990 0.711990
6355.632324 0.000000 2571.426758 0.000000 0.510246 0.000000 0.860028 0.694543 0.694543 0.694543
6346.583496 0.000000 2563.526367 0.000000 0.734281 0.000000 0.678845 0.723994 0.723994 0.723994
7188.989258 0.000000 2201.184814 0.000000 0.830021 0.000000 0.557732 0.739735 0.739735 0.739735
7190.547363 0.000000 2192.813477 0.000000 0.852932 0.000000 -0.522022 0.855943 0.855943 0.855943
7185.504883 0.000000 2195.777344 0.000000 0.003767 0.000000 -0.999993 0.959616 0.959616 0.959616
7191.501953 0.000000 2194.868164 0.000000 0.744795 0.000000 0.667294 0.725585 0.725585 0.725585
7189.653320 0.000000 2203.282471 0.000000 0.258166 0.000000 -0.966101 0.933402 0.933402 0.933402
7191.100586 0.000000 2200.820312 0.000000 0.851328 0.000000 0.524634 0.743745 0.743745 0.743745
7184.004395 0.000000 2195.791260 0.000000 0.156626 0.000000 -0.987658 0.943980 0.943980 0.943980
7190.230469 0.000000 2201.975586 0.000000 0.954952 0.000000 -0.296761 0.830690 0.830690 0.830690
7190.330078 0.000000 2195.273438 0.000000 0.388169 0.000000 -0.921588 0.919394 0.919394 0.919394
7188.635254 0.000000 2202.585205 0.000000 0.896585 0.000000 -0.442871 0.846733 0.846733 0.846733
7190.397461 0.000000 2194.057861 0.000000 0.665510 0.000000 0.746389 0.714172 0.714172 0.714172
7184.683105 0.000000 2194.789062 0.000000 0.634469 0.000000 -0.772948 0.889990 0.889990 0.889990
7188.583496 0.000000 2203.746582 0.000000 0.187917 0.000000 -0.982185 0.940744 0.940744 0.940744
7190.029785 0.000000 2200.786377 0.000000 0.994174 0.000000 -0.107783 0.811000 0.811000 0.811000
7191.929688 0.000000 2200.305908 0.000000 0.783291 0.000000 -0.621656 0.868333 0.868333 0.868333
7191.472656 0.000000 2192.422119 0.000000 0.923114 0.000000 -0.384526 0.840203 0.840203 0.840203
7191.136230 0.000000 2193.524658 0.000000 0.936720 0.000000 0.350081 0.763569 0.763569 0.763569
7191.885742 0.000000 2201.255127 0.000000 0.186309 0.000000 -0.982491 0.940911 0.940911 0.940911
7200.063477 0.000000 2197.348389 0.000000 0.988558 0.000000 -0.150840 0.815423 0.815423 0.815423
7201.675293 0.000000 2197.176025 0.000000 0.198904 0.000000 -0.980019 0.939604 0.939604 0.939604
7200.771484 0.000000 2196.564453 0.000000 0.876409 0.000000 0.481567 0.748822 0.748822 0.748822
7674.611816 0.000000 2390.621094 0.000000 0.754139 0.000000 0.656715 0.727023 0.727023 0.727023
7668.973633 0.000000 2398.701660 0.000000 0.995341 0.000000 -0.096414 0.809836 0.809836 0.809836
7674.552246 0.000000 2399.365234 0.000000 0.056433 0.000000 0.998406 0.645751 0.645751 0.645751
7672.581543 0.000000 2398.525635 0.000000 0.966732 0.000000 -0.255790 0.826347 0.826347 0.826347
7675.987305 0.000000 2390.070801 0.000000 0.665470 0.000000 0.746424 0.714166 0.714166 0.714166
7673.896484 0.000000 2398.349609 0.000000 0.118029 0.000000 0.993010 0.652050 0.652050 0.652050
7675.180664 0.000000 2398.268555 0.000000 0.419802 0.000000 0.907616 0.684128 0.684128 0.684128
7675.344238 0.000000 2391.332520 0.000000 0.972105 0.000000 0.234547 0.775885 0.775885 0.775885
7668.334473 0.000000 2399.559082 0.000000 0.939155 0.000000 0.343493 0.764285 0.764285 0.764285
7672.443848 0.000000 2399.480225 0.000000 0.882392 0.000000 -0.470514 0.849898 0.849898 0.849898
7675.434570 0.000000 2399.843994 0.000000 0.305620 0.000000 -0.952154 0.928364 0.928364 0.928364
7673.492676 0.000000 2399.581055 0.000000 0.058697 0.000000 -0.998276 0.954018 0.954018 0.954018
7689.545898 0.000000 2396.945068 0.000000 0.306133 0.000000 0.951989 0.671691 0.671691 0.671691
7701.938477 0.000000 2388.486572 0.000000 0.348505 0.000000 -0.937307 0.923741 0.923741 0.923741
7694.687500 0.000000 2399.268066 0.000000 0.875465 0.000000 -0.483281 0.851378 0.851378 0.851378
7700.926758 0.000000 2393.137939 0.000000 0.960940 0.000000 0.276756 0.771437 0.771437 0.771437
7682.479980 0.000000 2393.667969 0.000000 0.743869 0.000000 -0.668325 0.874556 0.874556 0.874556
7709.562988 0.000000 2392.868652 0.000000 0.950379 0.000000 -0.311095 0.832223 0.832223 0.832223
7680.004883 0.000000 2389.301514 0.000000 0.844635 0.000000 0.535343 0.742458 0.742458 0.742458
7708.376465 0.000000 2395.271240 0.000000 0.040252 0.000000 -0.999190 0.955899 0.955899 0.955899
7688.269043 0.000000 2391.587891 0.000000 0.994261 0.000000 0.106978 0.789082 0.789082 0.789082
7700.969727 0.000000 2398.701660 0.000000 0.410215 0.000000 -0.911989 0.916945 0.916945 0.916945
7684.851562 0.000000 2398.713867 0.000000 0.381718 0.000000 0.924279 0.679894 0.679894 0.679894
7681.616699 0.000000 2389.129150 0.000000 0.937042 0.000000 0.349217 0.763663 0.763663 0.763663
7708.090820 0.000000 2393.586670 0.000000 0.767454 0.000000 -0.641104 0.870887 0.870887 0.870887
7688.920898 0.000000 2390.292480 0.000000 0.424593 0.000000 -0.905384 0.915333 0.915333 0.915333
7682.526367 0.000000 2392.262939 0.000000 0.745837 0.000000 0.666128 0.725744 0.725744 0.725744
7700.764648 0.000000 2389.262695 0.000000 0.481638 0.000000 0.876370 0.691187 0.691187 0.691187
7695.874023 0.000000 2398.561279 0.000000 0.980259 0.000000 -0.197720 0.820273 0.820273 0.820273
7681.157715 0.000000 2399.030273 0.000000 0.533988 0.000000 0.845492 0.697378 0.697378 0.697378
7683.612793 0.000000 2393.046875 0.000000 1.000000 0.000000 -0.000793 0.800081 0.800081 0.800081
7709.243164 0.000000 2394.189209 0.000000 0.985517 0.000000 0.169579 0.782643 0.782643 0.782643
7680.282715 0.000000 2398.262451 0.000000 0.007448 0.000000 0.999972 0.640759 0.640759 0.640759
7689.411133 0.000000 2391.341553 0.000000 0.391556 0.000000 -0.920154 0.919020 0.919020 0.919020
7708.483887 0.000000 2392.563232 0.000000 0.018717 0.000000 0.999825 0.641907 0.641907 0.641907
7701.967285 0.000000 2392.739502 0.000000 0.769399 0.000000 -0.638769 0.870578 0.870578 0.870578
7689.553711 0.000000 2397.998047 0.000000 0.961194 0.000000 0.275873 0.771531 0.771531 0.771531
7680.712891 0.000000 2388.517578 0.000000 0.739671 0.000000 0.672969 0.724806 0.724806 0.724806
7694.908203 0.000000 2398.199219 0.000000 0.917519 0.000000 -0.397692 0.841660 0.841660 0.841660
7685.672363 0.000000 2398.039795 0.000000 0.922762 0.000000 -0.385371 0.840297 0.840297 0.840297
7709.385254 0.000000 2395.201904 0.000000 0.672123 0.000000 0.740439 0.715078 0.715078 0.715078
7688.521484 0.000000 2396.999512 0.000000 0.971382 0.000000 -0.237521 0.824427 0.824427 0.824427
7700.330566 0.000000 2399.559082 0.000000 0.736518 0.000000 -0.676418 0.875670 0.875670 0.875670
7685.523438 0.000000 2399.710693 0.000000 0.368382 0.000000 0.929674 0.678428 0.678428 0.678428
7687.910156 0.000000 2401.034424 0.000000 0.999375 0.000000 0.035346 0.796399 0.796399 0.796399
7710.296875 0.000000 2413.076416 0.000000 0.992890 0.000000 -0.119032 0.812153 0.812153 0.812153
7694.874023 0.000000 2399.447266 0.000000 0.993922 0.000000 -0.110090 0.811237 0.811237 0.811237
7686.570801 0.000000 2400.639404 0.000000 0.890067 0.000000 0.455830 0.751790 0.751790 0.751790
7689.040039 0.000000 2401.694336 0.000000 0.663220 0.000000 0.748425 0.713859 0.713859 0.713859
7681.064453 0.000000 2399.464600 0.000000 0.485231 0.000000 -0.874386 0.908395 0.908395 0.908395
7695.914551 0.000000 2399.850098 0.000000 0.894589 0.000000 0.446890 0.752810 0.752810 0.752810
7687.104980 0.000000 2401.792236 0.000000 0.823128 0.000000 -0.567856 0.861513 0.861513 0.861513
7689.701660 0.000000 2400.512451 0.000000 0.983674 0.000000 -0.179962 0.818431 0.818431 0.818431
7684.533691 0.000000 2399.916748 0.000000 0.865677 0.000000 -0.500603 0.853404 0.853404 0.853404
7680.075684 0.000000 2399.697510 0.000000 0.704313 0.000000 0.709889 0.719598 0.719598 0.719598
7711.409180 0.000000 2412.897949 0.000000 0.999505 0.000000 0.031476 0.796793 0.796793 0.796793
7722.562500 0.000000 2408.541504 0.000000 0.628184 0.000000 0.778065 0.709184 0.709184 0.709184
7719.485352 0.000000 2417.101318 0.000000 0.840258 0.000000 0.542187 0.741631 0.741631 0.741631
7724.878906 0.000000 2413.900146 0.000000 0.909687 0.000000 0.415294 0.756377 0.756377 0.756377
7723.619629 0.000000 2409.892578 0.000000 0.890054 0.000000 0.455855 0.751787 0.751787 0.751787
7724.811523 0.000000 2412.611328 0.000000 0.843673 0.000000 0.536858 0.742276 0.742276 0.742276
7718.143555 0.000000 2417.096191 0.000000 0.663370 0.000000 -0.748291 0.886120 0.886120 0.886120
7723.750977 0.000000 2408.757324 0.000000 0.228712 0.000000 -0.973494 0.936495 0.936495 0.936495
7718.744141 0.000000 2417.964844 0.000000 0.605448 0.000000 -0.795884 0.893758 0.893758 0.893758
7722.550781 0.000000 2409.636230 0.000000 0.225752 0.000000 0.974185 0.663195 0.663195 0.663195
6269.095703 0.000000 3114.892822 0.000000 0.528289 0.000000 0.849065 0.696693 0.696693 0.696693
6269.912109 0.000000 3118.861328 0.000000 0.697134 0.000000 -0.716941 0.881427 0.881427 0.881427
6270.615234 0.000000 3105.791748 0.000000 0.843852 0.000000 0.536576 0.742310 0.742310 0.742310
6262.190918 0.000000 3118.223389 0.000000 0.242745 0.000000 0.970090 0.664975 0.664975 0.664975
6269.010742 0.000000 3107.353027 0.000000 0.989367 0.000000 0.145439 0.785133 0.785133 0.785133
6260.923340 0.000000 3112.083740 0.000000 0.677338 0.000000 -0.735672 0.884203 0.884203 0.884203
6262.683594 0.000000 3111.073242 0.000000 0.181097 0.000000 -0.983465 0.941451 0.941451 0.941451
6269.083984 0.000000 3120.329590 0.000000 0.339585 0.000000 0.940575 0.675292 0.675292 0.675292
6263.499023 0.000000 3119.201660 0.000000 0.895293 0.000000 -0.445478 0.847029 0.847029 0.847029
6268.221680 0.000000 3118.726807 0.000000 0.864552 0.000000 0.502544 0.746367 0.746367 0.746367
6261.271484 0.000000 3113.629150 0.000000 0.999719 0.000000 -0.023695 0.802414 0.802414 0.802414
6269.104980 0.000000 3111.163574 0.000000 0.195200 0.000000 0.980763 0.660011 0.660011 0.660011
6270.577148 0.000000 3115.426758 0.000000 0.992490 0.000000 0.122325 0.787509 0.787509 0.787509
6268.332031 0.000000 3121.569092 0.000000 0.997474 0.000000 -0.071026 0.807241 0.807241 0.807241
6260.119141 0.000000 3113.109619 0.000000 0.250343 0.000000 0.968157 0.665774 0.665774 0.665774
6268.166992 0.000000 3114.038574 0.000000 0.986473 0.000000 -0.163923 0.816773 0.816773 0.816773
6270.741699 0.000000 3104.443359 0.000000 0.878612 0.000000 0.477536 0.749290 0.749290 0.749290
6269.487793 0.000000 3110.188477 0.000000 0.979347 0.000000 -0.202186 0.820737 0.820737 0.820737
6269.829102 0.000000 3121.069092 0.000000 0.246044 0.000000 -0.969259 0.934678 0.934678 0.934678
6269.762207 0.000000 3106.405029 0.000000 0.646012 0.000000 -0.763327 0.888459 0.888459 0.888459
6269.726562 0.000000 3115.998047 0.000000 0.027063 0.000000 0.999634 0.642757 0.642757 0.642757
6268.318848 0.000000 3111.870117 0.000000 0.862899 0.000000 -0.505377 0.853967 0.853967 0.853967
6268.917480 0.000000 3119.391113 0.000000 0.227578 0.000000 -0.973760 0.936614 0.936614 0.936614
6262.557129 0.000000 3119.127686 0.000000 0.165178 0.000000 0.986264 0.656902 0.656902 0.656902
6268.313965 0.000000 3110.568848 0.000000 0.842964 0.000000 -0.537970 0.857859 0.857859 0.857859
6262.190918 0.000000 3110.231445 0.000000 0.876218 0.000000 -0.481916 0.851219 0.851219 0.851219
6263.327637 0.000000 3110.291992 0.000000 0.972010 0.000000 0.234940 0.775843 0.775843 0.775843
6263.011719 0.000000 3111.944824 0.000000 0.972723 0.000000 0.231969 0.776155 0.776155 0.776155
6268.203613 0.000000 3119.992188 0.000000 0.922878 0.000000 -0.385093 0.840266 0.840266 0.840266
6268.204590 0.000000 3115.054932 0.000000 0.979877 0.000000 0.199602 0.779531 0.779531 0.779531
6269.947754 0.000000 3107.896240 0.000000 0.983222 0.000000 -0.182415 0.818685 0.818685 0.818685
6271.019531 0.000000 3114.615967 0.000000 0.289999 0.000000 -0.957027 0.930030 0.930030 0.930030
6269.795410 0.000000 3119.787598 0.000000 0.987144 0.000000 -0.159833 0.816351 0.816351 0.816351
6204.835449 0.000000 3148.455078 0.000000 0.983044 0.000000 -0.183372 0.818784 0.818784 0.818784
6206.661133 0.000000 3152.286865 0.000000 0.946332 0.000000 -0.323196 0.833522 0.833522 0.833522
6205.264160 0.000000 3149.710938 0.000000 0.693142 0.000000 0.720801 0.718008 0.718008 0.718008
6206.829590 0.000000 3153.405273 0.000000 0.245370 0.000000 -0.969429 0.934749 0.934749 0.934749
6204.335449 0.000000 3149.523682 0.000000 0.426781 0.000000 -0.904355 0.915087 0.915087 0.915087
6211.366211 0.000000 3157.325928 0.000000 0.059278 0.000000 -0.998242 0.953958 0.953958 0.953958
6214.617676 0.000000 3156.938232 0.000000 0.028394 0.000000 0.999597 0.642893 0.642893 0.642893
6207.914551 0.000000 3152.760742 0.000000 0.316289 0.000000 0.948663 0.672780 0.672780 0.672780
6210.785156 0.000000 3156.123535 0.000000 0.843337 0.000000 -0.537386 0.857788 0.857788 0.857788
6211.982422 0.000000 3156.587402 0.000000 0.216563 0.000000 -0.976269 0.937765 0.937765 0.937765
6210.442383 0.000000 3157.611084 0.000000 0.488166 0.000000 0.872751 0.691947 0.691947 0.691947
6271.709961 0.000000 3114.044189 0.000000 0.053472 0.000000 0.998569 0.645449 0.645449 0.645449
6273.941895 0.000000 3111.598877 0.000000 0.999273 0.000000 0.038113 0.796117 0.796117 0.796117
6278.240723 0.000000 3116.552979 0.000000 0.380690 0.000000 -0.924703 0.920220 0.920220 0.920220
6275.317383 0.000000 3119.335693 0.000000 0.918038 0.000000 -0.396492 0.841527 0.841527 0.841527
6271.262207 0.000000 3105.613281 0.000000 0.993102 0.000000 0.117254 0.788029 0.788029 0.788029
6272.884766 0.000000 3110.323486 0.000000 0.924608 0.000000 -0.380921 0.839806 0.839806 0.839806
6274.339844 0.000000 3118.193115 0.000000 0.276971 0.000000 0.960878 0.668586 0.668586 0.668586
6274.768555 0.000000 3115.380127 0.000000 0.985890 0.000000 -0.167393 0.817131 0.817131 0.817131
6271.560547 0.000000 3115.351807 0.000000 0.053158 0.000000 0.998586 0.645417 0.645417 0.645417
6279.456055 0.000000 3116.593506 0.000000 0.382906 0.000000 -0.923787 0.919975 0.919975 0.919975
6275.956055 0.000000 3114.674316 0.000000 0.223473 0.000000 -0.974710 0.937043 0.937043 0.937043
6272.746582 0.000000 3111.559326 0.000000 0.050069 0.000000 0.998746 0.645102 0.645102 0.645102
6275.675781 0.000000 3118.327881 0.000000 0.965966 0.000000 -0.258669 0.826651 0.826651 0.826651
6278.474609 0.000000 3117.607178 0.000000 0.914703 0.000000 0.404127 0.757624 0.757624 0.757624
6271.547852 0.000000 3104.709961 0.000000 0.900695 0.000000 -0.434451 0.845778 0.845778 0.845778
6274.257812 0.000000 3119.660645 0.000000 0.054496 0.000000 0.998514 0.645554 0.645554 0.645554
"}
