object={
	name="mushroom_purple_generator_1_0"
	clamp_to_water_level=no
	render_under_water=no
	generated_content=yes
	layer="tree_layer"
	pdxmesh="Shroom_7_mesh"
	count=1871
	transform="7022.769531 0.000000 831.650818 0.000000 0.892148 0.000000 0.451743 0.752257 0.752257 0.752257
7021.945312 0.000000 830.137573 0.000000 0.207638 0.000000 -0.978206 0.938695 0.938695 0.938695
7021.088867 0.000000 831.292664 0.000000 0.999202 0.000000 -0.039950 0.804070 0.804070 0.804070
7023.208984 0.000000 830.414673 0.000000 0.851092 0.000000 0.525017 0.743699 0.743699 0.743699
7027.264160 0.000000 828.681641 0.000000 0.169584 0.000000 0.985516 0.657358 0.657358 0.657358
6948.439941 0.000000 888.538086 0.000000 0.905741 0.000000 0.423831 0.755419 0.755419 0.755419
6962.824707 0.000000 873.157532 0.000000 0.897304 0.000000 -0.441413 0.846567 0.846567 0.846567
6964.868652 0.000000 872.479431 0.000000 0.914061 0.000000 0.405576 0.757463 0.757463 0.757463
6962.312500 0.000000 892.237244 0.000000 0.753252 0.000000 0.657733 0.726885 0.726885 0.726885
6963.663086 0.000000 890.314392 0.000000 0.780965 0.000000 -0.624574 0.868713 0.868713 0.868713
6955.180176 0.000000 880.875427 0.000000 0.218970 0.000000 0.975731 0.662486 0.662486 0.662486
6962.096680 0.000000 878.744324 0.000000 0.951671 0.000000 -0.307119 0.831797 0.831797 0.831797
6963.669434 0.000000 893.615234 0.000000 0.953457 0.000000 0.301530 0.768801 0.768801 0.768801
6963.951660 0.000000 888.513306 0.000000 0.975459 0.000000 -0.220183 0.822613 0.822613 0.822613
6962.185059 0.000000 890.429688 0.000000 0.052017 0.000000 0.998646 0.645301 0.645301 0.645301
6952.661621 0.000000 890.714478 0.000000 0.601494 0.000000 -0.798877 0.894263 0.894263 0.894263
6964.555176 0.000000 881.892761 0.000000 0.951668 0.000000 0.307129 0.768202 0.768202 0.768202
6948.983398 0.000000 889.729126 0.000000 0.783355 0.000000 -0.621574 0.868322 0.868322 0.868322
6963.671387 0.000000 872.195862 0.000000 0.844686 0.000000 0.535262 0.742468 0.742468 0.742468
6965.424316 0.000000 873.546814 0.000000 0.515626 0.000000 -0.856814 0.904819 0.904819 0.904819
6961.861328 0.000000 893.329224 0.000000 0.999834 0.000000 -0.018217 0.801856 0.801856 0.801856
6960.128906 0.000000 893.617432 0.000000 0.894099 0.000000 0.447869 0.752699 0.752699 0.752699
6952.160156 0.000000 874.724854 0.000000 0.638719 0.000000 -0.769440 0.889429 0.889429 0.889429
6955.336426 0.000000 881.895020 0.000000 0.348828 0.000000 0.937187 0.676295 0.676295 0.676295
6953.915039 0.000000 875.794495 0.000000 0.629532 0.000000 0.776975 0.709361 0.709361 0.709361
6962.861328 0.000000 889.778931 0.000000 0.899378 0.000000 0.437171 0.753914 0.753914 0.753914
7023.048340 0.000000 842.441467 0.000000 0.470077 0.000000 -0.882626 0.910152 0.910152 0.910152
7022.141113 0.000000 838.572449 0.000000 0.062244 0.000000 0.998061 0.646344 0.646344 0.646344
7020.975098 0.000000 832.691040 0.000000 0.386921 0.000000 -0.922113 0.919532 0.919532 0.919532
7025.233887 0.000000 844.500000 0.000000 0.863282 0.000000 -0.504722 0.853890 0.853890 0.853890
7025.249023 0.000000 848.257751 0.000000 0.871346 0.000000 -0.490669 0.852239 0.852239 0.852239
7032.504395 0.000000 842.814026 0.000000 0.014030 0.000000 0.999902 0.641429 0.641429 0.641429
7028.860840 0.000000 840.487244 0.000000 0.469937 0.000000 -0.882700 0.910169 0.910169 0.910169
7027.199219 0.000000 833.336060 0.000000 0.694903 0.000000 -0.719104 0.881743 0.881743 0.881743
7035.981934 0.000000 836.710144 0.000000 0.708576 0.000000 0.705634 0.720212 0.720212 0.720212
7022.362793 0.000000 833.595093 0.000000 0.434044 0.000000 -0.900892 0.914268 0.914268 0.914268
7023.975586 0.000000 843.653687 0.000000 0.906653 0.000000 0.421877 0.755639 0.755639 0.755639
7025.441406 0.000000 833.533936 0.000000 0.480527 0.000000 -0.876980 0.908943 0.908943 0.908943
7033.836914 0.000000 842.288330 0.000000 0.502904 0.000000 0.864342 0.693675 0.693675 0.693675
7022.433105 0.000000 849.922668 0.000000 0.989970 0.000000 -0.141280 0.814439 0.814439 0.814439
7037.805664 0.000000 842.286255 0.000000 0.244293 0.000000 0.969701 0.665138 0.665138 0.665138
7032.065918 0.000000 843.954651 0.000000 0.635624 0.000000 0.771998 0.710162 0.710162 0.710162
7013.441406 0.000000 840.996826 0.000000 0.221803 0.000000 0.975092 0.662782 0.662782 0.662782
7025.589355 0.000000 845.618713 0.000000 0.813537 0.000000 0.581514 0.736787 0.736787 0.736787
7027.324219 0.000000 832.194946 0.000000 0.590705 0.000000 0.806888 0.704368 0.704368 0.704368
7024.282227 0.000000 836.974548 0.000000 0.264949 0.000000 0.964262 0.667314 0.667314 0.667314
7022.249512 0.000000 835.788696 0.000000 0.942264 0.000000 -0.334870 0.834782 0.834782 0.834782
7021.387207 0.000000 833.922058 0.000000 0.600394 0.000000 -0.799704 0.894403 0.894403 0.894403
7013.146484 0.000000 840.031067 0.000000 0.827761 0.000000 0.561081 0.739323 0.739323 0.739323
7022.230957 0.000000 848.897888 0.000000 0.425617 0.000000 -0.904903 0.915218 0.915218 0.915218
7022.903809 0.000000 843.466431 0.000000 0.991512 0.000000 0.130014 0.786719 0.786719 0.786719
7028.067871 0.000000 841.116028 0.000000 0.997897 0.000000 -0.064819 0.806607 0.806607 0.806607
7023.611816 0.000000 834.191345 0.000000 0.999472 0.000000 0.032487 0.796690 0.796690 0.796690
7025.843262 0.000000 849.053467 0.000000 0.604102 0.000000 -0.796907 0.893930 0.893930 0.893930
7024.607422 0.000000 833.914307 0.000000 0.200130 0.000000 0.979769 0.660524 0.660524 0.660524
7020.367676 0.000000 831.948792 0.000000 0.839267 0.000000 0.543719 0.741445 0.741445 0.741445
7067.861816 0.000000 876.346985 0.000000 0.942550 0.000000 0.334064 0.765306 0.765306 0.765306
7066.738770 0.000000 879.266724 0.000000 0.276756 0.000000 0.960940 0.668563 0.668563 0.668563
7066.295410 0.000000 876.967590 0.000000 0.694196 0.000000 -0.719786 0.881843 0.881843 0.881843
7064.062012 0.000000 875.946838 0.000000 0.826148 0.000000 -0.563453 0.860969 0.860969 0.860969
7069.396973 0.000000 876.460632 0.000000 0.068526 0.000000 0.997649 0.646985 0.646985 0.646985
7068.639160 0.000000 874.446045 0.000000 0.591409 0.000000 -0.806372 0.895543 0.895543 0.895543
6951.626465 0.000000 897.543091 0.000000 0.982659 0.000000 -0.185424 0.818997 0.818997 0.818997
6950.759766 0.000000 896.750061 0.000000 0.988065 0.000000 -0.154039 0.815753 0.815753 0.815753
7524.369629 0.000000 824.553711 0.000000 0.956297 0.000000 0.292399 0.769775 0.769775 0.769775
7535.558594 0.000000 824.523743 0.000000 0.911818 0.000000 0.410595 0.756903 0.756903 0.756903
7527.049805 0.000000 830.713135 0.000000 0.122540 0.000000 0.992464 0.652513 0.652513 0.652513
7528.212891 0.000000 814.870972 0.000000 0.785369 0.000000 -0.619028 0.867991 0.867991 0.867991
7531.095215 0.000000 807.807800 0.000000 0.500683 0.000000 -0.865631 0.906586 0.906586 0.906586
7529.413086 0.000000 808.238220 0.000000 0.991345 0.000000 -0.131281 0.813411 0.813411 0.813411
7522.708008 0.000000 817.264954 0.000000 0.070776 0.000000 0.997492 0.647215 0.647215 0.647215
7529.513672 0.000000 814.260498 0.000000 0.347273 0.000000 -0.937764 0.923874 0.923874 0.923874
7526.596191 0.000000 809.270569 0.000000 0.348828 0.000000 0.937187 0.676295 0.676295 0.676295
7531.587891 0.000000 809.023682 0.000000 0.345591 0.000000 -0.938385 0.924057 0.924057 0.924057
7534.892578 0.000000 805.348938 0.000000 0.827726 0.000000 0.561133 0.739317 0.739317 0.739317
7529.369141 0.000000 815.512451 0.000000 0.736278 0.000000 -0.676679 0.875706 0.875706 0.875706
7522.216309 0.000000 829.817932 0.000000 0.414881 0.000000 -0.909876 0.916423 0.916423 0.916423
7535.817383 0.000000 827.983765 0.000000 0.996440 0.000000 0.084300 0.791403 0.791403 0.791403
7537.526855 0.000000 813.626526 0.000000 0.463813 0.000000 -0.885933 0.910874 0.910874 0.910874
7536.165527 0.000000 813.122681 0.000000 0.507104 0.000000 0.861885 0.694171 0.694171 0.694171
7528.286621 0.000000 806.412903 0.000000 0.357143 0.000000 -0.934050 0.922800 0.922800 0.922800
7528.867188 0.000000 807.315308 0.000000 0.156845 0.000000 0.987623 0.656042 0.656042 0.656042
7527.898438 0.000000 831.450439 0.000000 0.624119 0.000000 -0.781329 0.891347 0.891347 0.891347
7531.645020 0.000000 806.914917 0.000000 0.839340 0.000000 0.543607 0.741459 0.741459 0.741459
7520.231934 0.000000 812.042358 0.000000 0.572415 0.000000 -0.819964 0.897922 0.897922 0.897922
7523.829590 0.000000 828.637146 0.000000 0.210415 0.000000 0.977612 0.661594 0.661594 0.661594
7532.354492 0.000000 828.137329 0.000000 0.763711 0.000000 0.645558 0.728520 0.728520 0.728520
7535.799316 0.000000 826.857910 0.000000 0.399494 0.000000 0.916736 0.681861 0.681861 0.681861
7532.110840 0.000000 829.115784 0.000000 0.169884 0.000000 0.985464 0.657389 0.657389 0.657389
7520.234375 0.000000 813.729858 0.000000 0.582869 0.000000 0.812566 0.703382 0.703382 0.703382
7521.611816 0.000000 812.385925 0.000000 0.911378 0.000000 -0.411570 0.843206 0.843206 0.843206
7507.590820 0.000000 846.455505 0.000000 0.705777 0.000000 -0.708434 0.880191 0.880191 0.880191
7514.189453 0.000000 838.067932 0.000000 0.184066 0.000000 0.982914 0.658856 0.658856 0.658856
7518.332520 0.000000 838.821411 0.000000 0.987191 0.000000 0.159542 0.783679 0.783679 0.783679
7515.357422 0.000000 839.730225 0.000000 0.992880 0.000000 0.119123 0.787837 0.787837 0.787837
7512.228516 0.000000 840.806946 0.000000 0.963269 0.000000 0.268537 0.772307 0.772307 0.772307
7505.085938 0.000000 836.220825 0.000000 0.466861 0.000000 -0.884331 0.910523 0.910523 0.910523
7506.030273 0.000000 846.752136 0.000000 0.982648 0.000000 -0.185480 0.819003 0.819003 0.819003
7516.746582 0.000000 845.540527 0.000000 0.986416 0.000000 0.164267 0.783192 0.783192 0.783192
7517.190430 0.000000 834.064819 0.000000 0.844018 0.000000 -0.536315 0.857659 0.857659 0.857659
7517.558594 0.000000 857.969421 0.000000 0.807243 0.000000 -0.590219 0.864307 0.864307 0.864307
7505.067383 0.000000 837.893677 0.000000 0.997787 0.000000 -0.066484 0.806777 0.806777 0.806777
7510.752441 0.000000 850.470093 0.000000 0.045017 0.000000 -0.998986 0.955413 0.955413 0.955413
7510.100586 0.000000 851.773376 0.000000 0.162124 0.000000 -0.986770 0.943413 0.943413 0.943413
7507.159180 0.000000 837.682922 0.000000 0.929971 0.000000 -0.367632 0.838346 0.838346 0.838346
7517.197266 0.000000 858.942261 0.000000 0.156445 0.000000 -0.987687 0.943999 0.943999 0.943999
7510.799805 0.000000 847.893677 0.000000 0.827852 0.000000 0.560947 0.739340 0.739340 0.739340
7506.004883 0.000000 847.749451 0.000000 0.862749 0.000000 0.505632 0.746003 0.746003 0.746003
7517.164551 0.000000 834.995056 0.000000 0.576677 0.000000 0.816972 0.702608 0.702608 0.702608
7519.313965 0.000000 839.896179 0.000000 0.237491 0.000000 0.971390 0.664424 0.664424 0.664424
7525.542969 0.000000 832.093628 0.000000 0.999392 0.000000 -0.034879 0.803554 0.803554 0.803554
7519.432617 0.000000 845.280823 0.000000 0.238435 0.000000 0.971158 0.664523 0.664523 0.664523
7522.832520 0.000000 842.599243 0.000000 0.966527 0.000000 -0.256563 0.826429 0.826429 0.826429
7531.350586 0.000000 850.941040 0.000000 0.820409 0.000000 0.571778 0.738001 0.738001 0.738001
7520.644531 0.000000 838.018005 0.000000 0.063316 0.000000 0.997994 0.646454 0.646454 0.646454
7521.132324 0.000000 843.619934 0.000000 0.642511 0.000000 -0.766277 0.888926 0.888926 0.888926
7527.393066 0.000000 831.819519 0.000000 0.995984 0.000000 0.089529 0.790868 0.790868 0.790868
7525.732910 0.000000 849.986145 0.000000 0.972519 0.000000 0.232824 0.776065 0.776065 0.776065
7527.806152 0.000000 839.704407 0.000000 0.052745 0.000000 0.998608 0.645375 0.645375 0.645375
7519.374512 0.000000 834.639648 0.000000 0.931831 0.000000 -0.362893 0.837828 0.837828 0.837828
7528.418457 0.000000 837.152039 0.000000 0.223656 0.000000 -0.974668 0.937024 0.937024 0.937024
7524.469727 0.000000 839.112366 0.000000 0.600756 0.000000 -0.799433 0.894357 0.894357 0.894357
7520.778320 0.000000 839.607788 0.000000 0.945083 0.000000 -0.326832 0.833914 0.833914 0.833914
7530.168945 0.000000 850.091614 0.000000 0.714978 0.000000 -0.699147 0.878860 0.878860 0.878860
7524.063965 0.000000 835.802612 0.000000 0.724456 0.000000 -0.689321 0.877469 0.877469 0.877469
7530.133301 0.000000 851.420776 0.000000 0.001242 0.000000 -0.999999 0.959873 0.959873 0.959873
7521.481445 0.000000 842.344604 0.000000 0.904370 0.000000 0.426749 0.755091 0.755091 0.755091
7519.260254 0.000000 849.408264 0.000000 0.147627 0.000000 -0.989043 0.944908 0.944908 0.944908
7525.303711 0.000000 848.794861 0.000000 0.324610 0.000000 -0.945848 0.926325 0.926325 0.926325
7524.015625 0.000000 845.371765 0.000000 0.750580 0.000000 -0.660779 0.873528 0.873528 0.873528
7520.060547 0.000000 837.045837 0.000000 0.175417 0.000000 -0.984494 0.942039 0.942039 0.942039
7531.842773 0.000000 832.979492 0.000000 0.236765 0.000000 -0.971567 0.935652 0.935652 0.935652
7530.230469 0.000000 832.668091 0.000000 0.056066 0.000000 -0.998427 0.954286 0.954286 0.954286
7529.256348 0.000000 836.123962 0.000000 0.341368 0.000000 -0.939930 0.924515 0.924515 0.924515
7521.647949 0.000000 846.003540 0.000000 0.929830 0.000000 -0.367990 0.838385 0.838385 0.838385
7519.992188 0.000000 848.664856 0.000000 0.115743 0.000000 0.993279 0.651816 0.651816 0.651816
7529.425781 0.000000 837.485229 0.000000 0.813953 0.000000 -0.580931 0.863140 0.863140 0.863140
7521.216309 0.000000 847.363770 0.000000 0.476393 0.000000 0.879233 0.690578 0.690578 0.690578
7523.802246 0.000000 843.617126 0.000000 0.141065 0.000000 -0.990000 0.945583 0.945583 0.945583
7523.881348 0.000000 855.710571 0.000000 0.551909 0.000000 0.833904 0.699552 0.699552 0.699552
7533.476074 0.000000 853.177246 0.000000 0.828947 0.000000 0.559328 0.739539 0.739539 0.739539
6377.706055 0.000000 1341.202881 0.000000 0.215051 0.000000 0.976603 0.662077 0.662077 0.662077
6358.722168 0.000000 1353.375000 0.000000 0.689453 0.000000 -0.724330 0.882512 0.882512 0.882512
6351.692871 0.000000 1362.568115 0.000000 0.840080 0.000000 0.542463 0.741597 0.741597 0.741597
6344.318848 0.000000 1365.203491 0.000000 0.569724 0.000000 -0.821836 0.898256 0.898256 0.898256
6358.102539 0.000000 1364.736572 0.000000 0.901625 0.000000 0.432518 0.754440 0.754440 0.754440
6355.731445 0.000000 1358.330444 0.000000 0.985988 0.000000 0.166816 0.782928 0.782928 0.782928
6366.403809 0.000000 1373.696777 0.000000 0.813974 0.000000 -0.580902 0.863136 0.863136 0.863136
6365.392090 0.000000 1365.221680 0.000000 0.144391 0.000000 -0.989521 0.945241 0.945241 0.945241
6357.265625 0.000000 1369.168213 0.000000 0.606985 0.000000 0.794713 0.706439 0.706439 0.706439
6354.067871 0.000000 1366.088013 0.000000 0.982990 0.000000 0.183659 0.781186 0.781186 0.781186
6344.686523 0.000000 1369.231689 0.000000 0.814439 0.000000 -0.580249 0.863054 0.863054 0.863054
6359.191406 0.000000 1360.759766 0.000000 0.191515 0.000000 -0.981490 0.940371 0.940371 0.940371
6347.495117 0.000000 1362.816040 0.000000 0.715254 0.000000 0.698864 0.721181 0.721181 0.721181
6349.174805 0.000000 1371.232666 0.000000 0.941249 0.000000 0.337713 0.764911 0.764911 0.764911
6361.574219 0.000000 1366.252808 0.000000 0.931298 0.000000 -0.364259 0.837977 0.837977 0.837977
6348.595703 0.000000 1356.316162 0.000000 0.786382 0.000000 -0.617741 0.867825 0.867825 0.867825
6365.810059 0.000000 1358.951172 0.000000 0.999762 0.000000 -0.021809 0.802222 0.802222 0.802222
6360.978027 0.000000 1363.238281 0.000000 0.740474 0.000000 -0.672085 0.875072 0.875072 0.875072
6353.331055 0.000000 1360.132812 0.000000 0.062680 0.000000 0.998034 0.646389 0.646389 0.646389
6365.998535 0.000000 1362.373047 0.000000 0.525478 0.000000 0.850807 0.696356 0.696356 0.696356
6359.934570 0.000000 1370.620850 0.000000 0.934007 0.000000 -0.357254 0.837212 0.837212 0.837212
6348.376953 0.000000 1373.967285 0.000000 0.984819 0.000000 0.173584 0.782229 0.782229 0.782229
6351.296387 0.000000 1372.927979 0.000000 0.926598 0.000000 0.376052 0.760730 0.760730 0.760730
6347.362793 0.000000 1369.414429 0.000000 0.993013 0.000000 0.118006 0.787952 0.787952 0.787952
6354.596680 0.000000 1368.773438 0.000000 0.928180 0.000000 -0.372132 0.838839 0.838839 0.838839
6363.519531 0.000000 1363.445801 0.000000 0.912306 0.000000 -0.409508 0.842976 0.842976 0.842976
6355.702637 0.000000 1364.501953 0.000000 0.999864 0.000000 -0.016466 0.801677 0.801677 0.801677
6349.690430 0.000000 1363.159180 0.000000 0.340230 0.000000 -0.940342 0.924638 0.924638 0.924638
6346.316895 0.000000 1364.583496 0.000000 0.696043 0.000000 -0.718000 0.881581 0.881581 0.881581
6360.897461 0.000000 1374.648804 0.000000 0.255318 0.000000 0.966857 0.666298 0.666298 0.666298
6361.694824 0.000000 1371.720825 0.000000 0.030328 0.000000 -0.999540 0.956910 0.956910 0.956910
6351.398438 0.000000 1360.617188 0.000000 0.999964 0.000000 0.008509 0.799133 0.799133 0.799133
6362.690918 0.000000 1375.534302 0.000000 0.062664 0.000000 -0.998035 0.953613 0.953613 0.953613
6352.576172 0.000000 1374.494385 0.000000 0.826891 0.000000 0.562362 0.739166 0.739166 0.739166
6355.737305 0.000000 1370.197144 0.000000 0.801742 0.000000 -0.597670 0.865250 0.865250 0.865250
6357.523926 0.000000 1373.071167 0.000000 0.824589 0.000000 -0.565732 0.861250 0.861250 0.861250
6383.126465 0.000000 1354.316528 0.000000 0.589708 0.000000 -0.807616 0.895758 0.895758 0.895758
6376.314941 0.000000 1365.203491 0.000000 0.928241 0.000000 0.371979 0.761177 0.761177 0.761177
6390.098633 0.000000 1364.736572 0.000000 0.302103 0.000000 -0.953275 0.928740 0.928740 0.928740
6378.848633 0.000000 1359.041260 0.000000 0.466394 0.000000 0.884577 0.689423 0.689423 0.689423
6386.251953 0.000000 1349.337769 0.000000 0.283079 0.000000 -0.959097 0.930766 0.930766 0.930766
6387.727539 0.000000 1358.330444 0.000000 0.620209 0.000000 -0.784437 0.891855 0.891855 0.891855
6397.080078 0.000000 1355.322632 0.000000 0.931498 0.000000 -0.363747 0.837921 0.837921 0.837921
6381.060547 0.000000 1367.460938 0.000000 0.990076 0.000000 0.140535 0.785638 0.785638 0.785638
6391.052246 0.000000 1373.359131 0.000000 0.062241 0.000000 0.998061 0.646344 0.646344 0.646344
6396.582031 0.000000 1350.099731 0.000000 0.074348 0.000000 0.997232 0.647580 0.647580 0.647580
6398.399902 0.000000 1373.696777 0.000000 0.711698 0.000000 -0.702485 0.879336 0.879336 0.879336
6372.510254 0.000000 1368.420898 0.000000 0.179513 0.000000 -0.983756 0.941615 0.941615 0.941615
6378.581055 0.000000 1353.559814 0.000000 0.999995 0.000000 -0.003046 0.800310 0.800310 0.800310
6392.950195 0.000000 1357.089966 0.000000 0.757361 0.000000 0.652996 0.727524 0.727524 0.727524
6370.973145 0.000000 1354.474243 0.000000 0.928465 0.000000 0.371421 0.761239 0.761239 0.761239
6375.399414 0.000000 1361.072998 0.000000 0.828670 0.000000 0.559737 0.739489 0.739489 0.739489
6382.219238 0.000000 1350.447510 0.000000 0.960166 0.000000 -0.279431 0.828847 0.828847 0.828847
6386.895020 0.000000 1353.040283 0.000000 0.951507 0.000000 -0.307627 0.831851 0.831851 0.831851
6381.170898 0.000000 1371.232666 0.000000 0.987546 0.000000 -0.157331 0.816092 0.816092 0.816092
6387.338379 0.000000 1362.351318 0.000000 0.992795 0.000000 0.119822 0.787766 0.787766 0.787766
6394.646484 0.000000 1373.529053 0.000000 0.619311 0.000000 0.785146 0.708028 0.708028 0.708028
6369.696289 0.000000 1360.090210 0.000000 0.792020 0.000000 0.610495 0.733111 0.733111 0.733111
6377.625488 0.000000 1350.303467 0.000000 0.013214 0.000000 0.999913 0.641346 0.641346 0.641346
6369.175293 0.000000 1365.885132 0.000000 0.336519 0.000000 -0.941677 0.925040 0.925040 0.925040
6380.591797 0.000000 1356.316162 0.000000 0.096653 0.000000 0.995318 0.649860 0.649860 0.649860
6385.312012 0.000000 1356.375000 0.000000 0.644615 0.000000 0.764507 0.711354 0.711354 0.711354
6398.101074 0.000000 1347.471069 0.000000 0.440538 0.000000 -0.897734 0.913532 0.913532 0.913532
6394.789062 0.000000 1347.641846 0.000000 0.792464 0.000000 -0.609918 0.866815 0.866815 0.866815
6388.836426 0.000000 1355.603149 0.000000 0.861270 0.000000 0.508147 0.745706 0.745706 0.745706
6396.614258 0.000000 1371.515259 0.000000 0.271687 0.000000 -0.962386 0.931974 0.931974 0.931974
6398.152832 0.000000 1352.830688 0.000000 0.603888 0.000000 0.797070 0.706042 0.706042 0.706042
6375.190430 0.000000 1374.580322 0.000000 0.712486 0.000000 0.701687 0.720778 0.720778 0.720778
6372.362305 0.000000 1361.098999 0.000000 0.893700 0.000000 -0.448665 0.847392 0.847392 0.847392
6373.775391 0.000000 1365.930420 0.000000 0.312646 0.000000 -0.949870 0.927611 0.927611 0.927611
6367.854492 0.000000 1354.371460 0.000000 0.016270 0.000000 -0.999868 0.958343 0.958343 0.958343
6383.292480 0.000000 1372.927979 0.000000 0.989591 0.000000 -0.143908 0.814709 0.814709 0.814709
6381.290039 0.000000 1361.000732 0.000000 0.953924 0.000000 0.300048 0.768959 0.768959 0.768959
6379.358887 0.000000 1369.414429 0.000000 0.218211 0.000000 0.975902 0.662407 0.662407 0.662407
6390.940918 0.000000 1367.169556 0.000000 0.707147 0.000000 0.707067 0.720006 0.720006 0.720006
6381.092773 0.000000 1352.731323 0.000000 0.045332 0.000000 0.998972 0.644619 0.644619 0.644619
6373.682617 0.000000 1354.252930 0.000000 0.135958 0.000000 -0.990715 0.946108 0.946108 0.946108
6374.414062 0.000000 1363.456787 0.000000 0.286479 0.000000 -0.958087 0.930405 0.930405 0.930405
6369.475098 0.000000 1374.605103 0.000000 0.362062 0.000000 0.932154 0.677737 0.677737 0.677737
6395.803711 0.000000 1367.287354 0.000000 0.961217 0.000000 -0.275792 0.828461 0.828461 0.828461
6393.445312 0.000000 1359.482544 0.000000 0.471492 0.000000 0.881870 0.690011 0.690011 0.690011
6376.159180 0.000000 1353.401367 0.000000 0.966904 0.000000 0.255142 0.773721 0.773721 0.773721
6388.388184 0.000000 1366.855347 0.000000 0.949350 0.000000 0.314222 0.767442 0.767442 0.767442
6378.057129 0.000000 1356.720337 0.000000 0.776642 0.000000 -0.629943 0.869415 0.869415 0.869415
6388.874023 0.000000 1374.558472 0.000000 0.892246 0.000000 -0.451550 0.847721 0.847721 0.847721
6372.320801 0.000000 1370.842773 0.000000 0.514969 0.000000 0.857209 0.695103 0.695103 0.695103
6367.302246 0.000000 1360.111938 0.000000 0.983689 0.000000 0.179880 0.781577 0.781577 0.781577
6369.719238 0.000000 1368.187134 0.000000 0.478483 0.000000 -0.878097 0.909180 0.909180 0.909180
6385.562012 0.000000 1363.837769 0.000000 0.963345 0.000000 0.268264 0.772336 0.772336 0.772336
6394.326172 0.000000 1349.942993 0.000000 0.998908 0.000000 -0.046729 0.804762 0.804762 0.804762
6374.308105 0.000000 1369.738892 0.000000 0.850095 0.000000 0.526629 0.743506 0.743506 0.743506
6392.790039 0.000000 1368.351807 0.000000 0.536441 0.000000 0.843938 0.697674 0.697674 0.697674
6387.698730 0.000000 1364.501953 0.000000 0.437624 0.000000 -0.899158 0.913863 0.913863 0.913863
6375.505859 0.000000 1367.275635 0.000000 0.893928 0.000000 -0.448210 0.847340 0.847340 0.847340
6377.457520 0.000000 1360.650024 0.000000 0.475779 0.000000 -0.879565 0.909493 0.909493 0.909493
6378.312988 0.000000 1364.583496 0.000000 0.712615 0.000000 -0.701555 0.879203 0.879203 0.879203
6392.893555 0.000000 1374.648804 0.000000 0.921290 0.000000 0.388875 0.759316 0.759316 0.759316
6396.546875 0.000000 1374.758423 0.000000 0.424912 0.000000 -0.905235 0.915298 0.915298 0.915298
6374.563965 0.000000 1357.714355 0.000000 0.802434 0.000000 -0.596740 0.865132 0.865132 0.865132
6392.047363 0.000000 1364.990479 0.000000 0.513706 0.000000 0.857966 0.694953 0.694953 0.694953
6372.773438 0.000000 1374.986328 0.000000 0.641442 0.000000 -0.767172 0.889068 0.889068 0.889068
6384.572266 0.000000 1374.494385 0.000000 0.618968 0.000000 0.785416 0.707984 0.707984 0.707984
6378.752930 0.000000 1375.019775 0.000000 0.242914 0.000000 -0.970048 0.935007 0.935007 0.935007
6390.032715 0.000000 1370.964233 0.000000 0.895215 0.000000 -0.445634 0.847047 0.847047 0.847047
6386.382812 0.000000 1372.119995 0.000000 0.993784 0.000000 -0.111327 0.811363 0.811363 0.811363
6398.402832 0.000000 1370.772705 0.000000 0.271670 0.000000 -0.962390 0.931976 0.931976 0.931976
6383.009766 0.000000 1370.989014 0.000000 0.998818 0.000000 0.048599 0.795048 0.795048 0.795048
6393.312500 0.000000 1361.399414 0.000000 0.886402 0.000000 0.462917 0.750977 0.750977 0.750977
6368.934570 0.000000 1358.361572 0.000000 0.557429 0.000000 -0.830224 0.899772 0.899772 0.899772
6376.934570 0.000000 1374.763672 0.000000 0.816720 0.000000 -0.577034 0.862653 0.862653 0.862653
6373.813477 0.000000 1373.562988 0.000000 0.992707 0.000000 0.120553 0.787691 0.787691 0.787691
6373.873535 0.000000 1361.861084 0.000000 0.037143 0.000000 -0.999310 0.956216 0.956216 0.956216
6382.663574 0.000000 1367.161255 0.000000 0.246442 0.000000 0.969158 0.665364 0.665364 0.665364
6371.129395 0.000000 1367.593994 0.000000 0.211839 0.000000 0.977305 0.661743 0.661743 0.661743
6373.276855 0.000000 1364.500366 0.000000 0.974036 0.000000 -0.226394 0.823262 0.823262 0.823262
6387.739746 0.000000 1373.498047 0.000000 0.205176 0.000000 -0.978725 0.938951 0.938951 0.938951
6395.150879 0.000000 1372.023804 0.000000 0.919213 0.000000 0.393760 0.758776 0.758776 0.758776
6379.589844 0.000000 1367.880127 0.000000 0.767749 0.000000 0.640750 0.729160 0.729160 0.729160
6375.398438 0.000000 1370.762695 0.000000 0.315443 0.000000 0.948944 0.672689 0.672689 0.672689
6375.672363 0.000000 1362.649658 0.000000 0.048962 0.000000 0.998801 0.644989 0.644989 0.644989
6388.021973 0.000000 1368.396118 0.000000 0.002574 0.000000 -0.999997 0.959738 0.959738 0.959738
6347.489258 0.000000 1379.444824 0.000000 0.071941 0.000000 0.997409 0.647334 0.647334 0.647334
6354.255859 0.000000 1381.329956 0.000000 0.841346 0.000000 0.540497 0.741836 0.741836 0.741836
6365.392090 0.000000 1397.213867 0.000000 0.497557 0.000000 -0.867431 0.906954 0.906954 0.906954
6343.317383 0.000000 1379.902588 0.000000 0.876958 0.000000 0.480567 0.748938 0.748938 0.748938
6359.191406 0.000000 1392.751953 0.000000 0.996972 0.000000 -0.077766 0.807929 0.807929 0.807929
6350.223145 0.000000 1382.439697 0.000000 0.173088 0.000000 0.984906 0.657720 0.657720 0.657720
6362.175293 0.000000 1384.728516 0.000000 0.365107 0.000000 0.930966 0.678070 0.678070 0.678070
6365.810059 0.000000 1390.943359 0.000000 0.348736 0.000000 -0.937221 0.923716 0.923716 0.923716
6366.104980 0.000000 1379.463257 0.000000 0.883579 0.000000 0.468282 0.750359 0.750359 0.750359
6362.792969 0.000000 1379.634033 0.000000 0.230667 0.000000 -0.973033 0.936291 0.936291 0.936291
6360.099609 0.000000 1382.974365 0.000000 0.234412 0.000000 -0.972137 0.935899 0.935899 0.935899
6366.156738 0.000000 1384.822876 0.000000 0.816771 0.000000 -0.576963 0.862644 0.862644 0.862644
6358.363770 0.000000 1389.810669 0.000000 0.745095 0.000000 0.666958 0.725631 0.725631 0.725631
6354.105957 0.000000 1378.729370 0.000000 0.999805 0.000000 -0.019762 0.802013 0.802013 0.802013
6349.096680 0.000000 1384.723511 0.000000 0.995749 0.000000 0.092106 0.790605 0.790605 0.790605
6361.449219 0.000000 1391.474731 0.000000 0.679687 0.000000 -0.733502 0.883877 0.883877 0.883877
6362.710938 0.000000 1387.498291 0.000000 0.662261 0.000000 0.749273 0.713729 0.713729 0.713729
6347.875000 0.000000 1381.725220 0.000000 0.960223 0.000000 0.279233 0.771174 0.771174 0.771174
6360.586426 0.000000 1386.681274 0.000000 0.954486 0.000000 -0.298256 0.830850 0.830850 0.830850
6362.336914 0.000000 1377.496582 0.000000 0.340367 0.000000 0.940293 0.675376 0.675376 0.675376
6360.457520 0.000000 1378.275635 0.000000 0.390473 0.000000 -0.920614 0.919140 0.919140 0.919140
6366.473145 0.000000 1382.688599 0.000000 0.577414 0.000000 -0.816451 0.897300 0.897300 0.897300
6366.350586 0.000000 1389.018921 0.000000 0.985605 0.000000 -0.169066 0.817304 0.817304 0.817304
6362.895996 0.000000 1375.689209 0.000000 0.178500 0.000000 -0.983940 0.941720 0.941720 0.941720
6366.573242 0.000000 1377.588745 0.000000 0.387891 0.000000 -0.921705 0.919425 0.919425 0.919425
6361.316406 0.000000 1393.391602 0.000000 0.891234 0.000000 -0.453544 0.847949 0.847949 0.847949
6350.681641 0.000000 1375.709351 0.000000 0.172186 0.000000 -0.985064 0.942373 0.942373 0.942373
6364.389648 0.000000 1378.843872 0.000000 0.550121 0.000000 0.835085 0.699334 0.699334 0.699334
6359.051270 0.000000 1381.745239 0.000000 0.994023 0.000000 0.109173 0.788858 0.788858 0.788858
6353.523438 0.000000 1377.401123 0.000000 0.175614 0.000000 -0.984459 0.942019 0.942019 0.942019
6383.688965 0.000000 1394.560303 0.000000 0.910082 0.000000 -0.414428 0.843526 0.843526 0.843526
6383.126465 0.000000 1386.308716 0.000000 0.998958 0.000000 -0.045633 0.804650 0.804650 0.804650
6396.501465 0.000000 1376.895020 0.000000 0.697097 0.000000 -0.716977 0.881432 0.881432 0.881432
6384.902832 0.000000 1402.774170 0.000000 0.822622 0.000000 -0.568589 0.861603 0.861603 0.861603
6374.314941 0.000000 1383.780762 0.000000 0.886727 0.000000 -0.462294 0.848952 0.848952 0.848952
6367.530273 0.000000 1394.722168 0.000000 0.002568 0.000000 0.999997 0.640262 0.640262 0.640262
6378.848633 0.000000 1391.033447 0.000000 0.737392 0.000000 0.675465 0.724462 0.724462 0.724462
6391.634277 0.000000 1380.112671 0.000000 0.695509 0.000000 0.718517 0.718343 0.718343 0.718343
6396.582031 0.000000 1382.091919 0.000000 0.821629 0.000000 0.570023 0.738219 0.738219 0.738219
6384.009277 0.000000 1377.124878 0.000000 0.999998 0.000000 0.002063 0.799790 0.799790 0.799790
6378.581055 0.000000 1385.552002 0.000000 0.375503 0.000000 0.926821 0.679210 0.679210 0.679210
6371.920898 0.000000 1395.738525 0.000000 0.035181 0.000000 -0.999381 0.956416 0.956416 0.956416
6375.313477 0.000000 1379.902588 0.000000 0.980617 0.000000 0.195933 0.779912 0.779912 0.779912
6391.187500 0.000000 1392.751953 0.000000 0.184897 0.000000 -0.982758 0.941058 0.941058 0.941058
6382.219238 0.000000 1382.439697 0.000000 0.216718 0.000000 0.976234 0.662251 0.662251 0.662251
6379.491211 0.000000 1394.808228 0.000000 0.327914 0.000000 -0.944707 0.925969 0.925969 0.925969
6375.670898 0.000000 1387.934448 0.000000 0.638326 0.000000 -0.769766 0.889481 0.889481 0.889481
6394.646484 0.000000 1405.521240 0.000000 0.849405 0.000000 0.527742 0.743372 0.743372 0.743372
6369.175293 0.000000 1397.877319 0.000000 0.048882 0.000000 -0.998805 0.955019 0.955019 0.955019
6367.738281 0.000000 1376.597290 0.000000 0.207418 0.000000 -0.978252 0.938718 0.938718 0.938718
6380.591797 0.000000 1388.308350 0.000000 0.898644 0.000000 -0.438679 0.846257 0.846257 0.846257
6385.312012 0.000000 1388.367188 0.000000 0.900712 0.000000 0.434416 0.754225 0.754225 0.754225
6398.101074 0.000000 1379.463257 0.000000 0.978309 0.000000 -0.207151 0.821254 0.821254 0.821254
6394.789062 0.000000 1379.634033 0.000000 0.029288 0.000000 -0.999571 0.957016 0.957016 0.957016
6370.865723 0.000000 1376.924316 0.000000 0.040834 0.000000 -0.999166 0.955839 0.955839 0.955839
6385.327148 0.000000 1392.125000 0.000000 0.632930 0.000000 -0.774209 0.890193 0.890193 0.890193
6388.836426 0.000000 1387.595337 0.000000 0.860402 0.000000 0.509617 0.745532 0.745532 0.745532
6383.584473 0.000000 1379.998535 0.000000 0.719368 0.000000 -0.694629 0.878218 0.878218 0.878218
6391.930664 0.000000 1402.613037 0.000000 0.564242 0.000000 -0.825609 0.898934 0.898934 0.898934
6378.497559 0.000000 1398.799561 0.000000 0.773654 0.000000 -0.633609 0.869897 0.869897 0.869897
6370.211914 0.000000 1389.014282 0.000000 0.004964 0.000000 -0.999988 0.959494 0.959494 0.959494
6390.940918 0.000000 1399.161743 0.000000 0.742693 0.000000 -0.669632 0.874735 0.874735 0.874735
6373.682617 0.000000 1386.245117 0.000000 0.712815 0.000000 -0.701352 0.879174 0.879174 0.879174
6372.851074 0.000000 1378.454834 0.000000 0.252189 0.000000 0.967678 0.665968 0.665968 0.665968
6376.353516 0.000000 1390.730347 0.000000 0.942571 0.000000 0.334006 0.765312 0.765312 0.765312
6380.628906 0.000000 1397.039062 0.000000 0.916235 0.000000 0.400642 0.758012 0.758012 0.758012
6388.388184 0.000000 1398.847534 0.000000 0.738093 0.000000 0.674699 0.724568 0.724568 0.724568
6394.707031 0.000000 1387.498291 0.000000 0.885144 0.000000 0.465318 0.750701 0.750701 0.750701
6385.562012 0.000000 1395.829956 0.000000 0.728789 0.000000 0.684739 0.723173 0.723173 0.723173
6392.582520 0.000000 1386.681274 0.000000 0.061195 0.000000 0.998126 0.646237 0.646237 0.646237
6368.785156 0.000000 1381.885254 0.000000 0.355022 0.000000 0.934858 0.676969 0.676969 0.676969
6371.389648 0.000000 1398.094849 0.000000 0.375257 0.000000 0.926921 0.679183 0.679183 0.679183
6377.342773 0.000000 1379.035034 0.000000 0.343502 0.000000 -0.939152 0.924284 0.924284 0.924284
6394.333008 0.000000 1377.496582 0.000000 0.911370 0.000000 -0.411587 0.843208 0.843208 0.843208
6372.539062 0.000000 1388.155518 0.000000 0.451162 0.000000 0.892442 0.687677 0.687677 0.687677
6372.364746 0.000000 1384.538086 0.000000 0.951857 0.000000 -0.306542 0.831735 0.831735 0.831735
6398.155273 0.000000 1375.678955 0.000000 0.882243 0.000000 0.470794 0.750070 0.750070 0.750070
6374.563965 0.000000 1389.706543 0.000000 0.995380 0.000000 0.096015 0.790205 0.790205 0.790205
6380.690430 0.000000 1390.334961 0.000000 0.671300 0.000000 0.741186 0.714964 0.714964 0.714964
6385.138672 0.000000 1386.411743 0.000000 0.029470 0.000000 -0.999566 0.956998 0.956998 0.956998
6384.129395 0.000000 1381.971069 0.000000 0.899628 0.000000 0.436657 0.753972 0.753972 0.753972
6387.329102 0.000000 1382.929688 0.000000 0.974153 0.000000 -0.225891 0.823209 0.823209 0.823209
6388.200195 0.000000 1380.942627 0.000000 0.996594 0.000000 0.082468 0.791590 0.791590 0.791590
6394.892090 0.000000 1375.689209 0.000000 0.549107 0.000000 -0.835752 0.900790 0.900790 0.900790
6380.412598 0.000000 1386.411621 0.000000 0.706296 0.000000 0.707916 0.719883 0.719883 0.719883
6381.819336 0.000000 1380.662598 0.000000 0.731494 0.000000 0.681848 0.723577 0.723577 0.723577
6369.272949 0.000000 1387.487183 0.000000 0.106437 0.000000 0.994319 0.650862 0.650862 0.650862
6370.220215 0.000000 1396.265381 0.000000 0.894883 0.000000 -0.446301 0.847123 0.847123 0.847123
6377.553711 0.000000 1384.097656 0.000000 0.123560 0.000000 0.992337 0.652618 0.652618 0.652618
6368.595703 0.000000 1393.407104 0.000000 0.878687 0.000000 -0.477398 0.850694 0.850694 0.850694
6373.873535 0.000000 1393.853271 0.000000 0.199669 0.000000 -0.979863 0.939524 0.939524 0.939524
6390.336914 0.000000 1375.684937 0.000000 0.463901 0.000000 0.885887 0.689136 0.689136 0.689136
6379.529297 0.000000 1375.796021 0.000000 0.500904 0.000000 -0.865503 0.906560 0.906560 0.906560
6378.891602 0.000000 1387.214722 0.000000 0.021413 0.000000 -0.999771 0.957819 0.957819 0.957819
6385.222656 0.000000 1380.088013 0.000000 0.363340 0.000000 0.931657 0.677876 0.677876 0.677876
6379.405273 0.000000 1389.430298 0.000000 0.390198 0.000000 0.920731 0.680830 0.680830 0.680830
6377.654297 0.000000 1390.119873 0.000000 0.624718 0.000000 0.780850 0.708732 0.708732 0.708732
6393.021484 0.000000 1401.723999 0.000000 0.049577 0.000000 0.998770 0.645052 0.645052 0.645052
6393.825195 0.000000 1400.907715 0.000000 0.801089 0.000000 0.598546 0.734639 0.734639 0.734639
6396.327637 0.000000 1390.352661 0.000000 0.737696 0.000000 0.675134 0.724508 0.724508 0.724508
6397.080078 0.000000 1419.307007 0.000000 0.090456 0.000000 0.995900 0.649226 0.649226 0.649226
6391.634277 0.000000 1412.104858 0.000000 0.520660 0.000000 0.853764 0.695781 0.695781 0.695781
6392.950195 0.000000 1421.074341 0.000000 0.390418 0.000000 -0.920638 0.919146 0.919146 0.919146
6392.569336 0.000000 1408.110962 0.000000 0.957721 0.000000 0.287697 0.770275 0.770275 0.770275
6391.187500 0.000000 1424.744141 0.000000 0.266593 0.000000 0.963809 0.667487 0.667487 0.667487
6393.570312 0.000000 1430.237183 0.000000 0.096655 0.000000 0.995318 0.649861 0.649861 0.649861
6394.171387 0.000000 1416.720703 0.000000 0.442790 0.000000 -0.896625 0.913276 0.913276 0.913276
6394.646484 0.000000 1437.513428 0.000000 0.893980 0.000000 -0.448106 0.847328 0.847328 0.847328
6397.806152 0.000000 1422.935547 0.000000 0.642435 0.000000 -0.766341 0.888936 0.888936 0.888936
6398.101074 0.000000 1411.455444 0.000000 0.263042 0.000000 0.964785 0.667112 0.667112 0.667112
6392.974121 0.000000 1427.222656 0.000000 0.195527 0.000000 0.980698 0.660045 0.660045 0.660045
6388.353027 0.000000 1435.954468 0.000000 0.886020 0.000000 -0.463647 0.849107 0.849107 0.849107
6397.994629 0.000000 1426.357422 0.000000 0.818758 0.000000 -0.574139 0.862292 0.862292 0.862292
6396.614258 0.000000 1435.499634 0.000000 0.482779 0.000000 -0.875742 0.908681 0.908681 0.908681
6398.152832 0.000000 1416.815063 0.000000 0.916694 0.000000 -0.399590 0.841871 0.841871 0.841871
6390.940918 0.000000 1431.153931 0.000000 0.983099 0.000000 0.183076 0.781246 0.781246 0.781246
6394.707031 0.000000 1419.490479 0.000000 0.752387 0.000000 -0.658721 0.873249 0.873249 0.873249
6394.326172 0.000000 1413.927368 0.000000 0.302409 0.000000 0.953178 0.671293 0.671293 0.671293
6389.737793 0.000000 1426.568237 0.000000 0.054319 0.000000 0.998524 0.645536 0.645536 0.645536
6398.469238 0.000000 1414.680786 0.000000 0.235421 0.000000 0.971894 0.664207 0.664207 0.664207
6398.569336 0.000000 1409.580933 0.000000 0.589553 0.000000 0.807730 0.704223 0.704223 0.704223
6398.402832 0.000000 1434.757080 0.000000 0.618334 0.000000 0.785915 0.707902 0.707902 0.707902
6395.263184 0.000000 1429.271973 0.000000 0.998054 0.000000 -0.062352 0.806355 0.806355 0.806355
6391.672363 0.000000 1423.011963 0.000000 0.904032 0.000000 -0.427464 0.844990 0.844990 0.844990
6395.494141 0.000000 1415.589600 0.000000 0.135772 0.000000 -0.990740 0.946128 0.946128 0.946128
6392.632812 0.000000 1436.961670 0.000000 0.587737 0.000000 -0.809052 0.896006 0.896006 0.896006
6396.403320 0.000000 1426.159424 0.000000 0.574397 0.000000 0.818577 0.702324 0.702324 0.702324
6393.894531 0.000000 1428.498657 0.000000 0.312766 0.000000 -0.949830 0.927598 0.927598 0.927598
6394.392090 0.000000 1431.931396 0.000000 0.791265 0.000000 0.611474 0.732985 0.732985 0.732985
6398.711914 0.000000 1419.473022 0.000000 0.928111 0.000000 -0.372304 0.838858 0.838858 0.838858
6397.040039 0.000000 1427.663940 0.000000 0.693581 0.000000 -0.720378 0.881930 0.881930 0.881930
6397.302734 0.000000 1430.968384 0.000000 0.013013 0.000000 0.999915 0.641326 0.641326 0.641326
6396.883301 0.000000 1421.399902 0.000000 0.736847 0.000000 0.676059 0.724380 0.724380 0.724380
6398.671875 0.000000 1424.291992 0.000000 0.596414 0.000000 0.802677 0.705091 0.705091 0.705091
6394.312012 0.000000 1426.590088 0.000000 0.971468 0.000000 0.237172 0.775609 0.775609 0.775609
6399.119629 0.000000 1422.451538 0.000000 0.487718 0.000000 -0.873001 0.908105 0.908105 0.908105
6394.377441 0.000000 1420.834717 0.000000 0.757081 0.000000 -0.653321 0.872520 0.872520 0.872520
6397.883789 0.000000 1418.145630 0.000000 0.991468 0.000000 0.130348 0.786685 0.786685 0.786685
6397.327148 0.000000 1409.924194 0.000000 0.409054 0.000000 0.912510 0.682925 0.682925 0.682925
6399.080078 0.000000 1425.485718 0.000000 0.602086 0.000000 -0.798431 0.894188 0.894188 0.894188
6409.702148 0.000000 1373.195068 0.000000 0.371054 0.000000 -0.928611 0.921279 0.921279 0.921279
6404.634766 0.000000 1358.294189 0.000000 0.899796 0.000000 0.436310 0.754011 0.754011 0.754011
6399.444336 0.000000 1368.772095 0.000000 0.444556 0.000000 -0.895751 0.913076 0.913076 0.913076
6399.450684 0.000000 1351.771240 0.000000 0.329493 0.000000 -0.944158 0.925799 0.925799 0.925799
6415.122559 0.000000 1354.316528 0.000000 0.187212 0.000000 -0.982320 0.940818 0.940818 0.940818
6410.844727 0.000000 1359.041260 0.000000 0.961852 0.000000 -0.273570 0.828226 0.828226 0.828226
6413.056641 0.000000 1367.460938 0.000000 0.999254 0.000000 -0.038626 0.803935 0.803935 0.803935
6399.569336 0.000000 1357.155762 0.000000 0.712155 0.000000 -0.702022 0.879270 0.879270 0.879270
6402.937500 0.000000 1348.129150 0.000000 0.088444 0.000000 -0.996081 0.950979 0.950979 0.950979
6410.577148 0.000000 1353.559814 0.000000 0.958873 0.000000 0.283836 0.770686 0.770686 0.770686
6423.183594 0.000000 1360.759766 0.000000 0.728899 0.000000 0.684622 0.723190 0.723190 0.723190
6411.487305 0.000000 1362.816040 0.000000 0.925904 0.000000 0.377760 0.760542 0.760542 0.760542
6414.780273 0.000000 1358.751099 0.000000 0.341020 0.000000 -0.940056 0.924553 0.924553 0.924553
6407.666992 0.000000 1355.942261 0.000000 0.070155 0.000000 0.997536 0.647152 0.647152 0.647152
6401.692383 0.000000 1360.090210 0.000000 0.128296 0.000000 -0.991736 0.946896 0.946896 0.946896
6409.621582 0.000000 1350.303467 0.000000 0.226978 0.000000 -0.973900 0.936677 0.936677 0.936677
6406.553223 0.000000 1371.972290 0.000000 0.604053 0.000000 -0.796944 0.893936 0.893936 0.893936
6399.734375 0.000000 1344.605103 0.000000 0.951377 0.000000 0.308030 0.768106 0.768106 0.768106
6401.979980 0.000000 1370.533936 0.000000 0.860195 0.000000 -0.509965 0.854509 0.854509 0.854509
6420.349121 0.000000 1371.970093 0.000000 0.815694 0.000000 0.578483 0.737166 0.737166 0.737166
6417.323242 0.000000 1360.132812 0.000000 0.671428 0.000000 0.741070 0.714982 0.714982 0.714982
6415.263672 0.000000 1365.573608 0.000000 0.509600 0.000000 -0.860412 0.905534 0.905534 0.905534
6415.695312 0.000000 1368.390869 0.000000 0.108319 0.000000 0.994116 0.651055 0.651055 0.651055
6404.358398 0.000000 1361.098999 0.000000 0.360686 0.000000 0.932687 0.677586 0.677586 0.677586
6410.493652 0.000000 1366.807373 0.000000 0.763409 0.000000 0.645916 0.728472 0.728472 0.728472
6405.771484 0.000000 1365.930420 0.000000 0.477781 0.000000 -0.878479 0.909261 0.909261 0.909261
6413.286133 0.000000 1361.000732 0.000000 0.987634 0.000000 -0.156774 0.816035 0.816035 0.816035
6411.354980 0.000000 1369.414429 0.000000 0.992806 0.000000 0.119730 0.787775 0.787775 0.787775
6422.937012 0.000000 1367.169556 0.000000 0.985755 0.000000 0.168185 0.782787 0.782787 0.782787
6413.088867 0.000000 1352.731323 0.000000 0.950088 0.000000 -0.311982 0.832318 0.832318 0.832318
6408.349609 0.000000 1358.738159 0.000000 0.449424 0.000000 0.893319 0.687479 0.687479 0.687479
6412.625000 0.000000 1365.046875 0.000000 0.753525 0.000000 -0.657420 0.873073 0.873073 0.873073
6409.083496 0.000000 1362.798706 0.000000 0.397531 0.000000 0.917589 0.681642 0.681642 0.681642
6399.298340 0.000000 1360.111938 0.000000 0.688139 0.000000 -0.725579 0.882697 0.882697 0.882697
6420.789551 0.000000 1360.465698 0.000000 0.363496 0.000000 0.931596 0.677893 0.677893 0.677893
6417.558105 0.000000 1363.837769 0.000000 0.913692 0.000000 0.406408 0.757370 0.757370 0.757370
6403.385742 0.000000 1366.102661 0.000000 0.990190 0.000000 0.139727 0.785721 0.785721 0.785721
6399.844727 0.000000 1371.138550 0.000000 0.878890 0.000000 -0.477024 0.850651 0.850651 0.850651
6421.733887 0.000000 1362.583862 0.000000 0.068322 0.000000 0.997663 0.646965 0.646965 0.646965
6410.011230 0.000000 1371.057861 0.000000 0.952222 0.000000 -0.305407 0.831614 0.831614 0.831614
6410.309082 0.000000 1364.583496 0.000000 0.907304 0.000000 0.420476 0.755796 0.755796 0.755796
6399.249023 0.000000 1366.649048 0.000000 0.525187 0.000000 -0.850987 0.903679 0.903679 0.903679
6401.712891 0.000000 1372.572998 0.000000 0.176116 0.000000 -0.984369 0.941967 0.941967 0.941967
6413.896484 0.000000 1369.368774 0.000000 0.895903 0.000000 -0.444249 0.846889 0.846889 0.846889
6404.769531 0.000000 1374.986328 0.000000 0.236390 0.000000 0.971658 0.664309 0.664309 0.664309
6415.005859 0.000000 1370.989014 0.000000 0.689941 0.000000 -0.723865 0.882444 0.882444 0.882444
6408.374512 0.000000 1371.863403 0.000000 0.822851 0.000000 -0.568257 0.861562 0.861562 0.861562
6402.216309 0.000000 1364.273193 0.000000 0.989416 0.000000 0.145106 0.785167 0.785167 0.785167
6399.706543 0.000000 1374.999268 0.000000 0.441405 0.000000 0.897308 0.686566 0.686566 0.686566
6409.048828 0.000000 1367.673706 0.000000 0.029887 0.000000 -0.999553 0.956955 0.956955 0.956955
6406.112793 0.000000 1368.119385 0.000000 0.499676 0.000000 0.866212 0.693295 0.693295 0.693295
6407.394531 0.000000 1370.762695 0.000000 0.305419 0.000000 -0.952218 0.928385 0.928385 0.928385
6409.702148 0.000000 1405.187256 0.000000 0.332789 0.000000 0.943001 0.674557 0.674557 0.674557
6411.481445 0.000000 1379.444824 0.000000 0.906554 0.000000 0.422090 0.755615 0.755615 0.755615
6416.898926 0.000000 1402.774170 0.000000 0.634343 0.000000 -0.773052 0.890007 0.890007 0.890007
6422.094727 0.000000 1396.728760 0.000000 0.991744 0.000000 0.128237 0.786902 0.786902 0.786902
6423.630371 0.000000 1380.112671 0.000000 0.731433 0.000000 0.681913 0.723567 0.723567 0.723567
6402.937500 0.000000 1380.121338 0.000000 0.083159 0.000000 0.996536 0.648480 0.648480 0.648480
6402.969238 0.000000 1386.466431 0.000000 0.245098 0.000000 -0.969498 0.934778 0.934778 0.934778
6423.183594 0.000000 1392.751953 0.000000 0.899204 0.000000 0.437529 0.753873 0.753873 0.753873
6414.780273 0.000000 1390.743286 0.000000 0.006115 0.000000 -0.999981 0.959377 0.959377 0.959377
6418.447754 0.000000 1406.220459 0.000000 0.165221 0.000000 -0.986257 0.943093 0.943093 0.943093
6418.891113 0.000000 1385.032471 0.000000 0.907823 0.000000 -0.419354 0.844078 0.844078 0.844078
6413.166992 0.000000 1403.224854 0.000000 0.979656 0.000000 -0.200687 0.820582 0.820582 0.820582
6419.334473 0.000000 1394.343506 0.000000 0.782666 0.000000 -0.622442 0.868435 0.868435 0.868435
6425.566406 0.000000 1398.244995 0.000000 0.933618 0.000000 -0.358269 0.837323 0.837323 0.837323
6421.419434 0.000000 1382.436890 0.000000 0.413744 0.000000 -0.910393 0.916551 0.916551 0.916551
6420.708984 0.000000 1378.967896 0.000000 0.214340 0.000000 0.976759 0.662003 0.662003 0.662003
6413.049316 0.000000 1376.558228 0.000000 0.542165 0.000000 0.840272 0.698366 0.698366 0.698366
6420.349121 0.000000 1403.962280 0.000000 0.950996 0.000000 -0.309203 0.832020 0.832020 0.832020
6402.861816 0.000000 1376.924316 0.000000 0.701382 0.000000 -0.712786 0.880821 0.880821 0.880821
6415.580566 0.000000 1379.998535 0.000000 0.755740 0.000000 -0.654872 0.872729 0.872729 0.872729
6423.926758 0.000000 1402.613037 0.000000 0.572521 0.000000 0.819890 0.702091 0.702091 0.702091
6415.695312 0.000000 1400.383057 0.000000 0.200207 0.000000 -0.979754 0.939468 0.939468 0.939468
6407.186523 0.000000 1406.572510 0.000000 0.895985 0.000000 -0.444085 0.846871 0.846871 0.846871
6418.098145 0.000000 1378.729370 0.000000 0.677441 0.000000 -0.735577 0.884188 0.884188 0.884188
6413.286133 0.000000 1392.992920 0.000000 0.159493 0.000000 0.987199 0.656315 0.656315 0.656315
6405.678711 0.000000 1386.245117 0.000000 0.851922 0.000000 0.523669 0.743860 0.743860 0.743860
6418.080078 0.000000 1375.730835 0.000000 0.696637 0.000000 -0.717423 0.881497 0.881497 0.881497
6401.133789 0.000000 1378.640259 0.000000 0.490579 0.000000 0.871397 0.692229 0.692229 0.692229
6411.867188 0.000000 1381.725220 0.000000 0.473039 0.000000 -0.881041 0.909810 0.909810 0.909810
6403.385742 0.000000 1398.094849 0.000000 0.471945 0.000000 0.881628 0.690063 0.690063 0.690063
6413.623047 0.000000 1378.810913 0.000000 0.230870 0.000000 0.972984 0.663730 0.663730 0.663730
6409.338867 0.000000 1379.035034 0.000000 0.827241 0.000000 0.561848 0.739229 0.739229 0.739229
6411.019043 0.000000 1377.377930 0.000000 0.999494 0.000000 -0.031812 0.803241 0.803241 0.803241
6424.889648 0.000000 1406.640991 0.000000 0.306660 0.000000 0.951819 0.671748 0.671748 0.671748
6425.687012 0.000000 1403.713013 0.000000 0.491348 0.000000 -0.870963 0.907681 0.907681 0.907681
6415.128418 0.000000 1388.759521 0.000000 0.227913 0.000000 0.973682 0.663421 0.663421 0.663421
6426.683105 0.000000 1407.526489 0.000000 0.996939 0.000000 -0.078182 0.807972 0.807972 0.807972
6410.749023 0.000000 1407.011963 0.000000 0.731142 0.000000 -0.682226 0.876476 0.876476 0.876476
6401.399902 0.000000 1375.667847 0.000000 0.233923 0.000000 0.972255 0.664050 0.664050 0.664050
6414.673828 0.000000 1375.709351 0.000000 0.426020 0.000000 -0.904714 0.915173 0.915173 0.915173
6401.269043 0.000000 1387.487183 0.000000 0.618800 0.000000 0.785549 0.707962 0.707962 0.707962
6408.930664 0.000000 1406.755859 0.000000 0.989994 0.000000 0.141112 0.785578 0.785578 0.785578
6403.109375 0.000000 1407.401001 0.000000 0.998605 0.000000 -0.052798 0.805380 0.805380 0.805380
6407.529785 0.000000 1375.686768 0.000000 0.490210 0.000000 -0.871604 0.907814 0.907814 0.907814
6409.378906 0.000000 1377.257690 0.000000 0.379216 0.000000 -0.925308 0.920382 0.920382 0.920382
6403.125488 0.000000 1399.586182 0.000000 0.472102 0.000000 -0.881544 0.909918 0.909918 0.909918
6402.942383 0.000000 1384.983398 0.000000 0.708770 0.000000 -0.705440 0.879760 0.879760 0.879760
6408.223145 0.000000 1389.300293 0.000000 0.273669 0.000000 -0.961824 0.931764 0.931764 0.931764
6418.251465 0.000000 1402.304688 0.000000 0.909039 0.000000 -0.416712 0.843782 0.843782 0.843782
6403.154785 0.000000 1387.961548 0.000000 0.469640 0.000000 0.882858 0.689797 0.689797 0.689797
6415.980957 0.000000 1391.349365 0.000000 0.283718 0.000000 -0.958908 0.930698 0.930698 0.930698
6401.618164 0.000000 1386.211792 0.000000 0.134812 0.000000 -0.990871 0.946226 0.946226 0.946226
6415.533203 0.000000 1389.853882 0.000000 0.845620 0.000000 -0.533785 0.857354 0.857354 0.857354
6414.833984 0.000000 1391.804077 0.000000 0.469887 0.000000 -0.882727 0.910174 0.910174 0.910174
6413.602051 0.000000 1393.868896 0.000000 0.375004 0.000000 -0.927023 0.920845 0.920845 0.920845
6411.481445 0.000000 1411.437012 0.000000 0.714422 0.000000 0.699716 0.721059 0.721059 0.721059
6399.450684 0.000000 1415.755615 0.000000 0.718885 0.000000 0.695129 0.721711 0.721711 0.721711
6410.844727 0.000000 1423.025635 0.000000 0.998227 0.000000 -0.059519 0.806066 0.806066 0.806066
6418.248047 0.000000 1413.322144 0.000000 0.822955 0.000000 0.568107 0.738456 0.738456 0.738456
6419.723633 0.000000 1422.314819 0.000000 0.883957 0.000000 -0.467568 0.849558 0.849558 0.849558
6423.630371 0.000000 1412.104858 0.000000 0.396642 0.000000 0.917973 0.681544 0.681544 0.681544
6414.843750 0.000000 1439.502441 0.000000 0.980515 0.000000 0.196444 0.779859 0.779859 0.779859
6423.048340 0.000000 1437.343506 0.000000 0.900393 0.000000 0.435077 0.754151 0.754151 0.754151
6428.578125 0.000000 1414.084106 0.000000 0.483320 0.000000 -0.875444 0.908618 0.908618 0.908618
6399.569336 0.000000 1421.140137 0.000000 0.031134 0.000000 -0.999515 0.956828 0.956828 0.956828
6404.506348 0.000000 1432.405273 0.000000 0.807878 0.000000 -0.589349 0.864197 0.864197 0.864197
6402.937500 0.000000 1412.113525 0.000000 0.734928 0.000000 -0.678145 0.875909 0.875909 0.875909
6416.005371 0.000000 1409.117065 0.000000 0.608166 0.000000 0.793810 0.706590 0.706590 0.706590
6429.384277 0.000000 1429.206055 0.000000 0.373834 0.000000 0.927496 0.679026 0.679026 0.679026
6402.969238 0.000000 1418.458618 0.000000 0.813135 0.000000 -0.582075 0.863283 0.863283 0.863283
6407.395508 0.000000 1425.057373 0.000000 0.202804 0.000000 0.979219 0.660802 0.660802 0.660802
6414.215332 0.000000 1414.431885 0.000000 0.884662 0.000000 0.466233 0.750595 0.750595 0.750595
6409.801758 0.000000 1407.667480 0.000000 0.029828 0.000000 -0.999555 0.956961 0.956961 0.956961
6414.780273 0.000000 1422.735474 0.000000 0.951316 0.000000 -0.308217 0.831914 0.831914 0.831914
6418.447754 0.000000 1438.212646 0.000000 0.951203 0.000000 -0.308566 0.831952 0.831952 0.831952
6407.666992 0.000000 1419.926636 0.000000 0.632364 0.000000 -0.774672 0.890267 0.890267 0.890267
6418.891113 0.000000 1417.024658 0.000000 0.211927 0.000000 -0.977285 0.938248 0.938248 0.938248
6413.166992 0.000000 1435.217041 0.000000 0.875454 0.000000 0.483302 0.748620 0.748620 0.748620
6425.566406 0.000000 1430.237183 0.000000 0.999921 0.000000 0.012560 0.798721 0.798721 0.798721
6426.642578 0.000000 1437.513428 0.000000 0.731330 0.000000 0.682024 0.723552 0.723552 0.723552
6401.692383 0.000000 1424.074585 0.000000 0.494876 0.000000 0.868964 0.692732 0.692732 0.692732
6409.621582 0.000000 1414.287842 0.000000 0.361557 0.000000 0.932350 0.677682 0.677682 0.677682
6401.171387 0.000000 1429.869507 0.000000 0.929740 0.000000 -0.368216 0.838410 0.838410 0.838410
6421.419434 0.000000 1414.429077 0.000000 0.986158 0.000000 0.165807 0.783033 0.783033 0.783033
6412.587891 0.000000 1420.300537 0.000000 0.921588 0.000000 0.388169 0.759394 0.759394 0.759394
6402.498047 0.000000 1415.406494 0.000000 0.772243 0.000000 0.635328 0.729877 0.729877 0.729877
6420.708984 0.000000 1410.960083 0.000000 0.371758 0.000000 0.928330 0.678798 0.678798 0.678798
6413.049316 0.000000 1408.550415 0.000000 0.903985 0.000000 0.427565 0.754999 0.754999 0.754999
6420.349121 0.000000 1435.954468 0.000000 0.903084 0.000000 0.429463 0.754785 0.754785 0.754785
6402.861816 0.000000 1408.916504 0.000000 0.022291 0.000000 -0.999752 0.957729 0.957729 0.957729
6420.832520 0.000000 1419.587524 0.000000 0.141946 0.000000 -0.989874 0.945492 0.945492 0.945492
6415.580566 0.000000 1411.990723 0.000000 0.688296 0.000000 -0.725430 0.882675 0.882675 0.882675
6423.926758 0.000000 1434.605225 0.000000 0.052043 0.000000 -0.998645 0.954696 0.954696 0.954696
6412.369141 0.000000 1437.951660 0.000000 0.751123 0.000000 0.660162 0.726556 0.726556 0.726556
6415.695312 0.000000 1432.375244 0.000000 0.836474 0.000000 0.548007 0.740924 0.740924 0.740924
6430.148926 0.000000 1416.815063 0.000000 0.516615 0.000000 -0.856218 0.904701 0.904701 0.904701
6404.358398 0.000000 1425.083374 0.000000 0.718052 0.000000 -0.695990 0.878411 0.878411 0.878411
6422.355957 0.000000 1421.802856 0.000000 0.999886 0.000000 -0.015114 0.801540 0.801540 0.801540
6416.429199 0.000000 1416.015869 0.000000 0.917467 0.000000 -0.397812 0.841674 0.841674 0.841674
6415.288574 0.000000 1436.912354 0.000000 0.130142 0.000000 -0.991495 0.946706 0.946706 0.946706
6418.098145 0.000000 1410.721558 0.000000 0.494733 0.000000 -0.869045 0.907285 0.907285 0.907285
6413.286133 0.000000 1424.985107 0.000000 0.735116 0.000000 0.677941 0.724119 0.724119 0.724119
6402.208008 0.000000 1421.006470 0.000000 0.171851 0.000000 -0.985123 0.942408 0.942408 0.942408
6422.937012 0.000000 1431.153931 0.000000 0.983003 0.000000 0.183588 0.781193 0.781193 0.781193
6413.088867 0.000000 1416.715698 0.000000 0.894090 0.000000 0.447887 0.752697 0.752697 0.752697
6405.678711 0.000000 1418.237305 0.000000 0.008263 0.000000 0.999966 0.640842 0.640842 0.640842
6405.097656 0.000000 1413.439575 0.000000 0.958566 0.000000 0.284870 0.770576 0.770576 0.770576
6412.625000 0.000000 1429.031250 0.000000 0.246223 0.000000 -0.969213 0.934659 0.934659 0.934659
6425.441406 0.000000 1423.466919 0.000000 0.602968 0.000000 -0.797766 0.894075 0.894075 0.894075
6408.155273 0.000000 1417.385742 0.000000 0.454113 0.000000 0.890944 0.688014 0.688014 0.688014
6420.384277 0.000000 1430.839722 0.000000 0.907707 0.000000 0.419605 0.755894 0.755894 0.755894
6420.870117 0.000000 1438.542847 0.000000 0.676891 0.000000 -0.736084 0.884265 0.884265 0.884265
6404.316895 0.000000 1434.827148 0.000000 0.339042 0.000000 -0.940771 0.924767 0.924767 0.924767
6409.083496 0.000000 1426.783081 0.000000 0.525986 0.000000 -0.850494 0.903583 0.903583 0.903583
6401.715332 0.000000 1432.171509 0.000000 0.837089 0.000000 0.547067 0.741038 0.741038 0.741038
6401.988770 0.000000 1426.460571 0.000000 0.997072 0.000000 0.076471 0.792203 0.792203 0.792203
6417.558105 0.000000 1427.822144 0.000000 0.636402 0.000000 -0.771357 0.889735 0.889735 0.889735
6424.578613 0.000000 1418.673462 0.000000 0.757135 0.000000 -0.653258 0.872512 0.872512 0.872512
6400.781250 0.000000 1413.877441 0.000000 0.238342 0.000000 0.971181 0.664513 0.664513 0.664513
6426.322266 0.000000 1413.927368 0.000000 0.770842 0.000000 0.637027 0.729652 0.729652 0.729652
6403.385742 0.000000 1430.087036 0.000000 0.148662 0.000000 -0.988888 0.944801 0.944801 0.944801
6406.304199 0.000000 1433.723267 0.000000 0.833139 0.000000 0.553064 0.740307 0.740307 0.740307
6424.786133 0.000000 1432.336182 0.000000 0.999273 0.000000 0.038124 0.796116 0.796116 0.796116
6399.844727 0.000000 1435.122925 0.000000 0.958737 0.000000 0.284296 0.770637 0.770637 0.770637
6421.733887 0.000000 1426.568237 0.000000 0.729538 0.000000 0.683940 0.723285 0.723285 0.723285
6404.535156 0.000000 1420.147705 0.000000 0.500735 0.000000 0.865601 0.693420 0.693420 0.693420
6411.019043 0.000000 1409.370117 0.000000 0.773133 0.000000 -0.634244 0.869980 0.869980 0.869980
6404.360840 0.000000 1416.530273 0.000000 0.161282 0.000000 -0.986908 0.943500 0.943500 0.943500
6410.309082 0.000000 1428.567871 0.000000 0.668542 0.000000 -0.743675 0.885414 0.885414 0.885414
6401.712891 0.000000 1436.557373 0.000000 0.701030 0.000000 -0.713132 0.880872 0.880872 0.880872
6428.542969 0.000000 1438.742798 0.000000 0.974300 0.000000 0.225254 0.776857 0.776857 0.776857
6424.449707 0.000000 1410.267822 0.000000 0.797478 0.000000 -0.603348 0.865973 0.865973 0.865973
6420.935059 0.000000 1416.346558 0.000000 0.726004 0.000000 0.687690 0.722760 0.722760 0.722760
6415.390625 0.000000 1424.601562 0.000000 0.602517 0.000000 -0.798106 0.894133 0.894133 0.894133
6412.686523 0.000000 1422.327148 0.000000 0.824570 0.000000 0.565760 0.738746 0.738746 0.738746
6430.342773 0.000000 1421.011108 0.000000 0.604187 0.000000 -0.796843 0.893919 0.893919 0.893919
6416.650879 0.000000 1422.213501 0.000000 0.486818 0.000000 0.873503 0.691790 0.691790 0.691790
6416.125488 0.000000 1413.963257 0.000000 0.632187 0.000000 0.774816 0.709710 0.709710 0.709710
6419.325195 0.000000 1414.921875 0.000000 0.846006 0.000000 0.533174 0.742720 0.742720 0.742720
6426.683105 0.000000 1439.518677 0.000000 0.876245 0.000000 -0.481866 0.851213 0.851213 0.851213
6422.843750 0.000000 1439.249512 0.000000 0.999994 0.000000 0.003467 0.799647 0.799647 0.799647
6399.717773 0.000000 1428.603394 0.000000 0.177281 0.000000 -0.984160 0.941846 0.941846 0.941846
6426.888184 0.000000 1407.681396 0.000000 0.713275 0.000000 -0.700884 0.879107 0.879107 0.879107
6418.378906 0.000000 1436.104370 0.000000 0.637228 0.000000 -0.770675 0.889626 0.889626 0.889626
6406.020508 0.000000 1423.637207 0.000000 0.873320 0.000000 -0.487146 0.851828 0.851828 0.851828
6427.259277 0.000000 1429.271973 0.000000 0.988619 0.000000 -0.150441 0.815382 0.815382 0.815382
6412.408691 0.000000 1418.403809 0.000000 0.120804 0.000000 0.992676 0.652335 0.652335 0.652335
6409.247070 0.000000 1418.973511 0.000000 0.361910 0.000000 0.932213 0.677720 0.677720 0.677720
6401.269043 0.000000 1419.479370 0.000000 0.993332 0.000000 0.115289 0.788231 0.788231 0.788231
6427.490234 0.000000 1415.589600 0.000000 0.509419 0.000000 -0.860519 0.905555 0.905555 0.905555
6403.368652 0.000000 1423.556641 0.000000 0.824175 0.000000 -0.566335 0.861325 0.861325 0.861325
6421.932617 0.000000 1412.515137 0.000000 0.951534 0.000000 -0.307543 0.831842 0.831842 0.831842
6429.190430 0.000000 1424.803711 0.000000 0.812340 0.000000 -0.583184 0.863422 0.863422 0.863422
6411.246582 0.000000 1424.742676 0.000000 0.589692 0.000000 -0.807628 0.895760 0.895760 0.895760
6423.067871 0.000000 1432.905396 0.000000 0.957717 0.000000 0.287710 0.770274 0.770274 0.770274
6420.414551 0.000000 1417.940308 0.000000 0.956623 0.000000 -0.291330 0.830111 0.830111 0.830111
6400.591797 0.000000 1425.399292 0.000000 0.950973 0.000000 -0.309274 0.832028 0.832028 0.832028
6405.869629 0.000000 1425.845459 0.000000 0.531571 0.000000 0.847014 0.697087 0.697087 0.697087
6422.481934 0.000000 1415.689209 0.000000 0.994824 0.000000 0.101612 0.789632 0.789632 0.789632
6422.003906 0.000000 1423.368774 0.000000 0.773388 0.000000 -0.633932 0.869939 0.869939 0.869939
6409.378906 0.000000 1409.249878 0.000000 0.221288 0.000000 -0.975209 0.937272 0.937272 0.937272
6406.132324 0.000000 1420.066528 0.000000 0.220620 0.000000 -0.975360 0.937341 0.937341 0.937341
6426.388184 0.000000 1431.931396 0.000000 0.190454 0.000000 -0.981696 0.940481 0.940481 0.940481
6400.839355 0.000000 1427.525269 0.000000 0.956183 0.000000 -0.292769 0.830265 0.830265 0.830265
6402.844727 0.000000 1425.116455 0.000000 0.500121 0.000000 0.865955 0.693348 0.693348 0.693348
6403.125488 0.000000 1431.578369 0.000000 0.718423 0.000000 -0.695606 0.878357 0.878357 0.878357
6400.578613 0.000000 1431.225830 0.000000 0.810887 0.000000 -0.585203 0.863675 0.863675 0.863675
6403.154785 0.000000 1419.953735 0.000000 0.973841 0.000000 0.227230 0.776651 0.776651 0.776651
6403.244629 0.000000 1421.984009 0.000000 0.958540 0.000000 0.284959 0.770566 0.770566 0.770566
6399.381836 0.000000 1419.669678 0.000000 0.726495 0.000000 0.687172 0.722833 0.722833 0.722833
6402.207520 0.000000 1422.795410 0.000000 0.449388 0.000000 0.893337 0.687475 0.687475 0.687475
6400.847656 0.000000 1420.775635 0.000000 0.012510 0.000000 -0.999922 0.958726 0.958726 0.958726
6400.479492 0.000000 1423.570557 0.000000 0.446119 0.000000 0.894974 0.687102 0.687102 0.687102
6399.680664 0.000000 1422.427368 0.000000 0.156272 0.000000 -0.987714 0.944017 0.944017 0.944017
6408.462402 0.000000 1411.749756 0.000000 0.941704 0.000000 -0.336441 0.834952 0.834952 0.834952
6447.118652 0.000000 1418.300903 0.000000 0.963612 0.000000 0.267304 0.772438 0.772438 0.772438
6454.090820 0.000000 1428.720947 0.000000 0.812802 0.000000 -0.582540 0.863341 0.863341 0.863341
6442.840820 0.000000 1423.025635 0.000000 0.999362 0.000000 0.035702 0.796363 0.796363 0.796363
6435.604004 0.000000 1437.368530 0.000000 0.836928 0.000000 0.547312 0.741008 0.741008 0.741008
6445.052734 0.000000 1431.445312 0.000000 0.819550 0.000000 0.573008 0.737848 0.737848 0.737848
6461.380371 0.000000 1429.206055 0.000000 0.999700 0.000000 -0.024479 0.802494 0.802494 0.802494
6453.253906 0.000000 1433.152588 0.000000 0.934035 0.000000 -0.357181 0.837204 0.837204 0.837204
6435.913086 0.000000 1427.730713 0.000000 0.493571 0.000000 0.869706 0.692579 0.692579 0.692579
6450.056152 0.000000 1430.072388 0.000000 0.325930 0.000000 -0.945394 0.926183 0.926183 0.926183
6431.282227 0.000000 1437.272705 0.000000 0.968296 0.000000 0.249805 0.774283 0.774283 0.774283
6440.674805 0.000000 1433.216064 0.000000 0.387847 0.000000 0.921724 0.680570 0.680570 0.680570
6439.391602 0.000000 1425.057373 0.000000 0.731122 0.000000 -0.682247 0.876479 0.876479 0.876479
6455.179688 0.000000 1424.744141 0.000000 0.008313 0.000000 -0.999965 0.959153 0.959153 0.959153
6446.211426 0.000000 1414.431885 0.000000 0.127316 0.000000 -0.991862 0.946996 0.946996 0.946996
6443.483398 0.000000 1426.800415 0.000000 0.715651 0.000000 -0.698458 0.878762 0.878762 0.878762
6439.663086 0.000000 1419.926636 0.000000 0.701624 0.000000 -0.712548 0.880787 0.880787 0.880787
6431.306641 0.000000 1412.114868 0.000000 0.560617 0.000000 -0.828075 0.899381 0.899381 0.899381
6433.688477 0.000000 1424.074585 0.000000 0.480325 0.000000 -0.877091 0.908966 0.908966 0.908966
6441.617676 0.000000 1414.287842 0.000000 0.708123 0.000000 -0.706089 0.879854 0.879854 0.879854
6438.549316 0.000000 1435.956665 0.000000 0.324699 0.000000 -0.945817 0.926316 0.926316 0.926316
6434.494141 0.000000 1415.406494 0.000000 0.843462 0.000000 -0.537188 0.857764 0.857764 0.857764
6433.976074 0.000000 1434.518311 0.000000 0.733421 0.000000 -0.679775 0.876135 0.876135 0.876135
6461.798340 0.000000 1422.935547 0.000000 0.551284 0.000000 -0.834318 0.900524 0.900524 0.900524
6456.966309 0.000000 1427.222656 0.000000 0.603184 0.000000 0.797602 0.705952 0.705952 0.705952
6447.259766 0.000000 1429.557983 0.000000 0.305952 0.000000 -0.952047 0.928328 0.928328 0.928328
6461.986816 0.000000 1426.357422 0.000000 0.430200 0.000000 -0.902733 0.914702 0.914702 0.914702
6447.691406 0.000000 1432.375244 0.000000 0.657695 0.000000 0.753284 0.713110 0.713110 0.713110
6436.354492 0.000000 1425.083374 0.000000 0.320416 0.000000 -0.947277 0.926777 0.926777 0.926777
6454.352051 0.000000 1421.802856 0.000000 0.843144 0.000000 0.537689 0.742175 0.742175 0.742175
6437.767578 0.000000 1429.914795 0.000000 0.508819 0.000000 0.860873 0.694374 0.694374 0.694374
6448.425293 0.000000 1416.015869 0.000000 0.999686 0.000000 -0.025045 0.802551 0.802551 0.802551
6437.674805 0.000000 1418.237305 0.000000 0.985593 0.000000 -0.169137 0.817311 0.817311 0.817311
6440.345703 0.000000 1422.722534 0.000000 0.675606 0.000000 -0.737263 0.884442 0.884442 0.884442
6440.151367 0.000000 1417.385742 0.000000 0.734762 0.000000 0.678325 0.724066 0.724066 0.724066
6436.312988 0.000000 1434.827148 0.000000 0.035242 0.000000 0.999379 0.643590 0.643590 0.643590
6441.079590 0.000000 1426.783081 0.000000 0.999985 0.000000 0.005470 0.799443 0.799443 0.799443
6433.711426 0.000000 1432.171509 0.000000 0.997170 0.000000 -0.075183 0.807665 0.807665 0.807665
6452.785645 0.000000 1424.450073 0.000000 0.041342 0.000000 -0.999145 0.955788 0.955788 0.955788
6435.381836 0.000000 1430.087036 0.000000 0.639632 0.000000 0.768681 0.710692 0.710692 0.710692
6438.300293 0.000000 1433.723267 0.000000 0.828584 0.000000 -0.559864 0.860527 0.860527 0.860527
6431.840820 0.000000 1435.122925 0.000000 0.377412 0.000000 -0.926046 0.920581 0.920581 0.920581
6439.498047 0.000000 1431.260010 0.000000 0.041315 0.000000 -0.999146 0.955791 0.955791 0.955791
6453.729980 0.000000 1426.568237 0.000000 0.731286 0.000000 -0.682071 0.876455 0.876455 0.876455
6445.678711 0.000000 1427.143555 0.000000 0.736189 0.000000 -0.676776 0.875720 0.875720 0.875720
6431.245117 0.000000 1430.633423 0.000000 0.122404 0.000000 0.992480 0.652499 0.652499 0.652499
6438.556152 0.000000 1421.698730 0.000000 0.381088 0.000000 -0.924539 0.920176 0.920176 0.920176
6447.386719 0.000000 1424.601562 0.000000 0.814246 0.000000 -0.580521 0.863088 0.863088 0.863088
6443.228027 0.000000 1415.659302 0.000000 0.991345 0.000000 0.131282 0.786589 0.786589 0.786589
6439.295410 0.000000 1414.047607 0.000000 0.991278 0.000000 0.131785 0.786537 0.786537 0.786537
6456.039551 0.000000 1428.974854 0.000000 0.985448 0.000000 0.169976 0.782602 0.782602 0.782602
6444.404785 0.000000 1418.403809 0.000000 0.299742 0.000000 -0.954020 0.928992 0.928992 0.928992
6435.364746 0.000000 1423.556641 0.000000 0.990390 0.000000 0.138304 0.785867 0.785867 0.785867
6443.242676 0.000000 1424.742676 0.000000 0.958636 0.000000 -0.284635 0.829399 0.829399 0.829399
6446.802246 0.000000 1416.535278 0.000000 0.804280 0.000000 0.594250 0.735184 0.735184 0.735184
6445.986328 0.000000 1419.426147 0.000000 0.441530 0.000000 0.897247 0.686580 0.686580 0.686580
6438.128418 0.000000 1420.066528 0.000000 0.981636 0.000000 0.190766 0.780449 0.780449 0.780449
6443.397461 0.000000 1421.422485 0.000000 0.069376 0.000000 -0.997591 0.952928 0.952928 0.952928
6439.144531 0.000000 1418.486694 0.000000 0.825348 0.000000 0.564624 0.738887 0.738887 0.738887
6441.646484 0.000000 1422.112061 0.000000 0.307040 0.000000 -0.951697 0.928212 0.928212 0.928212
6440.219238 0.000000 1421.292480 0.000000 0.799089 0.000000 0.601213 0.734299 0.734299 0.734299
6445.726074 0.000000 1421.237183 0.000000 0.908135 0.000000 0.418677 0.755998 0.755998 0.755998
6443.720703 0.000000 1416.875244 0.000000 0.200273 0.000000 0.979740 0.660538 0.660538 0.660538
6422.714355 0.000000 1449.351562 0.000000 0.987068 0.000000 0.160300 0.783601 0.783601 0.783601
6411.481445 0.000000 1443.429199 0.000000 0.014797 0.000000 0.999891 0.641507 0.641507 0.641507
6405.679688 0.000000 1439.945190 0.000000 0.509561 0.000000 -0.860434 0.905538 0.905538 0.905538
6423.630371 0.000000 1444.097046 0.000000 0.355509 0.000000 0.934673 0.677022 0.677022 0.677022
6416.005371 0.000000 1441.109253 0.000000 0.203319 0.000000 -0.979113 0.939145 0.939145 0.939145
6424.565430 0.000000 1440.103149 0.000000 0.831853 0.000000 -0.554995 0.859930 0.859930 0.859930
6414.215332 0.000000 1446.424072 0.000000 0.806900 0.000000 0.590689 0.735634 0.735634 0.735634
6421.419434 0.000000 1446.421265 0.000000 0.187835 0.000000 0.982201 0.659247 0.659247 0.659247
6418.080078 0.000000 1439.715210 0.000000 0.917390 0.000000 -0.397989 0.841693 0.841693 0.841693
6443.477539 0.000000 1443.429199 0.000000 0.998611 0.000000 -0.052688 0.805369 0.805369 0.805369
6431.446777 0.000000 1447.747803 0.000000 0.246864 0.000000 0.969050 0.665408 0.665408 0.665408
6438.307129 0.000000 1447.765137 0.000000 0.032649 0.000000 -0.999467 0.956674 0.956674 0.956674
6434.933594 0.000000 1444.105713 0.000000 0.999580 0.000000 -0.028978 0.802952 0.802952 0.802952
6439.305664 0.000000 1443.886963 0.000000 0.889496 0.000000 -0.456944 0.848338 0.848338 0.848338
6441.797852 0.000000 1439.659668 0.000000 0.359586 0.000000 -0.933112 0.922534 0.922534 0.922534
6431.306641 0.000000 1444.107056 0.000000 0.375621 0.000000 0.926773 0.679223 0.679223 0.679223
6431.730469 0.000000 1440.581665 0.000000 0.183244 0.000000 -0.983067 0.941229 0.941229 0.941229
6439.688965 0.000000 1441.410278 0.000000 0.798084 0.000000 0.602546 0.734129 0.734129 0.734129
6441.334961 0.000000 1443.019409 0.000000 0.383780 0.000000 0.923424 0.680121 0.680121 0.680121
6463.518555 0.000000 1426.714355 0.000000 0.179028 0.000000 0.983844 0.658334 0.658334 0.658334
6622.638184 0.000000 1587.751953 0.000000 0.907760 0.000000 0.419490 0.755907 0.755907 0.755907
6623.499023 0.000000 1586.675293 0.000000 0.443941 0.000000 -0.896056 0.913146 0.913146 0.913146
6644.321777 0.000000 1595.915405 0.000000 0.985011 0.000000 -0.172489 0.817658 0.817658 0.817658
6641.295898 0.000000 1584.078125 0.000000 0.949455 0.000000 0.313902 0.767476 0.767476 0.767476
6628.331055 0.000000 1585.044312 0.000000 0.456353 0.000000 0.889799 0.688270 0.688270 0.688270
6629.744141 0.000000 1589.875732 0.000000 0.927908 0.000000 -0.372808 0.838914 0.838914 0.838914
6625.687988 0.000000 1592.132446 0.000000 0.997075 0.000000 0.076434 0.792207 0.792207 0.792207
6648.862305 0.000000 1598.594116 0.000000 0.155682 0.000000 0.987807 0.655922 0.655922 0.655922
6639.363281 0.000000 1584.562500 0.000000 0.426517 0.000000 -0.904480 0.915117 0.915117 0.915117
6643.074219 0.000000 1583.925415 0.000000 0.583871 0.000000 0.811847 0.703508 0.703508 0.703508
6629.842285 0.000000 1585.806396 0.000000 0.784019 0.000000 -0.620737 0.868213 0.868213 0.868213
6645.488770 0.000000 1597.016479 0.000000 0.991784 0.000000 -0.127923 0.813066 0.813066 0.813066
6638.479980 0.000000 1585.743042 0.000000 0.073083 0.000000 -0.997326 0.952549 0.952549 0.952549
6629.109863 0.000000 1586.925293 0.000000 0.307048 0.000000 -0.951694 0.928211 0.928211 0.928211
6640.399414 0.000000 1585.418335 0.000000 0.783160 0.000000 -0.621820 0.868354 0.868354 0.868354
6637.718750 0.000000 1577.941284 0.000000 0.459424 0.000000 0.888217 0.688622 0.688622 0.688622
6629.831543 0.000000 1574.500244 0.000000 0.369184 0.000000 -0.929356 0.921484 0.921484 0.921484
6628.083008 0.000000 1588.938477 0.000000 0.905292 0.000000 0.424789 0.755311 0.755311 0.755311
6644.792969 0.000000 1594.737061 0.000000 0.573461 0.000000 0.819233 0.702208 0.702208 0.702208
6634.756836 0.000000 1574.495483 0.000000 0.815104 0.000000 0.579315 0.737062 0.737062 0.737062
6625.036621 0.000000 1588.613770 0.000000 0.718338 0.000000 -0.695694 0.878369 0.878369 0.878369
6624.606445 0.000000 1592.524292 0.000000 0.999037 0.000000 -0.043875 0.804470 0.804470 0.804470
6630.375488 0.000000 1590.826416 0.000000 0.990210 0.000000 0.139582 0.785736 0.785736 0.785736
6649.983398 0.000000 1598.460815 0.000000 0.027459 0.000000 0.999623 0.642797 0.642797 0.642797
6649.676758 0.000000 1596.831299 0.000000 0.957447 0.000000 -0.288609 0.829822 0.829822 0.829822
6629.193359 0.000000 1575.851440 0.000000 0.994325 0.000000 -0.106387 0.810857 0.810857 0.810857
6638.277832 0.000000 1584.718140 0.000000 0.493128 0.000000 -0.869957 0.907473 0.907473 0.907473
6631.539062 0.000000 1582.012939 0.000000 0.307128 0.000000 0.951668 0.671798 0.671798 0.671798
6628.339844 0.000000 1589.902222 0.000000 0.189218 0.000000 0.981935 0.659391 0.659391 0.659391
6623.260254 0.000000 1587.661865 0.000000 0.008839 0.000000 0.999961 0.640900 0.640900 0.640900
6644.668945 0.000000 1597.561157 0.000000 0.807897 0.000000 -0.589324 0.864194 0.864194 0.864194
6642.110352 0.000000 1583.569824 0.000000 0.663852 0.000000 0.747864 0.713946 0.713946 0.713946
6649.587402 0.000000 1599.335449 0.000000 0.642780 0.000000 0.766051 0.711110 0.711110 0.711110
6639.382324 0.000000 1585.523560 0.000000 0.467551 0.000000 -0.883966 0.910444 0.910444 0.910444
6655.073242 0.000000 1598.257935 0.000000 0.784487 0.000000 -0.620145 0.868136 0.868136 0.868136
6645.195312 0.000000 1595.559814 0.000000 0.301543 0.000000 -0.953453 0.928799 0.928799 0.928799
6642.944824 0.000000 1583.039673 0.000000 0.496693 0.000000 0.867926 0.692945 0.692945 0.692945
6654.124023 0.000000 1599.624268 0.000000 0.048673 0.000000 -0.998815 0.955040 0.955040 0.955040
6647.769043 0.000000 1601.109619 0.000000 0.964715 0.000000 -0.263297 0.827139 0.827139 0.827139
6650.941406 0.000000 1609.559082 0.000000 0.708227 0.000000 -0.705985 0.879838 0.879838 0.879838
6647.318848 0.000000 1602.216187 0.000000 0.663775 0.000000 0.747932 0.713935 0.713935 0.713935
6550.079102 0.000000 1684.658447 0.000000 0.382776 0.000000 0.923841 0.680010 0.680010 0.680010
6551.167969 0.000000 1680.681641 0.000000 0.212377 0.000000 0.977188 0.661799 0.661799 0.661799
6545.119141 0.000000 1674.341431 0.000000 0.982377 0.000000 -0.186912 0.819151 0.819151 0.819151
6544.034180 0.000000 1675.450562 0.000000 0.370839 0.000000 -0.928697 0.921302 0.921302 0.921302
6551.012695 0.000000 1685.780762 0.000000 0.999431 0.000000 -0.033724 0.803436 0.803436 0.803436
6554.711426 0.000000 1686.596436 0.000000 0.314519 0.000000 -0.949251 0.927410 0.927410 0.927410
6546.819824 0.000000 1681.118530 0.000000 0.949575 0.000000 0.313540 0.767515 0.767515 0.767515
6598.529785 0.000000 1691.894165 0.000000 0.150221 0.000000 -0.988653 0.944641 0.944641 0.944641
6612.325684 0.000000 1691.891968 0.000000 0.956689 0.000000 -0.291111 0.830088 0.830088 0.830088
6595.108398 0.000000 1691.791504 0.000000 0.419055 0.000000 0.907961 0.684044 0.684044 0.684044
6608.403320 0.000000 1681.394897 0.000000 0.837549 0.000000 -0.546362 0.858876 0.858876 0.858876
6610.812012 0.000000 1681.118530 0.000000 0.594472 0.000000 -0.804116 0.895156 0.895156 0.895156
6612.796875 0.000000 1690.713623 0.000000 0.912045 0.000000 0.410091 0.756959 0.756959 0.756959
6600.501465 0.000000 1693.590576 0.000000 0.707301 0.000000 -0.706913 0.879972 0.879972 0.879972
6595.197754 0.000000 1690.447876 0.000000 0.237051 0.000000 -0.971497 0.935622 0.935622 0.935622
6608.352051 0.000000 1680.349487 0.000000 0.606923 0.000000 -0.794760 0.893569 0.893569 0.893569
6594.148926 0.000000 1691.487305 0.000000 0.940594 0.000000 -0.339534 0.835286 0.835286 0.835286
6601.270996 0.000000 1692.107788 0.000000 0.976113 0.000000 -0.217263 0.822308 0.822308 0.822308
6609.894043 0.000000 1680.850342 0.000000 0.990196 0.000000 -0.139687 0.814275 0.814275 0.814275
6613.199219 0.000000 1691.536377 0.000000 0.837013 0.000000 0.547183 0.741024 0.741024 0.741024
6600.535645 0.000000 1692.663208 0.000000 0.253129 0.000000 0.967432 0.666067 0.666067 0.666067
6611.700195 0.000000 1998.174194 0.000000 0.862569 0.000000 0.505939 0.745967 0.745967 0.745967
6612.809082 0.000000 1995.446899 0.000000 0.602010 0.000000 0.798488 0.705803 0.705803 0.705803
6611.078125 0.000000 1999.823853 0.000000 0.015871 0.000000 -0.999874 0.958383 0.958383 0.958383
6613.835938 0.000000 1994.445801 0.000000 0.401198 0.000000 0.915991 0.682050 0.682050 0.682050
6609.640137 0.000000 1997.337402 0.000000 0.998983 0.000000 0.045089 0.795406 0.795406 0.795406
6616.921387 0.000000 1993.475220 0.000000 0.894405 0.000000 -0.447258 0.847232 0.847232 0.847232
6610.948730 0.000000 1998.938110 0.000000 0.937175 0.000000 -0.348860 0.836298 0.836298 0.836298
6642.420410 0.000000 2014.072021 0.000000 0.448024 0.000000 0.894022 0.687319 0.687319 0.687319
6653.832031 0.000000 2040.495972 0.000000 0.894785 0.000000 -0.446498 0.847145 0.847145 0.847145
6648.942871 0.000000 2035.074219 0.000000 0.994644 0.000000 0.103362 0.789453 0.789453 0.789453
6631.159180 0.000000 2046.416260 0.000000 0.957756 0.000000 0.287582 0.770288 0.770288 0.770288
6628.289551 0.000000 2042.678711 0.000000 0.750103 0.000000 0.661321 0.726399 0.726399 0.726399
6642.052734 0.000000 2015.574585 0.000000 0.522618 0.000000 -0.852567 0.903986 0.903986 0.903986
6648.758789 0.000000 2040.187744 0.000000 0.115306 0.000000 0.993330 0.651771 0.651771 0.651771
6654.914551 0.000000 2038.520752 0.000000 0.330006 0.000000 -0.943979 0.925744 0.925744 0.925744
6648.016113 0.000000 2036.826416 0.000000 0.017992 0.000000 0.999838 0.641833 0.641833 0.641833
6648.601562 0.000000 2044.813232 0.000000 0.351015 0.000000 -0.936370 0.923468 0.923468 0.923468
6649.863281 0.000000 2036.350220 0.000000 0.998877 0.000000 0.047371 0.795173 0.795173 0.795173
6654.634277 0.000000 2035.642578 0.000000 0.055372 0.000000 0.998466 0.645643 0.645643 0.645643
6629.683105 0.000000 2042.791016 0.000000 0.928507 0.000000 -0.371314 0.838750 0.838750 0.838750
6625.100098 0.000000 2043.275757 0.000000 0.231943 0.000000 -0.972729 0.936157 0.936157 0.936157
6654.776367 0.000000 2039.730103 0.000000 0.999949 0.000000 -0.010106 0.801029 0.801029 0.801029
6653.664062 0.000000 2041.680298 0.000000 0.812717 0.000000 0.582658 0.736644 0.736644 0.736644
6643.371094 0.000000 2015.905884 0.000000 0.732495 0.000000 0.680773 0.723726 0.723726 0.723726
6649.983398 0.000000 2046.351440 0.000000 0.876077 0.000000 -0.482171 0.851248 0.851248 0.851248
6648.022949 0.000000 2041.070557 0.000000 0.999635 0.000000 0.027025 0.797247 0.797247 0.797247
6634.732422 0.000000 2042.104004 0.000000 0.966456 0.000000 0.256831 0.773543 0.773543 0.773543
6632.007812 0.000000 2047.153564 0.000000 0.960211 0.000000 0.279276 0.771170 0.771170 0.771170
6648.353516 0.000000 2035.869263 0.000000 0.808856 0.000000 0.588007 0.735972 0.735972 0.735972
6649.325195 0.000000 2045.637451 0.000000 0.645897 0.000000 -0.763425 0.888475 0.888475 0.888475
6629.236328 0.000000 2039.511841 0.000000 0.415066 0.000000 -0.909791 0.916403 0.916403 0.916403
6649.587402 0.000000 2047.226074 0.000000 0.556239 0.000000 -0.831022 0.899918 0.899918 0.899918
6640.561523 0.000000 2040.175171 0.000000 0.904287 0.000000 0.426925 0.755071 0.755071 0.755071
6715.281250 0.000000 1662.472656 0.000000 0.500449 0.000000 0.865766 0.693386 0.693386 0.693386
6687.491211 0.000000 1682.651855 0.000000 0.618278 0.000000 -0.785959 0.892106 0.892106 0.892106
6709.384277 0.000000 1670.366577 0.000000 0.915943 0.000000 0.401309 0.757938 0.757938 0.757938
6693.736328 0.000000 1685.852295 0.000000 0.126518 0.000000 0.991964 0.652922 0.652922 0.652922
6689.953613 0.000000 1682.398071 0.000000 0.539393 0.000000 0.842054 0.698031 0.698031 0.698031
6705.522949 0.000000 1683.759644 0.000000 0.579222 0.000000 -0.815170 0.897074 0.897074 0.897074
6695.466797 0.000000 1687.197510 0.000000 0.991508 0.000000 0.130042 0.786716 0.786716 0.786716
6700.651367 0.000000 1678.264648 0.000000 0.085966 0.000000 0.996298 0.648767 0.648767 0.648767
6704.090332 0.000000 1669.900757 0.000000 0.814221 0.000000 0.580555 0.736907 0.736907 0.736907
6710.808594 0.000000 1695.187012 0.000000 0.846618 0.000000 0.532202 0.742837 0.742837 0.742837
6714.853027 0.000000 1663.618896 0.000000 0.824187 0.000000 -0.566318 0.861322 0.861322 0.861322
6700.708984 0.000000 1671.012329 0.000000 0.859300 0.000000 0.511472 0.745312 0.745312 0.745312
6692.936035 0.000000 1692.177612 0.000000 0.096163 0.000000 0.995366 0.649810 0.649810 0.649810
6690.809570 0.000000 1681.053955 0.000000 0.787695 0.000000 -0.616066 0.867608 0.867608 0.867608
6688.543457 0.000000 1687.163330 0.000000 0.909302 0.000000 0.416137 0.756283 0.756283 0.756283
6700.620605 0.000000 1682.094604 0.000000 0.179975 0.000000 -0.983671 0.941567 0.941567 0.941567
6696.220703 0.000000 1679.996094 0.000000 0.274473 0.000000 0.961595 0.668321 0.668321 0.668321
6692.075195 0.000000 1684.915039 0.000000 0.618567 0.000000 0.785732 0.707932 0.707932 0.707932
6710.061523 0.000000 1694.090820 0.000000 0.247677 0.000000 0.968843 0.665494 0.665494 0.665494
6711.732910 0.000000 1694.203857 0.000000 0.549111 0.000000 0.835750 0.699211 0.699211 0.699211
6704.759766 0.000000 1682.871460 0.000000 0.832923 0.000000 0.553388 0.740267 0.740267 0.740267
6694.367676 0.000000 1686.802979 0.000000 0.980331 0.000000 -0.197360 0.820236 0.820236 0.820236
6692.658691 0.000000 1693.677856 0.000000 0.789167 0.000000 -0.614178 0.867364 0.867364 0.867364
6687.901367 0.000000 1685.644653 0.000000 0.831284 0.000000 0.555848 0.739966 0.739966 0.739966
6704.321289 0.000000 1668.771362 0.000000 0.552789 0.000000 -0.833321 0.900340 0.900340 0.900340
6690.790527 0.000000 1683.166504 0.000000 0.125491 0.000000 0.992095 0.652816 0.652816 0.652816
6701.712891 0.000000 1678.445557 0.000000 0.927101 0.000000 0.374813 0.760866 0.760866 0.760866
6694.998535 0.000000 1679.997070 0.000000 0.696226 0.000000 0.717823 0.718444 0.718444 0.718444
6699.887695 0.000000 1675.270874 0.000000 0.115737 0.000000 0.993280 0.651815 0.651815 0.651815
6699.349121 0.000000 1674.203369 0.000000 0.740566 0.000000 -0.671983 0.875058 0.875058 0.875058
6700.192383 0.000000 1671.916260 0.000000 0.607454 0.000000 0.794355 0.706499 0.706499 0.706499
6711.948242 0.000000 1695.237915 0.000000 0.899852 0.000000 -0.436195 0.845976 0.845976 0.845976
6688.574707 0.000000 1682.491211 0.000000 0.997985 0.000000 -0.063445 0.806467 0.806467 0.806467
6689.746582 0.000000 1683.332520 0.000000 0.415795 0.000000 -0.909459 0.916321 0.916321 0.916321
6690.592285 0.000000 1688.348389 0.000000 0.797417 0.000000 0.603428 0.734016 0.734016 0.734016
6709.480469 0.000000 1671.551636 0.000000 0.064538 0.000000 -0.997915 0.953422 0.953422 0.953422
6701.388184 0.000000 1667.735352 0.000000 0.958872 0.000000 -0.283837 0.829314 0.829314 0.829314
6686.721191 0.000000 1696.469727 0.000000 0.879755 0.000000 0.475427 0.749534 0.749534 0.749534
6710.679199 0.000000 1705.289062 0.000000 0.964182 0.000000 0.265240 0.772656 0.772656 0.772656
6714.781738 0.000000 1711.063599 0.000000 0.963621 0.000000 -0.267273 0.827559 0.827559 0.827559
6714.338379 0.000000 1708.764404 0.000000 0.453171 0.000000 0.891424 0.687906 0.687906 0.687906
6714.408691 0.000000 1700.703003 0.000000 0.078375 0.000000 0.996924 0.647991 0.647991 0.647991
6716.288574 0.000000 1710.274536 0.000000 0.907006 0.000000 0.421118 0.755724 0.755724 0.755724
6711.882324 0.000000 1705.521851 0.000000 0.984162 0.000000 -0.177274 0.818153 0.818153 0.818153
6725.639648 0.000000 1706.166992 0.000000 0.433810 0.000000 -0.901004 0.914294 0.914294 0.914294
6730.014160 0.000000 1708.634399 0.000000 0.945126 0.000000 0.326706 0.766100 0.766100 0.766100
6724.496094 0.000000 1708.077393 0.000000 0.380253 0.000000 0.924883 0.679732 0.679732 0.679732
6736.834473 0.000000 1724.590088 0.000000 0.974852 0.000000 -0.222853 0.822892 0.822892 0.822892
6737.031738 0.000000 1721.096802 0.000000 0.032175 0.000000 -0.999482 0.956722 0.956722 0.956722
6731.362305 0.000000 1709.352173 0.000000 0.812506 0.000000 -0.582953 0.863393 0.863393 0.863393
6732.681152 0.000000 1721.948242 0.000000 0.645556 0.000000 0.763713 0.711480 0.711480 0.711480
6731.380859 0.000000 1708.203979 0.000000 0.359070 0.000000 -0.933311 0.922590 0.922590 0.922590
6736.156250 0.000000 1725.414307 0.000000 0.345228 0.000000 0.938519 0.675903 0.675903 0.675903
6737.356445 0.000000 1721.941162 0.000000 0.700267 0.000000 0.713881 0.719019 0.719019 0.719019
6735.966309 0.000000 1729.038940 0.000000 0.808533 0.000000 -0.588451 0.864084 0.864084 0.864084
6735.646973 0.000000 1729.972656 0.000000 0.903052 0.000000 0.429532 0.754777 0.754777 0.754777
6781.985352 0.000000 1820.136475 0.000000 0.899136 0.000000 -0.437669 0.846143 0.846143 0.846143
6778.981934 0.000000 1812.227905 0.000000 0.322510 0.000000 0.946566 0.673449 0.673449 0.673449
6780.025391 0.000000 1820.127563 0.000000 0.191321 0.000000 -0.981528 0.940391 0.940391 0.940391
6795.308105 0.000000 1817.305054 0.000000 0.886162 0.000000 0.463376 0.750924 0.750924 0.750924
6794.169922 0.000000 1816.448853 0.000000 0.202864 0.000000 -0.979207 0.939192 0.939192 0.939192
6786.306152 0.000000 1821.575684 0.000000 0.488549 0.000000 -0.872536 0.908008 0.908008 0.908008
6788.646973 0.000000 1821.646606 0.000000 0.999997 0.000000 0.002397 0.799756 0.799756 0.799756
6786.721680 0.000000 1820.636841 0.000000 0.376233 0.000000 -0.926525 0.920710 0.920710 0.920710
6799.638184 0.000000 1842.450928 0.000000 0.197763 0.000000 -0.980250 0.939722 0.939722 0.939722
6790.264160 0.000000 1831.671387 0.000000 0.908838 0.000000 0.417149 0.756169 0.756169 0.756169
6791.348633 0.000000 1840.955811 0.000000 0.791073 0.000000 -0.611722 0.867047 0.867047 0.867047
6796.541016 0.000000 1836.198975 0.000000 0.241320 0.000000 0.970446 0.664826 0.664826 0.664826
6797.239258 0.000000 1840.883545 0.000000 0.193776 0.000000 -0.981046 0.940136 0.940136 0.940136
6792.302734 0.000000 1838.620972 0.000000 0.062993 0.000000 -0.998014 0.953579 0.953579 0.953579
6788.270020 0.000000 1850.725586 0.000000 0.385383 0.000000 -0.922757 0.919702 0.919702 0.919702
6795.820312 0.000000 1829.615845 0.000000 0.888631 0.000000 -0.458622 0.848530 0.848530 0.848530
6802.870117 0.000000 1835.127075 0.000000 0.271123 0.000000 -0.962545 0.932034 0.932034 0.932034
6791.895996 0.000000 1831.462158 0.000000 0.483873 0.000000 -0.875138 0.908554 0.908554 0.908554
6804.840820 0.000000 1837.079712 0.000000 0.348036 0.000000 -0.937481 0.923792 0.923792 0.923792
6799.979004 0.000000 1844.115112 0.000000 0.999989 0.000000 -0.004631 0.800472 0.800472 0.800472
6793.603516 0.000000 1838.010498 0.000000 0.134418 0.000000 -0.990925 0.946267 0.946267 0.946267
6797.683105 0.000000 1837.135620 0.000000 0.107236 0.000000 0.994234 0.650944 0.650944 0.650944
6790.686035 0.000000 1833.020508 0.000000 0.980450 0.000000 0.196766 0.779826 0.779826 0.779826
6797.811035 0.000000 1839.652710 0.000000 0.948033 0.000000 -0.318171 0.832982 0.832982 0.832982
6789.663574 0.000000 1850.837891 0.000000 0.048447 0.000000 -0.998826 0.955063 0.955063 0.955063
6805.856445 0.000000 1836.346558 0.000000 0.196726 0.000000 0.980458 0.660170 0.660170 0.660170
6798.866699 0.000000 1843.334351 0.000000 0.729290 0.000000 0.684205 0.723248 0.723248 0.723248
6800.309570 0.000000 1828.732300 0.000000 0.187859 0.000000 -0.982196 0.940751 0.940751 0.940751
6795.221680 0.000000 1828.615723 0.000000 0.896346 0.000000 0.443355 0.753212 0.753212 0.753212
6795.932617 0.000000 1824.737305 0.000000 0.935479 0.000000 -0.353383 0.836790 0.836790 0.836790
6794.320312 0.000000 1824.425903 0.000000 0.999876 0.000000 0.015726 0.798398 0.798398 0.798398
6803.836914 0.000000 1840.941528 0.000000 0.628130 0.000000 -0.778109 0.890823 0.890823 0.890823
6790.365234 0.000000 1840.782959 0.000000 0.944734 0.000000 -0.327838 0.834022 0.834022 0.834022
6796.284180 0.000000 1837.119263 0.000000 0.995839 0.000000 0.091131 0.790705 0.790705 0.790705
6798.018555 0.000000 1824.473389 0.000000 0.776435 0.000000 -0.630197 0.869448 0.869448 0.869448
6797.555176 0.000000 1841.759521 0.000000 0.326433 0.000000 -0.945220 0.926129 0.926129 0.926129
6794.840820 0.000000 1867.097534 0.000000 0.084677 0.000000 -0.996408 0.951365 0.951365 0.951365
6788.559570 0.000000 1862.862427 0.000000 0.714148 0.000000 0.699994 0.721019 0.721019 0.721019
6796.357422 0.000000 1860.342285 0.000000 0.963511 0.000000 0.267669 0.772399 0.772399 0.772399
6786.007812 0.000000 1861.275146 0.000000 0.590216 0.000000 0.807246 0.704306 0.704306 0.704306
6797.066895 0.000000 1861.762329 0.000000 0.989119 0.000000 0.147114 0.784960 0.784960 0.784960
6795.337402 0.000000 1866.156494 0.000000 0.352247 0.000000 0.935907 0.676666 0.676666 0.676666
6786.925293 0.000000 1860.963989 0.000000 0.413391 0.000000 0.910554 0.683410 0.683410 0.683410
6797.932617 0.000000 1861.424683 0.000000 0.630619 0.000000 0.776092 0.709504 0.709504 0.709504
6664.647461 0.000000 2041.067627 0.000000 0.062659 0.000000 -0.998035 0.953613 0.953613 0.953613
6663.155273 0.000000 2046.416260 0.000000 0.031816 0.000000 0.999494 0.643241 0.643241 0.643241
6671.257324 0.000000 2044.763916 0.000000 0.775842 0.000000 0.630928 0.730456 0.730456 0.730456
6657.684082 0.000000 2040.023071 0.000000 0.184787 0.000000 0.982779 0.658931 0.658931 0.658931
6665.979980 0.000000 2042.893799 0.000000 0.891804 0.000000 -0.452421 0.847821 0.847821 0.847821
6657.212402 0.000000 2024.817627 0.000000 0.333774 0.000000 -0.942653 0.925337 0.925337 0.925337
6660.738281 0.000000 2046.822266 0.000000 0.628239 0.000000 0.778021 0.709192 0.709192 0.709192
6664.343262 0.000000 2043.699341 0.000000 0.626612 0.000000 0.779331 0.708979 0.708979 0.708979
6679.036621 0.000000 2040.756958 0.000000 0.500625 0.000000 0.865664 0.693407 0.693407 0.693407
6671.994629 0.000000 2036.068237 0.000000 0.971518 0.000000 0.236966 0.775631 0.775631 0.775631
6656.564453 0.000000 2041.643188 0.000000 0.622243 0.000000 0.782824 0.708409 0.708409 0.708409
6669.768066 0.000000 2037.803711 0.000000 0.958629 0.000000 0.284659 0.770598 0.770598 0.770598
6658.023438 0.000000 2021.236084 0.000000 0.875940 0.000000 -0.482421 0.851278 0.851278 0.851278
6665.774414 0.000000 2041.662964 0.000000 0.773848 0.000000 -0.633372 0.869865 0.869865 0.869865
6657.681152 0.000000 2041.232300 0.000000 0.643486 0.000000 0.765458 0.711204 0.711204 0.711204
6678.281250 0.000000 2041.668823 0.000000 0.860929 0.000000 0.508726 0.745637 0.745637 0.745637
6656.602539 0.000000 2040.414917 0.000000 0.955030 0.000000 -0.296508 0.830663 0.830663 0.830663
6656.132324 0.000000 2024.414185 0.000000 0.910083 0.000000 0.414427 0.756474 0.756474 0.756474
6669.953613 0.000000 2042.273193 0.000000 0.169736 0.000000 -0.985489 0.942627 0.942627 0.942627
6665.927246 0.000000 2046.097046 0.000000 0.629482 0.000000 0.777015 0.709355 0.709355 0.709355
6664.003906 0.000000 2047.153564 0.000000 0.040896 0.000000 -0.999163 0.955833 0.955833 0.955833
6656.426270 0.000000 2025.420776 0.000000 0.999978 0.000000 0.006704 0.799317 0.799317 0.799317
6669.319336 0.000000 2036.003418 0.000000 0.989787 0.000000 0.142556 0.785430 0.785430 0.785430
6670.156250 0.000000 2044.873901 0.000000 0.336956 0.000000 -0.941521 0.924993 0.924993 0.924993
6668.459961 0.000000 2043.840454 0.000000 0.990059 0.000000 -0.140656 0.814375 0.814375 0.814375
6658.940918 0.000000 2020.924927 0.000000 0.998499 0.000000 -0.054764 0.805581 0.805581 0.805581
6678.141113 0.000000 2040.782227 0.000000 0.972805 0.000000 0.231624 0.776191 0.776191 0.776191
6659.958496 0.000000 2030.748047 0.000000 0.505896 0.000000 -0.862594 0.905972 0.905972 0.905972
7300.396973 0.000000 1912.288086 0.000000 0.994013 0.000000 -0.109260 0.811151 0.811151 0.811151
7313.950684 0.000000 1909.955200 0.000000 0.984397 0.000000 -0.175960 0.818017 0.818017 0.818017
7297.603516 0.000000 1916.440186 0.000000 0.234856 0.000000 -0.972030 0.935852 0.935852 0.935852
7304.265137 0.000000 1915.730591 0.000000 0.966220 0.000000 -0.257717 0.826550 0.826550 0.826550
7299.000000 0.000000 1919.276001 0.000000 0.648110 0.000000 -0.761547 0.888179 0.888179 0.888179
7317.356934 0.000000 1911.618896 0.000000 0.369116 0.000000 0.929383 0.678509 0.678509 0.678509
7303.283203 0.000000 1912.542114 0.000000 0.964496 0.000000 0.264099 0.772776 0.772776 0.772776
7296.488281 0.000000 1917.435669 0.000000 0.901725 0.000000 0.432310 0.754463 0.754463 0.754463
7304.618652 0.000000 1914.464478 0.000000 0.387669 0.000000 0.921799 0.680550 0.680550 0.680550
7312.956543 0.000000 1908.882446 0.000000 0.905452 0.000000 0.424449 0.755350 0.755350 0.755350
7300.940430 0.000000 1913.479126 0.000000 0.729389 0.000000 -0.684099 0.876737 0.876737 0.876737
7299.671875 0.000000 1918.438965 0.000000 0.747182 0.000000 -0.664620 0.874050 0.874050 0.874050
7312.105469 0.000000 1909.216797 0.000000 0.010895 0.000000 -0.999941 0.958890 0.958890 0.958890
7310.687012 0.000000 1913.902710 0.000000 0.359128 0.000000 0.933288 0.677416 0.677416 0.677416
7317.955566 0.000000 1910.906372 0.000000 0.819043 0.000000 -0.573733 0.862242 0.862242 0.862242
7283.229004 0.000000 1938.210693 0.000000 0.881300 0.000000 0.472558 0.749866 0.749866 0.749866
7279.589844 0.000000 1944.250244 0.000000 0.493983 0.000000 -0.869471 0.907373 0.907373 0.907373
7291.296875 0.000000 1933.667114 0.000000 0.510107 0.000000 0.860111 0.694526 0.694526 0.694526
7285.628418 0.000000 1938.443237 0.000000 0.978713 0.000000 -0.205233 0.821054 0.821054 0.821054
7284.416504 0.000000 1939.201782 0.000000 0.624121 0.000000 0.781328 0.708654 0.708654 0.708654
7279.635254 0.000000 1945.650024 0.000000 0.888552 0.000000 -0.458776 0.848548 0.848548 0.848548
7291.834473 0.000000 1932.089233 0.000000 0.990894 0.000000 0.134644 0.786244 0.786244 0.786244
7280.015625 0.000000 1929.223877 0.000000 0.981006 0.000000 -0.193979 0.819885 0.819885 0.819885
7290.268066 0.000000 1932.709717 0.000000 0.442653 0.000000 -0.896693 0.913292 0.913292 0.913292
7283.771973 0.000000 1932.081909 0.000000 0.016759 0.000000 0.999860 0.641707 0.641707 0.641707
7294.100098 0.000000 1933.872803 0.000000 0.732004 0.000000 0.681300 0.723653 0.723653 0.723653
7283.798828 0.000000 1933.163330 0.000000 0.490017 0.000000 0.871713 0.692163 0.692163 0.692163
7278.690918 0.000000 1945.894897 0.000000 0.072995 0.000000 -0.997332 0.952558 0.952558 0.952558
7295.459961 0.000000 1933.015137 0.000000 0.904950 0.000000 -0.425518 0.844771 0.844771 0.844771
7300.737793 0.000000 1922.322021 0.000000 0.581305 0.000000 0.813686 0.703186 0.703186 0.703186
7299.471191 0.000000 1919.617310 0.000000 0.319233 0.000000 -0.947676 0.926904 0.926904 0.926904
7737.661133 0.000000 1560.868652 0.000000 0.999974 0.000000 0.007227 0.799264 0.799264 0.799264
7740.417969 0.000000 1574.045044 0.000000 0.694463 0.000000 -0.719528 0.881805 0.881805 0.881805
7739.895996 0.000000 1572.530518 0.000000 0.125209 0.000000 0.992130 0.652787 0.652787 0.652787
7733.288574 0.000000 1568.253174 0.000000 0.508169 0.000000 0.861258 0.694297 0.694297 0.694297
7741.286621 0.000000 1574.563354 0.000000 0.735325 0.000000 -0.677715 0.875849 0.875849 0.875849
7709.703125 0.000000 1976.511597 0.000000 0.832534 0.000000 0.553973 0.740196 0.740196 0.740196
7709.535156 0.000000 1977.695923 0.000000 0.843991 0.000000 0.536358 0.742336 0.742336 0.742336
7710.718750 0.000000 1954.460571 0.000000 0.996926 0.000000 -0.078355 0.807989 0.807989 0.807989
7713.532227 0.000000 1967.941772 0.000000 0.417412 0.000000 -0.908717 0.916140 0.916140 0.916140
7712.770508 0.000000 1966.213135 0.000000 0.798324 0.000000 0.602228 0.734170 0.734170 0.734170
7711.351074 0.000000 1954.366211 0.000000 0.352356 0.000000 -0.935866 0.923322 0.923322 0.923322
7712.319336 0.000000 1967.437744 0.000000 0.899034 0.000000 -0.437879 0.846166 0.846166 0.846166
7713.192871 0.000000 1967.090332 0.000000 0.292305 0.000000 -0.956325 0.929785 0.929785 0.929785
7726.962402 0.000000 1994.160278 0.000000 0.547038 0.000000 -0.837108 0.901042 0.901042 0.901042
7737.667969 0.000000 1997.961060 0.000000 0.092508 0.000000 0.995712 0.649436 0.649436 0.649436
7720.416016 0.000000 1992.287476 0.000000 0.398616 0.000000 0.917118 0.681763 0.681763 0.681763
7743.686523 0.000000 1994.215210 0.000000 0.747044 0.000000 0.664774 0.725929 0.725929 0.725929
7751.135254 0.000000 1989.906982 0.000000 0.712012 0.000000 0.702167 0.720709 0.720709 0.720709
7743.217773 0.000000 1995.529053 0.000000 0.986368 0.000000 0.164555 0.783162 0.783162 0.783162
7750.268555 0.000000 1988.772949 0.000000 0.221587 0.000000 0.975141 0.662760 0.662760 0.662760
7751.334961 0.000000 1988.883545 0.000000 0.008625 0.000000 0.999963 0.640879 0.640879 0.640879
7744.445801 0.000000 2002.413086 0.000000 0.957048 0.000000 0.289928 0.770038 0.770038 0.770038
6110.435059 0.000000 2397.446777 0.000000 0.183635 0.000000 -0.982994 0.941188 0.941188 0.941188
6108.582031 0.000000 2398.508545 0.000000 0.018685 0.000000 0.999825 0.641903 0.641903 0.641903
6096.912598 0.000000 2396.426025 0.000000 0.575065 0.000000 -0.818107 0.897592 0.897592 0.897592
6105.056641 0.000000 2393.481689 0.000000 0.266947 0.000000 0.963711 0.667525 0.667525 0.667525
6106.049805 0.000000 2398.265381 0.000000 0.154430 0.000000 -0.988004 0.944207 0.944207 0.944207
6103.978027 0.000000 2391.388916 0.000000 0.985810 0.000000 0.167862 0.782820 0.782820 0.782820
6105.860352 0.000000 2392.665527 0.000000 0.072548 0.000000 0.997365 0.647396 0.647396 0.647396
6104.089355 0.000000 2392.984619 0.000000 0.750566 0.000000 -0.660795 0.873530 0.873530 0.873530
6102.491211 0.000000 2391.812988 0.000000 0.704559 0.000000 -0.709646 0.880366 0.880366 0.880366
6097.512207 0.000000 2397.881836 0.000000 0.288934 0.000000 -0.957349 0.930144 0.930144 0.930144
6107.880859 0.000000 2399.156250 0.000000 0.183393 0.000000 -0.983040 0.941213 0.941213 0.941213
6110.232422 0.000000 2390.978271 0.000000 0.889005 0.000000 0.457897 0.751553 0.751553 0.751553
6102.104004 0.000000 2390.789307 0.000000 0.222636 0.000000 -0.974902 0.937131 0.937131 0.937131
6119.221680 0.000000 2398.330322 0.000000 0.878668 0.000000 -0.477433 0.850698 0.850698 0.850698
6134.972168 0.000000 2390.919678 0.000000 0.963248 0.000000 0.268613 0.772299 0.772299 0.772299
6111.284180 0.000000 2390.399170 0.000000 0.925745 0.000000 0.378148 0.760500 0.760500 0.760500
6117.006348 0.000000 2396.005615 0.000000 0.770468 0.000000 0.637478 0.729593 0.729593 0.729593
6129.105957 0.000000 2392.932617 0.000000 0.506633 0.000000 -0.862162 0.905885 0.905885 0.905885
6119.429688 0.000000 2394.512695 0.000000 0.640630 0.000000 -0.767850 0.889175 0.889175 0.889175
6126.370117 0.000000 2388.204834 0.000000 0.067198 0.000000 0.997740 0.646850 0.646850 0.646850
6127.775879 0.000000 2393.540771 0.000000 0.816110 0.000000 0.577896 0.737240 0.737240 0.737240
6119.427734 0.000000 2392.424805 0.000000 0.588167 0.000000 0.808740 0.704048 0.704048 0.704048
6123.043945 0.000000 2397.309326 0.000000 0.915202 0.000000 -0.402996 0.842250 0.842250 0.842250
6117.084961 0.000000 2393.362061 0.000000 0.623953 0.000000 -0.781462 0.891368 0.891368 0.891368
6114.388184 0.000000 2397.435059 0.000000 0.572141 0.000000 -0.820155 0.897956 0.897956 0.897956
6112.668945 0.000000 2392.329102 0.000000 0.721201 0.000000 -0.692726 0.877949 0.877949 0.877949
6116.729004 0.000000 2397.506104 0.000000 0.719032 0.000000 -0.694977 0.878267 0.878267 0.878267
6111.603027 0.000000 2391.415771 0.000000 0.167535 0.000000 0.985866 0.657146 0.657146 0.657146
6116.053711 0.000000 2393.511230 0.000000 0.909161 0.000000 0.416445 0.756248 0.756248 0.756248
6114.803711 0.000000 2396.496338 0.000000 0.440211 0.000000 -0.897895 0.913569 0.913569 0.913569
6116.001465 0.000000 2396.254395 0.000000 0.416050 0.000000 0.909342 0.683708 0.683708 0.683708
6124.526367 0.000000 2395.754639 0.000000 0.254646 0.000000 0.967034 0.666227 0.666227 0.666227
6118.596191 0.000000 2399.336426 0.000000 0.957681 0.000000 0.287830 0.770261 0.770261 0.770261
6115.612305 0.000000 2392.154297 0.000000 0.876175 0.000000 0.481994 0.748772 0.748772 0.748772
6117.433594 0.000000 2392.519775 0.000000 0.592789 0.000000 -0.805358 0.895369 0.895369 0.895369
6128.624023 0.000000 2392.089111 0.000000 0.354929 0.000000 0.934893 0.676958 0.676958 0.676958
6108.810547 0.000000 2399.425049 0.000000 0.953935 0.000000 0.300013 0.768963 0.768963 0.768963
6092.690430 0.000000 2403.085693 0.000000 0.982444 0.000000 -0.186558 0.819115 0.819115 0.819115
6122.603027 0.000000 2408.251709 0.000000 0.988366 0.000000 0.152096 0.784447 0.784447 0.784447
6055.526855 0.000000 2556.835938 0.000000 0.964344 0.000000 -0.264653 0.827282 0.827282 0.827282
6065.687500 0.000000 2558.825928 0.000000 0.389891 0.000000 0.920861 0.680796 0.680796 0.680796
6044.103027 0.000000 2564.288330 0.000000 0.250941 0.000000 0.968002 0.665837 0.665837 0.665837
6047.123047 0.000000 2577.204590 0.000000 0.956929 0.000000 0.290323 0.769996 0.769996 0.769996
6046.146484 0.000000 2576.966553 0.000000 0.685331 0.000000 -0.728232 0.883090 0.883090 0.883090
6044.959961 0.000000 2564.784668 0.000000 0.557424 0.000000 -0.830228 0.899773 0.899773 0.899773
6044.115234 0.000000 2587.939941 0.000000 0.756218 0.000000 -0.654320 0.872654 0.872654 0.872654
6070.757324 0.000000 2569.078125 0.000000 0.051982 0.000000 -0.998648 0.954703 0.954703 0.954703
6051.959961 0.000000 2579.449463 0.000000 0.359685 0.000000 0.933074 0.677477 0.677477 0.677477
6066.141113 0.000000 2562.440186 0.000000 0.273461 0.000000 -0.961883 0.931786 0.931786 0.931786
6070.608887 0.000000 2561.180664 0.000000 0.799146 0.000000 0.601137 0.734309 0.734309 0.734309
6060.451660 0.000000 2570.122559 0.000000 0.457103 0.000000 -0.889414 0.911644 0.911644 0.911644
6071.711426 0.000000 2574.730713 0.000000 0.198128 0.000000 0.980176 0.660316 0.660316 0.660316
6062.479980 0.000000 2561.173340 0.000000 0.809169 0.000000 -0.587576 0.863974 0.863974 0.863974
6055.526855 0.000000 2588.828125 0.000000 0.210324 0.000000 0.977632 0.661585 0.661585 0.661585
6051.553223 0.000000 2578.077881 0.000000 0.890052 0.000000 0.455859 0.751786 0.751786 0.751786
6062.550293 0.000000 2577.500732 0.000000 0.047312 0.000000 0.998880 0.644821 0.644821 0.644821
6064.164062 0.000000 2569.067627 0.000000 0.470627 0.000000 -0.882332 0.910089 0.910089 0.910089
6073.604004 0.000000 2562.759766 0.000000 0.579927 0.000000 -0.814668 0.896986 0.896986 0.896986
6070.018066 0.000000 2577.012207 0.000000 0.686480 0.000000 -0.727149 0.882930 0.882930 0.882930
6053.092773 0.000000 2585.315186 0.000000 0.639748 0.000000 0.768585 0.710708 0.710708 0.710708
6073.148438 0.000000 2560.973877 0.000000 0.813240 0.000000 0.581928 0.736736 0.736736 0.736736
6066.389648 0.000000 2563.882080 0.000000 0.939346 0.000000 0.342971 0.764341 0.764341 0.764341
6056.505371 0.000000 2563.468506 0.000000 0.313775 0.000000 -0.949497 0.927490 0.927490 0.927490
6065.243164 0.000000 2565.471680 0.000000 0.829479 0.000000 -0.558538 0.860364 0.860364 0.860364
6050.868652 0.000000 2578.947754 0.000000 0.539250 0.000000 0.842145 0.698014 0.698014 0.698014
6070.975586 0.000000 2575.471680 0.000000 0.012917 0.000000 -0.999917 0.958684 0.958684 0.958684
6071.960449 0.000000 2569.310791 0.000000 0.717119 0.000000 0.696951 0.721453 0.721453 0.721453
6057.436035 0.000000 2563.702148 0.000000 0.529366 0.000000 0.848393 0.696822 0.696822 0.696822
6062.108398 0.000000 2560.293701 0.000000 0.204724 0.000000 0.978820 0.661001 0.661001 0.661001
6070.774414 0.000000 2574.496094 0.000000 0.610664 0.000000 -0.791890 0.893089 0.893089 0.893089
6065.960449 0.000000 2576.631592 0.000000 0.609883 0.000000 0.792491 0.706811 0.706811 0.706811
6054.774414 0.000000 2589.458740 0.000000 0.815317 0.000000 -0.579014 0.862900 0.862900 0.862900
6053.441406 0.000000 2584.472900 0.000000 0.066150 0.000000 -0.997810 0.953257 0.953257 0.953257
5885.142578 0.000000 3114.892822 0.000000 0.048563 0.000000 -0.998820 0.955052 0.955052 0.955052
5886.057129 0.000000 3121.943359 0.000000 0.531122 0.000000 0.847295 0.697033 0.697033 0.697033
5877.800293 0.000000 3122.154053 0.000000 0.911074 0.000000 0.412244 0.756718 0.756718 0.756718
5887.008301 0.000000 3126.255127 0.000000 0.901198 0.000000 0.433408 0.754340 0.754340 0.754340
5886.531738 0.000000 3110.266602 0.000000 0.452656 0.000000 -0.891685 0.912153 0.912153 0.912153
5883.325684 0.000000 3124.857910 0.000000 0.483887 0.000000 -0.875130 0.908552 0.908552 0.908552
5879.368652 0.000000 3122.990967 0.000000 0.762808 0.000000 0.646625 0.728378 0.728378 0.728378
5884.260742 0.000000 3119.008057 0.000000 0.180496 0.000000 -0.983576 0.941514 0.941514 0.941514
5884.006348 0.000000 3115.800049 0.000000 0.691160 0.000000 -0.722702 0.882272 0.882272 0.882272
5885.946289 0.000000 3113.731689 0.000000 0.591042 0.000000 0.806641 0.704411 0.704411 0.704411
5886.870117 0.000000 3127.464600 0.000000 0.979308 0.000000 -0.202374 0.820757 0.820757 0.820757
5872.368652 0.000000 3116.560059 0.000000 0.885123 0.000000 0.465357 0.750696 0.750696 0.750696
5878.299805 0.000000 3123.218750 0.000000 0.999631 0.000000 0.027181 0.797231 0.797231 0.797231
5884.390137 0.000000 3117.930664 0.000000 0.060515 0.000000 0.998167 0.646168 0.646168 0.646168
5877.218262 0.000000 3123.739014 0.000000 0.996686 0.000000 0.081351 0.791704 0.791704 0.791704
5886.259766 0.000000 3126.798584 0.000000 0.642612 0.000000 -0.766192 0.888912 0.888912 0.888912
5887.008301 0.000000 3158.247314 0.000000 0.476701 0.000000 -0.879066 0.909386 0.909386 0.909386
5886.774414 0.000000 3147.051025 0.000000 0.999566 0.000000 -0.029441 0.802999 0.802999 0.802999
5885.365234 0.000000 3158.546387 0.000000 0.957259 0.000000 -0.289231 0.829888 0.829888 0.829888
5884.836426 0.000000 3159.697754 0.000000 0.797540 0.000000 -0.603266 0.865963 0.865963 0.865963
5887.513184 0.000000 3111.341553 0.000000 0.956538 0.000000 0.291608 0.769859 0.769859 0.769859
5889.233887 0.000000 3125.455566 0.000000 0.990653 0.000000 0.136407 0.786062 0.786062 0.786062
5905.370605 0.000000 3115.945312 0.000000 0.877070 0.000000 0.480363 0.748962 0.748962 0.748962
5889.777832 0.000000 3127.757568 0.000000 0.721282 0.000000 -0.692642 0.877937 0.877937 0.877937
5894.083008 0.000000 3119.223145 0.000000 0.502881 0.000000 0.864356 0.693673 0.693673 0.693673
5888.641113 0.000000 3126.811768 0.000000 0.027206 0.000000 -0.999630 0.957228 0.957228 0.957228
5891.572754 0.000000 3121.945068 0.000000 0.325661 0.000000 -0.945486 0.926212 0.926212 0.926212
5887.444336 0.000000 3115.255615 0.000000 0.502374 0.000000 0.864650 0.693613 0.693613 0.693613
5888.910156 0.000000 3116.361572 0.000000 0.759259 0.000000 0.650789 0.727820 0.727820 0.727820
5887.459473 0.000000 3120.853516 0.000000 0.614820 0.000000 0.788667 0.707447 0.707447 0.707447
5889.126465 0.000000 3124.238770 0.000000 0.482369 0.000000 -0.875968 0.908729 0.908729 0.908729
5905.905273 0.000000 3114.924805 0.000000 0.920345 0.000000 0.391108 0.759069 0.759069 0.759069
5890.380371 0.000000 3114.875000 0.000000 0.592232 0.000000 0.805768 0.704561 0.704561 0.704561
5887.630371 0.000000 3127.236084 0.000000 0.974350 0.000000 0.225038 0.776880 0.776880 0.776880
5890.270508 0.000000 3148.584473 0.000000 0.990185 0.000000 0.139763 0.785717 0.785717 0.785717
5896.412109 0.000000 3150.300781 0.000000 0.557330 0.000000 -0.830291 0.899784 0.899784 0.899784
5897.309570 0.000000 3146.551514 0.000000 0.877902 0.000000 -0.478841 0.850862 0.850862 0.850862
5897.111328 0.000000 3159.236084 0.000000 0.894556 0.000000 -0.446955 0.847197 0.847197 0.847197
5899.760254 0.000000 3162.356445 0.000000 0.612014 0.000000 -0.790847 0.892915 0.892915 0.892915
5887.444336 0.000000 3147.247803 0.000000 0.927188 0.000000 0.374597 0.760890 0.760890 0.760890
5896.648926 0.000000 3153.130127 0.000000 0.993347 0.000000 -0.115157 0.811756 0.811756 0.811756
5895.095703 0.000000 3150.486328 0.000000 0.739711 0.000000 0.672925 0.724812 0.724812 0.724812
5897.001465 0.000000 3147.738525 0.000000 0.451234 0.000000 -0.892406 0.912315 0.912315 0.912315
5889.126465 0.000000 3156.230957 0.000000 0.815561 0.000000 -0.578672 0.862857 0.862857 0.862857
5896.289062 0.000000 3146.170166 0.000000 0.718235 0.000000 0.695800 0.721616 0.721616 0.721616
5887.350098 0.000000 3155.279053 0.000000 0.269768 0.000000 0.962925 0.667823 0.667823 0.667823
5890.164062 0.000000 3144.977051 0.000000 0.898689 0.000000 0.438587 0.753753 0.753753 0.753753
5979.201660 0.000000 3419.523926 0.000000 0.000004 0.000000 1.000000 0.640000 0.640000 0.640000
5979.531738 0.000000 3418.180176 0.000000 0.574980 0.000000 0.818168 0.702397 0.702397 0.702397
5977.875977 0.000000 3416.415527 0.000000 0.717422 0.000000 0.696639 0.721497 0.721497 0.721497
5976.104980 0.000000 3416.734619 0.000000 0.767015 0.000000 0.641630 0.729043 0.729043 0.729043
6002.298828 0.000000 3396.837891 0.000000 0.364872 0.000000 -0.931058 0.921956 0.921956 0.921956
6008.997070 0.000000 3404.590088 0.000000 0.453846 0.000000 0.891080 0.687984 0.687984 0.687984
6003.385254 0.000000 3409.851318 0.000000 0.358872 0.000000 0.933387 0.677388 0.677388 0.677388
6013.910156 0.000000 3416.160156 0.000000 0.071729 0.000000 0.997424 0.647313 0.647313 0.647313
6010.218262 0.000000 3400.236328 0.000000 0.500946 0.000000 0.865479 0.693445 0.693445 0.693445
6008.142578 0.000000 3398.482178 0.000000 0.996530 0.000000 0.083234 0.791512 0.791512 0.791512
6012.661133 0.000000 3419.015381 0.000000 0.837982 0.000000 0.545697 0.741205 0.741205 0.741205
6011.850586 0.000000 3414.787354 0.000000 0.070280 0.000000 0.997527 0.647165 0.647165 0.647165
6009.492188 0.000000 3406.982666 0.000000 0.840649 0.000000 0.541581 0.741704 0.741704 0.741704
6010.753906 0.000000 3403.006104 0.000000 0.590481 0.000000 0.807051 0.704340 0.704340 0.704340
6005.784668 0.000000 3410.083740 0.000000 0.912590 0.000000 -0.408875 0.842905 0.842905 0.842905
6003.375977 0.000000 3398.437500 0.000000 0.984943 0.000000 -0.172879 0.817698 0.817698 0.817698
6000.619141 0.000000 3421.994385 0.000000 0.613926 0.000000 -0.789363 0.892669 0.892669 0.892669
6007.719238 0.000000 3406.527588 0.000000 0.760888 0.000000 0.648883 0.728076 0.728076 0.728076
6013.241211 0.000000 3408.319336 0.000000 0.505573 0.000000 0.862784 0.693990 0.693990 0.693990
6007.118652 0.000000 3416.420898 0.000000 0.998203 0.000000 -0.059919 0.806107 0.806107 0.806107
6008.412109 0.000000 3400.181885 0.000000 0.581746 0.000000 0.813371 0.703242 0.703242 0.703242
6001.212402 0.000000 3415.082520 0.000000 0.997559 0.000000 -0.069834 0.807119 0.807119 0.807119
6006.532715 0.000000 3399.204834 0.000000 0.181649 0.000000 -0.983363 0.941394 0.941394 0.941394
6006.054688 0.000000 3406.884521 0.000000 0.509359 0.000000 0.860554 0.694438 0.694438 0.694438
6012.450195 0.000000 3409.675049 0.000000 0.990095 0.000000 -0.140400 0.814349 0.814349 0.814349
6000.650391 0.000000 3413.718018 0.000000 0.980594 0.000000 -0.196051 0.820100 0.820100 0.820100
6009.961914 0.000000 3401.663330 0.000000 0.200004 0.000000 0.979795 0.660511 0.660511 0.660511
6008.500977 0.000000 3407.857422 0.000000 0.286515 0.000000 -0.958076 0.930401 0.930401 0.930401
6007.079102 0.000000 3413.358887 0.000000 0.965652 0.000000 0.259838 0.773226 0.773226 0.773226
6001.116699 0.000000 3412.515381 0.000000 0.127726 0.000000 0.991809 0.653046 0.653046 0.653046
6014.795898 0.000000 3412.927246 0.000000 0.726669 0.000000 -0.686988 0.877142 0.877142 0.877142
5989.100586 0.000000 3417.112061 0.000000 0.959965 0.000000 0.280120 0.771080 0.771080 0.771080
6010.246094 0.000000 3407.975342 0.000000 0.586682 0.000000 0.809817 0.703861 0.703861 0.703861
6010.777832 0.000000 3414.174561 0.000000 0.823016 0.000000 0.568018 0.738467 0.738467 0.738467
6003.788574 0.000000 3399.578613 0.000000 0.441646 0.000000 0.897189 0.686594 0.686594 0.686594
6007.393066 0.000000 3401.908691 0.000000 0.839176 0.000000 0.543861 0.741428 0.741428 0.741428
6011.367188 0.000000 3422.042969 0.000000 0.418106 0.000000 -0.908398 0.916062 0.916062 0.916062
6001.978516 0.000000 3420.712158 0.000000 0.643932 0.000000 -0.765082 0.888737 0.888737 0.888737
6004.681641 0.000000 3398.734863 0.000000 0.996174 0.000000 0.087388 0.791087 0.791087 0.791087
6008.995605 0.000000 3401.131592 0.000000 0.882861 0.000000 -0.469633 0.849796 0.849796 0.849796
6007.594727 0.000000 3399.433838 0.000000 0.977091 0.000000 -0.212821 0.821845 0.821845 0.821845
5998.035645 0.000000 3417.937256 0.000000 0.153330 0.000000 -0.988175 0.944320 0.944320 0.944320
6000.246094 0.000000 3421.000244 0.000000 0.775668 0.000000 0.631142 0.730428 0.730428 0.730428
6003.934570 0.000000 3408.558594 0.000000 0.947241 0.000000 0.320523 0.766765 0.766765 0.766765
6006.631348 0.000000 3398.151123 0.000000 0.584883 0.000000 0.811118 0.703635 0.703635 0.703635
6013.380859 0.000000 3418.317139 0.000000 0.235594 0.000000 -0.971852 0.935775 0.935775 0.935775
6010.589844 0.000000 3418.689209 0.000000 0.941973 0.000000 -0.335688 0.834870 0.834870 0.834870
6006.116211 0.000000 3400.108398 0.000000 0.961848 0.000000 -0.273583 0.828227 0.828227 0.828227
6006.983398 0.000000 3407.268555 0.000000 0.776026 0.000000 0.630701 0.730486 0.730486 0.730486
6002.552734 0.000000 3397.812988 0.000000 0.371957 0.000000 0.928250 0.678820 0.678820 0.678820
6007.968262 0.000000 3401.107666 0.000000 0.979805 0.000000 0.199955 0.779495 0.779495 0.779495
6001.523926 0.000000 3421.631836 0.000000 0.729273 0.000000 -0.684223 0.876755 0.876755 0.876755
6011.892578 0.000000 3422.906250 0.000000 0.990253 0.000000 0.139281 0.785767 0.785767 0.785767
6011.377441 0.000000 3407.436279 0.000000 0.649703 0.000000 -0.760188 0.887966 0.887966 0.887966
6005.566406 0.000000 3399.129639 0.000000 0.972941 0.000000 0.231055 0.776250 0.776250 0.776250
6007.388184 0.000000 3417.306396 0.000000 0.967246 0.000000 0.253842 0.773858 0.773858 0.773858
6000.265625 0.000000 3412.849609 0.000000 0.492147 0.000000 0.870512 0.692412 0.692412 0.692412
6001.411133 0.000000 3414.193115 0.000000 0.364313 0.000000 -0.931277 0.922017 0.922017 0.922017
5989.449219 0.000000 3416.269775 0.000000 0.999405 0.000000 -0.034488 0.803514 0.803514 0.803514
6005.016602 0.000000 3402.180176 0.000000 0.816326 0.000000 0.577592 0.737278 0.737278 0.737278
6003.278320 0.000000 3396.114746 0.000000 0.221717 0.000000 0.975111 0.662773 0.662773 0.662773
6009.611816 0.000000 3426.548828 0.000000 0.020148 0.000000 0.999797 0.642052 0.642052 0.642052
6001.250977 0.000000 3429.260742 0.000000 0.519230 0.000000 0.854635 0.695610 0.695610 0.695610
6008.390137 0.000000 3426.836182 0.000000 0.072042 0.000000 -0.997402 0.952655 0.952655 0.952655
5984.447266 0.000000 3423.268799 0.000000 0.795475 0.000000 -0.605987 0.866311 0.866311 0.866311
6011.960449 0.000000 3423.593750 0.000000 0.999146 0.000000 0.041316 0.795790 0.795790 0.795790
6009.979004 0.000000 3427.400879 0.000000 0.835277 0.000000 0.549829 0.740702 0.740702 0.740702
6015.573242 0.000000 3410.229980 0.000000 0.274424 0.000000 -0.961609 0.931684 0.931684 0.931684
6035.770508 0.000000 3405.830566 0.000000 0.123770 0.000000 -0.992311 0.947361 0.947361 0.947361
6038.402832 0.000000 3405.318604 0.000000 0.807672 0.000000 -0.589632 0.864233 0.864233 0.864233
6029.669922 0.000000 3394.318604 0.000000 0.098310 0.000000 -0.995156 0.949970 0.949970 0.949970
6023.548828 0.000000 3414.775635 0.000000 0.765028 0.000000 0.643996 0.728728 0.728728 0.728728
6026.355957 0.000000 3412.083496 0.000000 0.218235 0.000000 -0.975896 0.937590 0.937590 0.937590
6022.606934 0.000000 3405.214355 0.000000 0.526579 0.000000 0.850126 0.696488 0.696488 0.696488
6015.764648 0.000000 3412.118896 0.000000 0.684823 0.000000 -0.728710 0.883161 0.883161 0.883161
6016.977539 0.000000 3405.861572 0.000000 0.977415 0.000000 -0.211329 0.821689 0.821689 0.821689
6035.148438 0.000000 3407.479980 0.000000 0.597990 0.000000 -0.801504 0.894709 0.894709 0.894709
6026.934570 0.000000 3402.722412 0.000000 0.734137 0.000000 -0.679002 0.876028 0.876028 0.876028
6024.602051 0.000000 3396.527100 0.000000 0.916855 0.000000 -0.399220 0.841830 0.841830 0.841830
6020.653320 0.000000 3398.487305 0.000000 0.744946 0.000000 -0.667125 0.874392 0.874392 0.874392
6022.179199 0.000000 3403.582031 0.000000 0.676604 0.000000 -0.736347 0.884304 0.884304 0.884304
6034.209961 0.000000 3406.127197 0.000000 0.861186 0.000000 0.508290 0.745689 0.745689 0.745689
6023.195312 0.000000 3402.002441 0.000000 0.187057 0.000000 -0.982349 0.940834 0.940834 0.940834
6016.961914 0.000000 3398.982666 0.000000 0.042433 0.000000 -0.999099 0.955676 0.955676 0.955676
6025.697266 0.000000 3405.627686 0.000000 0.916052 0.000000 0.401059 0.757966 0.757966 0.757966
6024.270020 0.000000 3404.808105 0.000000 0.914983 0.000000 -0.403492 0.842305 0.842305 0.842305
6019.291504 0.000000 3405.499756 0.000000 0.205196 0.000000 0.978721 0.661051 0.661051 0.661051
6039.594238 0.000000 3404.417969 0.000000 0.952404 0.000000 0.304839 0.768447 0.768447 0.768447
6028.451172 0.000000 3395.967285 0.000000 0.751059 0.000000 -0.660235 0.873454 0.873454 0.873454
6029.904785 0.000000 3407.269775 0.000000 0.580962 0.000000 -0.813931 0.896856 0.896856 0.896856
6026.316895 0.000000 3410.795654 0.000000 0.990296 0.000000 0.138977 0.785798 0.785798 0.785798
6027.299316 0.000000 3412.893066 0.000000 0.985671 0.000000 0.168681 0.782736 0.782736 0.782736
6015.298828 0.000000 3417.545410 0.000000 0.156382 0.000000 -0.987697 0.944005 0.944005 0.944005
6025.424316 0.000000 3400.815918 0.000000 0.981812 0.000000 0.189856 0.780543 0.780543 0.780543
6028.630371 0.000000 3411.072998 0.000000 0.404102 0.000000 0.914714 0.682373 0.682373 0.682373
6022.449707 0.000000 3414.381104 0.000000 0.464605 0.000000 -0.885518 0.910783 0.910783 0.910783
6019.947754 0.000000 3401.120361 0.000000 0.361844 0.000000 0.932239 0.677713 0.677713 0.677713
6016.031738 0.000000 3398.303955 0.000000 0.274872 0.000000 0.961481 0.668363 0.668363 0.668363
6026.242188 0.000000 3413.232178 0.000000 0.825537 0.000000 0.564348 0.738921 0.738921 0.738921
6029.794922 0.000000 3406.023682 0.000000 0.130743 0.000000 -0.991416 0.946644 0.946644 0.946644
6023.080566 0.000000 3407.575195 0.000000 0.216207 0.000000 0.976348 0.662198 0.662198 0.662198
6027.969727 0.000000 3402.849121 0.000000 0.876746 0.000000 0.480954 0.748893 0.748893 0.748893
6021.267578 0.000000 3399.406006 0.000000 0.479359 0.000000 -0.877619 0.909078 0.909078 0.909078
6026.028320 0.000000 3403.177246 0.000000 0.274127 0.000000 0.961694 0.668284 0.668284 0.668284
6023.613281 0.000000 3405.567627 0.000000 0.902300 0.000000 -0.431109 0.845401 0.845401 0.845401
6017.831543 0.000000 3405.378662 0.000000 0.501036 0.000000 0.865427 0.693455 0.693455 0.693455
6032.728516 0.000000 3393.289307 0.000000 0.845821 0.000000 0.533467 0.742684 0.742684 0.742684
6016.417969 0.000000 3405.096924 0.000000 0.274975 0.000000 0.961451 0.668374 0.668374 0.668374
6029.470215 0.000000 3395.313477 0.000000 0.999856 0.000000 -0.016982 0.801730 0.801730 0.801730
6035.019043 0.000000 3406.594482 0.000000 0.714232 0.000000 -0.699909 0.878968 0.878968 0.878968
6034.294922 0.000000 3428.830078 0.000000 0.727369 0.000000 0.686246 0.722962 0.722962 0.722962
6036.395996 0.000000 3451.462402 0.000000 0.514047 0.000000 0.857762 0.694993 0.694993 0.694993
6039.973633 0.000000 3450.113037 0.000000 0.989884 0.000000 0.141877 0.785500 0.785500 0.785500
6038.402832 0.000000 3437.310791 0.000000 0.502708 0.000000 -0.864456 0.906348 0.906348 0.906348
6043.846680 0.000000 3446.779541 0.000000 0.702917 0.000000 -0.711272 0.880602 0.880602 0.880602
6040.833008 0.000000 3447.843994 0.000000 0.493657 0.000000 0.869657 0.692589 0.692589 0.692589
6035.741699 0.000000 3443.994141 0.000000 0.303839 0.000000 -0.952724 0.928554 0.928554 0.928554
6033.181641 0.000000 3433.911621 0.000000 0.290472 0.000000 -0.956884 0.929980 0.929980 0.929980
6038.075684 0.000000 3450.456543 0.000000 0.893034 0.000000 0.449990 0.752457 0.752457 0.752457
6031.052734 0.000000 3450.481201 0.000000 0.477331 0.000000 -0.878724 0.909313 0.909313 0.909313
6033.594727 0.000000 3430.314941 0.000000 0.366499 0.000000 0.930418 0.678222 0.678222 0.678222
6034.963867 0.000000 3436.356445 0.000000 0.575871 0.000000 -0.817541 0.897492 0.897492 0.897492
6032.920410 0.000000 3452.168213 0.000000 0.905078 0.000000 -0.425245 0.844740 0.844740 0.844740
6034.209961 0.000000 3438.119385 0.000000 0.491784 0.000000 0.870717 0.692370 0.692370 0.692370
6037.562988 0.000000 3452.563232 0.000000 0.933707 0.000000 -0.358039 0.837297 0.837297 0.837297
6033.117676 0.000000 3448.674805 0.000000 0.448893 0.000000 -0.893585 0.912582 0.912582 0.912582
6032.096680 0.000000 3435.020996 0.000000 0.941497 0.000000 0.337021 0.764986 0.764986 0.764986
6023.441406 0.000000 3450.254883 0.000000 0.134890 0.000000 -0.990861 0.946218 0.946218 0.946218
6039.594238 0.000000 3436.410156 0.000000 0.905345 0.000000 0.424677 0.755324 0.755324 0.755324
6035.561035 0.000000 3445.330811 0.000000 0.217911 0.000000 0.975969 0.662376 0.662376 0.662376
6034.891602 0.000000 3443.060303 0.000000 0.999239 0.000000 0.039011 0.796025 0.796025 0.796025
6042.242188 0.000000 3439.967529 0.000000 0.028353 0.000000 0.999598 0.642888 0.642888 0.642888
6042.773926 0.000000 3446.166748 0.000000 0.991603 0.000000 0.129322 0.786790 0.786790 0.786790
6022.016113 0.000000 3454.309814 0.000000 0.893915 0.000000 -0.448236 0.847343 0.847343 0.847343
6038.359375 0.000000 3449.325195 0.000000 0.581392 0.000000 -0.813624 0.896803 0.896803 0.896803
6033.974609 0.000000 3452.704346 0.000000 0.197683 0.000000 0.980266 0.660269 0.660269 0.660269
6033.383301 0.000000 3432.708740 0.000000 0.788257 0.000000 -0.615346 0.867515 0.867515 0.867515
6039.985840 0.000000 3447.131104 0.000000 0.717699 0.000000 -0.696353 0.878462 0.878462 0.878462
6032.242188 0.000000 3452.992432 0.000000 0.608515 0.000000 0.793542 0.706635 0.706635 0.706635
6034.162109 0.000000 3442.327148 0.000000 0.701208 0.000000 0.712957 0.719154 0.719154 0.719154
6040.030273 0.000000 3454.808350 0.000000 0.131045 0.000000 -0.991376 0.946613 0.946613 0.946613
6032.500000 0.000000 3430.415283 0.000000 0.562152 0.000000 -0.827034 0.899192 0.899192 0.899192
6034.184570 0.000000 3439.116699 0.000000 0.991320 0.000000 0.131472 0.786569 0.786569 0.786569
6031.982910 0.000000 3450.217285 0.000000 0.017585 0.000000 -0.999845 0.958209 0.958209 0.958209
6043.373535 0.000000 3439.428467 0.000000 0.904926 0.000000 0.425568 0.755224 0.755224 0.755224
6034.964355 0.000000 3437.343018 0.000000 0.298937 0.000000 -0.954273 0.929078 0.929078 0.929078
6022.607910 0.000000 3455.078613 0.000000 0.584370 0.000000 0.811487 0.703571 0.703571 0.703571
6037.269531 0.000000 3451.106689 0.000000 0.109316 0.000000 0.994007 0.651157 0.651157 0.651157
6035.019043 0.000000 3438.586670 0.000000 0.944356 0.000000 -0.328926 0.834140 0.834140 0.834140
6033.442383 0.000000 3449.519287 0.000000 0.940521 0.000000 0.339736 0.764692 0.764692 0.764692
6035.274414 0.000000 3428.106934 0.000000 0.955625 0.000000 -0.294586 0.830458 0.830458 0.830458
6040.531738 0.000000 3438.916016 0.000000 0.989511 0.000000 0.144456 0.785234 0.785234 0.785234
6038.111816 0.000000 3446.531494 0.000000 0.947616 0.000000 -0.319413 0.833115 0.833115 0.833115
6052.401367 0.000000 3440.591064 0.000000 0.715963 0.000000 -0.698138 0.878716 0.878716 0.878716
6054.063477 0.000000 3439.145020 0.000000 0.348033 0.000000 -0.937482 0.923792 0.923792 0.923792
6055.076172 0.000000 3438.416016 0.000000 0.985154 0.000000 -0.171672 0.817573 0.817573 0.817573
6055.076660 0.000000 3439.567383 0.000000 0.124333 0.000000 -0.992241 0.947303 0.947303 0.947303
6052.650879 0.000000 3441.587891 0.000000 0.066602 0.000000 0.997780 0.646789 0.646789 0.646789
6036.755859 0.000000 3458.459961 0.000000 0.042732 0.000000 0.999087 0.644354 0.644354 0.644354
6027.065918 0.000000 3456.870117 0.000000 0.661457 0.000000 0.749983 0.713620 0.713620 0.713620
6033.265625 0.000000 3459.580322 0.000000 0.364232 0.000000 0.931308 0.677974 0.677974 0.677974
6032.456055 0.000000 3458.190918 0.000000 0.439861 0.000000 -0.898066 0.913609 0.913609 0.913609
6033.562500 0.000000 3456.893311 0.000000 0.688698 0.000000 -0.725048 0.882618 0.882618 0.882618
6037.628418 0.000000 3458.905762 0.000000 0.567559 0.000000 -0.823333 0.898524 0.898524 0.898524
6032.728516 0.000000 3457.273682 0.000000 0.096129 0.000000 0.995369 0.649807 0.649807 0.649807
6033.337891 0.000000 3458.622070 0.000000 0.948205 0.000000 -0.317658 0.832927 0.832927 0.832927
6050.031738 0.000000 3473.960693 0.000000 0.905084 0.000000 -0.425234 0.844739 0.844739 0.844739
6057.290039 0.000000 3466.473389 0.000000 0.826525 0.000000 0.562900 0.739099 0.739099 0.739099
6051.553223 0.000000 3473.859131 0.000000 0.881805 0.000000 0.471615 0.749975 0.749975 0.749975
6052.243652 0.000000 3459.162109 0.000000 0.829484 0.000000 0.558530 0.739637 0.739637 0.739637
6053.413086 0.000000 3468.655029 0.000000 0.965748 0.000000 -0.259483 0.826737 0.826737 0.826737
6056.981934 0.000000 3467.660400 0.000000 0.340256 0.000000 -0.940333 0.924636 0.924636 0.924636
6052.846680 0.000000 3459.944336 0.000000 0.986295 0.000000 0.164994 0.783117 0.783117 0.783117
6642.070801 0.000000 2050.565186 0.000000 0.113394 0.000000 0.993550 0.651575 0.651575 0.651575
6631.502441 0.000000 2047.522705 0.000000 0.990737 0.000000 0.135798 0.786125 0.786125 0.786125
6643.329590 0.000000 2051.494385 0.000000 0.224211 0.000000 0.974541 0.663034 0.663034 0.663034
6643.630371 0.000000 2050.204102 0.000000 0.750293 0.000000 0.661106 0.726428 0.726428 0.726428
6650.748047 0.000000 2050.350830 0.000000 0.975512 0.000000 -0.219947 0.822588 0.822588 0.822588
6301.399902 0.000000 2484.948242 0.000000 0.353948 0.000000 0.935265 0.676852 0.676852 0.676852
6295.199219 0.000000 2480.486328 0.000000 0.429223 0.000000 -0.903198 0.914812 0.914812 0.914812
6283.502930 0.000000 2482.542725 0.000000 0.037646 0.000000 0.999291 0.643836 0.643836 0.643836
6292.364746 0.000000 2491.696777 0.000000 0.053577 0.000000 0.998564 0.645460 0.645460 0.645460
6302.006348 0.000000 2482.099609 0.000000 0.010464 0.000000 -0.999945 0.958934 0.958934 0.958934
6295.942383 0.000000 2490.347412 0.000000 0.941848 0.000000 0.336039 0.765092 0.765092 0.765092
6294.952637 0.000000 2486.896240 0.000000 0.336945 0.000000 -0.941525 0.924994 0.924994 0.924994
6278.425781 0.000000 2483.183350 0.000000 0.276349 0.000000 -0.961057 0.931480 0.931480 0.931480
6284.702148 0.000000 2478.069336 0.000000 0.479147 0.000000 -0.877735 0.909103 0.909103 0.909103
6285.912109 0.000000 2489.095459 0.000000 0.371877 0.000000 0.928282 0.678811 0.678811 0.678811
6283.556641 0.000000 2491.989990 0.000000 0.966120 0.000000 -0.258094 0.826590 0.826590 0.826590
6295.083496 0.000000 2488.647461 0.000000 0.011392 0.000000 0.999935 0.641160 0.641160 0.641160
6302.723633 0.000000 2475.215088 0.000000 0.628478 0.000000 0.777827 0.709223 0.709223 0.709223
6286.350586 0.000000 2484.181396 0.000000 0.742784 0.000000 0.669531 0.725278 0.725278 0.725278
6292.537598 0.000000 2483.069092 0.000000 0.685875 0.000000 -0.727720 0.883014 0.883014 0.883014
6284.520996 0.000000 2479.490234 0.000000 0.310317 0.000000 0.950633 0.672139 0.672139 0.672139
6295.203613 0.000000 2491.576416 0.000000 0.339542 0.000000 0.940591 0.675287 0.675287 0.675287
6299.618164 0.000000 2488.469971 0.000000 0.505266 0.000000 0.862964 0.693954 0.693954 0.693954
6285.873535 0.000000 2479.496338 0.000000 0.384638 0.000000 -0.923067 0.919784 0.919784 0.919784
6288.442383 0.000000 2481.199707 0.000000 0.604155 0.000000 0.796867 0.706077 0.706077 0.706077
6283.564941 0.000000 2483.857666 0.000000 0.626103 0.000000 -0.779740 0.891088 0.891088 0.891088
6292.637207 0.000000 2481.502197 0.000000 0.233453 0.000000 -0.972368 0.935999 0.935999 0.935999
6284.735840 0.000000 2489.760742 0.000000 0.154796 0.000000 0.987946 0.655831 0.655831 0.655831
6289.081543 0.000000 2484.741943 0.000000 0.616924 0.000000 0.787023 0.707719 0.707719 0.707719
6292.835938 0.000000 2490.518311 0.000000 0.743618 0.000000 0.668605 0.725405 0.725405 0.725405
6283.987793 0.000000 2494.841797 0.000000 0.767184 0.000000 0.641427 0.729070 0.729070 0.729070
6294.328125 0.000000 2489.559570 0.000000 0.664731 0.000000 0.747083 0.714065 0.714065 0.714065
6294.075684 0.000000 2491.783203 0.000000 0.988254 0.000000 0.152823 0.784372 0.784372 0.784372
6301.951660 0.000000 2485.827637 0.000000 0.956961 0.000000 -0.290218 0.829993 0.829993 0.829993
6293.167480 0.000000 2483.895264 0.000000 0.275418 0.000000 0.961325 0.668421 0.668421 0.668421
6295.182617 0.000000 2484.170166 0.000000 0.456343 0.000000 0.889804 0.688269 0.688269 0.688269
6283.025391 0.000000 2491.190430 0.000000 0.947063 0.000000 -0.321048 0.833291 0.833291 0.833291
6293.238281 0.000000 2491.341064 0.000000 0.466676 0.000000 0.884428 0.689456 0.689456 0.689456
6288.230469 0.000000 2485.076172 0.000000 0.991797 0.000000 0.127823 0.786944 0.786944 0.786944
6285.628418 0.000000 2484.778809 0.000000 0.625821 0.000000 -0.779967 0.891125 0.891125 0.891125
6283.425781 0.000000 2494.095703 0.000000 0.884380 0.000000 0.466768 0.750534 0.750534 0.750534
6294.080566 0.000000 2486.765869 0.000000 0.326246 0.000000 -0.945285 0.926149 0.926149 0.926149
6303.538086 0.000000 2482.456543 0.000000 0.685974 0.000000 -0.727626 0.883000 0.883000 0.883000
6318.227051 0.000000 2470.174072 0.000000 0.505271 0.000000 -0.862961 0.906046 0.906046 0.906046
6330.796875 0.000000 2467.368408 0.000000 0.585693 0.000000 -0.810533 0.896263 0.896263 0.896263
6303.862305 0.000000 2474.097900 0.000000 0.999320 0.000000 -0.036878 0.803757 0.803757 0.803757
6320.137207 0.000000 2469.705322 0.000000 0.928093 0.000000 0.372348 0.761137 0.761137 0.761137
6309.881348 0.000000 2481.587646 0.000000 0.247633 0.000000 0.968854 0.665489 0.665489 0.665489
6332.067871 0.000000 2468.311768 0.000000 0.997186 0.000000 -0.074971 0.807644 0.807644 0.807644
6303.393555 0.000000 2475.411865 0.000000 0.969188 0.000000 0.246320 0.774649 0.774649 0.774649
6319.392090 0.000000 2470.855713 0.000000 0.725822 0.000000 -0.687883 0.877267 0.877267 0.877267
6321.211914 0.000000 2469.495117 0.000000 0.621879 0.000000 -0.783113 0.891638 0.891638 0.891638
6334.747070 0.000000 2468.111572 0.000000 0.361460 0.000000 0.932387 0.677671 0.677671 0.677671
6308.619629 0.000000 2481.822266 0.000000 0.549491 0.000000 -0.835500 0.900743 0.900743 0.900743
6303.299316 0.000000 2483.443115 0.000000 0.986446 0.000000 -0.164089 0.816790 0.816790 0.816790
6332.924805 0.000000 2468.808105 0.000000 0.466705 0.000000 -0.884413 0.910541 0.910541 0.910541
6331.338379 0.000000 2479.662842 0.000000 0.907317 0.000000 0.420448 0.755799 0.755799 0.755799
6335.296875 0.000000 2469.591309 0.000000 0.446246 0.000000 0.894910 0.687117 0.687117 0.687117
6283.882812 0.000000 2501.451904 0.000000 0.212930 0.000000 -0.977067 0.938144 0.938144 0.938144
6282.164551 0.000000 2500.348389 0.000000 0.332613 0.000000 -0.943063 0.925462 0.925462 0.925462
6289.531250 0.000000 2497.127686 0.000000 0.620071 0.000000 0.784545 0.708127 0.708127 0.708127
6280.062500 0.000000 2498.437012 0.000000 0.569895 0.000000 -0.821718 0.898235 0.898235 0.898235
6283.284180 0.000000 2500.451660 0.000000 0.227262 0.000000 0.973834 0.663353 0.663353 0.663353
6288.697266 0.000000 2497.508057 0.000000 0.720817 0.000000 0.693125 0.721995 0.721995 0.721995
6343.674805 0.000000 2539.653076 0.000000 0.255321 0.000000 0.966856 0.666298 0.666298 0.666298
6356.797363 0.000000 2544.176758 0.000000 0.491020 0.000000 0.871148 0.692280 0.692280 0.692280
6345.461426 0.000000 2544.360840 0.000000 0.963935 0.000000 0.266139 0.772561 0.772561 0.772561
6346.316895 0.000000 2548.294434 0.000000 0.510485 0.000000 0.859887 0.694571 0.694571 0.694571
6350.813965 0.000000 2536.261719 0.000000 0.464082 0.000000 0.885792 0.689157 0.689157 0.689157
6339.388184 0.000000 2533.664551 0.000000 0.274524 0.000000 -0.961580 0.931674 0.931674 0.931674
6354.924805 0.000000 2540.575195 0.000000 0.206095 0.000000 -0.978532 0.938856 0.938856 0.938856
6341.280762 0.000000 2548.211426 0.000000 0.727236 0.000000 -0.686387 0.877057 0.877057 0.877057
6338.062500 0.000000 2533.111084 0.000000 0.791741 0.000000 -0.610857 0.866936 0.866936 0.866936
6357.153320 0.000000 2542.144043 0.000000 0.990078 0.000000 0.140517 0.785640 0.785640 0.785640
6340.118164 0.000000 2548.704102 0.000000 0.292642 0.000000 -0.956222 0.929749 0.929749 0.929749
6344.594238 0.000000 2545.278564 0.000000 0.996655 0.000000 0.081722 0.791667 0.791667 0.791667
6356.286133 0.000000 2543.061279 0.000000 0.772338 0.000000 0.635212 0.729892 0.729892 0.729892
6339.588867 0.000000 2535.322754 0.000000 0.727032 0.000000 0.686603 0.722912 0.722912 0.722912
6341.228516 0.000000 2535.616943 0.000000 0.369011 0.000000 0.929425 0.678497 0.678497 0.678497
6342.319824 0.000000 2538.762695 0.000000 0.048907 0.000000 0.998803 0.644984 0.644984 0.644984
6350.557617 0.000000 2537.187988 0.000000 0.816924 0.000000 0.576745 0.737383 0.737383 0.737383
6338.979980 0.000000 2532.800049 0.000000 0.880049 0.000000 0.474882 0.749597 0.749597 0.749597
6351.712402 0.000000 2536.266602 0.000000 0.242719 0.000000 -0.970097 0.935028 0.935028 0.935028
6338.694824 0.000000 2534.260010 0.000000 0.510419 0.000000 -0.859926 0.905437 0.905437 0.905437
6484.862305 0.000000 2494.284912 0.000000 0.991148 0.000000 0.132760 0.786437 0.786437 0.786437
6485.638672 0.000000 2495.007568 0.000000 0.014346 0.000000 0.999897 0.641461 0.641461 0.641461
6484.479004 0.000000 2495.535645 0.000000 0.626598 0.000000 0.779342 0.708977 0.708977 0.708977
6483.326660 0.000000 2514.070068 0.000000 0.923452 0.000000 0.383715 0.759886 0.759886 0.759886
6489.433594 0.000000 2511.201416 0.000000 0.971036 0.000000 0.238934 0.775425 0.775425 0.775425
6483.687012 0.000000 2516.220703 0.000000 0.716720 0.000000 -0.697361 0.878606 0.878606 0.878606
6482.836914 0.000000 2515.286865 0.000000 0.799586 0.000000 0.600551 0.734383 0.734383 0.734383
6490.436035 0.000000 2500.507812 0.000000 0.049395 0.000000 -0.998779 0.954967 0.954967 0.954967
6482.338867 0.000000 2499.897705 0.000000 0.951654 0.000000 -0.307173 0.831803 0.831803 0.831803
6482.107422 0.000000 2514.553711 0.000000 0.581509 0.000000 -0.813540 0.896788 0.896788 0.896788
6482.909668 0.000000 2509.569580 0.000000 0.414196 0.000000 -0.910187 0.916500 0.916500 0.916500
6486.164551 0.000000 2520.665039 0.000000 0.267732 0.000000 0.963494 0.667608 0.667608 0.667608
6661.648438 0.000000 2047.796753 0.000000 0.718519 0.000000 -0.695507 0.878343 0.878343 0.878343
6663.498535 0.000000 2047.522705 0.000000 0.966336 0.000000 0.257284 0.773495 0.773495 0.773495
6660.528320 0.000000 2047.723511 0.000000 0.884924 0.000000 -0.465736 0.849347 0.849347 0.849347
6806.890137 0.000000 2102.989990 0.000000 0.756116 0.000000 0.654438 0.727330 0.727330 0.727330
6807.621582 0.000000 2094.847900 0.000000 0.065386 0.000000 0.997860 0.646665 0.646665 0.646665
6800.379883 0.000000 2097.293457 0.000000 0.954427 0.000000 0.298445 0.769130 0.769130 0.769130
6807.892090 0.000000 2103.459229 0.000000 0.643152 0.000000 0.765738 0.711160 0.711160 0.711160
6813.222168 0.000000 2109.456055 0.000000 0.905466 0.000000 -0.424420 0.844647 0.844647 0.844647
6812.980469 0.000000 2108.319824 0.000000 0.590557 0.000000 -0.806996 0.895651 0.895651 0.895651
6806.885742 0.000000 2095.588867 0.000000 0.270694 0.000000 0.962665 0.667921 0.667921 0.667921
6812.021484 0.000000 2108.057129 0.000000 0.525677 0.000000 0.850684 0.696380 0.696380 0.696380
6806.018066 0.000000 2102.859619 0.000000 0.763512 0.000000 0.645794 0.728489 0.728489 0.728489
6844.559570 0.000000 2107.335693 0.000000 0.009432 0.000000 0.999956 0.640961 0.640961 0.640961
6823.451172 0.000000 2103.095947 0.000000 0.984943 0.000000 0.172881 0.782302 0.782302 0.782302
6817.662109 0.000000 2108.393311 0.000000 0.957778 0.000000 -0.287510 0.829705 0.829705 0.829705
6843.096191 0.000000 2107.844238 0.000000 0.461693 0.000000 -0.887040 0.911117 0.911117 0.911117
6823.341797 0.000000 2104.495117 0.000000 0.999375 0.000000 -0.035361 0.803603 0.803603 0.803603
6843.426270 0.000000 2106.500488 0.000000 0.642370 0.000000 0.766394 0.711056 0.711056 0.711056
6846.694336 0.000000 2101.247559 0.000000 0.802239 0.000000 0.597002 0.734835 0.734835 0.734835
6817.947266 0.000000 2102.701416 0.000000 0.991694 0.000000 0.128620 0.786862 0.786862 0.786862
6819.967773 0.000000 2105.581543 0.000000 0.891555 0.000000 -0.452913 0.847877 0.847877 0.847877
6845.279297 0.000000 2106.637451 0.000000 0.353160 0.000000 0.935563 0.676766 0.676766 0.676766
6816.559082 0.000000 2098.389648 0.000000 0.300147 0.000000 0.953893 0.671052 0.671052 0.671052
6819.526367 0.000000 2104.224609 0.000000 0.251052 0.000000 0.967974 0.665848 0.665848 0.665848
6852.451660 0.000000 2104.241211 0.000000 0.363471 0.000000 -0.931605 0.922109 0.922109 0.922109
6856.624023 0.000000 2105.052002 0.000000 0.194831 0.000000 -0.980837 0.940027 0.940027 0.940027
6855.131836 0.000000 2110.400635 0.000000 0.910083 0.000000 -0.414426 0.843526 0.843526 0.843526
6859.300293 0.000000 2105.234863 0.000000 0.704580 0.000000 -0.709625 0.880363 0.880363 0.880363
6847.663086 0.000000 2100.439209 0.000000 0.430820 0.000000 -0.902438 0.914632 0.914632 0.914632
6858.162109 0.000000 2104.378418 0.000000 0.746940 0.000000 0.664891 0.725913 0.725913 0.725913
6853.082520 0.000000 2098.800293 0.000000 0.628479 0.000000 -0.777826 0.890777 0.890777 0.890777
6860.665527 0.000000 2105.854492 0.000000 0.353337 0.000000 0.935496 0.676785 0.676785 0.676785
6852.995117 0.000000 2105.432373 0.000000 0.952707 0.000000 0.303892 0.768548 0.768548 0.768548
6851.963867 0.000000 2105.581543 0.000000 0.301808 0.000000 -0.953369 0.928771 0.928771 0.928771
6854.506348 0.000000 2111.406738 0.000000 0.975087 0.000000 -0.221824 0.822784 0.822784 0.822784
6862.741699 0.000000 2105.855713 0.000000 0.451612 0.000000 -0.892214 0.912272 0.912272 0.912272
6832.848145 0.000000 2170.586670 0.000000 0.711116 0.000000 -0.703074 0.879421 0.879421 0.879421
6829.116211 0.000000 2171.037354 0.000000 0.471520 0.000000 -0.881855 0.909986 0.909986 0.909986
6840.163574 0.000000 2166.264648 0.000000 0.973838 0.000000 0.227245 0.776649 0.776649 0.776649
6843.551758 0.000000 2168.548096 0.000000 0.340268 0.000000 0.940328 0.675366 0.675366 0.675366
6846.738770 0.000000 2169.166260 0.000000 0.601484 0.000000 -0.798885 0.894264 0.894264 0.894264
6838.261719 0.000000 2169.637695 0.000000 0.489326 0.000000 0.872101 0.692082 0.692082 0.692082
6840.985352 0.000000 2167.052002 0.000000 0.891745 0.000000 -0.452538 0.847834 0.847834 0.847834
6839.999512 0.000000 2169.039307 0.000000 0.912546 0.000000 -0.408975 0.842916 0.842916 0.842916
6840.330078 0.000000 2163.838135 0.000000 0.719287 0.000000 0.694713 0.721770 0.721770 0.721770
6831.766602 0.000000 2174.913574 0.000000 0.911948 0.000000 0.410306 0.756935 0.756935 0.756935
6828.440430 0.000000 2171.809326 0.000000 0.327580 0.000000 0.944823 0.673995 0.673995 0.673995
6841.346191 0.000000 2162.199951 0.000000 0.508433 0.000000 -0.861102 0.905672 0.905672 0.905672
6830.044434 0.000000 2174.758789 0.000000 0.362330 0.000000 -0.932050 0.922234 0.922234 0.922234
6839.286621 0.000000 2169.611084 0.000000 0.985591 0.000000 0.169145 0.782688 0.782688 0.782688
6838.121582 0.000000 2168.750977 0.000000 0.708738 0.000000 0.705471 0.720235 0.720235 0.720235
6860.994629 0.000000 2112.378662 0.000000 0.961016 0.000000 0.276493 0.771465 0.771465 0.771465
6877.936035 0.000000 2130.185547 0.000000 0.999812 0.000000 -0.019383 0.801974 0.801974 0.801974
6872.037109 0.000000 2118.794678 0.000000 0.227129 0.000000 -0.973865 0.936661 0.936661 0.936661
6875.347656 0.000000 2125.620361 0.000000 0.946287 0.000000 0.323327 0.766464 0.766464 0.766464
6858.964355 0.000000 2113.198242 0.000000 0.344839 0.000000 -0.938662 0.924139 0.924139 0.924139
6878.288086 0.000000 2124.839355 0.000000 0.189089 0.000000 -0.981960 0.940623 0.940623 0.940623
6860.364258 0.000000 2113.755615 0.000000 0.336174 0.000000 -0.941800 0.925077 0.925077 0.925077
6873.616211 0.000000 2119.122314 0.000000 0.756659 0.000000 -0.653810 0.872586 0.872586 0.872586
6865.460938 0.000000 2113.221436 0.000000 0.288029 0.000000 -0.957622 0.930240 0.930240 0.930240
6867.683105 0.000000 2119.891113 0.000000 0.634925 0.000000 -0.772574 0.889930 0.889930 0.889930
6873.044922 0.000000 2118.259521 0.000000 0.754101 0.000000 -0.656759 0.872983 0.872983 0.872983
6858.312500 0.000000 2112.355469 0.000000 1.000000 0.000000 -0.000227 0.800023 0.800023 0.800023
6866.636230 0.000000 2119.547852 0.000000 0.809377 0.000000 0.587290 0.736062 0.736062 0.736062
6878.150879 0.000000 2125.825928 0.000000 0.170225 0.000000 -0.985405 0.942576 0.942576 0.942576
6874.498047 0.000000 2119.678711 0.000000 0.142529 0.000000 -0.989791 0.945432 0.945432 0.945432
6864.626953 0.000000 2113.601807 0.000000 0.328679 0.000000 0.944442 0.674113 0.674113 0.674113
6877.059570 0.000000 2130.581055 0.000000 0.583808 0.000000 0.811892 0.703500 0.703500 0.703500
6879.510742 0.000000 2124.968262 0.000000 0.821939 0.000000 -0.569575 0.861726 0.861726 0.861726
6882.910645 0.000000 2122.286865 0.000000 0.337780 0.000000 0.941225 0.675096 0.675096 0.675096
6887.336914 0.000000 2128.885498 0.000000 0.205118 0.000000 -0.978737 0.938958 0.938958 0.938958
6889.994629 0.000000 2124.532715 0.000000 0.986526 0.000000 0.163606 0.783260 0.783260 0.783260
6880.533203 0.000000 2129.227539 0.000000 0.128183 0.000000 0.991751 0.653093 0.653093 0.653093
6890.829102 0.000000 2123.034912 0.000000 0.556143 0.000000 -0.831087 0.899930 0.899930 0.899930
6885.514160 0.000000 2115.710205 0.000000 0.877404 0.000000 0.479752 0.749033 0.749033 0.749033
6886.674316 0.000000 2120.950195 0.000000 0.731183 0.000000 0.682182 0.723530 0.723530 0.723530
6891.325684 0.000000 2122.093994 0.000000 0.274713 0.000000 -0.961526 0.931653 0.931653 0.931653
6888.517578 0.000000 2120.256348 0.000000 0.046349 0.000000 -0.998925 0.955277 0.955277 0.955277
6890.115234 0.000000 2122.280273 0.000000 0.158598 0.000000 0.987343 0.656223 0.656223 0.656223
6880.070312 0.000000 2128.352295 0.000000 0.919325 0.000000 0.393500 0.758805 0.758805 0.758805
6889.104004 0.000000 2125.018311 0.000000 0.934977 0.000000 -0.354708 0.836934 0.836934 0.836934
6857.647461 0.000000 2172.999756 0.000000 0.159145 0.000000 0.987255 0.656280 0.656280 0.656280
6847.389648 0.000000 2168.576904 0.000000 0.159237 0.000000 -0.987240 0.943711 0.943711 0.943711
6847.471680 0.000000 2162.534668 0.000000 0.995869 0.000000 0.090804 0.790738 0.790738 0.790738
6849.925293 0.000000 2170.338623 0.000000 0.799326 0.000000 0.600897 0.734339 0.734339 0.734339
6859.300293 0.000000 2169.219238 0.000000 0.999903 0.000000 0.013908 0.798583 0.798583 0.798583
6850.161621 0.000000 2164.077881 0.000000 0.807220 0.000000 -0.590251 0.864311 0.864311 0.864311
6858.162109 0.000000 2168.362793 0.000000 0.990900 0.000000 0.134603 0.786248 0.786248 0.786248
6848.542969 0.000000 2173.373291 0.000000 0.336894 0.000000 -0.941543 0.925000 0.925000 0.925000
6847.197266 0.000000 2169.850098 0.000000 0.754909 0.000000 0.655829 0.727142 0.727142 0.727142
6849.072754 0.000000 2171.244629 0.000000 0.708594 0.000000 0.705616 0.720215 0.720215 0.720215
6856.470215 0.000000 2173.473389 0.000000 0.999981 0.000000 0.006120 0.799377 0.799377 0.799377
6854.607910 0.000000 2162.302979 0.000000 0.829384 0.000000 0.558679 0.739619 0.739619 0.739619
6851.963379 0.000000 2167.390137 0.000000 0.968564 0.000000 0.248764 0.774392 0.774392 0.774392
6846.291992 0.000000 2188.823730 0.000000 0.828059 0.000000 -0.560641 0.860623 0.860623 0.860623
6836.363770 0.000000 2185.752686 0.000000 0.990410 0.000000 -0.138161 0.814118 0.814118 0.814118
6832.561523 0.000000 2175.578857 0.000000 0.459945 0.000000 0.887947 0.688682 0.688682 0.688682
6841.510254 0.000000 2178.853516 0.000000 0.621765 0.000000 0.783204 0.708347 0.708347 0.708347
6837.439941 0.000000 2185.226562 0.000000 0.999833 0.000000 0.018261 0.798140 0.798140 0.798140
6846.481445 0.000000 2183.595947 0.000000 0.663038 0.000000 0.748586 0.713835 0.713835 0.713835
6831.568359 0.000000 2175.983643 0.000000 0.878182 0.000000 -0.478326 0.850802 0.850802 0.850802
6836.091309 0.000000 2184.787842 0.000000 0.071636 0.000000 0.997431 0.647303 0.647303 0.647303
6838.060547 0.000000 2181.370605 0.000000 0.600231 0.000000 0.799827 0.705576 0.705576 0.705576
6852.580078 0.000000 2190.091064 0.000000 0.982800 0.000000 0.184671 0.781081 0.781081 0.781081
6855.340820 0.000000 2192.869873 0.000000 0.575411 0.000000 -0.817864 0.897549 0.897549 0.897549
6852.792480 0.000000 2178.259521 0.000000 0.485837 0.000000 0.874049 0.691675 0.691675 0.691675
6856.100586 0.000000 2185.198242 0.000000 0.926730 0.000000 0.375728 0.760766 0.760766 0.760766
6852.262207 0.000000 2202.639648 0.000000 0.985058 0.000000 -0.172222 0.817630 0.817630 0.817630
6857.028809 0.000000 2194.595459 0.000000 0.999540 0.000000 -0.030343 0.803091 0.803091 0.803091
6857.398926 0.000000 2192.446777 0.000000 0.806531 0.000000 0.591192 0.735570 0.735570 0.735570
6860.354004 0.000000 2186.216309 0.000000 0.846084 0.000000 -0.533049 0.857265 0.857265 0.857265
6861.760742 0.000000 2180.467285 0.000000 0.041355 0.000000 0.999145 0.644214 0.644214 0.644214
6850.978027 0.000000 2178.291504 0.000000 0.698373 0.000000 0.715734 0.718750 0.718750 0.718750
6849.080078 0.000000 2176.947266 0.000000 0.786823 0.000000 -0.617179 0.867752 0.867752 0.867752
6858.162109 0.000000 2200.354980 0.000000 0.270032 0.000000 0.962851 0.667851 0.667851 0.667851
6862.891113 0.000000 2178.547119 0.000000 0.993725 0.000000 -0.111849 0.811417 0.811417 0.811417
6853.655762 0.000000 2202.751953 0.000000 0.928801 0.000000 0.370579 0.761331 0.761331 0.761331
6853.804199 0.000000 2182.351807 0.000000 0.597255 0.000000 0.802051 0.705198 0.705198 0.705198
6858.215332 0.000000 2195.092529 0.000000 0.624004 0.000000 0.781421 0.708638 0.708638 0.708638
6856.884277 0.000000 2187.972900 0.000000 0.924861 0.000000 0.380305 0.760262 0.760262 0.760262
6857.322754 0.000000 2185.112793 0.000000 0.589081 0.000000 0.808074 0.704163 0.704163 0.704163
6855.407227 0.000000 2197.865723 0.000000 0.831398 0.000000 0.555678 0.739987 0.739987 0.739987
6850.065918 0.000000 2179.081055 0.000000 0.727205 0.000000 0.686420 0.722938 0.722938 0.722938
6862.269043 0.000000 2179.460449 0.000000 0.889048 0.000000 -0.457813 0.848437 0.848437 0.848437
6853.691406 0.000000 2190.313232 0.000000 0.679945 0.000000 -0.733263 0.883841 0.883841 0.883841
6847.930176 0.000000 2182.600830 0.000000 0.356509 0.000000 -0.934292 0.922869 0.922869 0.922869
6856.171875 0.000000 2186.404541 0.000000 0.661366 0.000000 0.750064 0.713607 0.713607 0.713607
6853.166016 0.000000 2183.702881 0.000000 0.273420 0.000000 0.961895 0.668210 0.668210 0.668210
6854.972168 0.000000 2182.865479 0.000000 0.965716 0.000000 0.259600 0.773251 0.773251 0.773251
6860.919922 0.000000 2187.168213 0.000000 0.890065 0.000000 0.455833 0.751789 0.751789 0.751789
6859.727051 0.000000 2182.578857 0.000000 0.601829 0.000000 -0.798625 0.894220 0.894220 0.894220
6854.357422 0.000000 2192.697021 0.000000 0.997135 0.000000 -0.075648 0.807713 0.807713 0.807713
6849.901367 0.000000 2176.498535 0.000000 0.271750 0.000000 0.962368 0.668033 0.668033 0.668033
6853.542480 0.000000 2178.755615 0.000000 0.792230 0.000000 -0.610223 0.866854 0.866854 0.866854
6861.924805 0.000000 2181.346680 0.000000 0.982594 0.000000 0.185764 0.780968 0.780968 0.780968
6854.168457 0.000000 2196.136475 0.000000 0.441075 0.000000 0.897470 0.686529 0.686529 0.686529
7062.016602 0.000000 2196.533447 0.000000 0.971063 0.000000 0.238823 0.775436 0.775436 0.775436
7065.488281 0.000000 2198.049561 0.000000 0.999747 0.000000 -0.022485 0.802290 0.802290 0.802290
7058.300781 0.000000 2203.916992 0.000000 0.574248 0.000000 0.818681 0.702306 0.702306 0.702306
7065.230469 0.000000 2193.196289 0.000000 0.936768 0.000000 -0.349950 0.836416 0.836416 0.836416
7069.220703 0.000000 2198.780762 0.000000 0.888178 0.000000 -0.459499 0.848631 0.848631 0.848631
7070.566895 0.000000 2206.989258 0.000000 0.964439 0.000000 0.264307 0.772754 0.772754 0.772754
7059.657715 0.000000 2205.294922 0.000000 0.491659 0.000000 -0.870788 0.907645 0.907645 0.907645
7058.173340 0.000000 2202.109375 0.000000 0.383779 0.000000 0.923425 0.680121 0.680121 0.680121
7062.950195 0.000000 2197.655762 0.000000 0.113091 0.000000 0.993585 0.651544 0.651544 0.651544
7070.998047 0.000000 2193.298340 0.000000 0.742626 0.000000 0.669707 0.725254 0.725254 0.725254
7059.141602 0.000000 2203.103516 0.000000 0.371642 0.000000 -0.928376 0.921214 0.921214 0.921214
7064.958008 0.000000 2199.044189 0.000000 0.842863 0.000000 -0.538129 0.857878 0.857878 0.857878
7063.860840 0.000000 2199.435791 0.000000 0.201548 0.000000 0.979479 0.660671 0.660671 0.660671
7059.260254 0.000000 2204.345703 0.000000 0.648391 0.000000 -0.761307 0.888141 0.888141 0.888141
7071.022461 0.000000 2206.109619 0.000000 0.899664 0.000000 -0.436583 0.846020 0.846020 0.846020
7081.620117 0.000000 2204.991943 0.000000 0.999838 0.000000 -0.018009 0.801835 0.801835 0.801835
7083.164551 0.000000 2192.555176 0.000000 0.782340 0.000000 -0.622852 0.868488 0.868488 0.868488
7080.173828 0.000000 2191.871094 0.000000 0.784692 0.000000 -0.619886 0.868103 0.868103 0.868103
7072.151855 0.000000 2204.116943 0.000000 0.485365 0.000000 0.874312 0.691620 0.691620 0.691620
7071.314941 0.000000 2193.080078 0.000000 0.494135 0.000000 0.869385 0.692645 0.692645 0.692645
7083.320801 0.000000 2193.574707 0.000000 0.715065 0.000000 -0.699057 0.878847 0.878847 0.878847
7078.649414 0.000000 2205.552490 0.000000 0.812631 0.000000 0.582778 0.736629 0.736629 0.736629
7055.927246 0.000000 2208.921875 0.000000 0.075174 0.000000 0.997170 0.647664 0.647664 0.647664
7049.300781 0.000000 2209.054688 0.000000 0.828849 0.000000 0.559473 0.739521 0.739521 0.739521
7066.611328 0.000000 2214.701172 0.000000 0.185773 0.000000 0.982593 0.659033 0.659033 0.659033
7055.541016 0.000000 2207.975830 0.000000 0.843571 0.000000 0.537018 0.742256 0.742256 0.742256
7067.604980 0.000000 2214.372314 0.000000 0.648905 0.000000 0.760870 0.711927 0.711927 0.711927
7055.607910 0.000000 2209.855469 0.000000 0.180288 0.000000 -0.983614 0.941535 0.941535 0.941535
7066.474609 0.000000 2215.655273 0.000000 0.221952 0.000000 0.975058 0.662798 0.662798 0.662798
7077.015625 0.000000 2213.244141 0.000000 0.830050 0.000000 0.557690 0.739740 0.739740 0.739740
7078.744141 0.000000 2208.429688 0.000000 0.373246 0.000000 -0.927732 0.921038 0.921038 0.921038
7078.652832 0.000000 2209.430420 0.000000 0.987233 0.000000 -0.159286 0.816294 0.816294 0.816294
7076.245605 0.000000 2213.819824 0.000000 0.497113 0.000000 -0.867686 0.907006 0.907006 0.907006
7159.953613 0.000000 2196.787354 0.000000 0.652822 0.000000 0.757511 0.712453 0.712453 0.712453
7157.665527 0.000000 2197.971436 0.000000 0.692095 0.000000 0.721806 0.717860 0.717860 0.717860
7146.694336 0.000000 2182.346924 0.000000 0.068569 0.000000 0.997646 0.646990 0.646990 0.646990
7150.100098 0.000000 2200.034668 0.000000 0.097605 0.000000 0.995225 0.649958 0.649958 0.649958
7153.288086 0.000000 2203.541260 0.000000 0.948095 0.000000 -0.317987 0.832962 0.832962 0.832962
7150.817383 0.000000 2200.946289 0.000000 0.306194 0.000000 0.951969 0.671698 0.671698 0.671698
7159.077148 0.000000 2196.240479 0.000000 0.784145 0.000000 -0.620578 0.868193 0.868193 0.868193
6876.555664 0.000000 2523.234131 0.000000 0.984367 0.000000 -0.176127 0.818034 0.818034 0.818034
6876.449707 0.000000 2521.482910 0.000000 0.996509 0.000000 0.083486 0.791486 0.791486 0.791486
6871.713379 0.000000 2526.000732 0.000000 0.856992 0.000000 0.515330 0.744854 0.744854 0.744854
6877.636719 0.000000 2521.563232 0.000000 0.126536 0.000000 0.991962 0.652924 0.652924 0.652924
6877.275391 0.000000 2522.535889 0.000000 0.828570 0.000000 -0.559885 0.860530 0.860530 0.860530
6876.013672 0.000000 2523.955566 0.000000 0.378863 0.000000 -0.925453 0.920421 0.920421 0.920421
6880.537109 0.000000 2521.526123 0.000000 0.039499 0.000000 -0.999220 0.955976 0.955976 0.955976
6881.653809 0.000000 2521.114990 0.000000 0.608563 0.000000 -0.793506 0.893359 0.893359 0.893359
6880.575195 0.000000 2520.297852 0.000000 0.944501 0.000000 -0.328508 0.834095 0.834095 0.834095
6864.844238 0.000000 2554.492920 0.000000 0.332894 0.000000 -0.942964 0.925432 0.925432 0.925432
6861.112305 0.000000 2554.943604 0.000000 0.999963 0.000000 -0.008606 0.800877 0.800877 0.800877
6867.279785 0.000000 2546.062256 0.000000 0.866811 0.000000 -0.498636 0.853173 0.853173 0.853173
6874.587891 0.000000 2557.239990 0.000000 0.992810 0.000000 0.119699 0.787778 0.787778 0.787778
6861.034180 0.000000 2536.442383 0.000000 0.959075 0.000000 0.283151 0.770758 0.770758 0.770758
6874.274414 0.000000 2529.215332 0.000000 0.413071 0.000000 0.910699 0.683374 0.683374 0.683374
6873.632324 0.000000 2555.431641 0.000000 0.897944 0.000000 0.440109 0.753581 0.753581 0.753581
6872.395020 0.000000 2529.994385 0.000000 0.065971 0.000000 -0.997822 0.953275 0.953275 0.953275
6865.106934 0.000000 2551.293457 0.000000 0.328471 0.000000 -0.944514 0.925909 0.925909 0.925909
6872.574219 0.000000 2556.688232 0.000000 0.808578 0.000000 0.588389 0.735924 0.735924 0.735924
6878.590332 0.000000 2558.903320 0.000000 0.845449 0.000000 0.534056 0.742613 0.742613 0.742613
6875.092285 0.000000 2555.734863 0.000000 0.620349 0.000000 -0.784326 0.891837 0.891837 0.891837
6858.250977 0.000000 2545.677490 0.000000 0.143263 0.000000 -0.989685 0.945357 0.945357 0.945357
6866.196777 0.000000 2554.023438 0.000000 0.694466 0.000000 -0.719526 0.881805 0.881805 0.881805
6863.686035 0.000000 2553.501709 0.000000 0.825852 0.000000 0.563887 0.738978 0.738978 0.738978
6875.510254 0.000000 2529.460693 0.000000 0.123108 0.000000 -0.992393 0.947428 0.947428 0.947428
6873.760254 0.000000 2528.030762 0.000000 0.950588 0.000000 0.310454 0.767846 0.767846 0.767846
6872.338867 0.000000 2555.471924 0.000000 0.081177 0.000000 0.996700 0.648278 0.648278 0.648278
6867.822754 0.000000 2539.933594 0.000000 0.988113 0.000000 -0.153731 0.815721 0.815721 0.815721
6873.675781 0.000000 2554.304199 0.000000 0.190155 0.000000 -0.981754 0.940512 0.940512 0.940512
6870.830566 0.000000 2546.056152 0.000000 0.706931 0.000000 -0.707283 0.880025 0.880025 0.880025
6870.178711 0.000000 2547.359375 0.000000 0.595931 0.000000 0.803035 0.705029 0.705029 0.705029
6875.162598 0.000000 2528.437500 0.000000 0.812044 0.000000 -0.583596 0.863474 0.863474 0.863474
6867.902832 0.000000 2538.745361 0.000000 0.674287 0.000000 -0.738469 0.884624 0.884624 0.884624
6866.060547 0.000000 2546.545898 0.000000 0.519055 0.000000 0.854741 0.695589 0.695589 0.695589
6872.326172 0.000000 2547.744385 0.000000 0.885268 0.000000 0.465080 0.750728 0.750728 0.750728
6859.793945 0.000000 2542.693604 0.000000 0.838843 0.000000 0.544374 0.741366 0.741366 0.741366
6874.484375 0.000000 2554.900146 0.000000 0.736599 0.000000 0.676330 0.724342 0.724342 0.724342
6869.460938 0.000000 2535.340576 0.000000 0.063699 0.000000 0.997969 0.646493 0.646493 0.646493
6865.305664 0.000000 2550.404053 0.000000 0.625663 0.000000 0.780094 0.708855 0.708855 0.708855
6862.741699 0.000000 2553.746338 0.000000 0.721921 0.000000 -0.691975 0.877843 0.877843 0.877843
6881.996094 0.000000 2533.111084 0.000000 0.986780 0.000000 0.162065 0.783419 0.783419 0.783419
6883.884277 0.000000 2532.569580 0.000000 0.250855 0.000000 0.968025 0.665828 0.665828 0.665828
6880.138672 0.000000 2532.631836 0.000000 0.909081 0.000000 0.416620 0.756229 0.756229 0.756229
6882.913574 0.000000 2532.800049 0.000000 0.485194 0.000000 -0.874407 0.908400 0.908400 0.908400
6954.682617 0.000000 2398.769775 0.000000 0.986347 0.000000 0.164677 0.783149 0.783149 0.783149
6955.905762 0.000000 2398.865234 0.000000 0.999690 0.000000 -0.024893 0.802536 0.802536 0.802536
6926.717773 0.000000 2414.493164 0.000000 0.999717 0.000000 -0.023807 0.802425 0.802425 0.802425
6929.072266 0.000000 2410.161621 0.000000 0.957989 0.000000 -0.286803 0.829630 0.829630 0.829630
6926.743652 0.000000 2408.292969 0.000000 0.476794 0.000000 -0.879015 0.909376 0.909376 0.909376
6938.754395 0.000000 2414.891846 0.000000 0.758174 0.000000 0.652052 0.727651 0.727651 0.727651
6929.780273 0.000000 2411.096680 0.000000 0.538503 0.000000 0.842624 0.697923 0.697923 0.697923
6939.378418 0.000000 2408.436768 0.000000 0.935229 0.000000 -0.354044 0.836862 0.836862 0.836862
6930.628418 0.000000 2407.477539 0.000000 0.990381 0.000000 0.138367 0.785861 0.785861 0.785861
6930.439453 0.000000 2406.055176 0.000000 0.895258 0.000000 -0.445548 0.847037 0.847037 0.847037
6935.246582 0.000000 2413.774170 0.000000 0.994022 0.000000 0.109178 0.788857 0.788857 0.788857
6926.771484 0.000000 2415.553955 0.000000 0.466887 0.000000 -0.884317 0.910520 0.910520 0.910520
6939.264160 0.000000 2415.678467 0.000000 0.927598 0.000000 0.373580 0.761002 0.761002 0.761002
6927.642090 0.000000 2408.297852 0.000000 0.989821 0.000000 0.142316 0.785454 0.785454 0.785454
6956.342285 0.000000 2410.161621 0.000000 0.143557 0.000000 -0.989642 0.945327 0.945327 0.945327
6957.749023 0.000000 2404.412598 0.000000 0.831368 0.000000 0.555722 0.739981 0.739981 0.739981
6962.850586 0.000000 2412.606445 0.000000 0.890161 0.000000 -0.455646 0.848189 0.848189 0.848189
6955.458984 0.000000 2399.546143 0.000000 0.669782 0.000000 0.742558 0.714756 0.714756 0.714756
6957.923828 0.000000 2411.184082 0.000000 0.657603 0.000000 0.753364 0.713098 0.713098 0.713098
6952.937500 0.000000 2406.924561 0.000000 0.895997 0.000000 -0.444060 0.846868 0.846868 0.846868
6953.952637 0.000000 2406.982666 0.000000 0.114596 0.000000 0.993412 0.651698 0.651698 0.651698
6957.913086 0.000000 2405.291992 0.000000 0.715962 0.000000 -0.698139 0.878716 0.878716 0.878716
7082.666992 0.000000 2430.761963 0.000000 0.948275 0.000000 -0.317451 0.832905 0.832905 0.832905
7080.966797 0.000000 2423.415771 0.000000 0.193497 0.000000 0.981101 0.659835 0.659835 0.659835
7084.573730 0.000000 2417.915039 0.000000 0.741200 0.000000 0.671284 0.725038 0.725038 0.725038
7083.890137 0.000000 2430.857422 0.000000 0.428294 0.000000 -0.903639 0.914917 0.914917 0.914917
7084.152832 0.000000 2416.872070 0.000000 0.706851 0.000000 -0.707362 0.880037 0.880037 0.880037
7083.320801 0.000000 2417.520020 0.000000 0.893040 0.000000 -0.449977 0.847542 0.847542 0.847542
7085.520020 0.000000 2417.618896 0.000000 0.792507 0.000000 -0.609863 0.866808 0.866808 0.866808
7083.328125 0.000000 2430.111328 0.000000 0.590303 0.000000 -0.807182 0.895683 0.895683 0.895683
7090.166016 0.000000 2437.072266 0.000000 0.999118 0.000000 -0.041982 0.804278 0.804278 0.804278
7096.864258 0.000000 2444.824463 0.000000 0.486779 0.000000 -0.873525 0.908215 0.908215 0.908215
7094.273926 0.000000 2445.552979 0.000000 0.483313 0.000000 0.875448 0.691381 0.691381 0.691381
7090.016113 0.000000 2434.471436 0.000000 0.235246 0.000000 0.971936 0.664189 0.664189 0.664189
7085.006836 0.000000 2440.465820 0.000000 0.525255 0.000000 -0.850945 0.903670 0.903670 0.903670
7098.621094 0.000000 2443.240479 0.000000 0.826211 0.000000 -0.563361 0.860957 0.860957 0.860957
7102.383301 0.000000 2438.430664 0.000000 0.165704 0.000000 -0.986176 0.943043 0.943043 0.943043
7083.443359 0.000000 2431.538330 0.000000 0.709521 0.000000 -0.704684 0.879652 0.879652 0.879652
7100.797363 0.000000 2445.149902 0.000000 0.577761 0.000000 0.816206 0.702744 0.702744 0.702744
7099.857910 0.000000 2443.964111 0.000000 0.632171 0.000000 0.774829 0.709708 0.709708 0.709708
7102.663086 0.000000 2453.161621 0.000000 0.028124 0.000000 0.999604 0.642865 0.642865 0.642865
7098.113281 0.000000 2448.209717 0.000000 0.955138 0.000000 -0.296162 0.830626 0.830626 0.830626
7091.575684 0.000000 2434.110352 0.000000 0.726719 0.000000 0.686935 0.722866 0.722866 0.722866
7091.655762 0.000000 2439.812988 0.000000 0.999311 0.000000 0.037118 0.796218 0.796218 0.796218
7101.016602 0.000000 2435.806152 0.000000 0.846023 0.000000 0.533146 0.742723 0.742723 0.742723
7102.450195 0.000000 2439.533447 0.000000 0.448220 0.000000 -0.893923 0.912659 0.912659 0.912659
7102.653320 0.000000 2436.119385 0.000000 0.383039 0.000000 -0.923732 0.919961 0.919961 0.919961
7099.663574 0.000000 2435.334717 0.000000 0.739463 0.000000 -0.673197 0.875225 0.875225 0.875225
7098.793945 0.000000 2442.304932 0.000000 0.604066 0.000000 -0.796934 0.893935 0.893935 0.893935
7101.215332 0.000000 2434.604492 0.000000 0.889786 0.000000 -0.456379 0.848273 0.848273 0.848273
7105.085449 0.000000 2453.619629 0.000000 0.603192 0.000000 0.797596 0.705953 0.705953 0.705953
7103.764648 0.000000 2442.105713 0.000000 0.841702 0.000000 0.539942 0.741903 0.741903 0.741903
7113.367676 0.000000 2448.384277 0.000000 0.889906 0.000000 -0.456144 0.848246 0.848246 0.848246
7114.801758 0.000000 2442.956787 0.000000 0.073874 0.000000 0.997268 0.647532 0.647532 0.647532
7103.203125 0.000000 2437.599121 0.000000 0.701784 0.000000 0.712390 0.719236 0.719236 0.719236
7103.295898 0.000000 2443.419678 0.000000 0.502533 0.000000 -0.864558 0.906368 0.906368 0.906368
7112.169922 0.000000 2447.808594 0.000000 0.629475 0.000000 -0.777021 0.890646 0.890646 0.890646
7105.041504 0.000000 2459.174316 0.000000 0.819568 0.000000 -0.572982 0.862148 0.862148 0.862148
7104.978027 0.000000 2452.402832 0.000000 0.540915 0.000000 0.841077 0.698215 0.698215 0.698215
7108.066406 0.000000 2444.981201 0.000000 0.229983 0.000000 0.973195 0.663638 0.663638 0.663638
7115.298340 0.000000 2442.015869 0.000000 0.590882 0.000000 0.806758 0.704390 0.704390 0.704390
6874.833496 0.000000 2559.400146 0.000000 0.897154 0.000000 -0.441718 0.846602 0.846602 0.846602
6868.938477 0.000000 2561.083252 0.000000 0.603536 0.000000 0.797336 0.705997 0.705997 0.705997
6868.139160 0.000000 2560.490479 0.000000 0.168085 0.000000 -0.985773 0.942797 0.942797 0.942797
6875.854980 0.000000 2559.804688 0.000000 0.996425 0.000000 0.084486 0.791384 0.791384 0.791384
6879.452637 0.000000 2562.217773 0.000000 0.907740 0.000000 0.419533 0.755902 0.755902 0.755902
7187.924316 0.000000 2168.200684 0.000000 0.903791 0.000000 0.427975 0.754953 0.754953 0.754953
7179.604004 0.000000 2170.598633 0.000000 0.476210 0.000000 0.879331 0.690557 0.690557 0.690557
7178.176270 0.000000 2163.100342 0.000000 0.877558 0.000000 -0.479471 0.850935 0.850935 0.850935
7168.540039 0.000000 2168.383789 0.000000 0.244851 0.000000 -0.969561 0.934803 0.934803 0.934803
7178.666016 0.000000 2170.072754 0.000000 0.607693 0.000000 -0.794172 0.893470 0.893470 0.893470
7174.568848 0.000000 2162.302979 0.000000 0.161421 0.000000 -0.986886 0.943486 0.943486 0.943486
7184.281738 0.000000 2160.232178 0.000000 0.927119 0.000000 0.374768 0.760871 0.760871 0.760871
7175.141602 0.000000 2163.786377 0.000000 0.132835 0.000000 -0.991138 0.946429 0.946429 0.946429
7178.916016 0.000000 2171.268555 0.000000 0.451465 0.000000 0.892289 0.687712 0.687712 0.687712
7186.833984 0.000000 2169.466309 0.000000 0.902963 0.000000 -0.429718 0.845244 0.845244 0.845244
7197.708496 0.000000 2190.748047 0.000000 0.896058 0.000000 -0.443938 0.846854 0.846854 0.846854
7192.484863 0.000000 2186.485840 0.000000 0.199945 0.000000 -0.979807 0.939496 0.939496 0.939496
7188.102539 0.000000 2180.747314 0.000000 0.999522 0.000000 0.030901 0.796852 0.796852 0.796852
7189.838867 0.000000 2180.327637 0.000000 0.885626 0.000000 -0.464400 0.849194 0.849194 0.849194
7196.100586 0.000000 2191.234619 0.000000 0.947520 0.000000 0.319698 0.766854 0.766854 0.766854
7172.309570 0.000000 2176.768799 0.000000 0.943386 0.000000 0.331697 0.765561 0.765561 0.765561
7193.817383 0.000000 2185.960205 0.000000 0.122122 0.000000 -0.992515 0.947530 0.947530 0.947530
7173.762207 0.000000 2177.092041 0.000000 0.986239 0.000000 -0.165329 0.816918 0.816918 0.816918
7182.935547 0.000000 2181.012939 0.000000 0.537046 0.000000 0.843553 0.697747 0.697747 0.697747
7192.046387 0.000000 2187.626465 0.000000 0.643084 0.000000 0.765796 0.711151 0.711151 0.711151
7188.113770 0.000000 2181.938965 0.000000 0.838960 0.000000 -0.544194 0.858613 0.858613 0.858613
7196.229980 0.000000 2190.157227 0.000000 0.999466 0.000000 0.032678 0.796671 0.796671 0.796671
7189.106934 0.000000 2181.171387 0.000000 0.114868 0.000000 0.993381 0.651726 0.651726 0.651726
7450.558105 0.000000 2143.346680 0.000000 0.581049 0.000000 -0.813868 0.896846 0.896846 0.896846
7448.892578 0.000000 2137.544189 0.000000 0.974440 0.000000 -0.224648 0.823080 0.823080 0.823080
7462.424316 0.000000 2139.784668 0.000000 0.990275 0.000000 0.139125 0.785783 0.785783 0.785783
7460.842285 0.000000 2140.068115 0.000000 0.028087 0.000000 0.999605 0.642861 0.642861 0.642861
7463.265625 0.000000 2138.575195 0.000000 0.197893 0.000000 -0.980224 0.939709 0.939709 0.939709
7460.564941 0.000000 2141.568604 0.000000 0.999977 0.000000 0.006828 0.799304 0.799304 0.799304
7456.400391 0.000000 2142.345459 0.000000 0.372324 0.000000 -0.928103 0.921140 0.921140 0.921140
7450.578125 0.000000 2155.310791 0.000000 0.359618 0.000000 0.933100 0.677470 0.677470 0.677470
7450.204102 0.000000 2145.309082 0.000000 0.600877 0.000000 0.799341 0.705658 0.705658 0.705658
7454.026367 0.000000 2143.491455 0.000000 0.208182 0.000000 0.978090 0.661362 0.661362 0.661362
7452.256836 0.000000 2146.656250 0.000000 0.335561 0.000000 -0.942018 0.925144 0.925144 0.925144
7453.598633 0.000000 2144.584961 0.000000 0.279479 0.000000 -0.960152 0.931148 0.931148 0.931148
7451.092285 0.000000 2144.531250 0.000000 0.074589 0.000000 -0.997214 0.952395 0.952395 0.952395
7451.784668 0.000000 2143.906250 0.000000 0.215035 0.000000 0.976606 0.662076 0.662076 0.662076
7446.703125 0.000000 2148.631104 0.000000 0.627669 0.000000 -0.778481 0.890883 0.890883 0.890883
7447.606445 0.000000 2148.856445 0.000000 0.998608 0.000000 -0.052750 0.805376 0.805376 0.805376
7445.390625 0.000000 2151.434326 0.000000 0.599876 0.000000 -0.800093 0.894469 0.894469 0.894469
7450.750977 0.000000 2154.375244 0.000000 0.622203 0.000000 -0.782856 0.891596 0.891596 0.891596
7459.452148 0.000000 2151.416504 0.000000 0.368301 0.000000 0.929707 0.678419 0.678419 0.678419
7184.557129 0.000000 2317.994873 0.000000 0.333887 0.000000 0.942613 0.674675 0.674675 0.674675
7190.974121 0.000000 2328.686523 0.000000 0.067338 0.000000 0.997730 0.646864 0.646864 0.646864
7189.910156 0.000000 2319.150146 0.000000 0.541223 0.000000 0.840879 0.698252 0.698252 0.698252
7194.723145 0.000000 2318.915283 0.000000 0.334857 0.000000 -0.942269 0.925220 0.925220 0.925220
7189.051758 0.000000 2318.198730 0.000000 0.241185 0.000000 0.970479 0.664812 0.664812 0.664812
7174.939453 0.000000 2318.689453 0.000000 0.997191 0.000000 0.074900 0.792364 0.792364 0.792364
7188.184570 0.000000 2319.115967 0.000000 0.996285 0.000000 0.086121 0.791217 0.791217 0.791217
7185.569824 0.000000 2317.259277 0.000000 0.949527 0.000000 -0.313685 0.832500 0.832500 0.832500
7190.218750 0.000000 2329.598633 0.000000 0.980481 0.000000 0.196616 0.779842 0.779842 0.779842
7184.208496 0.000000 2316.755371 0.000000 0.440774 0.000000 0.897618 0.686495 0.686495 0.686495
7174.939941 0.000000 2319.840820 0.000000 0.991585 0.000000 0.129454 0.786777 0.786777 0.786777
7191.956543 0.000000 2329.000244 0.000000 0.195038 0.000000 0.980796 0.659995 0.659995 0.659995
7189.059082 0.000000 2319.385986 0.000000 0.959226 0.000000 0.282639 0.770813 0.770813 0.770813
7690.152832 0.000000 2260.364746 0.000000 0.218050 0.000000 0.975938 0.662390 0.662390 0.662390
7699.573242 0.000000 2265.978516 0.000000 0.177484 0.000000 -0.984124 0.941825 0.941825 0.941825
7703.031738 0.000000 2267.631104 0.000000 0.495790 0.000000 0.868442 0.692839 0.692839 0.692839
7695.126953 0.000000 2270.063232 0.000000 0.193370 0.000000 -0.981126 0.940179 0.940179 0.940179
7690.039062 0.000000 2261.513428 0.000000 0.194363 0.000000 0.980930 0.659925 0.659925 0.659925
7692.174805 0.000000 2253.017822 0.000000 0.865190 0.000000 -0.501445 0.853503 0.853503 0.853503
7698.771484 0.000000 2265.442871 0.000000 0.342381 0.000000 0.939561 0.675595 0.675595 0.675595
7697.941895 0.000000 2274.510498 0.000000 0.889928 0.000000 -0.456100 0.848241 0.848241 0.848241
7702.409668 0.000000 2273.250977 0.000000 0.821780 0.000000 -0.569804 0.861754 0.861754 0.861754
7694.517578 0.000000 2271.490723 0.000000 0.499551 0.000000 -0.866284 0.906720 0.906720 0.906720
7697.062500 0.000000 2275.869385 0.000000 0.886044 0.000000 0.463601 0.750898 0.750898 0.750898
7705.404785 0.000000 2274.830078 0.000000 0.494405 0.000000 0.869232 0.692676 0.692676 0.692676
7709.166992 0.000000 2273.713135 0.000000 0.356966 0.000000 0.934117 0.677180 0.677180 0.677180
7709.567383 0.000000 2272.553711 0.000000 0.999701 0.000000 -0.024464 0.802492 0.802492 0.802492
7695.462891 0.000000 2271.960205 0.000000 0.832313 0.000000 0.554305 0.740155 0.740155 0.740155
7697.134766 0.000000 2274.911133 0.000000 0.802590 0.000000 0.596531 0.734895 0.734895 0.734895
7699.178223 0.000000 2386.101318 0.000000 0.811784 0.000000 -0.583957 0.863519 0.863519 0.863519
7692.212891 0.000000 2397.717285 0.000000 0.255320 0.000000 0.966857 0.666298 0.666298 0.666298
7685.615234 0.000000 2389.680420 0.000000 0.477665 0.000000 -0.878542 0.909275 0.909275 0.909275
7693.863281 0.000000 2397.754639 0.000000 0.383202 0.000000 -0.923665 0.919943 0.919943 0.919943
7685.116699 0.000000 2388.250488 0.000000 0.238656 0.000000 -0.971104 0.935454 0.935454 0.935454
7693.006836 0.000000 2398.909912 0.000000 0.763470 0.000000 0.645843 0.728482 0.728482 0.728482
7690.135254 0.000000 2395.948730 0.000000 0.947360 0.000000 -0.320170 0.833197 0.833197 0.833197
7694.750977 0.000000 2392.899414 0.000000 0.456961 0.000000 -0.889487 0.911660 0.911660 0.911660
7690.603516 0.000000 2394.018066 0.000000 0.889894 0.000000 -0.456168 0.848249 0.848249 0.848249
7697.983398 0.000000 2391.611328 0.000000 0.492913 0.000000 0.870079 0.692502 0.692502 0.692502
7700.540039 0.000000 2397.365723 0.000000 0.417701 0.000000 0.908584 0.683893 0.683893 0.683893
7692.091309 0.000000 2396.732910 0.000000 0.999924 0.000000 -0.012342 0.801257 0.801257 0.801257
7690.853516 0.000000 2395.213867 0.000000 0.312680 0.000000 0.949859 0.672393 0.672393 0.672393
7693.938965 0.000000 2398.704102 0.000000 0.041305 0.000000 -0.999147 0.955791 0.955791 0.955791
7697.204102 0.000000 2390.443115 0.000000 0.077414 0.000000 0.996999 0.647893 0.647893 0.647893
7694.640137 0.000000 2393.785400 0.000000 0.385002 0.000000 0.922916 0.680256 0.680256 0.680256
7700.552734 0.000000 2402.717773 0.000000 0.834874 0.000000 0.550442 0.740627 0.740627 0.740627
7693.466797 0.000000 2402.560791 0.000000 0.980718 0.000000 -0.195430 0.820035 0.820035 0.820035
7700.749023 0.000000 2403.860840 0.000000 0.613778 0.000000 -0.789479 0.892688 0.892688 0.892688
7701.292480 0.000000 2400.050049 0.000000 0.962484 0.000000 -0.271337 0.827989 0.827989 0.827989
7700.037598 0.000000 2400.529541 0.000000 0.742504 0.000000 0.669842 0.725236 0.725236 0.725236
7701.425293 0.000000 2403.163574 0.000000 0.411127 0.000000 0.911578 0.683157 0.683157 0.683157
7692.285645 0.000000 2399.565918 0.000000 0.349318 0.000000 -0.937004 0.923652 0.923652 0.923652
7802.390625 0.000000 2521.411133 0.000000 0.325792 0.000000 0.945441 0.673802 0.673802 0.673802
7801.398438 0.000000 2517.971436 0.000000 0.865434 0.000000 -0.501022 0.853454 0.853454 0.853454
7805.822754 0.000000 2514.091797 0.000000 0.353196 0.000000 -0.935549 0.923230 0.923230 0.923230
7803.234375 0.000000 2509.526611 0.000000 0.998637 0.000000 -0.052187 0.805318 0.805318 0.805318
7806.773926 0.000000 2518.403564 0.000000 0.943406 0.000000 -0.331641 0.834433 0.834433 0.834433
7805.860352 0.000000 2523.964600 0.000000 0.616210 0.000000 -0.787582 0.892374 0.892374 0.892374
7802.205566 0.000000 2508.569092 0.000000 0.497757 0.000000 -0.867316 0.906930 0.906930 0.906930
7806.635742 0.000000 2519.613037 0.000000 0.374876 0.000000 0.927075 0.679141 0.679141 0.679141
7801.653320 0.000000 2520.634277 0.000000 0.963803 0.000000 -0.266614 0.827490 0.827490 0.827490
7802.104492 0.000000 2517.296631 0.000000 0.065166 0.000000 -0.997874 0.953358 0.953358 0.953358
7802.856934 0.000000 2516.056152 0.000000 0.964488 0.000000 0.264127 0.772773 0.772773 0.772773
7805.723145 0.000000 2515.004639 0.000000 0.852651 0.000000 0.522481 0.744002 0.744002 0.744002
7817.530273 0.000000 2524.913818 0.000000 0.942185 0.000000 0.335094 0.765194 0.765194 0.765194
7809.808105 0.000000 2522.252686 0.000000 0.616768 0.000000 0.787145 0.707699 0.707699 0.707699
7816.177734 0.000000 2510.457031 0.000000 0.832542 0.000000 0.553961 0.740197 0.740197 0.740197
7809.543457 0.000000 2519.906006 0.000000 0.610659 0.000000 -0.791894 0.893089 0.893089 0.893089
7814.132324 0.000000 2521.457764 0.000000 0.828921 0.000000 0.559366 0.739534 0.739534 0.739534
7807.077148 0.000000 2518.367920 0.000000 0.614216 0.000000 -0.789138 0.892631 0.892631 0.892631
7813.848633 0.000000 2511.371582 0.000000 0.951573 0.000000 -0.307424 0.831829 0.831829 0.831829
7808.419922 0.000000 2513.133789 0.000000 0.365719 0.000000 -0.930725 0.921863 0.921863 0.921863
7808.667480 0.000000 2515.259521 0.000000 0.819362 0.000000 0.573277 0.737815 0.737815 0.737815
7820.991211 0.000000 2526.878662 0.000000 0.602118 0.000000 -0.798407 0.894184 0.894184 0.894184
7816.083984 0.000000 2511.792969 0.000000 0.122989 0.000000 0.992408 0.652559 0.652559 0.652559
7810.035645 0.000000 2510.529785 0.000000 0.949260 0.000000 -0.314491 0.832587 0.832587 0.832587
7817.333984 0.000000 2511.098389 0.000000 0.902037 0.000000 0.431659 0.754537 0.754537 0.754537
7812.620117 0.000000 2511.248291 0.000000 0.746071 0.000000 0.665866 0.725780 0.725780 0.725780
7809.492676 0.000000 2513.137451 0.000000 0.991057 0.000000 -0.133439 0.813633 0.813633 0.813633
7816.990723 0.000000 2508.924561 0.000000 0.369207 0.000000 0.929347 0.678519 0.678519 0.678519
7808.199219 0.000000 2509.315674 0.000000 0.952178 0.000000 -0.305544 0.831628 0.831628 0.831628
7816.387207 0.000000 2524.459961 0.000000 0.050094 0.000000 0.998744 0.645105 0.645105 0.645105
7811.817871 0.000000 2510.630859 0.000000 0.986485 0.000000 -0.163849 0.816765 0.816765 0.816765
7823.953613 0.000000 2533.689697 0.000000 0.720507 0.000000 0.693448 0.721949 0.721949 0.721949
7822.857422 0.000000 2532.927002 0.000000 0.680268 0.000000 -0.732963 0.883796 0.883796 0.883796
7818.195312 0.000000 2528.253906 0.000000 0.451128 0.000000 -0.892459 0.912327 0.912327 0.912327
7817.221191 0.000000 2531.709961 0.000000 0.318356 0.000000 -0.947971 0.926998 0.926998 0.926998
7810.800293 0.000000 2532.800049 0.000000 0.986427 0.000000 0.164200 0.783199 0.783199 0.783199
7820.270020 0.000000 2527.534668 0.000000 0.621116 0.000000 0.783718 0.708263 0.708263 0.708263
6185.729492 0.000000 3164.757568 0.000000 0.581821 0.000000 0.813317 0.703251 0.703251 0.703251
6196.376465 0.000000 3163.532715 0.000000 0.843740 0.000000 -0.536752 0.857712 0.857712 0.857712
6196.411621 0.000000 3158.417969 0.000000 0.987005 0.000000 -0.160691 0.816439 0.816439 0.816439
6197.761230 0.000000 3154.146240 0.000000 0.616755 0.000000 0.787156 0.707697 0.707697 0.707697
6204.221680 0.000000 3151.000244 0.000000 0.293501 0.000000 -0.955959 0.929657 0.929657 0.929657
6196.549316 0.000000 3154.905029 0.000000 0.365615 0.000000 0.930766 0.678125 0.678125 0.678125
6197.493652 0.000000 3159.314209 0.000000 0.881752 0.000000 -0.471713 0.850037 0.850037 0.850037
6196.847656 0.000000 3162.354248 0.000000 0.982636 0.000000 0.185546 0.780990 0.780990 0.780990
6197.179199 0.000000 3155.731201 0.000000 0.718748 0.000000 -0.695271 0.878309 0.878309 0.878309
6205.228516 0.000000 3151.311279 0.000000 0.995364 0.000000 0.096182 0.790188 0.790188 0.790188
6203.354004 0.000000 3151.498779 0.000000 0.690301 0.000000 -0.723522 0.882393 0.882393 0.882393
6182.338379 0.000000 3175.343262 0.000000 0.713258 0.000000 -0.700902 0.879110 0.879110 0.879110
6202.194824 0.000000 3176.291016 0.000000 0.066728 0.000000 -0.997771 0.953198 0.953198 0.953198
6206.124512 0.000000 3171.025635 0.000000 0.913395 0.000000 0.407073 0.757296 0.757296 0.757296
6196.859863 0.000000 3179.157959 0.000000 1.000000 0.000000 0.000307 0.799969 0.799969 0.799969
6187.382324 0.000000 3192.969238 0.000000 0.997153 0.000000 0.075411 0.792311 0.792311 0.792311
6187.894531 0.000000 3173.287842 0.000000 0.516765 0.000000 0.856127 0.695316 0.695316 0.695316
6202.349609 0.000000 3173.497559 0.000000 0.402891 0.000000 0.915248 0.682238 0.682238 0.682238
6186.038574 0.000000 3194.612549 0.000000 0.991243 0.000000 0.132048 0.786510 0.786510 0.786510
6198.896484 0.000000 3179.218994 0.000000 0.181878 0.000000 -0.983321 0.941370 0.941370 0.941370
6187.568359 0.000000 3195.818115 0.000000 0.189855 0.000000 -0.981812 0.940543 0.940543 0.940543
6196.223633 0.000000 3172.505127 0.000000 0.991110 0.000000 0.133041 0.786408 0.786408 0.786408
6197.959961 0.000000 3172.085449 0.000000 0.985990 0.000000 0.166806 0.782930 0.782930 0.782930
6197.886719 0.000000 3178.156738 0.000000 0.725250 0.000000 -0.688486 0.877352 0.877352 0.877352
6187.725098 0.000000 3194.348633 0.000000 0.444115 0.000000 0.895970 0.686874 0.686874 0.686874
6202.844238 0.000000 3182.704346 0.000000 0.034536 0.000000 -0.999403 0.956482 0.956482 0.956482
6205.350586 0.000000 3169.494385 0.000000 0.820281 0.000000 -0.571961 0.862021 0.862021 0.862021
6202.222656 0.000000 3184.030029 0.000000 0.780658 0.000000 -0.624959 0.868763 0.868763 0.868763
6201.132812 0.000000 3168.825439 0.000000 0.972058 0.000000 0.234739 0.775864 0.775864 0.775864
6205.750977 0.000000 3168.334961 0.000000 0.702399 0.000000 -0.711783 0.880676 0.880676 0.880676
6196.234863 0.000000 3173.696777 0.000000 0.078233 0.000000 -0.996935 0.952023 0.952023 0.952023
6186.318848 0.000000 3195.753418 0.000000 0.355712 0.000000 -0.934596 0.922956 0.922956 0.922956
6190.351074 0.000000 3171.218262 0.000000 0.989485 0.000000 -0.144636 0.814784 0.814784 0.814784
6202.497070 0.000000 3185.098633 0.000000 0.693023 0.000000 0.720915 0.717991 0.717991 0.717991
6206.762695 0.000000 3171.939697 0.000000 0.763468 0.000000 0.645845 0.728482 0.728482 0.728482
6206.902344 0.000000 3170.163818 0.000000 0.436084 0.000000 -0.899906 0.914037 0.914037 0.914037
6197.179199 0.000000 3187.723389 0.000000 0.741193 0.000000 0.671292 0.725037 0.725037 0.725037
6203.468262 0.000000 3176.249268 0.000000 0.891460 0.000000 -0.453100 0.847898 0.847898 0.847898
6183.054199 0.000000 3174.623291 0.000000 0.707748 0.000000 -0.706465 0.879908 0.879908 0.879908
6195.404785 0.000000 3177.544189 0.000000 0.951493 0.000000 -0.307670 0.831856 0.831856 0.831856
6201.621582 0.000000 3169.637695 0.000000 0.965815 0.000000 0.259232 0.773290 0.773290 0.773290
6197.542969 0.000000 3175.184326 0.000000 0.947897 0.000000 0.318577 0.766974 0.766974 0.766974
6196.993164 0.000000 3178.234863 0.000000 0.079085 0.000000 -0.996868 0.951936 0.951936 0.951936
6212.041992 0.000000 3161.323730 0.000000 0.951592 0.000000 0.307363 0.768177 0.768177 0.768177
6207.333984 0.000000 3171.685059 0.000000 0.057603 0.000000 0.998340 0.645871 0.645871 0.645871
6209.808105 0.000000 3181.433350 0.000000 0.847578 0.000000 0.530671 0.743021 0.743021 0.743021
6208.394531 0.000000 3181.151611 0.000000 0.907237 0.000000 0.420620 0.755780 0.755780 0.755780
6736.529297 0.000000 3262.033447 0.000000 0.990459 0.000000 0.137809 0.785918 0.785918 0.785918
6702.808594 0.000000 3295.049316 0.000000 0.650777 0.000000 0.759269 0.712178 0.712178 0.712178
6709.222656 0.000000 3288.699463 0.000000 0.320898 0.000000 -0.947114 0.926725 0.926725 0.926725
6701.647461 0.000000 3282.690430 0.000000 0.929305 0.000000 0.369312 0.761470 0.761470 0.761470
6707.066406 0.000000 3279.511230 0.000000 0.991629 0.000000 0.129118 0.786811 0.786811 0.786811
6706.127930 0.000000 3278.158447 0.000000 0.490006 0.000000 0.871719 0.692162 0.692162 0.692162
6705.035645 0.000000 3288.713867 0.000000 0.181032 0.000000 -0.983477 0.941458 0.941458 0.941458
6707.982910 0.000000 3287.927246 0.000000 0.269735 0.000000 0.962935 0.667819 0.667819 0.667819
6707.479004 0.000000 3285.369873 0.000000 0.891280 0.000000 -0.453454 0.847939 0.847939 0.847939
6710.993164 0.000000 3285.390137 0.000000 0.992066 0.000000 -0.125719 0.812840 0.812840 0.812840
6708.586426 0.000000 3281.306885 0.000000 0.860806 0.000000 0.508933 0.745613 0.745613 0.745613
6714.434570 0.000000 3281.075195 0.000000 0.354021 0.000000 0.935238 0.676859 0.676859 0.676859
6706.104492 0.000000 3287.392578 0.000000 0.983904 0.000000 -0.178700 0.818301 0.818301 0.818301
6701.315430 0.000000 3283.698730 0.000000 0.911254 0.000000 0.411844 0.756763 0.756763 0.756763
6703.782227 0.000000 3294.640137 0.000000 0.974685 0.000000 -0.223583 0.822968 0.822968 0.822968
6708.185059 0.000000 3288.862793 0.000000 0.445944 0.000000 -0.895061 0.912918 0.912918 0.912918
6706.102539 0.000000 3279.155762 0.000000 0.026882 0.000000 -0.999639 0.957262 0.957262 0.957262
6702.060059 0.000000 3294.485352 0.000000 0.607701 0.000000 0.794166 0.706531 0.706531 0.706531
6706.937012 0.000000 3278.625732 0.000000 0.201301 0.000000 0.979529 0.660645 0.660645 0.660645
6705.360352 0.000000 3289.558350 0.000000 0.439139 0.000000 -0.898419 0.913691 0.913691 0.913691
6679.599121 0.000000 3299.644043 0.000000 0.997452 0.000000 -0.071342 0.807273 0.807273 0.807273
6703.583984 0.000000 3295.710205 0.000000 0.185033 0.000000 -0.982732 0.941043 0.941043 0.941043
6719.405273 0.000000 3288.303467 0.000000 0.999899 0.000000 0.014223 0.798551 0.798551 0.798551
6744.539551 0.000000 3274.220215 0.000000 0.358128 0.000000 -0.933673 0.922693 0.922693 0.922693
6736.370117 0.000000 3266.237793 0.000000 0.842178 0.000000 0.539199 0.741993 0.741993 0.741993
6736.573242 0.000000 3263.313232 0.000000 0.985910 0.000000 -0.167276 0.817119 0.817119 0.817119
6739.618652 0.000000 3265.907227 0.000000 0.947810 0.000000 0.318836 0.766947 0.766947 0.766947
6738.358398 0.000000 3264.227051 0.000000 0.895473 0.000000 -0.445115 0.846988 0.846988 0.846988
6726.373047 0.000000 3280.431396 0.000000 0.891532 0.000000 -0.452958 0.847882 0.847882 0.847882
6738.722168 0.000000 3265.575684 0.000000 0.146314 0.000000 -0.989238 0.945043 0.945043 0.945043
6737.251953 0.000000 3266.668945 0.000000 0.026537 0.000000 -0.999648 0.957297 0.957297 0.957297
"}
object={
	name="mushroom_purple_generator_1_1"
	clamp_to_water_level=no
	render_under_water=no
	generated_content=yes
	layer="tree_layer"
	pdxmesh="Shroom_8_mesh"
	count=1957
	transform="6997.576172 0.000000 831.413879 0.000000 0.380915 0.000000 0.924610 0.679805 0.679805 0.679805
7020.294922 0.000000 830.100159 0.000000 0.595786 0.000000 0.803143 0.705011 0.705011 0.705011
7028.795898 0.000000 830.691223 0.000000 0.563260 0.000000 0.826279 0.700945 0.700945 0.700945
7026.304688 0.000000 828.252869 0.000000 0.963056 0.000000 0.269300 0.772226 0.772226 0.772226
7027.661621 0.000000 829.630859 0.000000 0.406063 0.000000 -0.913845 0.917408 0.917408 0.917408
7029.572266 0.000000 831.413879 0.000000 0.818969 0.000000 0.573838 0.737745 0.737745 0.737745
7023.743164 0.000000 831.241821 0.000000 0.209013 0.000000 -0.977913 0.938552 0.938552 0.938552
7022.020996 0.000000 831.086914 0.000000 0.956239 0.000000 -0.292587 0.830245 0.830245 0.830245
6963.657227 0.000000 878.447693 0.000000 0.509141 0.000000 0.860683 0.694412 0.694412 0.694412
6962.522461 0.000000 888.890625 0.000000 0.541144 0.000000 -0.840930 0.901757 0.901757 0.901757
6964.723145 0.000000 880.582947 0.000000 0.267371 0.000000 -0.963594 0.932430 0.932430 0.932430
6953.944824 0.000000 891.175110 0.000000 0.516490 0.000000 -0.856293 0.904716 0.904716 0.904716
6953.180664 0.000000 875.106323 0.000000 0.254015 0.000000 0.967200 0.666160 0.666160 0.666160
6952.308105 0.000000 891.980530 0.000000 0.975476 0.000000 0.220106 0.777395 0.777395 0.777395
6960.807129 0.000000 892.793213 0.000000 0.988562 0.000000 -0.150812 0.815420 0.815420 0.815420
6951.328125 0.000000 890.879822 0.000000 0.208753 0.000000 -0.977968 0.938579 0.938579 0.938579
6970.750488 0.000000 879.266724 0.000000 0.780003 0.000000 0.625775 0.731130 0.731130 0.731130
6965.908691 0.000000 881.426270 0.000000 0.997488 0.000000 0.070835 0.792779 0.792779 0.792779
6963.153320 0.000000 891.423767 0.000000 0.120557 0.000000 -0.992706 0.947690 0.947690 0.947690
6954.315430 0.000000 880.158569 0.000000 0.406716 0.000000 -0.913555 0.917336 0.917336 0.917336
6963.271973 0.000000 892.666016 0.000000 0.568788 0.000000 -0.822484 0.898372 0.898372 0.898372
6964.075684 0.000000 873.108215 0.000000 0.284385 0.000000 0.958710 0.669373 0.669373 0.669373
6965.999023 0.000000 872.725647 0.000000 0.540460 0.000000 -0.841370 0.901840 0.901840 0.901840
6962.071289 0.000000 879.741638 0.000000 0.190928 0.000000 0.981604 0.659568 0.659568 0.659568
6949.332031 0.000000 888.887024 0.000000 0.251577 0.000000 -0.967837 0.934096 0.934096 0.934096
6954.275879 0.000000 881.097168 0.000000 0.277221 0.000000 0.960806 0.668612 0.668612 0.668612
6962.905762 0.000000 879.211609 0.000000 0.880923 0.000000 0.473260 0.749785 0.749785 0.749785
7000.495117 0.000000 832.251587 0.000000 0.410449 0.000000 -0.911884 0.916919 0.916919 0.916919
7001.744629 0.000000 832.444885 0.000000 0.625678 0.000000 -0.780081 0.891143 0.891143 0.891143
7001.035156 0.000000 833.395752 0.000000 0.654555 0.000000 -0.756014 0.887314 0.887314 0.887314
7037.001953 0.000000 843.447571 0.000000 0.427849 0.000000 -0.903850 0.914967 0.914967 0.914967
7023.931152 0.000000 833.257690 0.000000 0.979675 0.000000 -0.200593 0.820572 0.820572 0.820572
7018.502930 0.000000 841.684875 0.000000 0.584245 0.000000 0.811577 0.703555 0.703555 0.703555
7012.286621 0.000000 840.670898 0.000000 0.991290 0.000000 -0.131697 0.813454 0.813454 0.813454
7022.599609 0.000000 831.842163 0.000000 0.365440 0.000000 -0.930835 0.921894 0.921894 0.921894
7025.144531 0.000000 836.220825 0.000000 0.531580 0.000000 0.847008 0.697088 0.697088 0.697088
7023.306152 0.000000 839.254211 0.000000 0.640158 0.000000 0.768243 0.710762 0.710762 0.710762
7033.296387 0.000000 843.914062 0.000000 0.286260 0.000000 0.958152 0.669572 0.669572 0.669572
7022.871582 0.000000 834.875305 0.000000 0.570394 0.000000 -0.821371 0.898173 0.898173 0.898173
7024.352539 0.000000 849.598083 0.000000 0.843434 0.000000 0.537232 0.742230 0.742230 0.742230
7019.650391 0.000000 841.015869 0.000000 0.178144 0.000000 0.984004 0.658243 0.658243 0.658243
7024.228027 0.000000 845.114868 0.000000 0.085347 0.000000 -0.996351 0.951296 0.951296 0.951296
7034.369629 0.000000 836.913940 0.000000 0.356892 0.000000 -0.934146 0.922828 0.922828 0.922828
7025.125977 0.000000 837.893677 0.000000 0.658409 0.000000 0.752660 0.713207 0.713207 0.713207
7018.493652 0.000000 840.634583 0.000000 0.995537 0.000000 -0.094375 0.809627 0.809627 0.809627
7023.544922 0.000000 832.311829 0.000000 0.265239 0.000000 -0.964183 0.932656 0.932656 0.932656
7026.323242 0.000000 832.820862 0.000000 0.766766 0.000000 -0.641926 0.870997 0.870997 0.870997
7024.301270 0.000000 848.552551 0.000000 0.263168 0.000000 -0.964750 0.932874 0.932874 0.932874
7029.991211 0.000000 840.733459 0.000000 0.980541 0.000000 -0.196316 0.820127 0.820127 0.820127
7012.804688 0.000000 841.757080 0.000000 0.106968 0.000000 0.994262 0.650917 0.650917 0.650917
7025.317871 0.000000 832.555786 0.000000 0.611450 0.000000 -0.791283 0.892988 0.892988 0.892988
7021.440430 0.000000 831.834961 0.000000 0.194771 0.000000 0.980849 0.659967 0.659967 0.659967
7021.991211 0.000000 832.715576 0.000000 0.979716 0.000000 -0.200389 0.820551 0.820551 0.820551
7023.948730 0.000000 842.658936 0.000000 0.272714 0.000000 0.962095 0.668135 0.668135 0.668135
7023.335449 0.000000 849.703247 0.000000 0.928318 0.000000 -0.371787 0.838802 0.838802 0.838802
7065.833008 0.000000 874.280518 0.000000 0.973014 0.000000 -0.230748 0.823718 0.823718 0.823718
7069.801758 0.000000 874.278442 0.000000 0.523080 0.000000 0.852283 0.696070 0.696070 0.696070
7065.292480 0.000000 875.906250 0.000000 0.674689 0.000000 -0.738102 0.884569 0.884569 0.884569
6952.488770 0.000000 901.136414 0.000000 0.966307 0.000000 0.257393 0.773484 0.773484 0.773484
6953.326660 0.000000 900.108337 0.000000 0.280268 0.000000 -0.959922 0.931065 0.931065 0.931065
6953.496094 0.000000 901.469604 0.000000 0.789891 0.000000 -0.613247 0.867244 0.867244 0.867244
6950.668457 0.000000 897.750854 0.000000 0.663914 0.000000 -0.747809 0.886046 0.886046 0.886046
7535.548340 0.000000 818.700867 0.000000 0.969912 0.000000 -0.243457 0.825050 0.825050 0.825050
7523.471191 0.000000 829.516968 0.000000 0.410261 0.000000 -0.911968 0.916940 0.916940 0.916940
7530.440430 0.000000 809.692688 0.000000 0.998383 0.000000 -0.056847 0.805793 0.805793 0.805793
7529.484863 0.000000 806.436340 0.000000 0.976459 0.000000 0.215703 0.777855 0.777855 0.777855
7537.171387 0.000000 812.507812 0.000000 0.269385 0.000000 0.963033 0.667782 0.667782 0.667782
7535.443848 0.000000 804.139160 0.000000 0.932637 0.000000 0.360815 0.762399 0.762399 0.762399
7528.018555 0.000000 809.534180 0.000000 0.954642 0.000000 -0.297757 0.830796 0.830796 0.830796
7526.167480 0.000000 825.871765 0.000000 0.942902 0.000000 0.333071 0.765413 0.765413 0.765413
7534.869141 0.000000 827.121826 0.000000 0.997369 0.000000 0.072497 0.792609 0.792609 0.792609
7525.976074 0.000000 824.252136 0.000000 0.870443 0.000000 0.492269 0.747574 0.747574 0.747574
7522.995117 0.000000 828.002441 0.000000 0.554309 0.000000 0.832311 0.699846 0.699846 0.699846
7531.264648 0.000000 813.570984 0.000000 0.739847 0.000000 -0.672775 0.875167 0.875167 0.875167
7533.032227 0.000000 828.854797 0.000000 0.849311 0.000000 0.527894 0.743354 0.743354 0.743354
7535.604004 0.000000 825.923462 0.000000 0.125478 0.000000 -0.992096 0.947185 0.947185 0.947185
7527.255859 0.000000 824.807678 0.000000 0.109851 0.000000 -0.993948 0.948788 0.948788 0.948788
7520.710938 0.000000 812.924072 0.000000 0.961598 0.000000 -0.274462 0.828320 0.828320 0.828320
7524.913086 0.000000 825.744751 0.000000 0.840146 0.000000 -0.542360 0.858390 0.858390 0.858390
7529.240723 0.000000 809.448730 0.000000 0.108906 0.000000 -0.994052 0.948885 0.948885 0.948885
7530.647461 0.000000 806.682983 0.000000 0.797862 0.000000 0.602840 0.734091 0.734091 0.734091
7534.053223 0.000000 824.370605 0.000000 0.929952 0.000000 -0.367680 0.838351 0.838351 0.838351
7531.283203 0.000000 812.422791 0.000000 0.842114 0.000000 -0.539300 0.858020 0.858020 0.858020
7534.776855 0.000000 819.584290 0.000000 0.537487 0.000000 -0.843272 0.902200 0.902200 0.902200
7530.431152 0.000000 808.642395 0.000000 0.989066 0.000000 -0.147474 0.815077 0.815077 0.815077
7527.497070 0.000000 825.858459 0.000000 0.649914 0.000000 -0.760008 0.887938 0.887938 0.887938
7534.770508 0.000000 825.282104 0.000000 0.998408 0.000000 0.056397 0.794252 0.794252 0.794252
7528.439453 0.000000 808.576538 0.000000 0.736148 0.000000 -0.676820 0.875726 0.875726 0.875726
7529.882324 0.000000 807.373169 0.000000 0.981409 0.000000 -0.191929 0.819672 0.819672 0.819672
7527.365723 0.000000 808.647949 0.000000 0.274473 0.000000 0.961595 0.668321 0.668321 0.668321
7522.631836 0.000000 828.879089 0.000000 0.973554 0.000000 -0.228456 0.823478 0.823478 0.823478
7523.426270 0.000000 816.634277 0.000000 0.994217 0.000000 -0.107394 0.810960 0.810960 0.810960
7526.424316 0.000000 831.719177 0.000000 0.018167 0.000000 -0.999835 0.958149 0.958149 0.958149
7525.261719 0.000000 824.902649 0.000000 0.770228 0.000000 -0.637769 0.870446 0.870446 0.870446
7534.659668 0.000000 826.168335 0.000000 0.171515 0.000000 0.985182 0.657557 0.657557 0.657557
7506.115234 0.000000 837.462830 0.000000 0.863025 0.000000 0.505162 0.746059 0.746059 0.746059
7517.726562 0.000000 856.785095 0.000000 0.283898 0.000000 -0.958855 0.930679 0.930679 0.930679
7517.964355 0.000000 835.596008 0.000000 0.542974 0.000000 -0.839749 0.901535 0.901535 0.901535
7516.477539 0.000000 859.640320 0.000000 0.766023 0.000000 -0.642813 0.871114 0.871114 0.871114
7518.209961 0.000000 845.151794 0.000000 0.672819 0.000000 0.739807 0.715173 0.715173 0.715173
7516.249023 0.000000 834.976624 0.000000 0.996594 0.000000 0.082467 0.791590 0.791590 0.791590
7511.535645 0.000000 847.152588 0.000000 0.788304 0.000000 0.615287 0.732493 0.732493 0.732493
7516.371582 0.000000 857.889038 0.000000 0.245673 0.000000 0.969353 0.665283 0.665283 0.665283
7511.169434 0.000000 851.545532 0.000000 0.855311 0.000000 0.518115 0.744523 0.744523 0.744523
7518.535156 0.000000 848.432617 0.000000 0.378569 0.000000 0.925573 0.679547 0.679547 0.679547
7511.830566 0.000000 850.208069 0.000000 0.665475 0.000000 -0.746420 0.885833 0.885833 0.885833
7518.943359 0.000000 849.626343 0.000000 0.947922 0.000000 0.318503 0.766982 0.766982 0.766982
7516.637207 0.000000 856.260132 0.000000 0.406403 0.000000 -0.913694 0.917370 0.917370 0.917370
7506.213867 0.000000 836.303894 0.000000 0.139624 0.000000 0.990205 0.654269 0.654269 0.654269
7504.223633 0.000000 836.974548 0.000000 0.233063 0.000000 -0.972462 0.936040 0.936040 0.936040
7518.399414 0.000000 839.924072 0.000000 0.811696 0.000000 0.584080 0.736466 0.736466 0.736466
7512.812012 0.000000 841.756470 0.000000 0.995680 0.000000 -0.092854 0.809472 0.809472 0.809472
7514.556641 0.000000 839.037109 0.000000 0.380777 0.000000 -0.924667 0.920210 0.920210 0.920210
7518.742188 0.000000 834.734009 0.000000 0.999687 0.000000 -0.025007 0.802547 0.802547 0.802547
7515.550293 0.000000 838.708313 0.000000 0.458625 0.000000 -0.888630 0.911469 0.911469 0.911469
7511.176270 0.000000 846.157043 0.000000 0.238657 0.000000 -0.971104 0.935454 0.935454 0.935454
7514.419922 0.000000 839.991272 0.000000 0.664529 0.000000 -0.747262 0.885962 0.885962 0.885962
7510.598633 0.000000 846.917969 0.000000 0.998684 0.000000 -0.051296 0.805227 0.805227 0.805227
7506.839355 0.000000 847.219421 0.000000 0.981636 0.000000 -0.190766 0.819551 0.819551 0.819551
7507.094727 0.000000 836.739746 0.000000 0.513420 0.000000 -0.858137 0.905081 0.905081 0.905081
7531.344727 0.000000 835.577637 0.000000 0.043499 0.000000 0.999053 0.644432 0.644432 0.644432
7526.174316 0.000000 839.913574 0.000000 0.785705 0.000000 0.618601 0.732064 0.732064 0.732064
7524.221680 0.000000 849.223938 0.000000 0.994701 0.000000 0.102811 0.789509 0.789509 0.789509
7524.710449 0.000000 834.587646 0.000000 0.657503 0.000000 0.753452 0.713084 0.713084 0.713084
7532.488281 0.000000 853.171814 0.000000 0.525335 0.000000 -0.850895 0.903661 0.903661 0.903661
7519.161621 0.000000 848.236938 0.000000 0.504566 0.000000 -0.863373 0.906129 0.906129 0.906129
7523.249023 0.000000 854.227661 0.000000 0.964223 0.000000 0.265093 0.772671 0.772671 0.772671
7524.398438 0.000000 844.288269 0.000000 0.955868 0.000000 -0.293798 0.830374 0.830374 0.830374
7530.882324 0.000000 833.510681 0.000000 0.832106 0.000000 -0.554616 0.859883 0.859883 0.859883
7527.162598 0.000000 838.188232 0.000000 0.263729 0.000000 -0.964597 0.932815 0.932815 0.932815
7520.793945 0.000000 846.486572 0.000000 0.590109 0.000000 0.807323 0.704293 0.704293 0.704293
7521.171875 0.000000 836.474854 0.000000 0.166312 0.000000 0.986073 0.657019 0.657019 0.657019
7525.995605 0.000000 844.207153 0.000000 0.749470 0.000000 0.662038 0.726301 0.726301 0.726301
7524.266602 0.000000 833.096924 0.000000 0.972650 0.000000 0.232275 0.776123 0.776123 0.776123
7522.988770 0.000000 855.719055 0.000000 0.780506 0.000000 -0.625148 0.868788 0.868788 0.868788
7531.264648 0.000000 845.563171 0.000000 0.642036 0.000000 -0.766675 0.888989 0.888989 0.888989
7525.719238 0.000000 833.420044 0.000000 0.985981 0.000000 0.166861 0.782924 0.782924 0.782924
7525.722168 0.000000 838.679932 0.000000 0.936328 0.000000 -0.351126 0.836544 0.836544 0.836544
7521.917969 0.000000 837.525146 0.000000 0.887996 0.000000 0.459852 0.751329 0.751329 0.751329
7520.342773 0.000000 847.711243 0.000000 0.293683 0.000000 0.955903 0.670362 0.670362 0.670362
7525.233398 0.000000 845.295715 0.000000 0.724156 0.000000 0.689636 0.722487 0.722487 0.722487
7530.429199 0.000000 834.719788 0.000000 0.998015 0.000000 0.062977 0.793581 0.793581 0.793581
7531.283203 0.000000 844.414978 0.000000 0.651047 0.000000 -0.759038 0.887786 0.887786 0.887786
7521.649414 0.000000 838.609680 0.000000 0.444582 0.000000 -0.895738 0.913073 0.913073 0.913073
7519.848145 0.000000 838.929016 0.000000 0.461812 0.000000 -0.886978 0.911104 0.911104 0.911104
7522.181152 0.000000 843.429688 0.000000 0.942116 0.000000 -0.335288 0.834827 0.834827 0.834827
7530.289062 0.000000 835.747620 0.000000 0.751160 0.000000 -0.660120 0.873438 0.873438 0.873438
7526.890137 0.000000 839.193665 0.000000 0.894523 0.000000 0.447022 0.752795 0.752795 0.752795
7524.422852 0.000000 832.020386 0.000000 0.695615 0.000000 0.718415 0.718358 0.718358 0.718358
7533.213867 0.000000 852.292419 0.000000 0.999051 0.000000 -0.043553 0.804438 0.804438 0.804438
7531.387207 0.000000 834.540955 0.000000 0.925155 0.000000 0.379588 0.760341 0.760341 0.760341
7520.592285 0.000000 842.831421 0.000000 0.780977 0.000000 0.624560 0.731289 0.731289 0.731289
7524.190918 0.000000 838.155762 0.000000 0.553224 0.000000 0.833032 0.699713 0.699713 0.699713
7525.460449 0.000000 835.083679 0.000000 0.238813 0.000000 -0.971066 0.935437 0.935437 0.935437
6351.130371 0.000000 1354.316528 0.000000 0.399947 0.000000 -0.916538 0.918089 0.918089 0.918089
6352.906738 0.000000 1370.781982 0.000000 0.664495 0.000000 -0.747292 0.885967 0.885967 0.885967
6365.083984 0.000000 1355.322632 0.000000 0.563844 0.000000 0.825881 0.701017 0.701017 0.701017
6350.851562 0.000000 1375.518066 0.000000 0.741685 0.000000 0.670748 0.725111 0.725111 0.725111
6349.064453 0.000000 1367.460938 0.000000 0.985683 0.000000 0.168607 0.782743 0.782743 0.782743
6359.056152 0.000000 1373.359131 0.000000 0.312622 0.000000 -0.949878 0.927614 0.927614 0.927614
6364.585938 0.000000 1350.099731 0.000000 0.380743 0.000000 -0.924681 0.920214 0.920214 0.920214
6360.954102 0.000000 1357.089966 0.000000 0.095597 0.000000 0.995420 0.649752 0.649752 0.649752
6350.788086 0.000000 1358.751099 0.000000 0.189752 0.000000 0.981832 0.659446 0.659446 0.659446
6354.455566 0.000000 1374.228271 0.000000 0.160081 0.000000 -0.987104 0.943624 0.943624 0.943624
6355.342285 0.000000 1362.351318 0.000000 0.090666 0.000000 0.995881 0.649248 0.649248 0.649248
6365.867188 0.000000 1368.660034 0.000000 0.678566 0.000000 0.734540 0.715967 0.715967 0.715967
6362.650391 0.000000 1373.529053 0.000000 0.142484 0.000000 -0.989797 0.945437 0.945437 0.945437
6356.356934 0.000000 1371.970093 0.000000 0.952157 0.000000 0.305611 0.768365 0.768365 0.768365
6351.271484 0.000000 1365.573608 0.000000 0.732323 0.000000 -0.680958 0.876300 0.876300 0.876300
6364.618164 0.000000 1371.515259 0.000000 0.206186 0.000000 -0.978513 0.938846 0.938846 0.938846
6351.703125 0.000000 1368.390869 0.000000 0.900457 0.000000 -0.434946 0.845834 0.845834 0.845834
6346.501465 0.000000 1366.807373 0.000000 0.789449 0.000000 0.613816 0.732683 0.732683 0.732683
6349.293945 0.000000 1361.000732 0.000000 0.429779 0.000000 0.902934 0.685251 0.685251 0.685251
6358.944824 0.000000 1367.169556 0.000000 0.992697 0.000000 0.120632 0.787682 0.787682 0.787682
6363.807617 0.000000 1367.287354 0.000000 0.643514 0.000000 0.765434 0.711208 0.711208 0.711208
6356.392090 0.000000 1366.855347 0.000000 0.630968 0.000000 -0.775809 0.890450 0.890450 0.890450
6356.877930 0.000000 1374.558472 0.000000 0.993038 0.000000 -0.117796 0.812027 0.812027 0.812027
6353.565918 0.000000 1363.837769 0.000000 0.976263 0.000000 -0.216587 0.822238 0.822238 0.822238
6360.793945 0.000000 1368.351807 0.000000 0.290177 0.000000 -0.956973 0.930011 0.930011 0.930011
6366.949707 0.000000 1366.684814 0.000000 0.639120 0.000000 -0.769107 0.889376 0.889376 0.889376
6346.019043 0.000000 1371.057861 0.000000 0.932402 0.000000 0.361423 0.762333 0.762333 0.762333
6364.550781 0.000000 1374.758423 0.000000 0.254786 0.000000 -0.966998 0.933758 0.933758 0.933758
6349.904297 0.000000 1369.368774 0.000000 0.680619 0.000000 -0.732637 0.883748 0.883748 0.883748
6358.851562 0.000000 1375.265137 0.000000 0.274470 0.000000 -0.961596 0.931679 0.931679 0.931679
6358.036621 0.000000 1370.964233 0.000000 0.915533 0.000000 -0.402242 0.842166 0.842166 0.842166
6354.386719 0.000000 1372.119995 0.000000 0.379506 0.000000 0.925189 0.679650 0.679650 0.679650
6351.013672 0.000000 1370.989014 0.000000 0.560477 0.000000 0.828170 0.700602 0.700602 0.700602
6364.512207 0.000000 1369.764038 0.000000 0.827631 0.000000 -0.561273 0.860700 0.860700 0.860700
6360.636719 0.000000 1372.977295 0.000000 0.142709 0.000000 0.989765 0.654586 0.654586 0.654586
6352.881348 0.000000 1372.676025 0.000000 0.970138 0.000000 -0.242555 0.824955 0.824955 0.824955
6350.027344 0.000000 1374.004761 0.000000 0.994989 0.000000 0.099983 0.789799 0.789799 0.789799
6379.485352 0.000000 1347.452637 0.000000 0.618683 0.000000 -0.785641 0.892053 0.892053 0.892053
6367.454590 0.000000 1351.771240 0.000000 0.144405 0.000000 -0.989519 0.945239 0.945239 0.945239
6396.501465 0.000000 1344.902832 0.000000 0.557177 0.000000 -0.830394 0.899803 0.899803 0.899803
6384.902832 0.000000 1370.781982 0.000000 0.555441 0.000000 0.831556 0.699984 0.699984 0.699984
6374.314941 0.000000 1351.788574 0.000000 0.115665 0.000000 0.993288 0.651808 0.651808 0.651808
6367.530273 0.000000 1362.729980 0.000000 0.993461 0.000000 0.114171 0.788345 0.788345 0.788345
6371.611816 0.000000 1373.384155 0.000000 0.968213 0.000000 -0.250126 0.825751 0.825751 0.825751
6391.634277 0.000000 1348.120483 0.000000 0.982332 0.000000 0.187145 0.780824 0.780824 0.780824
6382.847656 0.000000 1375.518066 0.000000 0.961834 0.000000 -0.273635 0.828232 0.828232 0.828232
6367.573242 0.000000 1357.155762 0.000000 0.269012 0.000000 -0.963137 0.932257 0.932257 0.932257
6370.941406 0.000000 1348.129150 0.000000 0.567318 0.000000 0.823499 0.701446 0.701446 0.701446
6397.388184 0.000000 1365.221680 0.000000 0.969065 0.000000 -0.246805 0.825402 0.825402 0.825402
6371.920898 0.000000 1363.746338 0.000000 0.869418 0.000000 -0.494078 0.852638 0.852638 0.852638
6386.063965 0.000000 1366.088013 0.000000 0.687478 0.000000 -0.726205 0.882790 0.882790 0.882790
6367.290039 0.000000 1373.288330 0.000000 0.656533 0.000000 -0.754297 0.887047 0.887047 0.887047
6392.569336 0.000000 1344.126587 0.000000 0.999856 0.000000 0.016955 0.798273 0.798273 0.798273
6391.187500 0.000000 1360.759766 0.000000 0.882023 0.000000 -0.471207 0.849978 0.849978 0.849978
6379.491211 0.000000 1362.816040 0.000000 0.859785 0.000000 0.510656 0.745409 0.745409 0.745409
6382.784180 0.000000 1358.751099 0.000000 0.774283 0.000000 0.632840 0.730205 0.730205 0.730205
6386.451660 0.000000 1374.228271 0.000000 0.848797 0.000000 0.528719 0.743255 0.743255 0.743255
6375.670898 0.000000 1355.942261 0.000000 0.199130 0.000000 0.979973 0.660420 0.660420 0.660420
6393.570312 0.000000 1366.252808 0.000000 0.433094 0.000000 0.901349 0.685625 0.685625 0.685625
6397.863281 0.000000 1368.660034 0.000000 0.011769 0.000000 -0.999931 0.958801 0.958801 0.958801
6394.171387 0.000000 1352.736328 0.000000 0.946063 0.000000 -0.323982 0.833607 0.833607 0.833607
6389.423340 0.000000 1350.444702 0.000000 0.786697 0.000000 0.617340 0.732227 0.732227 0.732227
6369.983887 0.000000 1370.533936 0.000000 0.895498 0.000000 0.445066 0.753018 0.753018 0.753018
6397.806152 0.000000 1358.951172 0.000000 0.407338 0.000000 0.913277 0.682734 0.682734 0.682734
6392.974121 0.000000 1363.238281 0.000000 0.827100 0.000000 -0.562055 0.860796 0.860796 0.860796
6388.353027 0.000000 1371.970093 0.000000 0.179932 0.000000 0.983679 0.658428 0.658428 0.658428
6385.327148 0.000000 1360.132812 0.000000 0.640974 0.000000 -0.767563 0.889130 0.889130 0.889130
6380.373047 0.000000 1373.967285 0.000000 0.981797 0.000000 -0.189935 0.819465 0.819465 0.819465
6392.095703 0.000000 1350.982178 0.000000 0.997755 0.000000 0.066967 0.793174 0.793174 0.793174
6383.699219 0.000000 1368.390869 0.000000 0.991906 0.000000 -0.126974 0.812969 0.812969 0.812969
6390.359863 0.000000 1357.818481 0.000000 0.568757 0.000000 0.822505 0.701624 0.701624 0.701624
6378.497559 0.000000 1366.807373 0.000000 0.841386 0.000000 -0.540435 0.858157 0.858157 0.858157
6384.433105 0.000000 1352.031494 0.000000 0.428224 0.000000 -0.903673 0.914925 0.914925 0.914925
6370.211914 0.000000 1357.022095 0.000000 0.487710 0.000000 -0.873006 0.908106 0.908106 0.908106
6395.406250 0.000000 1357.807739 0.000000 0.520582 0.000000 0.853812 0.695771 0.695771 0.695771
6386.592773 0.000000 1368.773438 0.000000 0.279192 0.000000 -0.960235 0.931179 0.931179 0.931179
6376.353516 0.000000 1358.738159 0.000000 0.792759 0.000000 0.609536 0.733234 0.733234 0.733234
6380.628906 0.000000 1365.046875 0.000000 0.631496 0.000000 -0.775379 0.890381 0.890381 0.890381
6395.515625 0.000000 1363.445801 0.000000 0.540031 0.000000 0.841645 0.698108 0.698108 0.698108
6377.087402 0.000000 1362.798706 0.000000 0.998381 0.000000 -0.056877 0.805797 0.805797 0.805797
6388.793457 0.000000 1360.465698 0.000000 0.777167 0.000000 0.629294 0.730670 0.730670 0.730670
6369.992676 0.000000 1362.476196 0.000000 0.744371 0.000000 0.667767 0.725520 0.725520 0.725520
6371.389648 0.000000 1366.102661 0.000000 0.997861 0.000000 0.065377 0.793336 0.793336 0.793336
6367.848633 0.000000 1371.138550 0.000000 0.244782 0.000000 -0.969578 0.934811 0.934811 0.934811
6389.737793 0.000000 1362.583862 0.000000 0.950889 0.000000 0.309533 0.767945 0.767945 0.767945
6372.539062 0.000000 1356.163330 0.000000 0.731971 0.000000 -0.681336 0.876352 0.876352 0.876352
6398.945801 0.000000 1366.684814 0.000000 0.999667 0.000000 0.025787 0.797373 0.797373 0.797373
6381.686523 0.000000 1363.159180 0.000000 0.780489 0.000000 0.625170 0.731209 0.731209 0.731209
6378.015137 0.000000 1371.057861 0.000000 0.354001 0.000000 -0.935245 0.923143 0.923143 0.923143
6396.148926 0.000000 1353.446899 0.000000 0.818470 0.000000 0.574549 0.737657 0.737657 0.737657
6367.252930 0.000000 1366.649048 0.000000 0.831010 0.000000 -0.556257 0.860084 0.860084 0.860084
6369.716797 0.000000 1372.572998 0.000000 0.130723 0.000000 0.991419 0.653354 0.653354 0.653354
6393.690918 0.000000 1371.720825 0.000000 0.778487 0.000000 -0.627661 0.869116 0.869116 0.869116
6383.132324 0.000000 1356.767334 0.000000 0.832660 0.000000 -0.553785 0.859781 0.859781 0.859781
6398.469238 0.000000 1350.696411 0.000000 0.968019 0.000000 0.250877 0.774170 0.774170 0.774170
6383.394531 0.000000 1360.617188 0.000000 0.140979 0.000000 0.990013 0.654408 0.654408 0.654408
6381.900391 0.000000 1369.368774 0.000000 0.592417 0.000000 -0.805632 0.895416 0.895416 0.895416
6384.654785 0.000000 1358.229126 0.000000 0.660802 0.000000 -0.750561 0.886469 0.886469 0.886469
6394.687012 0.000000 1375.534302 0.000000 0.019121 0.000000 -0.999817 0.958052 0.958052 0.958052
6379.544922 0.000000 1372.263428 0.000000 0.875271 0.000000 0.483633 0.748581 0.748581 0.748581
6390.847656 0.000000 1375.265137 0.000000 0.557648 0.000000 0.830078 0.700255 0.700255 0.700255
6367.721680 0.000000 1364.619019 0.000000 0.946211 0.000000 -0.323550 0.833560 0.833560 0.833560
6374.024414 0.000000 1359.652832 0.000000 0.684671 0.000000 0.728852 0.716817 0.716817 0.716817
6395.263184 0.000000 1365.287598 0.000000 0.995083 0.000000 -0.099041 0.810105 0.810105 0.810105
6387.733398 0.000000 1370.197144 0.000000 0.784231 0.000000 0.620469 0.731822 0.731822 0.731822
6376.378418 0.000000 1371.863403 0.000000 0.963758 0.000000 -0.266777 0.827507 0.827507 0.827507
6370.220215 0.000000 1364.273193 0.000000 0.511260 0.000000 -0.859426 0.905337 0.905337 0.905337
6396.508301 0.000000 1369.764038 0.000000 0.196440 0.000000 0.980516 0.660140 0.660140 0.660140
6371.372559 0.000000 1359.572266 0.000000 0.654745 0.000000 -0.755850 0.887288 0.887288 0.887288
6379.250488 0.000000 1360.758301 0.000000 0.962017 0.000000 -0.272989 0.828164 0.828164 0.828164
6391.071777 0.000000 1368.921021 0.000000 0.971168 0.000000 0.238395 0.775481 0.775481 0.775481
6391.306152 0.000000 1363.420532 0.000000 0.920708 0.000000 0.390253 0.759164 0.759164 0.759164
6368.595703 0.000000 1361.414917 0.000000 0.214537 0.000000 -0.976716 0.937976 0.937976 0.937976
6385.687500 0.000000 1361.908081 0.000000 0.886095 0.000000 -0.463504 0.849091 0.849091 0.849091
6385.165527 0.000000 1367.582520 0.000000 0.871590 0.000000 -0.490236 0.852189 0.852189 0.852189
6396.243164 0.000000 1373.123047 0.000000 0.949966 0.000000 0.312353 0.767642 0.767642 0.767642
6371.070801 0.000000 1369.276855 0.000000 0.929734 0.000000 -0.368233 0.838412 0.838412 0.838412
6384.877441 0.000000 1372.676025 0.000000 0.211256 0.000000 -0.977431 0.938318 0.938318 0.938318
6382.023438 0.000000 1374.004761 0.000000 0.996408 0.000000 -0.084678 0.808636 0.808636 0.808636
6377.052734 0.000000 1367.673706 0.000000 0.299050 0.000000 0.954238 0.670934 0.670934 0.670934
6374.116699 0.000000 1368.119385 0.000000 0.017347 0.000000 -0.999849 0.958233 0.958233 0.958233
6384.029785 0.000000 1364.232300 0.000000 0.939466 0.000000 -0.342642 0.835623 0.835623 0.835623
6389.520020 0.000000 1373.071167 0.000000 0.928241 0.000000 0.371980 0.761177 0.761177 0.761177
6397.302734 0.000000 1366.984009 0.000000 0.076352 0.000000 0.997081 0.647785 0.647785 0.647785
6385.074707 0.000000 1369.182739 0.000000 0.277467 0.000000 0.960735 0.668638 0.668638 0.668638
6370.848633 0.000000 1361.132080 0.000000 0.929927 0.000000 -0.367743 0.838358 0.838358 0.838358
6380.016113 0.000000 1366.401367 0.000000 0.859628 0.000000 -0.510921 0.854622 0.854622 0.854622
6372.639160 0.000000 1366.917725 0.000000 0.356885 0.000000 -0.934148 0.922828 0.922828 0.922828
6378.309570 0.000000 1361.966553 0.000000 0.886626 0.000000 0.462487 0.751026 0.751026 0.751026
6382.338867 0.000000 1364.454956 0.000000 0.867746 0.000000 -0.497007 0.852982 0.852982 0.852982
6386.989258 0.000000 1367.336670 0.000000 0.456465 0.000000 0.889741 0.688283 0.688283 0.688283
6381.803223 0.000000 1365.967773 0.000000 0.999302 0.000000 0.037358 0.796194 0.796194 0.796194
6384.603516 0.000000 1366.218140 0.000000 0.840586 0.000000 -0.541678 0.858307 0.858307 0.858307
6378.220703 0.000000 1368.558228 0.000000 0.172877 0.000000 0.984944 0.657698 0.657698 0.657698
6386.255371 0.000000 1370.312500 0.000000 0.924166 0.000000 -0.381991 0.839924 0.839924 0.839924
6374.847168 0.000000 1364.997314 0.000000 0.963176 0.000000 -0.268872 0.827728 0.827728 0.827728
6379.701660 0.000000 1370.793823 0.000000 0.999254 0.000000 0.038616 0.796066 0.796066 0.796066
6383.744629 0.000000 1369.790649 0.000000 0.972911 0.000000 0.231178 0.776237 0.776237 0.776237
6375.396484 0.000000 1368.674927 0.000000 0.108426 0.000000 0.994105 0.651066 0.651066 0.651066
6373.141113 0.000000 1362.979980 0.000000 0.848201 0.000000 0.529675 0.743140 0.743140 0.743140
6377.208496 0.000000 1366.221436 0.000000 0.141071 0.000000 -0.989999 0.945583 0.945583 0.945583
6379.553223 0.000000 1364.131104 0.000000 0.047003 0.000000 0.998895 0.644789 0.644789 0.644789
6363.375488 0.000000 1392.912231 0.000000 0.920243 0.000000 -0.391348 0.840957 0.840957 0.840957
6351.130371 0.000000 1386.308716 0.000000 0.437537 0.000000 0.899200 0.686128 0.686128 0.686128
6355.731445 0.000000 1390.322632 0.000000 0.110102 0.000000 -0.993920 0.948762 0.948762 0.948762
6365.083984 0.000000 1387.314819 0.000000 0.994655 0.000000 0.103252 0.789464 0.789464 0.789464
6359.638184 0.000000 1380.112671 0.000000 0.985995 0.000000 0.166776 0.782933 0.782933 0.782933
6364.585938 0.000000 1382.091919 0.000000 0.003986 0.000000 0.999992 0.640406 0.640406 0.640406
6352.013184 0.000000 1377.124878 0.000000 0.003706 0.000000 -0.999993 0.959623 0.959623 0.959623
6360.954102 0.000000 1389.082153 0.000000 0.999891 0.000000 0.014781 0.798494 0.798494 0.798494
6360.573242 0.000000 1376.118774 0.000000 0.654938 0.000000 -0.755683 0.887262 0.887262 0.887262
6345.809570 0.000000 1375.675293 0.000000 0.511452 0.000000 -0.859312 0.905314 0.905314 0.905314
6354.898926 0.000000 1385.032471 0.000000 0.839029 0.000000 -0.544086 0.858600 0.858600 0.858600
6357.427246 0.000000 1382.436890 0.000000 0.991890 0.000000 0.127100 0.787019 0.787019 0.787019
6356.716797 0.000000 1378.967896 0.000000 0.938773 0.000000 -0.344535 0.835828 0.835828 0.835828
6349.057129 0.000000 1376.558228 0.000000 0.536750 0.000000 0.843742 0.697711 0.697711 0.697711
6353.315918 0.000000 1388.367188 0.000000 0.853351 0.000000 -0.521336 0.855861 0.855861 0.855861
6360.978027 0.000000 1395.230469 0.000000 0.517717 0.000000 0.855552 0.695430 0.695430 0.695430
6356.840332 0.000000 1387.595337 0.000000 0.866698 0.000000 -0.498834 0.853196 0.853196 0.853196
6365.998535 0.000000 1394.365234 0.000000 0.709013 0.000000 0.705196 0.720275 0.720275 0.720275
6351.588379 0.000000 1379.998535 0.000000 0.461234 0.000000 0.887278 0.688830 0.688830 0.688830
6352.437012 0.000000 1384.023682 0.000000 0.460808 0.000000 0.887500 0.688781 0.688781 0.688781
6363.410156 0.000000 1389.799927 0.000000 0.873232 0.000000 -0.487305 0.851846 0.851846 0.851846
6363.519531 0.000000 1395.437988 0.000000 0.998399 0.000000 0.056560 0.794236 0.794236 0.794236
6358.573730 0.000000 1377.469727 0.000000 0.999777 0.000000 0.021106 0.797850 0.797850 0.797850
6354.087891 0.000000 1375.730835 0.000000 0.864723 0.000000 -0.502249 0.853598 0.853598 0.853598
6356.797363 0.000000 1392.457886 0.000000 0.660953 0.000000 -0.750427 0.886449 0.886449 0.886449
6362.330078 0.000000 1381.935181 0.000000 0.981205 0.000000 -0.192967 0.819780 0.819780 0.819780
6349.630859 0.000000 1378.810913 0.000000 0.917516 0.000000 -0.397699 0.841661 0.841661 0.841661
6347.026855 0.000000 1377.377930 0.000000 0.985927 0.000000 0.167176 0.782891 0.782891 0.782891
6364.152832 0.000000 1385.439087 0.000000 0.891029 0.000000 0.453946 0.752005 0.752005 0.752005
6366.159180 0.000000 1375.678955 0.000000 0.087542 0.000000 0.996161 0.648928 0.648928 0.648928
6356.942871 0.000000 1384.354370 0.000000 0.996305 0.000000 0.085884 0.791241 0.791241 0.791241
6352.133301 0.000000 1381.971069 0.000000 0.922579 0.000000 0.385808 0.759655 0.759655 0.759655
6355.333008 0.000000 1382.929688 0.000000 0.461516 0.000000 -0.887132 0.911138 0.911138 0.911138
6360.051270 0.000000 1396.982666 0.000000 0.623889 0.000000 -0.781513 0.891377 0.891377 0.891377
6356.204102 0.000000 1380.942627 0.000000 0.810504 0.000000 0.585733 0.736258 0.736258 0.736258
6355.281250 0.000000 1377.203247 0.000000 0.279019 0.000000 -0.960285 0.931197 0.931197 0.931197
6357.940430 0.000000 1380.522949 0.000000 0.103531 0.000000 -0.994626 0.949436 0.949436 0.949436
6365.198242 0.000000 1392.811523 0.000000 0.857165 0.000000 -0.515041 0.855112 0.855112 0.855112
6364.202148 0.000000 1391.429810 0.000000 0.520206 0.000000 0.854041 0.695726 0.695726 0.695726
6358.340820 0.000000 1375.684937 0.000000 0.745269 0.000000 -0.666764 0.874343 0.874343 0.874343
6357.000977 0.000000 1377.372437 0.000000 0.915912 0.000000 0.401380 0.757930 0.757930 0.757930
6352.416992 0.000000 1378.698730 0.000000 0.775547 0.000000 -0.631290 0.869592 0.869592 0.869592
6350.444824 0.000000 1377.462280 0.000000 0.695889 0.000000 0.718149 0.718397 0.718397 0.718397
6358.491211 0.000000 1379.078125 0.000000 0.709202 0.000000 0.705005 0.720302 0.720302 0.720302
6386.251953 0.000000 1381.329956 0.000000 0.088688 0.000000 -0.996059 0.950954 0.950954 0.950954
6387.727539 0.000000 1390.322632 0.000000 0.784190 0.000000 -0.620520 0.868185 0.868185 0.868185
6381.060547 0.000000 1399.453125 0.000000 0.993053 0.000000 0.117667 0.787987 0.787987 0.787987
6391.052246 0.000000 1405.351318 0.000000 0.863305 0.000000 -0.504683 0.853885 0.853885 0.853885
6367.573242 0.000000 1389.147949 0.000000 0.999628 0.000000 0.027290 0.797220 0.797220 0.797220
6370.941406 0.000000 1380.121338 0.000000 0.554897 0.000000 0.831919 0.699918 0.699918 0.699918
6389.261719 0.000000 1401.160400 0.000000 0.614178 0.000000 -0.789167 0.892636 0.892636 0.892636
6392.950195 0.000000 1389.082153 0.000000 0.682721 0.000000 0.730679 0.716545 0.716545 0.716545
6386.063965 0.000000 1398.080200 0.000000 0.597720 0.000000 0.801705 0.705257 0.705257 0.705257
6370.973145 0.000000 1386.466431 0.000000 0.666126 0.000000 -0.745839 0.885745 0.885745 0.885745
6392.569336 0.000000 1376.118774 0.000000 0.254939 0.000000 -0.966957 0.933742 0.933742 0.933742
6375.399414 0.000000 1393.065186 0.000000 0.681732 0.000000 0.731602 0.716407 0.716407 0.716407
6377.805664 0.000000 1375.675293 0.000000 0.524688 0.000000 0.851295 0.696262 0.696262 0.696262
6382.784180 0.000000 1390.743286 0.000000 0.321519 0.000000 0.946903 0.673342 0.673342 0.673342
6386.895020 0.000000 1385.032471 0.000000 0.989074 0.000000 -0.147419 0.815071 0.815071 0.815071
6367.314453 0.000000 1380.122681 0.000000 0.408437 0.000000 -0.912787 0.917144 0.917144 0.917144
6387.338379 0.000000 1394.343506 0.000000 0.796747 0.000000 -0.604314 0.866097 0.866097 0.866097
6369.696289 0.000000 1392.082397 0.000000 0.317268 0.000000 -0.948336 0.927115 0.927115 0.927115
6377.625488 0.000000 1382.295654 0.000000 0.065812 0.000000 -0.997832 0.953292 0.953292 0.953292
6389.423340 0.000000 1382.436890 0.000000 0.981091 0.000000 0.193545 0.780160 0.780160 0.780160
6370.501953 0.000000 1383.414307 0.000000 0.682158 0.000000 0.731205 0.716467 0.716467 0.716467
6388.712891 0.000000 1378.967896 0.000000 0.514902 0.000000 -0.857249 0.904905 0.904905 0.904905
6381.053223 0.000000 1376.558228 0.000000 0.971638 0.000000 0.236472 0.775683 0.775683 0.775683
6397.806152 0.000000 1390.943359 0.000000 0.006974 0.000000 0.999976 0.640710 0.640710 0.640710
6388.353027 0.000000 1403.962280 0.000000 0.140858 0.000000 -0.990030 0.945604 0.945604 0.945604
6383.267578 0.000000 1397.565796 0.000000 0.988216 0.000000 0.153068 0.784347 0.784347 0.784347
6383.699219 0.000000 1400.383057 0.000000 0.547646 0.000000 0.836710 0.699032 0.699032 0.699032
6372.362305 0.000000 1393.091187 0.000000 0.670262 0.000000 0.742125 0.714822 0.714822 0.714822
6373.775391 0.000000 1397.922607 0.000000 0.997980 0.000000 0.063527 0.793525 0.793525 0.793525
6384.433105 0.000000 1384.023682 0.000000 0.489453 0.000000 -0.872030 0.907903 0.907903 0.907903
6367.854492 0.000000 1386.363647 0.000000 0.938118 0.000000 0.346316 0.763978 0.763978 0.763978
6386.102051 0.000000 1378.729370 0.000000 0.970328 0.000000 0.241792 0.775125 0.775125 0.775125
6381.290039 0.000000 1392.992920 0.000000 0.285342 0.000000 0.958426 0.669474 0.669474 0.669474
6395.406250 0.000000 1389.799927 0.000000 0.522131 0.000000 0.852865 0.695956 0.695956 0.695956
6386.592773 0.000000 1400.765625 0.000000 0.973057 0.000000 -0.230565 0.823698 0.823698 0.823698
6381.092773 0.000000 1384.723511 0.000000 0.258672 0.000000 0.965965 0.666651 0.666651 0.666651
6375.696777 0.000000 1377.425903 0.000000 0.754991 0.000000 0.655736 0.727155 0.727155 0.727155
6374.414062 0.000000 1395.448975 0.000000 0.397197 0.000000 -0.917734 0.918395 0.918395 0.918395
6376.159180 0.000000 1385.393555 0.000000 0.370661 0.000000 -0.928768 0.921322 0.921322 0.921322
6378.057129 0.000000 1388.712524 0.000000 0.964024 0.000000 0.265814 0.772595 0.772595 0.772595
6390.569824 0.000000 1377.469727 0.000000 0.787160 0.000000 -0.616749 0.867696 0.867696 0.867696
6367.302246 0.000000 1392.104126 0.000000 0.971767 0.000000 0.235943 0.775738 0.775738 0.775738
6386.083984 0.000000 1375.730835 0.000000 0.999283 0.000000 0.037866 0.796142 0.796142 0.796142
6369.137695 0.000000 1378.640259 0.000000 0.842466 0.000000 0.538749 0.742047 0.742047 0.742047
6379.871094 0.000000 1381.725220 0.000000 0.277391 0.000000 0.960757 0.668630 0.668630 0.668630
6369.992676 0.000000 1394.468384 0.000000 0.761656 0.000000 -0.647981 0.871804 0.871804 0.871804
6381.626953 0.000000 1378.810913 0.000000 0.525338 0.000000 0.850894 0.696340 0.696340 0.696340
6392.790039 0.000000 1400.343994 0.000000 0.865498 0.000000 0.500912 0.746559 0.746559 0.746559
6381.686523 0.000000 1395.151367 0.000000 0.999988 0.000000 0.004791 0.799512 0.799512 0.799512
6379.022949 0.000000 1377.377930 0.000000 0.935732 0.000000 0.352713 0.763283 0.763283 0.763283
6377.457520 0.000000 1392.642212 0.000000 0.545618 0.000000 -0.838034 0.901214 0.901214 0.901214
6378.312988 0.000000 1396.575684 0.000000 0.995281 0.000000 0.097039 0.790100 0.790100 0.790100
6396.546875 0.000000 1406.750610 0.000000 0.801117 0.000000 0.598508 0.734643 0.734643 0.734643
6392.453613 0.000000 1378.275635 0.000000 0.999906 0.000000 0.013691 0.798605 0.798605 0.798605
6383.132324 0.000000 1388.759521 0.000000 0.687592 0.000000 0.726097 0.717226 0.717226 0.717226
6369.247559 0.000000 1384.973877 0.000000 0.121129 0.000000 -0.992637 0.947631 0.947631 0.947631
6383.394531 0.000000 1392.609375 0.000000 0.589059 0.000000 -0.808090 0.895840 0.895840 0.895840
6379.235840 0.000000 1383.667114 0.000000 0.734404 0.000000 -0.678712 0.875988 0.875988 0.875988
6375.303223 0.000000 1382.055420 0.000000 0.915998 0.000000 0.401184 0.757952 0.757952 0.757952
6386.920898 0.000000 1387.236450 0.000000 0.957434 0.000000 -0.288653 0.829826 0.829826 0.829826
6384.654785 0.000000 1390.221313 0.000000 0.999814 0.000000 0.019292 0.798035 0.798035 0.798035
6367.721680 0.000000 1396.611206 0.000000 0.582743 0.000000 0.812656 0.703367 0.703367 0.703367
6390.032715 0.000000 1402.956421 0.000000 0.921309 0.000000 0.388832 0.759321 0.759321 0.759321
6398.569336 0.000000 1377.588745 0.000000 0.023627 0.000000 0.999721 0.642407 0.642407 0.642407
6374.024414 0.000000 1391.645020 0.000000 0.504077 0.000000 -0.863659 0.906187 0.906187 0.906187
6387.277344 0.000000 1377.203247 0.000000 0.961347 0.000000 0.275341 0.771587 0.771587 0.771587
6368.934570 0.000000 1390.353760 0.000000 0.946305 0.000000 0.323276 0.766469 0.766469 0.766469
6377.250977 0.000000 1386.981323 0.000000 0.996620 0.000000 -0.082145 0.808377 0.808377 0.808377
6382.677734 0.000000 1375.709351 0.000000 0.973853 0.000000 -0.227181 0.823344 0.823344 0.823344
6371.372559 0.000000 1391.564453 0.000000 0.318410 0.000000 0.947953 0.673008 0.673008 0.673008
6379.250488 0.000000 1392.750488 0.000000 0.997225 0.000000 -0.074451 0.807591 0.807591 0.807591
6382.810059 0.000000 1384.543091 0.000000 0.664657 0.000000 -0.747149 0.885945 0.885945 0.885945
6385.687500 0.000000 1393.900269 0.000000 0.405209 0.000000 0.914224 0.682496 0.682496 0.682496
6396.198242 0.000000 1391.429810 0.000000 0.999525 0.000000 0.030811 0.796861 0.796861 0.796861
6388.997070 0.000000 1377.372437 0.000000 0.996192 0.000000 -0.087183 0.808892 0.808892 0.808892
6374.136230 0.000000 1388.074341 0.000000 0.526947 0.000000 -0.849898 0.903468 0.903468 0.903468
6370.848633 0.000000 1393.124268 0.000000 0.611983 0.000000 -0.790871 0.892919 0.892919 0.892919
6375.152344 0.000000 1386.494507 0.000000 0.685092 0.000000 0.728456 0.716876 0.716876 0.716876
6395.150879 0.000000 1404.015991 0.000000 0.078950 0.000000 -0.996879 0.951950 0.951950 0.951950
6378.309570 0.000000 1393.958740 0.000000 0.814236 0.000000 0.580535 0.736910 0.736910 0.736910
6393.374512 0.000000 1387.781250 0.000000 0.999259 0.000000 0.038489 0.796079 0.796079 0.796079
6392.144043 0.000000 1387.821777 0.000000 0.266184 0.000000 -0.963922 0.932556 0.932556 0.932556
6391.942871 0.000000 1399.631226 0.000000 0.388614 0.000000 -0.921400 0.919345 0.919345 0.919345
6392.054199 0.000000 1401.226807 0.000000 0.995550 0.000000 -0.094233 0.809613 0.809613 0.809613
6397.205078 0.000000 1391.740845 0.000000 0.178734 0.000000 0.983898 0.658304 0.658304 0.658304
6390.114258 0.000000 1392.342163 0.000000 0.890693 0.000000 0.454606 0.751930 0.751930 0.751930
6388.490723 0.000000 1407.801147 0.000000 0.998348 0.000000 0.057452 0.794145 0.794145 0.794145
6396.501465 0.000000 1408.887207 0.000000 0.270065 0.000000 0.962842 0.667854 0.667854 0.667854
6390.098633 0.000000 1428.720947 0.000000 0.553050 0.000000 0.833148 0.699691 0.699691 0.699691
6391.052246 0.000000 1437.343506 0.000000 0.976990 0.000000 0.213284 0.778107 0.778107 0.778107
6396.582031 0.000000 1414.084106 0.000000 0.283373 0.000000 0.959010 0.669265 0.669265 0.669265
6398.399902 0.000000 1437.681152 0.000000 0.279711 0.000000 0.960084 0.668876 0.668876 0.668876
6397.388184 0.000000 1429.206055 0.000000 0.759911 0.000000 -0.650027 0.872078 0.872078 0.872078
6389.261719 0.000000 1433.152588 0.000000 0.980601 0.000000 0.196014 0.779904 0.779904 0.779904
6397.863281 0.000000 1432.644409 0.000000 0.508356 0.000000 -0.861147 0.905681 0.905681 0.905681
6394.789062 0.000000 1411.626221 0.000000 0.264941 0.000000 0.964265 0.667313 0.667313 0.667313
6392.095703 0.000000 1414.966553 0.000000 0.006919 0.000000 -0.999976 0.959295 0.959295 0.959295
6390.359863 0.000000 1421.802856 0.000000 0.684870 0.000000 0.728666 0.716845 0.716845 0.716845
6395.406250 0.000000 1421.792114 0.000000 0.404634 0.000000 -0.914479 0.917568 0.917568 0.917568
6395.515625 0.000000 1427.430176 0.000000 0.971737 0.000000 -0.236065 0.824275 0.824275 0.824275
6393.445312 0.000000 1423.466919 0.000000 0.954231 0.000000 -0.299069 0.830936 0.830936 0.830936
6388.793457 0.000000 1424.450073 0.000000 0.116210 0.000000 0.993225 0.651864 0.651864 0.651864
6392.582520 0.000000 1418.673462 0.000000 0.678343 0.000000 0.734746 0.715936 0.715936 0.715936
6392.790039 0.000000 1432.336182 0.000000 0.325946 0.000000 0.945388 0.673818 0.673818 0.673818
6398.945801 0.000000 1430.669189 0.000000 0.092040 0.000000 -0.995755 0.950612 0.950612 0.950612
6393.690918 0.000000 1435.705200 0.000000 0.910052 0.000000 -0.414494 0.843533 0.843533 0.843533
6390.873047 0.000000 1419.648682 0.000000 0.564464 0.000000 0.825458 0.701093 0.701093 0.701093
6398.346680 0.000000 1421.011108 0.000000 0.132710 0.000000 -0.991155 0.946442 0.946442 0.946442
6392.047363 0.000000 1428.974854 0.000000 0.722139 0.000000 0.691748 0.722189 0.722189 0.722189
6390.032715 0.000000 1434.948608 0.000000 0.123394 0.000000 -0.992358 0.947399 0.947399 0.947399
6393.312500 0.000000 1425.383789 0.000000 0.321611 0.000000 -0.946872 0.926648 0.926648 0.926648
6396.508301 0.000000 1433.748413 0.000000 0.686453 0.000000 -0.727175 0.882933 0.882933 0.882933
6397.194336 0.000000 1424.803711 0.000000 0.793253 0.000000 -0.608893 0.866683 0.866683 0.866683
6391.071777 0.000000 1432.905396 0.000000 0.968211 0.000000 -0.250135 0.825752 0.825752 0.825752
6391.306152 0.000000 1427.404907 0.000000 0.786868 0.000000 0.617121 0.732256 0.732256 0.732256
6392.365234 0.000000 1416.666382 0.000000 0.425426 0.000000 0.904993 0.684760 0.684760 0.684760
6396.198242 0.000000 1423.421997 0.000000 0.788958 0.000000 -0.614447 0.867399 0.867399 0.867399
6390.007812 0.000000 1423.368774 0.000000 0.480278 0.000000 0.877116 0.691029 0.691029 0.691029
6395.943848 0.000000 1420.214233 0.000000 0.118951 0.000000 0.992900 0.652145 0.652145 0.652145
6394.820801 0.000000 1423.133911 0.000000 0.678522 0.000000 -0.734580 0.884039 0.884039 0.884039
6398.749023 0.000000 1429.411621 0.000000 0.017291 0.000000 -0.999851 0.958239 0.958239 0.958239
6397.727539 0.000000 1408.764648 0.000000 0.626350 0.000000 -0.779542 0.891055 0.891055 0.891055
6415.685059 0.000000 1362.568115 0.000000 0.057264 0.000000 -0.998359 0.954164 0.954164 0.954164
6408.311035 0.000000 1365.203491 0.000000 0.993030 0.000000 -0.117862 0.812033 0.812033 0.812033
6416.898926 0.000000 1370.781982 0.000000 0.601240 0.000000 0.799068 0.705705 0.705705 0.705705
6406.311035 0.000000 1351.788574 0.000000 0.270520 0.000000 0.962714 0.667903 0.667903 0.667903
6422.094727 0.000000 1364.736572 0.000000 0.346890 0.000000 -0.937906 0.923916 0.923916 0.923916
6399.526367 0.000000 1362.729980 0.000000 0.790875 0.000000 0.611978 0.732920 0.732920 0.732920
6419.723633 0.000000 1358.330444 0.000000 0.702022 0.000000 0.712156 0.719270 0.719270 0.719270
6414.843750 0.000000 1375.518066 0.000000 0.788733 0.000000 0.614736 0.732564 0.732564 0.732564
6404.506348 0.000000 1368.420898 0.000000 0.265121 0.000000 -0.964215 0.932668 0.932668 0.932668
6421.257812 0.000000 1369.168213 0.000000 0.095463 0.000000 -0.995433 0.950261 0.950261 0.950261
6403.916992 0.000000 1363.746338 0.000000 0.473071 0.000000 0.881024 0.690193 0.690193 0.690193
6418.060059 0.000000 1366.088013 0.000000 0.970352 0.000000 0.241695 0.775135 0.775135 0.775135
6402.969238 0.000000 1354.474243 0.000000 0.448355 0.000000 0.893856 0.687357 0.687357 0.687357
6399.286133 0.000000 1373.288330 0.000000 0.966447 0.000000 0.256867 0.773539 0.773539 0.773539
6408.678711 0.000000 1369.231689 0.000000 0.256751 0.000000 0.966478 0.666449 0.666449 0.666449
6414.215332 0.000000 1350.447510 0.000000 0.319284 0.000000 0.947659 0.673102 0.673102 0.673102
6413.166992 0.000000 1371.232666 0.000000 0.928734 0.000000 -0.370747 0.838688 0.838688 0.838688
6399.310547 0.000000 1348.130493 0.000000 0.254748 0.000000 0.967008 0.666238 0.666238 0.666238
6419.334473 0.000000 1362.351318 0.000000 0.597763 0.000000 0.801673 0.705262 0.705262 0.705262
6401.171387 0.000000 1365.885132 0.000000 0.297691 0.000000 -0.954662 0.929211 0.929211 0.929211
6412.587891 0.000000 1356.316162 0.000000 0.045900 0.000000 0.998946 0.644677 0.644677 0.644677
6412.369141 0.000000 1373.967285 0.000000 0.058329 0.000000 -0.998297 0.954055 0.954055 0.954055
6407.186523 0.000000 1374.580322 0.000000 0.967382 0.000000 0.253321 0.773913 0.773913 0.773913
6399.850586 0.000000 1354.371460 0.000000 0.203695 0.000000 -0.979034 0.939106 0.939106 0.939106
6415.288574 0.000000 1372.927979 0.000000 0.854226 0.000000 -0.519901 0.855690 0.855690 0.855690
6418.588867 0.000000 1368.773438 0.000000 0.924260 0.000000 -0.381763 0.839899 0.839899 0.839899
6406.410156 0.000000 1363.456787 0.000000 0.936224 0.000000 -0.351404 0.836575 0.836575 0.836575
6401.471191 0.000000 1374.605103 0.000000 0.780088 0.000000 0.625670 0.731144 0.731144 0.731144
6408.155273 0.000000 1353.401367 0.000000 0.107568 0.000000 0.994198 0.650978 0.650978 0.650978
6420.384277 0.000000 1366.855347 0.000000 0.786555 0.000000 -0.617520 0.867796 0.867796 0.867796
6410.053223 0.000000 1356.720337 0.000000 0.984377 0.000000 0.176075 0.781971 0.781971 0.781971
6404.316895 0.000000 1370.842773 0.000000 0.255414 0.000000 -0.966832 0.933692 0.933692 0.933692
6401.715332 0.000000 1368.187134 0.000000 0.821887 0.000000 -0.569651 0.861735 0.861735 0.861735
6401.988770 0.000000 1362.476196 0.000000 0.588464 0.000000 -0.808524 0.895915 0.895915 0.895915
6406.304199 0.000000 1369.738892 0.000000 0.541145 0.000000 0.840929 0.698243 0.698243 0.698243
6419.694824 0.000000 1364.501953 0.000000 0.555352 0.000000 0.831616 0.699973 0.699973 0.699973
6413.682617 0.000000 1363.159180 0.000000 0.269211 0.000000 -0.963081 0.932236 0.932236 0.932236
6409.453613 0.000000 1360.650024 0.000000 0.403362 0.000000 0.915040 0.682291 0.682291 0.682291
6416.568359 0.000000 1374.494385 0.000000 0.844481 0.000000 0.535586 0.742429 0.742429 0.742429
6411.541016 0.000000 1372.263428 0.000000 0.210117 0.000000 -0.977676 0.938437 0.938437 0.938437
6410.749023 0.000000 1375.019775 0.000000 0.575922 0.000000 0.817505 0.702514 0.702514 0.702514
6399.717773 0.000000 1364.619019 0.000000 0.556556 0.000000 -0.830810 0.899879 0.899879 0.899879
6408.930664 0.000000 1374.763672 0.000000 0.766302 0.000000 -0.642480 0.871070 0.871070 0.871070
6403.109375 0.000000 1375.408813 0.000000 0.704292 0.000000 0.709910 0.719595 0.719595 0.719595
6405.809570 0.000000 1373.562988 0.000000 0.587254 0.000000 0.809403 0.703933 0.703933 0.703933
6403.066895 0.000000 1369.276855 0.000000 0.996934 0.000000 -0.078247 0.807978 0.807978 0.807978
6403.131836 0.000000 1371.869629 0.000000 0.758693 0.000000 0.651449 0.727732 0.727732 0.727732
6404.971191 0.000000 1372.255737 0.000000 1.000000 0.000000 0.000861 0.799912 0.799912 0.799912
6403.125488 0.000000 1367.593994 0.000000 0.230061 0.000000 -0.973176 0.936354 0.936354 0.936354
6407.483887 0.000000 1373.125000 0.000000 0.105456 0.000000 -0.994424 0.949238 0.949238 0.949238
6426.558594 0.000000 1401.684570 0.000000 0.823901 0.000000 -0.566733 0.861374 0.861374 0.861374
6420.486816 0.000000 1375.808960 0.000000 0.977674 0.000000 0.210129 0.778436 0.778436 0.778436
6405.679688 0.000000 1375.960815 0.000000 0.842241 0.000000 0.539100 0.742005 0.742005 0.742005
6418.248047 0.000000 1381.329956 0.000000 0.388265 0.000000 0.921548 0.680616 0.680616 0.680616
6419.723633 0.000000 1390.322632 0.000000 0.916571 0.000000 0.399872 0.758097 0.758097 0.758097
6423.048340 0.000000 1405.351318 0.000000 0.923270 0.000000 -0.384152 0.840162 0.840162 0.840162
6416.005371 0.000000 1377.124878 0.000000 0.750049 0.000000 -0.661382 0.873610 0.873610 0.873610
6421.257812 0.000000 1401.160400 0.000000 0.805191 0.000000 -0.593015 0.864660 0.864660 0.864660
6407.309570 0.000000 1379.902588 0.000000 0.750515 0.000000 0.660853 0.726462 0.726462 0.726462
6414.215332 0.000000 1382.439697 0.000000 0.803967 0.000000 -0.594674 0.864870 0.864870 0.864870
6409.801758 0.000000 1375.675293 0.000000 0.943867 0.000000 0.330325 0.765709 0.765709 0.765709
6399.310547 0.000000 1380.122681 0.000000 0.977035 0.000000 -0.213081 0.821872 0.821872 0.821872
6426.642578 0.000000 1405.521240 0.000000 0.811671 0.000000 0.584114 0.736461 0.736461 0.736461
6399.734375 0.000000 1376.597290 0.000000 0.781373 0.000000 -0.624064 0.868646 0.868646 0.868646
6412.587891 0.000000 1388.308350 0.000000 0.999728 0.000000 0.023328 0.797624 0.797624 0.797624
6402.498047 0.000000 1383.414307 0.000000 0.993287 0.000000 0.115678 0.788191 0.788191 0.788191
6417.323242 0.000000 1392.125000 0.000000 0.974537 0.000000 -0.224226 0.823035 0.823035 0.823035
6428.610352 0.000000 1403.507446 0.000000 0.532686 0.000000 0.846313 0.697221 0.697221 0.697221
6404.847168 0.000000 1378.454834 0.000000 0.193002 0.000000 0.981198 0.659783 0.659783 0.659783
6407.692871 0.000000 1377.425903 0.000000 0.482525 0.000000 0.875882 0.691290 0.691290 0.691290
6420.870117 0.000000 1406.550659 0.000000 0.931291 0.000000 0.364276 0.762021 0.762021 0.762021
6417.558105 0.000000 1395.829956 0.000000 0.945135 0.000000 -0.326680 0.833898 0.833898 0.833898
6410.011230 0.000000 1403.050049 0.000000 0.193372 0.000000 0.981125 0.659822 0.659822 0.659822
6428.542969 0.000000 1406.750610 0.000000 0.855954 0.000000 0.517052 0.744649 0.744649 0.744649
6404.769531 0.000000 1406.978516 0.000000 0.201577 0.000000 -0.979473 0.939326 0.939326 0.939326
6420.196289 0.000000 1380.942627 0.000000 0.974984 0.000000 0.222274 0.777169 0.777169 0.777169
6422.843750 0.000000 1407.257324 0.000000 0.999608 0.000000 0.028005 0.797147 0.797147 0.797147
6419.729492 0.000000 1402.189331 0.000000 0.723004 0.000000 0.690844 0.722317 0.722317 0.722317
6417.161621 0.000000 1399.574707 0.000000 0.165021 0.000000 -0.986290 0.943114 0.943114 0.943114
6411.525391 0.000000 1375.796021 0.000000 0.925094 0.000000 -0.379739 0.839676 0.839676 0.839676
6423.043457 0.000000 1381.745239 0.000000 0.137262 0.000000 0.990535 0.654026 0.654026 0.654026
6417.070801 0.000000 1401.174927 0.000000 0.259581 0.000000 0.965721 0.666747 0.666747 0.666747
6404.635254 0.000000 1398.909912 0.000000 0.786221 0.000000 0.617945 0.732149 0.732149 0.732149
6411.697754 0.000000 1402.786011 0.000000 0.559163 0.000000 0.829058 0.700441 0.700441 0.700441
6400.847656 0.000000 1388.783447 0.000000 0.862609 0.000000 0.505871 0.745975 0.745975 0.745975
6408.938965 0.000000 1388.168213 0.000000 0.038087 0.000000 0.999274 0.643880 0.643880 0.643880
6419.219727 0.000000 1403.298828 0.000000 0.284928 0.000000 -0.958549 0.930570 0.930570 0.930570
6403.581055 0.000000 1383.604126 0.000000 0.892334 0.000000 0.451375 0.752299 0.752299 0.752299
6412.234863 0.000000 1393.122070 0.000000 0.670625 0.000000 0.741796 0.714872 0.714872 0.714872
6414.206543 0.000000 1388.391968 0.000000 0.392398 0.000000 0.919796 0.681073 0.681073 0.681073
6414.554199 0.000000 1389.786133 0.000000 0.982680 0.000000 0.185313 0.781014 0.781014 0.781014
6420.486816 0.000000 1407.801147 0.000000 0.760351 0.000000 0.649512 0.727991 0.727991 0.727991
6428.497559 0.000000 1408.887207 0.000000 0.151388 0.000000 0.988474 0.655480 0.655480 0.655480
6416.898926 0.000000 1434.766357 0.000000 0.922846 0.000000 -0.385168 0.840274 0.840274 0.840274
6406.311035 0.000000 1415.772949 0.000000 0.678620 0.000000 0.734490 0.715975 0.715975 0.715975
6405.679688 0.000000 1407.953003 0.000000 0.772463 0.000000 0.635060 0.729912 0.729912 0.729912
6399.526367 0.000000 1426.714355 0.000000 0.977479 0.000000 -0.211033 0.821659 0.821659 0.821659
6429.076172 0.000000 1419.307007 0.000000 0.970447 0.000000 0.241316 0.775175 0.775175 0.775175
6403.607910 0.000000 1437.368530 0.000000 0.414067 0.000000 -0.910247 0.916515 0.916515 0.916515
6413.056641 0.000000 1431.445312 0.000000 0.907757 0.000000 -0.419497 0.844094 0.844094 0.844094
6430.395996 0.000000 1437.681152 0.000000 0.515596 0.000000 0.856832 0.695177 0.695177 0.695177
6410.577148 0.000000 1417.544189 0.000000 0.762532 0.000000 -0.646950 0.871666 0.871666 0.871666
6421.257812 0.000000 1433.152588 0.000000 0.671306 0.000000 -0.741180 0.885035 0.885035 0.885035
6403.916992 0.000000 1427.730713 0.000000 0.936478 0.000000 -0.350726 0.836501 0.836501 0.836501
6424.946289 0.000000 1421.074341 0.000000 0.073831 0.000000 0.997271 0.647527 0.647527 0.647527
6418.060059 0.000000 1430.072388 0.000000 0.933040 0.000000 0.359774 0.762513 0.762513 0.762513
6399.286133 0.000000 1437.272705 0.000000 0.251880 0.000000 -0.967758 0.934064 0.934064 0.934064
6408.678711 0.000000 1433.216064 0.000000 0.289667 0.000000 0.957128 0.669934 0.669934 0.669934
6424.565430 0.000000 1408.110962 0.000000 0.332142 0.000000 0.943229 0.674487 0.674487 0.674487
6407.309570 0.000000 1411.894775 0.000000 0.995272 0.000000 -0.097128 0.809909 0.809909 0.809909
6423.183594 0.000000 1424.744141 0.000000 0.867259 0.000000 0.497858 0.746918 0.746918 0.746918
6411.487305 0.000000 1426.800415 0.000000 0.963458 0.000000 0.267858 0.772379 0.772379 0.772379
6419.334473 0.000000 1426.335693 0.000000 0.451567 0.000000 0.892237 0.687723 0.687723 0.687723
6429.859375 0.000000 1432.644409 0.000000 0.970830 0.000000 0.239769 0.775337 0.775337 0.775337
6426.167480 0.000000 1416.720703 0.000000 0.401794 0.000000 -0.915730 0.917884 0.917884 0.917884
6406.553223 0.000000 1435.956665 0.000000 0.935740 0.000000 0.352692 0.763285 0.763285 0.763285
6399.734375 0.000000 1408.589478 0.000000 0.984793 0.000000 0.173731 0.782214 0.782214 0.782214
6417.308105 0.000000 1420.359375 0.000000 0.646866 0.000000 -0.762604 0.888345 0.888345 0.888345
6429.802246 0.000000 1422.935547 0.000000 0.824331 0.000000 -0.566109 0.861297 0.861297 0.861297
6430.097168 0.000000 1411.455444 0.000000 0.133375 0.000000 0.991066 0.653626 0.653626 0.653626
6426.785156 0.000000 1411.626221 0.000000 0.289410 0.000000 0.957205 0.669907 0.669907 0.669907
6424.970215 0.000000 1427.222656 0.000000 0.990691 0.000000 -0.136132 0.813910 0.813910 0.813910
6417.323242 0.000000 1424.117188 0.000000 0.436486 0.000000 -0.899711 0.913991 0.913991 0.913991
6415.263672 0.000000 1429.557983 0.000000 0.980256 0.000000 0.197731 0.779726 0.779726 0.779726
6429.990723 0.000000 1426.357422 0.000000 0.970607 0.000000 -0.240671 0.824758 0.824758 0.824758
6424.091797 0.000000 1414.966553 0.000000 0.998125 0.000000 -0.061215 0.806239 0.806239 0.806239
6428.610352 0.000000 1435.499634 0.000000 0.998472 0.000000 -0.055258 0.805631 0.805631 0.805631
6405.771484 0.000000 1429.914795 0.000000 0.938901 0.000000 0.344187 0.764210 0.764210 0.764210
6399.850586 0.000000 1418.355835 0.000000 0.916298 0.000000 -0.400498 0.841972 0.841972 0.841972
6427.402344 0.000000 1421.792114 0.000000 0.259118 0.000000 -0.965846 0.933302 0.933302 0.933302
6418.588867 0.000000 1432.757812 0.000000 0.953956 0.000000 0.299945 0.768970 0.768970 0.768970
6408.349609 0.000000 1422.722534 0.000000 0.766438 0.000000 -0.642318 0.871049 0.871049 0.871049
6406.410156 0.000000 1427.441162 0.000000 0.994625 0.000000 -0.103538 0.810565 0.810565 0.810565
6427.511719 0.000000 1427.430176 0.000000 0.983782 0.000000 0.179366 0.781631 0.781631 0.781631
6427.799805 0.000000 1431.271729 0.000000 0.344043 0.000000 0.938954 0.675775 0.675775 0.675775
6410.053223 0.000000 1420.704712 0.000000 0.907881 0.000000 -0.419228 0.844064 0.844064 0.844064
6399.298340 0.000000 1424.096313 0.000000 0.703799 0.000000 0.710399 0.719525 0.719525 0.719525
6426.703125 0.000000 1419.490479 0.000000 0.551818 0.000000 -0.833964 0.900459 0.900459 0.900459
6420.789551 0.000000 1424.450073 0.000000 0.108126 0.000000 -0.994137 0.948965 0.948965 0.948965
6426.329102 0.000000 1409.488770 0.000000 0.922316 0.000000 0.386436 0.759586 0.759586 0.759586
6419.694824 0.000000 1428.486328 0.000000 0.825180 0.000000 -0.564870 0.861144 0.861144 0.861144
6407.501953 0.000000 1431.260010 0.000000 0.994552 0.000000 -0.104237 0.810637 0.810637 0.810637
6430.941895 0.000000 1430.669189 0.000000 0.626054 0.000000 -0.779780 0.891094 0.891094 0.891094
6413.682617 0.000000 1427.143555 0.000000 0.771429 0.000000 -0.636316 0.870254 0.870254 0.870254
6428.145020 0.000000 1417.431274 0.000000 0.099282 0.000000 -0.995059 0.949871 0.949871 0.949871
6399.249023 0.000000 1430.633423 0.000000 0.403296 0.000000 0.915070 0.682283 0.682283 0.682283
6424.889648 0.000000 1438.633179 0.000000 0.886872 0.000000 0.462015 0.751081 0.751081 0.751081
6425.687012 0.000000 1435.705200 0.000000 0.269342 0.000000 0.963045 0.667778 0.667778 0.667778
6415.128418 0.000000 1420.751709 0.000000 0.936369 0.000000 0.351017 0.763467 0.763467 0.763467
6406.560059 0.000000 1421.698730 0.000000 0.856134 0.000000 -0.516754 0.855315 0.855315 0.855315
6422.869141 0.000000 1419.648682 0.000000 0.992025 0.000000 0.126043 0.787127 0.787127 0.787127
6417.134766 0.000000 1418.403931 0.000000 0.377745 0.000000 -0.925910 0.920544 0.920544 0.920544
6418.916992 0.000000 1419.228638 0.000000 0.552074 0.000000 -0.833795 0.900428 0.900428 0.900428
6420.196289 0.000000 1412.934814 0.000000 0.197549 0.000000 0.980293 0.660255 0.660255 0.660255
6430.398926 0.000000 1434.757080 0.000000 0.271488 0.000000 0.962442 0.668005 0.668005 0.668005
6425.308594 0.000000 1425.383789 0.000000 0.882420 0.000000 0.470463 0.750108 0.750108 0.750108
6419.729492 0.000000 1434.181519 0.000000 0.049695 0.000000 -0.998764 0.954936 0.954936 0.954936
6400.930664 0.000000 1422.345947 0.000000 0.904342 0.000000 -0.426809 0.844916 0.844916 0.844916
6423.668457 0.000000 1423.011963 0.000000 0.423459 0.000000 -0.905915 0.915461 0.915461 0.915461
6402.216309 0.000000 1428.257568 0.000000 0.924899 0.000000 -0.380213 0.839728 0.839728 0.839728
6428.504395 0.000000 1433.748413 0.000000 0.922040 0.000000 -0.387095 0.840487 0.840487 0.840487
6425.295898 0.000000 1412.530396 0.000000 0.102914 0.000000 0.994690 0.650501 0.650501 0.650501
6423.302246 0.000000 1427.404907 0.000000 0.979936 0.000000 -0.199311 0.820439 0.820439 0.820439
6417.683594 0.000000 1425.892456 0.000000 0.846698 0.000000 0.532073 0.742852 0.742852 0.742852
6424.361328 0.000000 1416.666382 0.000000 0.634764 0.000000 0.772706 0.710049 0.710049 0.710049
6428.194336 0.000000 1423.421997 0.000000 0.953484 0.000000 0.301443 0.768810 0.768810 0.768810
6403.066895 0.000000 1433.261230 0.000000 0.693124 0.000000 0.720818 0.718005 0.718005 0.718005
6418.916992 0.000000 1420.848633 0.000000 0.993053 0.000000 0.117668 0.787987 0.787987 0.787987
6420.887695 0.000000 1421.181274 0.000000 0.463306 0.000000 0.886199 0.689068 0.689068 0.689068
6428.399414 0.000000 1426.159424 0.000000 0.229131 0.000000 -0.973396 0.936452 0.936452 0.936452
6425.890625 0.000000 1428.498657 0.000000 0.667896 0.000000 0.744255 0.714498 0.714498 0.714498
6429.036133 0.000000 1427.663940 0.000000 0.820165 0.000000 0.572127 0.737958 0.737958 0.737958
6400.595703 0.000000 1433.791626 0.000000 0.786713 0.000000 -0.617319 0.867770 0.867770 0.867770
6430.667969 0.000000 1424.291992 0.000000 0.858496 0.000000 -0.512821 0.854848 0.854848 0.854848
6430.661621 0.000000 1427.791016 0.000000 0.681523 0.000000 0.731797 0.716378 0.716378 0.716378
6405.272949 0.000000 1428.484741 0.000000 0.091188 0.000000 0.995834 0.649301 0.649301 0.649301
6412.418945 0.000000 1409.927612 0.000000 0.390281 0.000000 0.920696 0.680839 0.680839 0.680839
6423.963379 0.000000 1426.067383 0.000000 0.967431 0.000000 -0.253134 0.826068 0.826068 0.826068
6426.308105 0.000000 1426.590088 0.000000 0.992026 0.000000 -0.126030 0.812872 0.812872 0.812872
6403.510254 0.000000 1426.359253 0.000000 0.963050 0.000000 0.269324 0.772224 0.772224 0.772224
6405.137207 0.000000 1426.964355 0.000000 0.582273 0.000000 -0.812993 0.896692 0.896692 0.896692
6408.046875 0.000000 1410.702637 0.000000 0.997344 0.000000 0.072833 0.792575 0.792575 0.792575
6459.363770 0.000000 1424.904419 0.000000 0.935284 0.000000 0.353898 0.763154 0.763154 0.763154
6448.895020 0.000000 1434.766357 0.000000 0.158953 0.000000 0.987286 0.656260 0.656260 0.656260
6438.307129 0.000000 1415.772949 0.000000 0.638207 0.000000 0.769865 0.710504 0.710504 0.710504
6451.719727 0.000000 1422.314819 0.000000 0.713045 0.000000 0.701118 0.720859 0.720859 0.720859
6436.502441 0.000000 1432.405273 0.000000 0.407647 0.000000 -0.913140 0.917232 0.917232 0.917232
6434.933594 0.000000 1412.113525 0.000000 0.979129 0.000000 -0.203238 0.820847 0.820847 0.820847
6442.573242 0.000000 1417.544189 0.000000 0.372741 0.000000 -0.927935 0.921094 0.921094 0.921094
6434.965332 0.000000 1418.458618 0.000000 0.005965 0.000000 0.999982 0.640608 0.640608 0.640608
6446.776367 0.000000 1422.735474 0.000000 0.231382 0.000000 -0.972863 0.936216 0.936216 0.936216
6451.330566 0.000000 1426.335693 0.000000 0.930482 0.000000 -0.366338 0.838204 0.838204 0.838204
6457.562500 0.000000 1430.237183 0.000000 0.908609 0.000000 0.417648 0.756113 0.756113 0.756113
6433.167480 0.000000 1429.869507 0.000000 0.955769 0.000000 -0.294117 0.830408 0.830408 0.830408
6444.583984 0.000000 1420.300537 0.000000 0.997974 0.000000 0.063631 0.793514 0.793514 0.793514
6449.304199 0.000000 1420.359375 0.000000 0.833019 0.000000 -0.553245 0.859715 0.859715 0.859715
6449.319336 0.000000 1424.117188 0.000000 0.076737 0.000000 0.997051 0.647824 0.647824 0.647824
6439.182617 0.000000 1438.564697 0.000000 0.350022 0.000000 -0.936742 0.923576 0.923576 0.923576
6442.489746 0.000000 1430.791748 0.000000 0.976913 0.000000 -0.213639 0.821930 0.821930 0.821930
6431.846680 0.000000 1418.355835 0.000000 0.859874 0.000000 -0.510507 0.854574 0.854574 0.854574
6445.282227 0.000000 1424.985107 0.000000 0.993089 0.000000 -0.117363 0.811982 0.811982 0.811982
6434.204102 0.000000 1421.006470 0.000000 0.107460 0.000000 -0.994209 0.949033 0.949033 0.949033
6459.398438 0.000000 1421.792114 0.000000 0.227219 0.000000 -0.973844 0.936652 0.936652 0.936652
6443.351074 0.000000 1433.398804 0.000000 0.261425 0.000000 -0.965224 0.933058 0.933058 0.933058
6445.084961 0.000000 1416.715698 0.000000 0.759944 0.000000 0.649989 0.727928 0.727928 0.727928
6438.406250 0.000000 1427.441162 0.000000 0.772793 0.000000 -0.634658 0.870035 0.870035 0.870035
6444.621094 0.000000 1429.031250 0.000000 0.007327 0.000000 -0.999973 0.959254 0.959254 0.959254
6459.507812 0.000000 1427.430176 0.000000 0.977754 0.000000 0.209757 0.778475 0.778475 0.778475
6433.467285 0.000000 1438.589478 0.000000 0.420765 0.000000 -0.907170 0.915764 0.915764 0.915764
6457.437500 0.000000 1423.466919 0.000000 0.673788 0.000000 0.738925 0.715307 0.715307 0.715307
6442.049316 0.000000 1420.704712 0.000000 0.995054 0.000000 0.099335 0.789865 0.789865 0.789865
6431.294434 0.000000 1424.096313 0.000000 0.106898 0.000000 -0.994270 0.949091 0.949091 0.949091
6433.984863 0.000000 1426.460571 0.000000 0.645932 0.000000 0.763395 0.711530 0.711530 0.711530
6449.554199 0.000000 1427.822144 0.000000 0.552939 0.000000 -0.833222 0.900322 0.900322 0.900322
6436.531250 0.000000 1420.147705 0.000000 0.160956 0.000000 -0.986962 0.943534 0.943534 0.943534
6436.356934 0.000000 1416.530273 0.000000 0.746105 0.000000 0.665829 0.725785 0.725785 0.725785
6441.449707 0.000000 1424.634399 0.000000 0.998152 0.000000 0.060759 0.793807 0.793807 0.793807
6442.305176 0.000000 1428.567871 0.000000 0.690115 0.000000 -0.723700 0.882419 0.882419 0.882419
6447.124512 0.000000 1420.751709 0.000000 0.996649 0.000000 -0.081799 0.808341 0.808341 0.808341
6433.239746 0.000000 1416.966064 0.000000 0.993307 0.000000 0.115507 0.788208 0.788208 0.788208
6444.682617 0.000000 1422.327148 0.000000 0.744138 0.000000 0.668025 0.725485 0.725485 0.725485
6449.130859 0.000000 1418.403931 0.000000 0.705445 0.000000 -0.708764 0.880239 0.880239 0.880239
6436.765625 0.000000 1438.970703 0.000000 0.991972 0.000000 0.126461 0.787084 0.787084 0.787084
6431.713867 0.000000 1428.603394 0.000000 0.381242 0.000000 -0.924475 0.920159 0.920159 0.920159
6438.016602 0.000000 1423.637207 0.000000 0.091715 0.000000 -0.995785 0.950645 0.950645 0.950645
6459.255371 0.000000 1429.271973 0.000000 0.293735 0.000000 0.955887 0.670367 0.670367 0.670367
6457.304688 0.000000 1425.383789 0.000000 0.999005 0.000000 -0.044589 0.804543 0.804543 0.804543
6432.926758 0.000000 1422.345947 0.000000 0.985947 0.000000 0.167060 0.782903 0.782903 0.782903
6441.243164 0.000000 1418.973511 0.000000 0.734092 0.000000 -0.679049 0.876035 0.876035 0.876035
6455.664551 0.000000 1423.011963 0.000000 0.915738 0.000000 0.401777 0.757886 0.757886 0.757886
6434.212402 0.000000 1428.257568 0.000000 0.409764 0.000000 -0.912191 0.916995 0.916995 0.916995
6461.186523 0.000000 1424.803711 0.000000 0.665587 0.000000 -0.746320 0.885818 0.885818 0.885818
6441.545898 0.000000 1416.089844 0.000000 0.880564 0.000000 -0.473928 0.850293 0.850293 0.850293
6455.298340 0.000000 1427.404907 0.000000 0.919152 0.000000 0.393904 0.758760 0.758760 0.758760
6432.587891 0.000000 1425.399292 0.000000 0.383335 0.000000 -0.923609 0.919928 0.919928 0.919928
6437.865723 0.000000 1425.845459 0.000000 0.284229 0.000000 0.958756 0.669356 0.669356 0.669356
6442.883789 0.000000 1419.206909 0.000000 0.937275 0.000000 -0.348591 0.836269 0.836269 0.836269
6444.740234 0.000000 1415.074829 0.000000 0.777917 0.000000 0.628367 0.730792 0.730792 0.730792
6456.446289 0.000000 1424.341675 0.000000 0.998679 0.000000 -0.051374 0.805235 0.805235 0.805235
6445.742188 0.000000 1417.980347 0.000000 0.784469 0.000000 0.620168 0.731861 0.731861 0.731861
6418.248047 0.000000 1445.314331 0.000000 0.705580 0.000000 0.708630 0.719780 0.719780 0.719780
6428.578125 0.000000 1446.076294 0.000000 0.411158 0.000000 -0.911564 0.916840 0.916840 0.916840
6409.801758 0.000000 1439.659668 0.000000 0.878857 0.000000 -0.477085 0.850658 0.850658 0.850658
6420.708984 0.000000 1442.952271 0.000000 0.317802 0.000000 0.948157 0.672942 0.672942 0.672942
6413.049316 0.000000 1440.542603 0.000000 0.954084 0.000000 -0.299539 0.830986 0.830986 0.830986
6415.580566 0.000000 1443.982910 0.000000 0.934875 0.000000 0.354977 0.763036 0.763036 0.763036
6422.565918 0.000000 1441.454102 0.000000 0.756258 0.000000 -0.654273 0.872648 0.872648 0.872648
6434.857910 0.000000 1440.908691 0.000000 0.001162 0.000000 0.999999 0.640118 0.640118 0.640118
6436.843262 0.000000 1442.439209 0.000000 0.884962 0.000000 -0.465662 0.849339 0.849339 0.849339
6437.093750 0.000000 1445.431763 0.000000 0.913898 0.000000 -0.405944 0.842578 0.842578 0.842578
6643.696289 0.000000 1582.275757 0.000000 0.994958 0.000000 0.100290 0.789767 0.789767 0.789767
6625.144043 0.000000 1589.830444 0.000000 0.673359 0.000000 0.739315 0.715248 0.715248 0.715248
6637.061523 0.000000 1576.676636 0.000000 0.436473 0.000000 0.899717 0.686007 0.686007 0.686007
6631.474609 0.000000 1591.220947 0.000000 0.881171 0.000000 -0.472798 0.850162 0.850162 0.850162
6640.623535 0.000000 1582.174438 0.000000 0.120957 0.000000 -0.992658 0.947649 0.947649 0.947649
6641.656250 0.000000 1585.853394 0.000000 0.919460 0.000000 -0.393183 0.841160 0.841160 0.841160
6648.601562 0.000000 1596.922607 0.000000 0.535485 0.000000 -0.844545 0.902441 0.902441 0.902441
6628.579102 0.000000 1574.932739 0.000000 0.993198 0.000000 -0.116436 0.811887 0.811887 0.811887
6642.135742 0.000000 1582.572388 0.000000 0.944953 0.000000 -0.327207 0.833954 0.833954 0.833954
6624.568359 0.000000 1593.752563 0.000000 0.108731 0.000000 -0.994071 0.948903 0.948903 0.948903
6654.617676 0.000000 1599.137695 0.000000 0.941937 0.000000 0.335790 0.765119 0.765119 0.765119
6629.245605 0.000000 1588.445679 0.000000 0.402151 0.000000 0.915573 0.682156 0.682156 0.682156
6631.005859 0.000000 1582.869263 0.000000 0.301512 0.000000 0.953462 0.671197 0.671197 0.671197
6631.434570 0.000000 1590.014038 0.000000 0.768121 0.000000 -0.640305 0.870781 0.870781 0.870781
6625.685059 0.000000 1593.341675 0.000000 0.388772 0.000000 0.921334 0.680672 0.680672 0.680672
6629.413086 0.000000 1584.615234 0.000000 0.862433 0.000000 0.506172 0.745939 0.745939 0.745939
6628.580566 0.000000 1586.041016 0.000000 0.616183 0.000000 -0.787603 0.892377 0.892377 0.892377
6641.051270 0.000000 1583.094238 0.000000 0.998182 0.000000 0.060268 0.793857 0.793857 0.793857
6640.348145 0.000000 1584.372925 0.000000 0.817308 0.000000 0.576202 0.737451 0.737451 0.737451
6649.325195 0.000000 1597.746826 0.000000 0.861710 0.000000 -0.507401 0.854206 0.854206 0.854206
6641.890137 0.000000 1584.873779 0.000000 0.935843 0.000000 0.352418 0.763315 0.763315 0.763315
6636.443848 0.000000 1577.364746 0.000000 0.797001 0.000000 0.603978 0.733946 0.733946 0.733946
6647.603027 0.000000 1604.057983 0.000000 0.584444 0.000000 -0.811434 0.896420 0.896420 0.896420
6646.538574 0.000000 1601.415039 0.000000 0.761898 0.000000 -0.647698 0.871766 0.871766 0.871766
6647.016113 0.000000 1605.690552 0.000000 0.885095 0.000000 -0.465410 0.849310 0.849310 0.849310
6647.330078 0.000000 1600.075806 0.000000 0.987247 0.000000 0.159195 0.783715 0.783715 0.783715
6651.413574 0.000000 1608.632080 0.000000 0.146863 0.000000 -0.989157 0.944986 0.944986 0.944986
6646.800781 0.000000 1604.763916 0.000000 0.140315 0.000000 -0.990107 0.945660 0.945660 0.945660
6646.083984 0.000000 1605.511353 0.000000 0.010634 0.000000 -0.999943 0.958917 0.958917 0.958917
6647.704102 0.000000 1604.989380 0.000000 0.293544 0.000000 -0.955945 0.929653 0.929653 0.929653
6555.784180 0.000000 1687.209229 0.000000 0.597397 0.000000 0.801946 0.705215 0.705215 0.705215
6554.372559 0.000000 1687.868896 0.000000 0.636296 0.000000 -0.771445 0.889749 0.889749 0.889749
6559.100098 0.000000 1678.389038 0.000000 0.411966 0.000000 -0.911199 0.916750 0.916750 0.916750
6545.827148 0.000000 1675.276489 0.000000 0.618732 0.000000 -0.785602 0.892047 0.892047 0.892047
6547.868164 0.000000 1680.980591 0.000000 0.808557 0.000000 0.588418 0.735920 0.735920 0.735920
6551.151367 0.000000 1684.365479 0.000000 0.787845 0.000000 -0.615873 0.867583 0.867583 0.867583
6550.094727 0.000000 1680.271851 0.000000 0.925232 0.000000 -0.379402 0.839638 0.839638 0.839638
6558.634766 0.000000 1679.297852 0.000000 0.996902 0.000000 0.078647 0.791981 0.791981 0.791981
6544.007324 0.000000 1674.455811 0.000000 0.082390 0.000000 0.996600 0.648402 0.648402 0.648402
6559.661133 0.000000 1678.364868 0.000000 0.172995 0.000000 -0.984923 0.942290 0.942290 0.942290
6601.678711 0.000000 1693.116943 0.000000 0.879089 0.000000 0.476658 0.749391 0.749391 0.749391
6609.299805 0.000000 1680.054688 0.000000 0.991727 0.000000 -0.128366 0.813111 0.813111 0.813111
6607.240234 0.000000 1685.495483 0.000000 0.424134 0.000000 -0.905600 0.915385 0.915385 0.915385
6611.706055 0.000000 1690.119019 0.000000 0.888436 0.000000 0.459000 0.751426 0.751426 0.751426
6609.660156 0.000000 1681.829956 0.000000 0.997428 0.000000 -0.071671 0.807307 0.807307 0.807307
6599.371094 0.000000 1690.684570 0.000000 0.581996 0.000000 0.813192 0.703273 0.703273 0.703273
6606.311523 0.000000 1684.376831 0.000000 0.996044 0.000000 -0.088862 0.809063 0.809063 0.809063
6610.228027 0.000000 1690.234375 0.000000 0.998303 0.000000 -0.058231 0.805935 0.805935 0.805935
6611.196289 0.000000 1691.228516 0.000000 0.778412 0.000000 0.627754 0.730872 0.730872 0.730872
6611.860352 0.000000 1680.980591 0.000000 0.033238 0.000000 0.999447 0.643386 0.643386 0.643386
6609.284668 0.000000 1996.218750 0.000000 0.742946 0.000000 0.669352 0.725303 0.725303 0.725303
6616.337891 0.000000 1992.525757 0.000000 0.867197 0.000000 -0.497965 0.853094 0.853094 0.853094
6610.139648 0.000000 1998.470825 0.000000 0.343665 0.000000 0.939092 0.675734 0.675734 0.675734
6610.114258 0.000000 1999.468262 0.000000 0.656972 0.000000 0.753915 0.713012 0.713012 0.713012
6612.942383 0.000000 1994.523926 0.000000 0.862593 0.000000 -0.505898 0.854028 0.854028 0.854028
6643.571289 0.000000 2014.658813 0.000000 0.405013 0.000000 -0.914311 0.917525 0.917525 0.917525
6650.615234 0.000000 2045.364990 0.000000 0.860910 0.000000 0.508757 0.745634 0.745634 0.745634
6625.952637 0.000000 2042.369873 0.000000 0.924311 0.000000 -0.381639 0.839885 0.839885 0.839885
6635.327637 0.000000 2041.250366 0.000000 0.999479 0.000000 0.032262 0.796713 0.796713 0.796713
6648.862305 0.000000 2046.484741 0.000000 0.186395 0.000000 0.982475 0.659098 0.659098 0.659098
6632.903320 0.000000 2046.599609 0.000000 0.303722 0.000000 -0.952761 0.928567 0.928567 0.928567
6652.477051 0.000000 2041.599976 0.000000 0.977931 0.000000 -0.208926 0.821439 0.821439 0.821439
6648.333984 0.000000 2024.517944 0.000000 0.126025 0.000000 0.992027 0.652871 0.652871 0.652871
6641.134277 0.000000 2039.418457 0.000000 0.822298 0.000000 -0.569058 0.861661 0.861661 0.861661
6641.043457 0.000000 2041.018677 0.000000 0.999469 0.000000 -0.032572 0.803318 0.803318 0.803318
6628.607910 0.000000 2038.753662 0.000000 0.976730 0.000000 0.214471 0.777983 0.777983 0.777983
6640.572266 0.000000 2038.054077 0.000000 0.956238 0.000000 -0.292589 0.830245 0.830245 0.830245
6634.189453 0.000000 2040.394165 0.000000 0.454783 0.000000 -0.890602 0.911909 0.911909 0.911909
6649.883789 0.000000 2025.999268 0.000000 0.702837 0.000000 0.711351 0.719387 0.719387 0.719387
6635.670410 0.000000 2042.629761 0.000000 0.944517 0.000000 0.328462 0.765910 0.765910 0.765910
6648.990234 0.000000 2041.567749 0.000000 0.992931 0.000000 -0.118694 0.812119 0.812119 0.812119
6654.762207 0.000000 2041.197632 0.000000 0.863314 0.000000 0.504667 0.746117 0.746117 0.746117
6648.917480 0.000000 2025.467407 0.000000 0.776137 0.000000 -0.630564 0.869496 0.869496 0.869496
6637.957520 0.000000 2042.273193 0.000000 0.750397 0.000000 -0.660988 0.873556 0.873556 0.873556
6649.793945 0.000000 2040.751465 0.000000 0.840438 0.000000 -0.541908 0.858335 0.858335 0.858335
6649.074707 0.000000 2037.122681 0.000000 0.633162 0.000000 0.774019 0.709838 0.709838 0.709838
6649.676758 0.000000 2044.721924 0.000000 0.466458 0.000000 0.884543 0.689430 0.689430 0.689430
6633.931152 0.000000 2046.097046 0.000000 0.968520 0.000000 0.248936 0.774374 0.774374 0.774374
6636.463867 0.000000 2043.840454 0.000000 0.595919 0.000000 0.803044 0.705028 0.705028 0.705028
6634.982422 0.000000 2043.299805 0.000000 0.780880 0.000000 0.624681 0.731273 0.731273 0.731273
6649.369629 0.000000 2034.231079 0.000000 0.607869 0.000000 0.794037 0.706552 0.706552 0.706552
6630.533691 0.000000 2047.422241 0.000000 0.714449 0.000000 0.699687 0.721063 0.721063 0.721063
6654.166016 0.000000 2039.064209 0.000000 0.160567 0.000000 -0.987025 0.943574 0.943574 0.943574
6641.333008 0.000000 2038.529053 0.000000 0.621778 0.000000 -0.783193 0.891651 0.891651 0.891651
6641.368164 0.000000 2041.863037 0.000000 0.284920 0.000000 0.958551 0.669429 0.669429 0.669429
6655.675293 0.000000 1598.944580 0.000000 0.553658 0.000000 0.832744 0.699766 0.699766 0.699766
6655.296387 0.000000 1599.612793 0.000000 0.962062 0.000000 -0.272831 0.828147 0.828147 0.828147
6714.647949 0.000000 1663.463989 0.000000 0.574620 0.000000 -0.818421 0.897648 0.897648 0.897648
6715.806641 0.000000 1663.336060 0.000000 0.408215 0.000000 0.912886 0.682832 0.682832 0.682832
6686.367676 0.000000 1690.694580 0.000000 0.326203 0.000000 0.945300 0.673846 0.673846 0.673846
6686.630371 0.000000 1683.728516 0.000000 0.573534 0.000000 0.819182 0.702217 0.702217 0.702217
6686.713867 0.000000 1685.349121 0.000000 0.994774 0.000000 0.102106 0.789581 0.789581 0.789581
6687.129395 0.000000 1691.980469 0.000000 0.025671 0.000000 0.999670 0.642615 0.642615 0.642615
6691.881836 0.000000 1683.668213 0.000000 0.638339 0.000000 -0.769755 0.889479 0.889479 0.889479
6696.314453 0.000000 1678.660034 0.000000 0.079644 0.000000 0.996823 0.648121 0.648121 0.648121
6701.587891 0.000000 1666.740601 0.000000 0.671254 0.000000 -0.741228 0.885042 0.885042 0.885042
6687.809570 0.000000 1691.060425 0.000000 0.840925 0.000000 0.541151 0.741756 0.741756 0.741756
6701.647461 0.000000 1683.081055 0.000000 0.912864 0.000000 0.408263 0.757163 0.757163 0.757163
6687.682617 0.000000 1684.540894 0.000000 0.652067 0.000000 -0.758161 0.887649 0.887649 0.887649
6693.774414 0.000000 1693.484863 0.000000 0.931085 0.000000 -0.364803 0.838036 0.838036 0.838036
6691.031738 0.000000 1689.198730 0.000000 0.530207 0.000000 -0.847868 0.903077 0.903077 0.903077
6688.804199 0.000000 1683.462769 0.000000 0.996502 0.000000 -0.083567 0.808522 0.808522 0.808522
6693.237793 0.000000 1684.422241 0.000000 0.365340 0.000000 -0.930874 0.921905 0.921905 0.921905
6697.615234 0.000000 1678.049561 0.000000 0.147069 0.000000 -0.989126 0.944965 0.944965 0.944965
6700.470215 0.000000 1679.685669 0.000000 0.996974 0.000000 0.077735 0.792074 0.792074 0.792074
6691.475098 0.000000 1682.296753 0.000000 0.976331 0.000000 -0.216282 0.822206 0.822206 0.822206
6701.822754 0.000000 1679.691772 0.000000 0.080270 0.000000 0.996773 0.648185 0.648185 0.648185
6697.470703 0.000000 1679.301514 0.000000 0.861374 0.000000 0.507971 0.745727 0.745727 0.745727
6689.962891 0.000000 1686.802979 0.000000 0.430158 0.000000 0.902754 0.685293 0.685293 0.685293
6694.998047 0.000000 1678.845825 0.000000 0.911987 0.000000 -0.410220 0.843055 0.843055 0.843055
6701.843750 0.000000 1671.687134 0.000000 0.559970 0.000000 -0.828513 0.899460 0.899460 0.899460
6700.548340 0.000000 1683.494873 0.000000 0.921034 0.000000 0.389483 0.759249 0.759249 0.759249
6708.172363 0.000000 1670.063965 0.000000 0.996671 0.000000 -0.081533 0.808314 0.808314 0.808314
6708.595703 0.000000 1671.156738 0.000000 0.550111 0.000000 -0.835091 0.900667 0.900667 0.900667
6700.616211 0.000000 1667.265381 0.000000 0.570271 0.000000 -0.821457 0.898188 0.898188 0.898188
6705.165039 0.000000 1669.690552 0.000000 0.651065 0.000000 -0.759022 0.887783 0.887783 0.887783
6691.983398 0.000000 1689.682983 0.000000 0.404294 0.000000 -0.914629 0.917606 0.917606 0.917606
6698.138672 0.000000 1674.389771 0.000000 0.732241 0.000000 -0.681046 0.876312 0.876312 0.876312
6692.332031 0.000000 1685.878784 0.000000 0.826360 0.000000 -0.563142 0.860930 0.860930 0.860930
6687.252441 0.000000 1683.638428 0.000000 0.539742 0.000000 -0.841831 0.901927 0.901927 0.901927
6691.527832 0.000000 1680.423340 0.000000 0.310493 0.000000 -0.950576 0.927842 0.927842 0.927842
6691.541992 0.000000 1688.326294 0.000000 0.944421 0.000000 0.328739 0.765880 0.765880 0.765880
6693.897461 0.000000 1692.562134 0.000000 0.317206 0.000000 0.948357 0.672878 0.672878 0.672878
6686.534180 0.000000 1697.510620 0.000000 0.036650 0.000000 0.999328 0.643734 0.643734 0.643734
6687.699219 0.000000 1696.519165 0.000000 0.989865 0.000000 -0.142014 0.814515 0.814515 0.814515
6717.767090 0.000000 1710.865234 0.000000 0.542581 0.000000 -0.840004 0.901583 0.901583 0.901583
6715.367188 0.000000 1709.721802 0.000000 0.999312 0.000000 0.037077 0.796223 0.796223 0.796223
6714.287109 0.000000 1701.857056 0.000000 0.075233 0.000000 0.997166 0.647670 0.647670 0.647670
6710.297852 0.000000 1695.606812 0.000000 0.668410 0.000000 0.743793 0.714568 0.714568 0.714568
6715.904785 0.000000 1708.143921 0.000000 0.517490 0.000000 0.855689 0.695403 0.695403 0.695403
6715.398926 0.000000 1701.491943 0.000000 0.643043 0.000000 -0.765830 0.888855 0.888855 0.888855
6687.227051 0.000000 1697.430664 0.000000 0.720784 0.000000 0.693160 0.721990 0.721990 0.721990
6717.166016 0.000000 1711.662720 0.000000 0.301400 0.000000 -0.953498 0.928815 0.928815 0.928815
6710.030273 0.000000 1704.522583 0.000000 0.762462 0.000000 -0.647032 0.871677 0.871677 0.871677
6715.291504 0.000000 1711.850342 0.000000 0.570761 0.000000 -0.821117 0.898127 0.898127 0.898127
6733.857422 0.000000 1721.282837 0.000000 0.999753 0.000000 0.022240 0.797734 0.797734 0.797734
6724.312500 0.000000 1706.533325 0.000000 0.277828 0.000000 -0.960631 0.931323 0.931323 0.931323
6732.597656 0.000000 1720.646240 0.000000 0.942846 0.000000 -0.333229 0.834604 0.834604 0.834604
6725.331055 0.000000 1709.084839 0.000000 0.646782 0.000000 0.762675 0.711643 0.711643 0.711643
6737.888672 0.000000 1725.126099 0.000000 0.558386 0.000000 0.829581 0.700345 0.700345 0.700345
6724.113281 0.000000 1709.160889 0.000000 0.146213 0.000000 -0.989253 0.945053 0.945053 0.945053
6725.299316 0.000000 1707.244873 0.000000 0.297094 0.000000 -0.954848 0.929274 0.929274 0.929274
6736.549805 0.000000 1720.253296 0.000000 0.860062 0.000000 0.510190 0.745464 0.745464 0.745464
6734.397949 0.000000 1729.376343 0.000000 0.571024 0.000000 -0.820933 0.898095 0.898095 0.898095
6735.580078 0.000000 1728.093140 0.000000 0.877800 0.000000 0.479028 0.749117 0.749117 0.749117
6734.026367 0.000000 1728.496826 0.000000 0.343721 0.000000 0.939072 0.675740 0.675740 0.675740
6777.523438 0.000000 1814.143433 0.000000 0.229374 0.000000 -0.973338 0.936426 0.936426 0.936426
6778.599609 0.000000 1821.419678 0.000000 0.314031 0.000000 -0.949413 0.927463 0.927463 0.927463
6779.216309 0.000000 1813.178223 0.000000 0.053652 0.000000 -0.998560 0.954532 0.954532 0.954532
6780.196289 0.000000 1821.013672 0.000000 0.533052 0.000000 0.846082 0.697266 0.697266 0.697266
6776.171387 0.000000 1814.350708 0.000000 0.891104 0.000000 0.453798 0.752022 0.752022 0.752022
6776.993164 0.000000 1815.137939 0.000000 0.999856 0.000000 0.016967 0.798272 0.798272 0.798272
6781.226074 0.000000 1821.526489 0.000000 0.932402 0.000000 -0.361424 0.837667 0.837667 0.837667
6780.984375 0.000000 1820.390015 0.000000 0.838597 0.000000 0.544752 0.741320 0.741320 0.741320
6778.229492 0.000000 1813.468628 0.000000 0.880256 0.000000 -0.474500 0.850359 0.850359 0.850359
6787.561035 0.000000 1821.274780 0.000000 0.870927 0.000000 0.491413 0.747674 0.747674 0.747674
6789.762695 0.000000 1821.453613 0.000000 0.818543 0.000000 0.574445 0.737670 0.737670 0.737670
6788.924316 0.000000 1820.146362 0.000000 0.785130 0.000000 0.619331 0.731969 0.731969 0.731969
6787.919434 0.000000 1820.394897 0.000000 0.877549 0.000000 -0.479487 0.850937 0.850937 0.850937
6789.885742 0.000000 1820.530884 0.000000 0.865501 0.000000 -0.500907 0.853440 0.853440 0.853440
6799.958496 0.000000 1825.015503 0.000000 0.961647 0.000000 0.274291 0.771698 0.771698 0.771698
6802.400879 0.000000 1854.111084 0.000000 0.924739 0.000000 0.380601 0.760230 0.760230 0.760230
6799.216797 0.000000 1845.456421 0.000000 0.744813 0.000000 0.667273 0.725588 0.725588 0.725588
6794.972168 0.000000 1825.268555 0.000000 0.241991 0.000000 -0.970279 0.935104 0.935104 0.935104
6796.639648 0.000000 1838.225586 0.000000 0.919783 0.000000 0.392427 0.758923 0.758923 0.758923
6800.078613 0.000000 1829.861694 0.000000 0.074061 0.000000 -0.997254 0.952449 0.952449 0.952449
6794.102051 0.000000 1828.512573 0.000000 0.923717 0.000000 -0.383077 0.840043 0.840043 0.840043
6798.390137 0.000000 1825.352905 0.000000 0.958597 0.000000 -0.284766 0.829413 0.829413 0.829413
6798.288086 0.000000 1844.337769 0.000000 0.268335 0.000000 0.963326 0.667671 0.667671 0.667671
6796.458496 0.000000 1839.646606 0.000000 0.034884 0.000000 0.999391 0.643554 0.643554 0.643554
6792.208984 0.000000 1839.957031 0.000000 0.571045 0.000000 -0.820919 0.898092 0.898092 0.898092
6793.458984 0.000000 1839.262451 0.000000 0.857506 0.000000 0.514474 0.744956 0.744956 0.744956
6792.632812 0.000000 1824.130005 0.000000 0.091892 0.000000 -0.995769 0.950627 0.950627 0.950627
6802.788574 0.000000 1841.079468 0.000000 0.648233 0.000000 0.761442 0.711837 0.711837 0.711837
6801.153320 0.000000 1829.651489 0.000000 0.765923 0.000000 -0.642932 0.871130 0.871130 0.871130
6797.701172 0.000000 1838.406494 0.000000 0.698445 0.000000 0.715663 0.718760 0.718760 0.718760
6796.187988 0.000000 1841.012695 0.000000 0.111481 0.000000 -0.993767 0.948621 0.948621 0.948621
6803.910645 0.000000 1834.917236 0.000000 0.903937 0.000000 -0.427665 0.845012 0.845012 0.845012
6794.515625 0.000000 1829.439209 0.000000 0.555867 0.000000 0.831271 0.700036 0.700036 0.700036
6790.979980 0.000000 1830.951538 0.000000 0.022063 0.000000 -0.999757 0.957752 0.957752 0.957752
6799.572266 0.000000 1824.069702 0.000000 0.981068 0.000000 0.193666 0.780148 0.780148 0.780148
6791.455566 0.000000 1832.397949 0.000000 0.444424 0.000000 -0.895816 0.913091 0.913091 0.913091
6799.639160 0.000000 1825.949219 0.000000 0.923120 0.000000 0.384512 0.759798 0.759798 0.759798
6786.890625 0.000000 1860.004150 0.000000 0.946553 0.000000 -0.322550 0.833453 0.833453 0.833453
6802.033203 0.000000 1855.613647 0.000000 0.985395 0.000000 0.170283 0.782570 0.782570 0.782570
6797.768555 0.000000 1860.545410 0.000000 0.999261 0.000000 -0.038439 0.803916 0.803916 0.803916
6798.759277 0.000000 1864.425903 0.000000 0.299746 0.000000 -0.954019 0.928991 0.928991 0.928991
6786.985840 0.000000 1858.369629 0.000000 0.875809 0.000000 -0.482658 0.851305 0.851305 0.851305
6798.982422 0.000000 1861.091187 0.000000 0.765617 0.000000 -0.643296 0.871179 0.871179 0.871179
6789.812012 0.000000 1862.429932 0.000000 0.437167 0.000000 0.899381 0.686086 0.686086 0.686086
6787.895996 0.000000 1860.733643 0.000000 0.074219 0.000000 0.997242 0.647567 0.647567 0.647567
6786.073730 0.000000 1859.159302 0.000000 0.728678 0.000000 -0.684857 0.876843 0.876843 0.876843
6803.351562 0.000000 1855.944946 0.000000 0.984845 0.000000 0.173439 0.782244 0.782244 0.782244
6795.875977 0.000000 1867.223999 0.000000 0.757744 0.000000 -0.652551 0.872416 0.872416 0.872416
6789.173828 0.000000 1863.781128 0.000000 0.331121 0.000000 0.943588 0.674377 0.674377 0.674377
6794.126953 0.000000 1866.342896 0.000000 0.277478 0.000000 -0.960732 0.931360 0.931360 0.931360
6798.502930 0.000000 1865.351929 0.000000 0.669447 0.000000 0.742860 0.714710 0.714710 0.714710
6799.657715 0.000000 1864.430664 0.000000 0.668465 0.000000 -0.743744 0.885425 0.885425 0.885425
6655.413086 0.000000 2040.608032 0.000000 0.695076 0.000000 0.718936 0.718281 0.718281 0.718281
6655.495117 0.000000 2034.565918 0.000000 0.329302 0.000000 0.944225 0.674180 0.674180 0.674180
6669.135742 0.000000 2043.068604 0.000000 0.865774 0.000000 0.500435 0.746615 0.746615 0.746615
6671.232422 0.000000 2037.409546 0.000000 0.420606 0.000000 0.907243 0.684218 0.684218 0.684218
6661.066406 0.000000 2021.291138 0.000000 0.684636 0.000000 0.728885 0.716812 0.716812 0.716812
6668.593750 0.000000 2036.882812 0.000000 0.544510 0.000000 -0.838754 0.901349 0.901349 0.901349
6655.217773 0.000000 2038.484985 0.000000 0.608439 0.000000 0.793600 0.706625 0.706625 0.706625
6664.899414 0.000000 2046.599609 0.000000 0.697198 0.000000 -0.716879 0.881418 0.881418 0.881418
6659.337402 0.000000 2031.408203 0.000000 0.943495 0.000000 -0.331387 0.834405 0.834405 0.834405
6659.349121 0.000000 2021.789429 0.000000 0.960581 0.000000 -0.277999 0.828695 0.828695 0.828695
6670.303711 0.000000 2036.290894 0.000000 0.258470 0.000000 -0.966019 0.933370 0.933370 0.933370
6664.696777 0.000000 2042.433228 0.000000 0.279231 0.000000 0.960224 0.668825 0.668825 0.668825
6658.176270 0.000000 2030.646973 0.000000 0.046481 0.000000 0.998919 0.644736 0.644736 0.644736
6663.001953 0.000000 2030.759888 0.000000 0.802868 0.000000 0.596156 0.734942 0.734942 0.734942
6655.220703 0.000000 2041.881348 0.000000 0.929254 0.000000 0.369443 0.761456 0.761456 0.761456
6661.937988 0.000000 2046.653687 0.000000 0.345776 0.000000 0.938317 0.675963 0.675963 0.675963
6659.911621 0.000000 2020.694580 0.000000 0.970278 0.000000 -0.241991 0.824896 0.824896 0.824896
6655.536621 0.000000 2039.501831 0.000000 0.971079 0.000000 -0.238758 0.824557 0.824557 0.824557
6663.002441 0.000000 2031.911133 0.000000 0.951347 0.000000 0.308122 0.768096 0.768096 0.768096
6655.256348 0.000000 2035.552490 0.000000 0.675885 0.000000 0.737007 0.715596 0.715596 0.715596
6660.772461 0.000000 2020.295776 0.000000 0.875977 0.000000 -0.482353 0.851270 0.851270 0.851270
6662.529785 0.000000 2047.422241 0.000000 0.997725 0.000000 0.067422 0.793127 0.793127 0.793127
6679.306152 0.000000 2041.642212 0.000000 0.932236 0.000000 0.361852 0.762286 0.762286 0.762286
6660.296387 0.000000 2021.866699 0.000000 0.903885 0.000000 -0.427776 0.845025 0.845025 0.845025
6669.581543 0.000000 2036.888184 0.000000 0.970428 0.000000 -0.241390 0.824833 0.824833 0.824833
7304.201660 0.000000 1909.070679 0.000000 0.972057 0.000000 -0.234747 0.824136 0.824136 0.824136
7311.585938 0.000000 1912.258057 0.000000 0.987445 0.000000 0.157962 0.783842 0.783842 0.783842
7316.274902 0.000000 1910.722534 0.000000 0.257257 0.000000 -0.966343 0.933498 0.933498 0.933498
7302.194824 0.000000 1913.606079 0.000000 0.981765 0.000000 -0.190099 0.819482 0.819482 0.819482
7305.901855 0.000000 1914.925049 0.000000 0.804420 0.000000 0.594062 0.735207 0.735207 0.735207
7317.645996 0.000000 1910.041748 0.000000 0.228690 0.000000 0.973499 0.663502 0.663502 0.663502
7296.124512 0.000000 1916.187256 0.000000 0.555086 0.000000 0.831793 0.699941 0.699941 0.699941
7310.080566 0.000000 1912.104980 0.000000 0.091864 0.000000 -0.995772 0.950630 0.950630 0.950630
7305.077637 0.000000 1908.326416 0.000000 0.789719 0.000000 -0.613469 0.867272 0.867272 0.867272
7303.524414 0.000000 1913.592773 0.000000 0.359839 0.000000 -0.933014 0.922506 0.922506 0.922506
7310.797852 0.000000 1913.016479 0.000000 0.082361 0.000000 0.996603 0.648399 0.648399 0.648399
7298.291992 0.000000 1918.633057 0.000000 0.592298 0.000000 -0.805719 0.895431 0.895431 0.895431
7289.460938 0.000000 1942.112183 0.000000 0.970201 0.000000 0.242301 0.775071 0.775071 0.775071
7282.811523 0.000000 1932.723633 0.000000 0.380485 0.000000 -0.924787 0.920242 0.920242 0.920242
7288.108887 0.000000 1942.319458 0.000000 0.593933 0.000000 0.804514 0.704776 0.704776 0.704776
7281.685059 0.000000 1928.047852 0.000000 0.837319 0.000000 -0.546714 0.858919 0.858919 0.858919
7282.739258 0.000000 1939.427612 0.000000 0.997481 0.000000 -0.070928 0.807231 0.807231 0.807231
7278.084473 0.000000 1944.097168 0.000000 0.970234 0.000000 0.242168 0.775085 0.775085 0.775085
7281.230957 0.000000 1929.075928 0.000000 0.973482 0.000000 0.228765 0.776490 0.776490 0.776490
7278.801758 0.000000 1945.008667 0.000000 0.618889 0.000000 -0.785478 0.892027 0.892027 0.892027
7282.009766 0.000000 1938.694336 0.000000 0.670808 0.000000 0.741631 0.714897 0.714897 0.714897
7282.812012 0.000000 1933.710205 0.000000 0.633831 0.000000 0.773471 0.709926 0.709926 0.709926
7282.102539 0.000000 1932.081421 0.000000 0.580282 0.000000 -0.814416 0.896942 0.896942 0.896942
7301.463379 0.000000 1923.757202 0.000000 0.999408 0.000000 0.034407 0.796495 0.796495 0.796495
7298.323242 0.000000 1919.779541 0.000000 0.054789 0.000000 -0.998498 0.954416 0.954416 0.954416
7301.487793 0.000000 1922.818115 0.000000 0.936100 0.000000 -0.351734 0.836610 0.836610 0.836610
7736.625977 0.000000 1560.304932 0.000000 0.756123 0.000000 0.654429 0.727331 0.727331 0.727331
7736.857422 0.000000 1561.684937 0.000000 0.138583 0.000000 0.990351 0.654162 0.654162 0.654162
7738.162109 0.000000 1573.888306 0.000000 0.269709 0.000000 0.962942 0.667817 0.667817 0.667817
7732.833008 0.000000 1569.325562 0.000000 0.868434 0.000000 -0.495804 0.852841 0.852841 0.852841
7740.960449 0.000000 1575.558228 0.000000 0.986222 0.000000 0.165429 0.783072 0.783072 0.783072
7739.273926 0.000000 1573.523193 0.000000 0.675700 0.000000 -0.737177 0.884429 0.884429 0.884429
7738.283691 0.000000 1572.734253 0.000000 0.123818 0.000000 0.992305 0.652645 0.652645 0.652645
7732.033691 0.000000 1568.732788 0.000000 0.963615 0.000000 -0.267293 0.827561 0.827561 0.827561
7748.683105 0.000000 1570.407959 0.000000 0.224769 0.000000 -0.974412 0.936908 0.936908 0.936908
7749.408691 0.000000 1571.843140 0.000000 0.210473 0.000000 -0.977600 0.938400 0.938400 0.938400
7748.036621 0.000000 1571.622925 0.000000 0.552999 0.000000 0.833182 0.699685 0.699685 0.699685
7749.433105 0.000000 1570.904053 0.000000 0.834360 0.000000 0.551219 0.740532 0.740532 0.740532
7708.348145 0.000000 1977.615601 0.000000 0.920416 0.000000 0.390941 0.759088 0.759088 0.759088
7711.150391 0.000000 1955.982056 0.000000 0.926638 0.000000 -0.375956 0.839259 0.839259 0.839259
7736.786133 0.000000 1996.933716 0.000000 0.660456 0.000000 -0.750865 0.886516 0.886516 0.886516
7742.547852 0.000000 1995.332397 0.000000 0.961232 0.000000 -0.275739 0.828455 0.828455 0.828455
7727.889648 0.000000 1995.372437 0.000000 0.999679 0.000000 -0.025323 0.802580 0.802580 0.802580
7721.217285 0.000000 1993.159668 0.000000 0.372207 0.000000 -0.928150 0.921152 0.921152 0.921152
7726.817871 0.000000 1995.185181 0.000000 0.086554 0.000000 -0.996247 0.951173 0.951173 0.951173
7727.862793 0.000000 1994.377686 0.000000 0.202258 0.000000 -0.979332 0.939255 0.939255 0.939255
7745.824707 0.000000 2002.319946 0.000000 0.097907 0.000000 0.995196 0.649989 0.649989 0.649989
7744.675293 0.000000 2003.384644 0.000000 0.555005 0.000000 -0.831847 0.900069 0.900069 0.900069
7745.617676 0.000000 2003.254395 0.000000 0.595275 0.000000 0.803522 0.704946 0.704946 0.704946
7750.242676 0.000000 1989.672974 0.000000 0.786693 0.000000 0.617345 0.732227 0.732227 0.732227
6102.976074 0.000000 2390.919678 0.000000 0.832729 0.000000 -0.553680 0.859769 0.859769 0.859769
6104.825195 0.000000 2392.101807 0.000000 0.525668 0.000000 0.850690 0.696379 0.696379 0.696379
6110.980957 0.000000 2390.434814 0.000000 0.293010 0.000000 -0.956109 0.929710 0.929710 0.929710
6106.722168 0.000000 2399.284180 0.000000 0.534928 0.000000 -0.844898 0.902508 0.902508 0.902508
6110.842773 0.000000 2391.644287 0.000000 0.782996 0.000000 0.622027 0.731619 0.731619 0.731619
6107.355469 0.000000 2398.292969 0.000000 0.604810 0.000000 0.796369 0.706160 0.706160 0.706160
6109.695801 0.000000 2398.423340 0.000000 0.101816 0.000000 0.994803 0.650389 0.650389 0.650389
6096.234375 0.000000 2397.250244 0.000000 0.943326 0.000000 -0.331867 0.834457 0.834457 0.834457
6115.643066 0.000000 2397.134277 0.000000 0.914110 0.000000 -0.405465 0.842525 0.842525 0.842525
6116.541504 0.000000 2392.170898 0.000000 0.648041 0.000000 -0.761606 0.888188 0.888188 0.888188
6111.321289 0.000000 2397.038330 0.000000 0.803758 0.000000 0.594956 0.735094 0.735094 0.735094
6125.202148 0.000000 2394.982666 0.000000 0.999985 0.000000 0.005551 0.799435 0.799435 0.799435
6118.588379 0.000000 2395.722168 0.000000 0.746253 0.000000 -0.665663 0.874192 0.874192 0.874192
6127.298828 0.000000 2389.323486 0.000000 0.289727 0.000000 0.957109 0.669941 0.669941 0.669941
6127.730469 0.000000 2392.140869 0.000000 0.923835 0.000000 0.382792 0.759988 0.759988 0.759988
6118.339355 0.000000 2393.489014 0.000000 0.120170 0.000000 -0.992753 0.947730 0.947730 0.947730
6116.804688 0.000000 2398.736328 0.000000 0.323598 0.000000 -0.946195 0.926434 0.926434 0.926434
6123.576172 0.000000 2396.013428 0.000000 0.406732 0.000000 -0.913548 0.917334 0.917334 0.917334
6117.844727 0.000000 2397.312988 0.000000 0.648084 0.000000 0.761569 0.711817 0.711817 0.711817
6115.102051 0.000000 2393.026855 0.000000 0.977430 0.000000 0.211258 0.778318 0.778318 0.778318
6112.630859 0.000000 2393.557373 0.000000 0.997715 0.000000 0.067564 0.793113 0.793113 0.793113
6118.004395 0.000000 2398.567627 0.000000 0.608936 0.000000 0.793220 0.706689 0.706689 0.706689
6113.747559 0.000000 2393.146240 0.000000 0.939446 0.000000 0.342697 0.764371 0.764371 0.764371
6135.974121 0.000000 2391.388916 0.000000 0.883736 0.000000 -0.467986 0.849607 0.849607 0.849607
6119.668945 0.000000 2393.475586 0.000000 0.998955 0.000000 -0.045697 0.804656 0.804656 0.804656
6126.942383 0.000000 2392.899414 0.000000 0.097134 0.000000 0.995271 0.649910 0.649910 0.649910
6134.487305 0.000000 2391.812988 0.000000 0.282722 0.000000 0.959202 0.669196 0.669196 0.669196
6114.662598 0.000000 2392.176514 0.000000 0.996672 0.000000 0.081517 0.791688 0.791688 0.791688
6117.967773 0.000000 2396.390137 0.000000 0.005619 0.000000 -0.999984 0.959428 0.959428 0.959428
6129.430664 0.000000 2393.777100 0.000000 0.394116 0.000000 -0.919061 0.918736 0.918736 0.918736
6134.100098 0.000000 2390.789307 0.000000 0.471743 0.000000 0.881736 0.690040 0.690040 0.690040
6093.662109 0.000000 2402.560791 0.000000 0.996386 0.000000 0.084936 0.791338 0.791338 0.791338
6106.927246 0.000000 2399.439209 0.000000 0.978863 0.000000 -0.204519 0.820980 0.820980 0.820980
6101.682617 0.000000 2402.090820 0.000000 0.007568 0.000000 0.999971 0.640771 0.640771 0.640771
6100.944336 0.000000 2403.860840 0.000000 0.374770 0.000000 -0.927118 0.920871 0.920871 0.920871
6101.620605 0.000000 2403.163574 0.000000 0.969019 0.000000 -0.246986 0.825421 0.825421 0.825421
6107.948730 0.000000 2399.843750 0.000000 0.775540 0.000000 0.631299 0.730407 0.730407 0.730407
6117.714844 0.000000 2399.710693 0.000000 0.510863 0.000000 -0.859662 0.905384 0.905384 0.905384
6122.612305 0.000000 2409.302002 0.000000 0.307191 0.000000 0.951648 0.671805 0.671805 0.671805
6119.564941 0.000000 2399.436768 0.000000 0.137424 0.000000 0.990512 0.654042 0.654042 0.654042
6121.414062 0.000000 2401.007812 0.000000 0.087201 0.000000 -0.996191 0.951106 0.951106 0.951106
6123.759766 0.000000 2408.633057 0.000000 0.262163 0.000000 -0.965024 0.932981 0.932981 0.932981
6120.904785 0.000000 2401.884033 0.000000 0.792696 0.000000 -0.609617 0.866777 0.866777 0.866777
6064.611328 0.000000 2558.205322 0.000000 0.850379 0.000000 0.526171 0.743561 0.743561 0.743561
6054.774414 0.000000 2557.466553 0.000000 0.977021 0.000000 -0.213143 0.821878 0.821878 0.821878
6044.625000 0.000000 2565.802734 0.000000 0.662777 0.000000 -0.748817 0.886201 0.886201 0.886201
6044.657227 0.000000 2587.218506 0.000000 0.560033 0.000000 0.828470 0.700548 0.700548 0.700548
6045.976562 0.000000 2564.786133 0.000000 0.444163 0.000000 -0.895946 0.913120 0.913120 0.913120
6044.926270 0.000000 2573.118652 0.000000 0.999524 0.000000 -0.030850 0.803143 0.803143 0.803143
6046.714844 0.000000 2576.010742 0.000000 0.552497 0.000000 0.833515 0.699624 0.699624 0.699624
6045.521973 0.000000 2572.046631 0.000000 0.388137 0.000000 0.921602 0.680602 0.680602 0.680602
6045.376953 0.000000 2586.520264 0.000000 0.248108 0.000000 -0.968732 0.934461 0.934461 0.934461
6052.549316 0.000000 2584.124023 0.000000 0.630633 0.000000 0.776081 0.709506 0.709506 0.709506
6071.226562 0.000000 2576.462891 0.000000 0.106223 0.000000 0.994342 0.650840 0.650840 0.650840
6075.445312 0.000000 2573.510986 0.000000 0.321146 0.000000 0.947030 0.673302 0.673302 0.673302
6052.359863 0.000000 2586.545898 0.000000 0.961314 0.000000 0.275455 0.771575 0.771575 0.771575
6050.031738 0.000000 2578.179443 0.000000 0.972701 0.000000 0.232062 0.776145 0.776145 0.776145
6057.381836 0.000000 2562.745850 0.000000 0.861374 0.000000 -0.507972 0.854273 0.854273 0.854273
6076.187988 0.000000 2569.150146 0.000000 0.300293 0.000000 -0.953847 0.928933 0.928933 0.928933
6072.492676 0.000000 2561.986572 0.000000 0.332490 0.000000 0.943107 0.674524 0.674524 0.674524
6063.433594 0.000000 2576.320312 0.000000 0.284000 0.000000 0.958824 0.669332 0.669332 0.669332
6064.168457 0.000000 2565.681885 0.000000 0.806383 0.000000 0.591394 0.735545 0.735545 0.735545
6050.259277 0.000000 2579.976318 0.000000 0.806409 0.000000 0.591359 0.735549 0.735549 0.735549
6075.533203 0.000000 2567.308350 0.000000 0.736177 0.000000 -0.676789 0.875721 0.875721 0.875721
6065.726562 0.000000 2577.611328 0.000000 0.759211 0.000000 0.650845 0.727813 0.727813 0.727813
6070.046875 0.000000 2575.087646 0.000000 0.847545 0.000000 0.530724 0.743014 0.743014 0.743014
6053.014160 0.000000 2587.958740 0.000000 0.928431 0.000000 0.371506 0.761229 0.761229 0.761229
6067.399902 0.000000 2563.369385 0.000000 0.168287 0.000000 -0.985738 0.942777 0.942777 0.942777
6064.655273 0.000000 2559.485107 0.000000 0.879753 0.000000 0.475430 0.749534 0.749534 0.749534
6074.416504 0.000000 2572.553467 0.000000 0.392265 0.000000 -0.919852 0.918941 0.918941 0.918941
6077.922852 0.000000 2569.864502 0.000000 0.923876 0.000000 -0.382692 0.840001 0.840001 0.840001
6056.089844 0.000000 2562.421387 0.000000 0.103285 0.000000 0.994652 0.650539 0.650539 0.650539
6064.469727 0.000000 2577.176270 0.000000 0.358490 0.000000 -0.933533 0.922653 0.922653 0.922653
6053.753418 0.000000 2586.658203 0.000000 0.546309 0.000000 0.837583 0.698870 0.698870 0.698870
6071.839355 0.000000 2560.875244 0.000000 0.782213 0.000000 -0.623011 0.868509 0.868509 0.868509
6073.857910 0.000000 2560.022949 0.000000 0.907969 0.000000 0.419038 0.755958 0.755958 0.755958
6067.700684 0.000000 2562.079102 0.000000 0.540885 0.000000 -0.841097 0.901789 0.901789 0.901789
6047.439941 0.000000 2576.986328 0.000000 0.082089 0.000000 0.996625 0.648371 0.648371 0.648371
6065.379395 0.000000 2568.919678 0.000000 0.966271 0.000000 -0.257529 0.826531 0.826531 0.826531
6064.399414 0.000000 2564.552734 0.000000 0.807915 0.000000 0.589299 0.735809 0.735809 0.735809
6071.389160 0.000000 2561.981689 0.000000 0.975699 0.000000 0.219114 0.777499 0.777499 0.777499
6077.048828 0.000000 2568.413330 0.000000 0.025411 0.000000 -0.999677 0.957411 0.957411 0.957411
6072.382324 0.000000 2563.047119 0.000000 0.967379 0.000000 0.253332 0.773911 0.773911 0.773911
6074.732422 0.000000 2566.615234 0.000000 0.856005 0.000000 0.516968 0.744659 0.744659 0.744659
6052.061523 0.000000 2585.464355 0.000000 0.933870 0.000000 0.357614 0.762749 0.762749 0.762749
6062.348145 0.000000 2576.476074 0.000000 0.864759 0.000000 -0.502187 0.853591 0.853591 0.853591
6075.726074 0.000000 2566.286377 0.000000 0.845690 0.000000 -0.533674 0.857341 0.857341 0.857341
6064.418457 0.000000 2576.130615 0.000000 0.969750 0.000000 0.244100 0.774882 0.774882 0.774882
6070.108398 0.000000 2568.311523 0.000000 0.936574 0.000000 0.350471 0.763527 0.763527 0.763527
6070.153320 0.000000 2576.053223 0.000000 0.540708 0.000000 -0.841210 0.901810 0.901810 0.901810
6063.729004 0.000000 2561.769531 0.000000 0.064967 0.000000 -0.997887 0.953378 0.953378 0.953378
6074.595703 0.000000 2567.569336 0.000000 0.785179 0.000000 -0.619268 0.868023 0.868023 0.868023
6073.637207 0.000000 2561.786133 0.000000 0.688283 0.000000 0.725442 0.717323 0.717323 0.717323
6063.452637 0.000000 2577.281494 0.000000 0.831417 0.000000 -0.555649 0.860010 0.860010 0.860010
6073.971191 0.000000 2563.611816 0.000000 0.875140 0.000000 0.483870 0.748554 0.748554 0.748554
6072.527832 0.000000 2575.126953 0.000000 0.954901 0.000000 -0.296925 0.830708 0.830708 0.830708
5884.644531 0.000000 3109.669922 0.000000 0.867983 0.000000 0.496594 0.747067 0.747067 0.747067
5885.868652 0.000000 3118.521484 0.000000 0.312248 0.000000 0.950001 0.672346 0.672346 0.672346
5884.211426 0.000000 3113.017334 0.000000 0.183422 0.000000 0.983034 0.658790 0.658790 0.658790
5872.717285 0.000000 3117.799561 0.000000 0.966380 0.000000 -0.257119 0.826487 0.826487 0.826487
5885.996094 0.000000 3108.653320 0.000000 0.923150 0.000000 -0.384439 0.840194 0.840194 0.840194
5884.122559 0.000000 3108.155518 0.000000 0.999234 0.000000 -0.039137 0.803988 0.803988 0.803988
5886.774414 0.000000 3115.058838 0.000000 0.194809 0.000000 0.980841 0.659971 0.659971 0.659971
5884.945801 0.000000 3116.985840 0.000000 0.798110 0.000000 0.602512 0.734133 0.734133 0.734133
5876.588379 0.000000 3122.912842 0.000000 0.308210 0.000000 -0.951318 0.928086 0.928086 0.928086
5887.142578 0.000000 3121.071777 0.000000 0.921503 0.000000 -0.388372 0.840628 0.840628 0.840628
5885.541504 0.000000 3115.913818 0.000000 0.988056 0.000000 0.154097 0.784241 0.784241 0.784241
5885.072266 0.000000 3112.280518 0.000000 0.976625 0.000000 -0.214950 0.822067 0.822067 0.822067
5884.783691 0.000000 3113.899170 0.000000 0.970030 0.000000 0.242984 0.775000 0.775000 0.775000
5885.267578 0.000000 3119.319092 0.000000 0.670867 0.000000 -0.741577 0.885095 0.885095 0.885095
5882.338867 0.000000 3125.148193 0.000000 0.376262 0.000000 0.926513 0.679293 0.679293 0.679293
5886.166016 0.000000 3120.833740 0.000000 0.999139 0.000000 -0.041497 0.804228 0.804228 0.804228
5884.979492 0.000000 3108.651855 0.000000 0.995446 0.000000 -0.095329 0.809725 0.809725 0.809725
5886.870117 0.000000 3159.456787 0.000000 0.999264 0.000000 0.038368 0.796091 0.796091 0.796091
5886.259766 0.000000 3158.790771 0.000000 0.615145 0.000000 -0.788414 0.892511 0.892511 0.892511
5891.031738 0.000000 3114.044678 0.000000 0.396947 0.000000 0.917842 0.681578 0.681578 0.681578
5887.311523 0.000000 3126.219482 0.000000 0.996937 0.000000 -0.078203 0.807974 0.807974 0.807974
5888.993164 0.000000 3117.931885 0.000000 0.061415 0.000000 -0.998112 0.953740 0.953740 0.953740
5890.907227 0.000000 3120.702393 0.000000 0.747945 0.000000 -0.663761 0.873933 0.873933 0.873933
5904.112305 0.000000 3115.099121 0.000000 0.546504 0.000000 0.837457 0.698893 0.698893 0.698893
5891.217285 0.000000 3115.539795 0.000000 0.399077 0.000000 -0.916917 0.918186 0.918186 0.918186
5895.095703 0.000000 3118.494141 0.000000 0.803594 0.000000 0.595178 0.735066 0.735066 0.735066
5895.096191 0.000000 3119.645508 0.000000 0.506716 0.000000 -0.862113 0.905875 0.905875 0.905875
5889.847168 0.000000 3117.448975 0.000000 0.580775 0.000000 -0.814064 0.896880 0.896880 0.896880
5891.625488 0.000000 3120.071777 0.000000 0.913519 0.000000 0.406796 0.757327 0.757327 0.757327
5904.085449 0.000000 3114.104248 0.000000 0.335858 0.000000 0.941912 0.674888 0.674888 0.674888
5888.433594 0.000000 3117.167236 0.000000 0.087023 0.000000 0.996206 0.648875 0.648875 0.648875
5887.588867 0.000000 3154.292480 0.000000 0.664896 0.000000 -0.746936 0.885912 0.885912 0.885912
5891.031738 0.000000 3146.036865 0.000000 0.684066 0.000000 -0.729420 0.883267 0.883267 0.883267
5889.233887 0.000000 3157.447754 0.000000 0.689543 0.000000 -0.724245 0.882500 0.882500 0.882500
5897.145996 0.000000 3154.361084 0.000000 0.413125 0.000000 -0.910674 0.916620 0.916620 0.916620
5898.073730 0.000000 3162.620361 0.000000 0.803905 0.000000 -0.594758 0.864881 0.864881 0.864881
5897.516113 0.000000 3152.212402 0.000000 0.633279 0.000000 0.773923 0.709853 0.709853 0.709853
5887.311523 0.000000 3158.211670 0.000000 0.584056 0.000000 -0.811713 0.896469 0.896469 0.896469
5899.603516 0.000000 3163.825928 0.000000 0.729680 0.000000 -0.683789 0.876694 0.876694 0.876694
5894.083008 0.000000 3151.215332 0.000000 0.233338 0.000000 -0.972396 0.936011 0.936011 0.936011
5897.441406 0.000000 3136.828125 0.000000 0.126530 0.000000 -0.991963 0.947077 0.947077 0.947077
5891.004883 0.000000 3144.553711 0.000000 0.409106 0.000000 0.912487 0.682931 0.682931 0.682931
5891.217285 0.000000 3147.531982 0.000000 0.857706 0.000000 -0.514140 0.855004 0.855004 0.855004
5891.307129 0.000000 3149.562256 0.000000 0.856982 0.000000 -0.515346 0.855148 0.855148 0.855148
5896.318359 0.000000 3151.636719 0.000000 0.983460 0.000000 0.181125 0.781448 0.781448 0.781448
5897.568359 0.000000 3150.942139 0.000000 0.963820 0.000000 -0.266555 0.827483 0.827483 0.827483
5898.354004 0.000000 3163.761230 0.000000 0.745437 0.000000 -0.666576 0.874317 0.874317 0.874317
5891.963379 0.000000 3145.182861 0.000000 0.983703 0.000000 0.179802 0.781585 0.781585 0.781585
5890.380371 0.000000 3146.867188 0.000000 0.557988 0.000000 -0.829849 0.899704 0.899704 0.899704
5887.630371 0.000000 3159.228271 0.000000 0.601493 0.000000 0.798878 0.705737 0.705737 0.705737
5895.096191 0.000000 3151.637695 0.000000 0.371998 0.000000 -0.928233 0.921175 0.921175 0.921175
5896.932129 0.000000 3137.704346 0.000000 0.745912 0.000000 -0.666044 0.874244 0.874244 0.874244
5896.216797 0.000000 3159.657227 0.000000 0.873171 0.000000 0.487414 0.748141 0.748141 0.748141
5899.072266 0.000000 3163.026367 0.000000 0.110024 0.000000 -0.993929 0.948770 0.948770 0.948770
5891.367676 0.000000 3148.473877 0.000000 0.891173 0.000000 0.453663 0.752037 0.752037 0.752037
5980.293945 0.000000 3420.623047 0.000000 0.641971 0.000000 -0.766729 0.888997 0.888997 0.888997
5977.072266 0.000000 3417.231689 0.000000 0.966830 0.000000 -0.255420 0.826308 0.826308 0.826308
5981.323730 0.000000 3421.135742 0.000000 0.078627 0.000000 -0.996904 0.951983 0.951983 0.951983
5977.758789 0.000000 3420.385986 0.000000 0.698726 0.000000 -0.715390 0.881200 0.881200 0.881200
5978.593750 0.000000 3418.689209 0.000000 0.547201 0.000000 -0.837001 0.901022 0.901022 0.901022
6006.765137 0.000000 3400.875000 0.000000 0.995387 0.000000 -0.095946 0.809788 0.809788 0.809788
6006.145508 0.000000 3412.236572 0.000000 0.546158 0.000000 -0.837682 0.901149 0.901149 0.901149
6004.883301 0.000000 3403.103271 0.000000 0.521234 0.000000 -0.853414 0.904151 0.904151 0.904151
6006.406738 0.000000 3405.318604 0.000000 0.427251 0.000000 -0.904133 0.915034 0.915034 0.915034
5985.521973 0.000000 3422.104980 0.000000 0.956261 0.000000 -0.292516 0.830238 0.830238 0.830238
6004.840332 0.000000 3407.965820 0.000000 0.675157 0.000000 0.737674 0.715496 0.715496 0.715496
6004.985840 0.000000 3399.862305 0.000000 0.584071 0.000000 -0.811703 0.896467 0.896467 0.896467
6006.919922 0.000000 3403.164307 0.000000 0.875021 0.000000 0.484085 0.748529 0.748529 0.748529
6010.733887 0.000000 3423.034180 0.000000 0.709261 0.000000 0.704946 0.720311 0.720311 0.720311
6012.555176 0.000000 3417.264160 0.000000 0.250888 0.000000 0.968016 0.665831 0.665831 0.665831
6000.924316 0.000000 3420.176025 0.000000 0.642030 0.000000 -0.766680 0.888990 0.888990 0.888990
6010.438965 0.000000 3415.447021 0.000000 0.425895 0.000000 0.904773 0.684813 0.684813 0.684813
6014.712402 0.000000 3411.306641 0.000000 0.430313 0.000000 -0.902680 0.914689 0.914689 0.914689
6009.721680 0.000000 3398.809814 0.000000 0.647999 0.000000 -0.761641 0.888194 0.888194 0.888194
6011.197754 0.000000 3419.523926 0.000000 0.561329 0.000000 -0.827593 0.899293 0.899293 0.899293
6004.572754 0.000000 3410.842529 0.000000 0.998384 0.000000 0.056825 0.794209 0.794209 0.794209
6005.910156 0.000000 3402.102051 0.000000 0.769059 0.000000 -0.639177 0.870632 0.870632 0.870632
5999.791504 0.000000 3417.290771 0.000000 0.960366 0.000000 -0.278741 0.828773 0.828773 0.828773
6011.990723 0.000000 3403.729736 0.000000 0.951638 0.000000 0.307221 0.768192 0.768192 0.768192
6010.867676 0.000000 3406.649658 0.000000 0.650480 0.000000 -0.759524 0.887862 0.887862 0.887862
6007.598145 0.000000 3404.417969 0.000000 0.383731 0.000000 0.923445 0.680116 0.680116 0.680116
6009.878906 0.000000 3405.617188 0.000000 0.854493 0.000000 0.519464 0.744362 0.744362 0.744362
6011.527832 0.000000 3418.180176 0.000000 0.759598 0.000000 -0.650393 0.872127 0.872127 0.872127
6011.824707 0.000000 3402.245850 0.000000 0.427267 0.000000 -0.904125 0.915032 0.915032 0.915032
6005.954102 0.000000 3403.963867 0.000000 0.353108 0.000000 -0.935583 0.923240 0.923240 0.923240
6008.680176 0.000000 3405.779785 0.000000 0.535442 0.000000 -0.844572 0.902446 0.902446 0.902446
6002.886230 0.000000 3408.696777 0.000000 0.452535 0.000000 0.891747 0.687834 0.687834 0.687834
6014.840332 0.000000 3416.861572 0.000000 0.779815 0.000000 0.626010 0.731100 0.731100 0.731100
6004.329102 0.000000 3406.850342 0.000000 0.400400 0.000000 -0.916340 0.918039 0.918039 0.918039
6011.019531 0.000000 3401.121582 0.000000 0.402072 0.000000 -0.915608 0.917853 0.917853 0.917853
6006.363281 0.000000 3417.333008 0.000000 0.773547 0.000000 -0.633739 0.869914 0.869914 0.869914
6013.742188 0.000000 3417.344482 0.000000 0.006361 0.000000 0.999980 0.640648 0.640648 0.640648
6010.061523 0.000000 3422.015381 0.000000 0.178383 0.000000 0.983961 0.658268 0.658268 0.658268
6003.342773 0.000000 3397.057861 0.000000 0.332871 0.000000 0.942972 0.674566 0.674566 0.674566
6004.008301 0.000000 3402.534424 0.000000 0.996793 0.000000 -0.080024 0.808160 0.808160 0.808160
5998.958008 0.000000 3416.649414 0.000000 0.402535 0.000000 0.915405 0.682199 0.682199 0.682199
6005.202637 0.000000 3411.668701 0.000000 0.868835 0.000000 -0.495101 0.852758 0.852758 0.852758
6011.491699 0.000000 3400.194580 0.000000 0.874172 0.000000 0.485617 0.748350 0.748350 0.748350
5988.069336 0.000000 3417.261230 0.000000 0.848070 0.000000 0.529884 0.743115 0.743115 0.743115
6002.741699 0.000000 3399.235352 0.000000 0.892739 0.000000 0.450574 0.752390 0.752390 0.752390
6013.078125 0.000000 3419.999512 0.000000 0.649569 0.000000 0.760303 0.712016 0.712016 0.712016
6008.769531 0.000000 3399.236328 0.000000 0.747814 0.000000 -0.663908 0.873953 0.873953 0.873953
6006.161133 0.000000 3407.850098 0.000000 0.870319 0.000000 0.492488 0.747548 0.747548 0.747548
6007.359863 0.000000 3405.531982 0.000000 0.757841 0.000000 0.652440 0.727599 0.727599 0.727599
6012.327148 0.000000 3408.040527 0.000000 0.997200 0.000000 -0.074783 0.807625 0.807625 0.807625
5984.580078 0.000000 3422.032959 0.000000 0.484324 0.000000 -0.874889 0.908501 0.908501 0.908501
6013.348145 0.000000 3409.279053 0.000000 0.642252 0.000000 -0.766494 0.888960 0.888960 0.888960
6010.926758 0.000000 3402.070557 0.000000 0.972340 0.000000 0.233569 0.775987 0.775987 0.775987
5998.847168 0.000000 3417.535400 0.000000 0.740601 0.000000 -0.671945 0.875053 0.875053 0.875053
6006.223145 0.000000 3416.446289 0.000000 0.270323 0.000000 -0.962770 0.932118 0.932118 0.932118
6012.119141 0.000000 3419.736816 0.000000 0.683747 0.000000 -0.729719 0.883312 0.883312 0.883312
6000.639648 0.000000 3415.839111 0.000000 0.818729 0.000000 0.574181 0.737703 0.737703 0.737703
6008.535645 0.000000 3406.923828 0.000000 0.296483 0.000000 0.955038 0.670660 0.670660 0.670660
6000.176270 0.000000 3429.470947 0.000000 0.386362 0.000000 0.922347 0.680406 0.680406 0.680406
6010.938965 0.000000 3423.189209 0.000000 0.259583 0.000000 -0.965721 0.933253 0.933253 0.933253
5985.450684 0.000000 3423.167725 0.000000 0.943749 0.000000 0.330662 0.765673 0.765673 0.765673
6000.407227 0.000000 3428.341797 0.000000 0.983705 0.000000 0.179793 0.781586 0.781586 0.781586
6015.491211 0.000000 3416.272217 0.000000 0.785677 0.000000 0.618636 0.732059 0.732059 0.732059
6038.141602 0.000000 3412.236572 0.000000 0.939197 0.000000 -0.343380 0.835703 0.835703 0.835703
6032.052246 0.000000 3392.632812 0.000000 0.657818 0.000000 -0.753177 0.886874 0.886874 0.886874
6019.016113 0.000000 3401.974365 0.000000 0.975001 0.000000 -0.222201 0.822824 0.822824 0.822824
6027.534180 0.000000 3410.316162 0.000000 0.385631 0.000000 -0.922653 0.919675 0.919675 0.919675
6023.713867 0.000000 3403.442139 0.000000 0.923169 0.000000 -0.384395 0.840189 0.840189 0.840189
6025.668457 0.000000 3397.803467 0.000000 0.322704 0.000000 0.946500 0.673469 0.673469 0.673469
6018.254883 0.000000 3404.521973 0.000000 0.850408 0.000000 0.526124 0.743566 0.743566 0.743566
6024.202148 0.000000 3400.901367 0.000000 0.536252 0.000000 0.844058 0.697651 0.697651 0.697651
6029.729492 0.000000 3410.659180 0.000000 0.881973 0.000000 0.471299 0.750011 0.750011 0.750011
6022.067383 0.000000 3407.152832 0.000000 0.536828 0.000000 0.843691 0.697721 0.697721 0.697721
6034.963867 0.000000 3404.364258 0.000000 0.283983 0.000000 0.958829 0.669330 0.669330 0.669330
6022.159668 0.000000 3415.619385 0.000000 0.133753 0.000000 0.991015 0.653665 0.653665 0.653665
6015.335938 0.000000 3397.364746 0.000000 0.500867 0.000000 -0.865524 0.906565 0.906565 0.906565
6018.989258 0.000000 3400.491211 0.000000 0.967680 0.000000 0.252181 0.774033 0.774033 0.774033
6033.562500 0.000000 3392.908936 0.000000 0.972890 0.000000 -0.231270 0.823772 0.823772 0.823772
6028.552246 0.000000 3407.263672 0.000000 0.925351 0.000000 0.379111 0.760394 0.760394 0.760394
6016.894531 0.000000 3404.291260 0.000000 0.948570 0.000000 0.316567 0.767190 0.767190 0.767190
6039.075195 0.000000 3413.358887 0.000000 0.114617 0.000000 -0.993410 0.948299 0.948299 0.948299
6021.905762 0.000000 3398.054932 0.000000 0.489691 0.000000 -0.871896 0.907875 0.907875 0.907875
6023.080078 0.000000 3406.423828 0.000000 0.999988 0.000000 0.004993 0.799491 0.799491 0.799491
6027.466797 0.000000 3403.790039 0.000000 0.705730 0.000000 0.708481 0.719802 0.719802 0.719802
6024.470215 0.000000 3397.780029 0.000000 0.977374 0.000000 -0.211519 0.821709 0.821709 0.821709
6015.983398 0.000000 3413.222900 0.000000 0.766550 0.000000 -0.642185 0.871031 0.871031 0.871031
6028.698242 0.000000 3394.843506 0.000000 0.467858 0.000000 0.883804 0.689592 0.689592 0.689592
6023.272461 0.000000 3404.405762 0.000000 0.877736 0.000000 0.479145 0.749103 0.749103 0.749103
6022.358887 0.000000 3402.551758 0.000000 0.948113 0.000000 0.317934 0.767043 0.767043 0.767043
6035.951172 0.000000 3404.803955 0.000000 0.999680 0.000000 0.025305 0.797422 0.797422 0.797422
6029.397461 0.000000 3411.667480 0.000000 0.967943 0.000000 -0.251169 0.825861 0.825861 0.825861
6015.334473 0.000000 3411.216553 0.000000 0.381794 0.000000 -0.924247 0.920098 0.920098 0.920098
6039.355957 0.000000 3405.531982 0.000000 0.775434 0.000000 0.631428 0.730390 0.730390 0.730390
6034.184570 0.000000 3407.124512 0.000000 0.551126 0.000000 -0.834422 0.900543 0.900543 0.900543
6025.209473 0.000000 3404.705811 0.000000 0.426646 0.000000 0.904419 0.684898 0.684898 0.684898
6034.964355 0.000000 3405.350830 0.000000 0.242890 0.000000 -0.970054 0.935009 0.935009 0.935009
6018.148438 0.000000 3400.914551 0.000000 0.271760 0.000000 -0.962365 0.931966 0.931966 0.931966
6025.609375 0.000000 3396.860107 0.000000 0.865834 0.000000 -0.500331 0.853372 0.853372 0.853372
6019.352051 0.000000 3404.411377 0.000000 0.744376 0.000000 -0.667761 0.874479 0.874479 0.874479
6035.770508 0.000000 3437.822754 0.000000 0.075016 0.000000 0.997182 0.647648 0.647648 0.647648
6034.106934 0.000000 3445.580078 0.000000 0.291057 0.000000 0.956706 0.670082 0.670082 0.670082
6022.600098 0.000000 3451.464355 0.000000 0.011121 0.000000 0.999938 0.641133 0.641133 0.641133
6033.354980 0.000000 3435.867188 0.000000 0.120661 0.000000 -0.992694 0.947680 0.947680 0.947680
6023.233398 0.000000 3454.072510 0.000000 0.953897 0.000000 0.300135 0.768950 0.768950 0.768950
6032.476074 0.000000 3431.523682 0.000000 0.583210 0.000000 0.812322 0.703425 0.703425 0.703425
6038.983887 0.000000 3446.661865 0.000000 0.407584 0.000000 -0.913168 0.917239 0.917239 0.917239
6041.488281 0.000000 3438.974854 0.000000 0.115119 0.000000 -0.993352 0.948248 0.948248 0.948248
6020.582031 0.000000 3435.655518 0.000000 0.584215 0.000000 0.811599 0.703551 0.703551 0.703551
6040.936523 0.000000 3454.141113 0.000000 0.976123 0.000000 -0.217218 0.822303 0.822303 0.822303
6032.615234 0.000000 3453.986572 0.000000 0.738828 0.000000 -0.673894 0.875321 0.875321 0.875321
6035.148438 0.000000 3439.472168 0.000000 0.520321 0.000000 0.853971 0.695740 0.695740 0.695740
6039.114746 0.000000 3448.413086 0.000000 0.137546 0.000000 0.990495 0.654055 0.654055 0.654055
6042.435059 0.000000 3447.439209 0.000000 0.189474 0.000000 0.981886 0.659417 0.659417 0.659417
6042.863770 0.000000 3438.641846 0.000000 0.829975 0.000000 -0.557801 0.860274 0.860274 0.860274
6039.234863 0.000000 3451.342041 0.000000 0.913365 0.000000 0.407141 0.757288 0.757288 0.757288
6032.167969 0.000000 3432.856689 0.000000 0.022504 0.000000 0.999747 0.642292 0.642292 0.642292
6020.398438 0.000000 3434.111572 0.000000 0.934329 0.000000 0.356412 0.762880 0.762880 0.762880
6033.837402 0.000000 3431.680664 0.000000 0.971265 0.000000 -0.238000 0.824477 0.824477 0.824477
6027.055664 0.000000 3453.051514 0.000000 0.118572 0.000000 -0.992945 0.947894 0.947894 0.947894
6040.497070 0.000000 3439.849609 0.000000 0.998053 0.000000 0.062370 0.793643 0.793643 0.793643
6030.280273 0.000000 3451.542236 0.000000 0.998891 0.000000 -0.047081 0.804797 0.804797 0.804797
6036.867188 0.000000 3450.283936 0.000000 0.258892 0.000000 0.965906 0.666674 0.666674 0.666674
6041.083008 0.000000 3446.739502 0.000000 0.611993 0.000000 -0.790863 0.892918 0.892918 0.892918
6021.385254 0.000000 3434.822998 0.000000 0.073439 0.000000 -0.997300 0.952513 0.952513 0.952513
6038.106934 0.000000 3451.548828 0.000000 0.922529 0.000000 -0.385927 0.840358 0.840358 0.840358
6033.889648 0.000000 3434.846680 0.000000 0.155253 0.000000 0.987875 0.655878 0.655878 0.655878
6035.338867 0.000000 3429.050049 0.000000 0.999999 0.000000 0.001119 0.799886 0.799886 0.799886
6026.005371 0.000000 3453.753174 0.000000 0.249930 0.000000 -0.968264 0.934270 0.934270 0.934270
6038.499023 0.000000 3447.555176 0.000000 0.580955 0.000000 -0.813936 0.896857 0.896857 0.896857
6035.951172 0.000000 3436.796143 0.000000 0.860108 0.000000 -0.510112 0.854527 0.854527 0.854527
6034.548828 0.000000 3429.805176 0.000000 0.211143 0.000000 -0.977455 0.938330 0.938330 0.938330
6039.355957 0.000000 3437.524170 0.000000 0.495648 0.000000 -0.868523 0.907178 0.907178 0.907178
6038.999023 0.000000 3450.200439 0.000000 0.917528 0.000000 0.397672 0.758342 0.758342 0.758342
6036.743164 0.000000 3453.107910 0.000000 0.826954 0.000000 -0.562270 0.860823 0.860823 0.860823
6033.520020 0.000000 3453.624023 0.000000 0.999337 0.000000 -0.036401 0.803709 0.803709 0.803709
6041.661621 0.000000 3454.882324 0.000000 0.778685 0.000000 0.627415 0.730916 0.730916 0.730916
6032.069824 0.000000 3434.026123 0.000000 0.968261 0.000000 0.249940 0.774269 0.774269 0.774269
6039.384277 0.000000 3449.298584 0.000000 0.783581 0.000000 0.621290 0.731715 0.731715 0.731715
6038.219238 0.000000 3448.438477 0.000000 0.326257 0.000000 0.945281 0.673852 0.673852 0.673852
6027.457031 0.000000 3453.861328 0.000000 0.832807 0.000000 -0.553563 0.859754 0.859754 0.859754
6053.912598 0.000000 3441.353271 0.000000 0.746278 0.000000 0.665635 0.725811 0.725811 0.725811
6053.483398 0.000000 3440.162109 0.000000 0.922845 0.000000 0.385172 0.759726 0.759726 0.759726
6032.052246 0.000000 3456.617188 0.000000 0.843483 0.000000 0.537155 0.742240 0.742240 0.742240
6023.576660 0.000000 3455.178955 0.000000 0.999420 0.000000 -0.034048 0.803469 0.803469 0.803469
6041.861816 0.000000 3455.804199 0.000000 0.701303 0.000000 0.712863 0.719167 0.719167 0.719167
6036.952148 0.000000 3459.603027 0.000000 0.673736 0.000000 -0.738972 0.884700 0.884700 0.884700
6026.414062 0.000000 3456.027344 0.000000 0.426965 0.000000 0.904268 0.684933 0.684933 0.684933
6027.570801 0.000000 3457.900391 0.000000 0.883919 0.000000 0.467641 0.750433 0.750433 0.750433
6032.470703 0.000000 3459.132812 0.000000 0.374528 0.000000 0.927216 0.679103 0.679103 0.679103
6052.677734 0.000000 3469.778564 0.000000 0.996255 0.000000 -0.086459 0.808818 0.808818 0.808818
6058.620117 0.000000 3465.044189 0.000000 0.455331 0.000000 0.890322 0.688153 0.688153 0.688153
6057.421875 0.000000 3456.750000 0.000000 0.386508 0.000000 -0.922286 0.919578 0.919578 0.919578
6053.615723 0.000000 3459.382080 0.000000 0.267279 0.000000 -0.963619 0.932440 0.932440 0.932440
6050.887695 0.000000 3472.616455 0.000000 0.274109 0.000000 -0.961699 0.931718 0.931718 0.931718
6059.767578 0.000000 3464.375244 0.000000 0.622007 0.000000 -0.783011 0.891622 0.891622 0.891622
6052.195312 0.000000 3468.731201 0.000000 0.753515 0.000000 -0.657431 0.873074 0.873074 0.873074
6056.269531 0.000000 3466.092041 0.000000 0.762776 0.000000 0.646663 0.728373 0.728373 0.728373
6059.427246 0.000000 3465.765869 0.000000 0.420580 0.000000 0.907255 0.684216 0.684216 0.684216
6058.216797 0.000000 3465.952148 0.000000 0.872917 0.000000 0.487868 0.748088 0.748088 0.748088
6056.912598 0.000000 3457.626221 0.000000 0.918966 0.000000 0.394338 0.758712 0.758712 0.758712
6053.640137 0.000000 3458.443115 0.000000 0.407577 0.000000 -0.913171 0.917240 0.917240 0.917240
6648.538086 0.000000 2047.954712 0.000000 0.543891 0.000000 -0.839156 0.901424 0.901424 0.901424
6633.774414 0.000000 2047.511230 0.000000 0.968894 0.000000 0.247475 0.774528 0.774528 0.774528
6650.757812 0.000000 2051.469971 0.000000 0.511446 0.000000 0.859316 0.694685 0.694685 0.694685
6650.301758 0.000000 2049.332520 0.000000 0.981165 0.000000 0.193173 0.780199 0.780199 0.780199
6651.537598 0.000000 2049.577881 0.000000 0.384461 0.000000 -0.923141 0.919804 0.919804 0.919804
6651.189941 0.000000 2048.554688 0.000000 0.993991 0.000000 0.109462 0.788828 0.788828 0.788828
6651.718262 0.000000 2051.428467 0.000000 0.892322 0.000000 0.451399 0.752296 0.752296 0.752296
6298.574219 0.000000 2489.418945 0.000000 0.399648 0.000000 0.916669 0.681878 0.681878 0.681878
6294.110352 0.000000 2484.463135 0.000000 0.678856 0.000000 0.734271 0.716008 0.716008 0.716008
6290.463379 0.000000 2493.954834 0.000000 0.656005 0.000000 0.754756 0.712882 0.712882 0.712882
6287.279297 0.000000 2485.300049 0.000000 0.767607 0.000000 -0.640920 0.870863 0.870863 0.870863
6284.640625 0.000000 2484.773438 0.000000 0.385153 0.000000 -0.922853 0.919728 0.919728 0.919728
6292.805176 0.000000 2480.192383 0.000000 0.645419 0.000000 -0.763829 0.888539 0.888539 0.888539
6293.749512 0.000000 2482.310303 0.000000 0.696294 0.000000 -0.717757 0.881546 0.881546 0.881546
6282.026855 0.000000 2490.784424 0.000000 0.037804 0.000000 0.999285 0.643852 0.643852 0.643852
6282.764648 0.000000 2494.746338 0.000000 0.843658 0.000000 -0.536881 0.857727 0.857727 0.857727
6294.044434 0.000000 2490.690918 0.000000 0.281035 0.000000 0.959697 0.669017 0.669017 0.669017
6289.699219 0.000000 2481.634766 0.000000 0.125041 0.000000 -0.992152 0.947230 0.947230 0.947230
6293.531738 0.000000 2492.797607 0.000000 0.297605 0.000000 0.954689 0.670780 0.670780 0.670780
6302.677246 0.000000 2483.533203 0.000000 0.936378 0.000000 0.350994 0.763470 0.763470 0.763470
6275.141113 0.000000 2487.320557 0.000000 0.672554 0.000000 0.740048 0.715137 0.715137 0.715137
6291.751465 0.000000 2493.224609 0.000000 0.659257 0.000000 0.751917 0.713321 0.713321 0.713321
6295.979004 0.000000 2481.809570 0.000000 0.198349 0.000000 0.980131 0.660339 0.660339 0.660339
6285.814941 0.000000 2485.694336 0.000000 0.342166 0.000000 0.939639 0.675571 0.675571 0.675571
6288.615234 0.000000 2485.944580 0.000000 0.091256 0.000000 -0.995827 0.950692 0.950692 0.950692
6279.684082 0.000000 2482.376221 0.000000 0.249141 0.000000 -0.968467 0.934353 0.934353 0.934353
6283.713379 0.000000 2490.520508 0.000000 0.424911 0.000000 -0.905235 0.915298 0.915298 0.915298
6284.652344 0.000000 2488.458740 0.000000 0.782984 0.000000 0.622042 0.731617 0.731617 0.731617
6295.043945 0.000000 2485.585449 0.000000 0.685267 0.000000 0.728292 0.716901 0.716901 0.716901
6282.285645 0.000000 2483.022217 0.000000 0.976032 0.000000 0.217626 0.777654 0.777654 0.777654
6300.338867 0.000000 2485.781982 0.000000 0.938650 0.000000 -0.344872 0.835865 0.835865 0.835865
6274.013672 0.000000 2486.607666 0.000000 0.445503 0.000000 -0.895280 0.912968 0.912968 0.912968
6300.128418 0.000000 2484.172363 0.000000 0.991964 0.000000 -0.126521 0.812922 0.812922 0.812922
6282.307129 0.000000 2491.925293 0.000000 0.545500 0.000000 -0.838111 0.901229 0.901229 0.901229
6295.954590 0.000000 2487.365479 0.000000 0.408128 0.000000 -0.912925 0.917178 0.917178 0.917178
6285.763672 0.000000 2478.250244 0.000000 0.911897 0.000000 0.410419 0.756922 0.756922 0.756922
6291.354004 0.000000 2492.275391 0.000000 0.284439 0.000000 0.958694 0.669378 0.669378 0.669378
6294.467773 0.000000 2487.789551 0.000000 0.765608 0.000000 -0.643308 0.871180 0.871180 0.871180
6278.678223 0.000000 2482.224854 0.000000 0.999504 0.000000 -0.031494 0.803209 0.803209 0.803209
6288.391113 0.000000 2480.154053 0.000000 0.389081 0.000000 -0.921203 0.919294 0.919294 0.919294
6294.125977 0.000000 2480.076660 0.000000 0.762641 0.000000 0.646822 0.728351 0.728351 0.728351
6279.250977 0.000000 2483.708252 0.000000 0.763066 0.000000 -0.646320 0.871582 0.871582 0.871582
6294.967773 0.000000 2490.434814 0.000000 0.094161 0.000000 0.995557 0.649605 0.649605 0.649605
6292.711914 0.000000 2493.342285 0.000000 0.846743 0.000000 -0.532001 0.857139 0.857139 0.857139
6301.862793 0.000000 2484.086670 0.000000 0.864685 0.000000 0.502314 0.746394 0.746394 0.746394
6289.933105 0.000000 2480.655029 0.000000 0.875486 0.000000 -0.483244 0.851373 0.851373 0.851373
6295.353027 0.000000 2489.532959 0.000000 0.152528 0.000000 0.988299 0.655597 0.655597 0.655597
6294.187988 0.000000 2488.672852 0.000000 0.134805 0.000000 -0.990872 0.946227 0.946227 0.946227
6332.589844 0.000000 2469.826172 0.000000 0.298620 0.000000 -0.954372 0.929112 0.929112 0.929112
6308.370117 0.000000 2480.825439 0.000000 0.756554 0.000000 -0.653931 0.872602 0.872602 0.872602
6333.941406 0.000000 2468.809570 0.000000 0.770324 0.000000 -0.637653 0.870430 0.870430 0.870430
6330.828613 0.000000 2478.876221 0.000000 0.794936 0.000000 -0.606694 0.866401 0.866401 0.866401
6319.041016 0.000000 2468.942627 0.000000 0.925547 0.000000 -0.378632 0.839554 0.839554 0.839554
6309.452148 0.000000 2480.396484 0.000000 0.189745 0.000000 0.981833 0.659445 0.659445 0.659445
6320.368164 0.000000 2468.576172 0.000000 0.390705 0.000000 0.920516 0.680886 0.680886 0.680886
6330.787109 0.000000 2466.249268 0.000000 0.321175 0.000000 0.947020 0.673305 0.673305 0.673305
6331.757324 0.000000 2467.326904 0.000000 0.208911 0.000000 -0.977935 0.938563 0.938563 0.938563
6288.020996 0.000000 2496.851562 0.000000 0.309448 0.000000 0.950916 0.672046 0.672046 0.672046
6281.354492 0.000000 2498.761475 0.000000 0.397660 0.000000 0.917533 0.681657 0.681657 0.681657
6283.541016 0.000000 2495.522705 0.000000 0.779170 0.000000 0.626813 0.730995 0.730995 0.730995
6282.578125 0.000000 2501.275146 0.000000 0.951353 0.000000 0.308104 0.768098 0.768098 0.768098
6281.408691 0.000000 2499.717773 0.000000 0.120710 0.000000 0.992688 0.652326 0.652326 0.652326
6289.407715 0.000000 2496.149414 0.000000 0.996271 0.000000 -0.086283 0.808800 0.808800 0.808800
6338.505859 0.000000 2535.133057 0.000000 0.283662 0.000000 -0.958924 0.930704 0.930704 0.930704
6341.779297 0.000000 2549.641357 0.000000 0.317961 0.000000 -0.948104 0.927041 0.927041 0.927041
6340.614258 0.000000 2534.698242 0.000000 0.373851 0.000000 0.927489 0.679028 0.679028 0.679028
6342.140137 0.000000 2539.792969 0.000000 0.181194 0.000000 0.983447 0.658559 0.658559 0.658559
6343.156250 0.000000 2538.213379 0.000000 0.918545 0.000000 0.395316 0.758603 0.758603 0.758603
6341.866699 0.000000 2534.265869 0.000000 0.014006 0.000000 -0.999902 0.958573 0.958573 0.958573
6357.982910 0.000000 2545.020020 0.000000 0.377423 0.000000 -0.926041 0.920579 0.920579 0.920579
6356.629395 0.000000 2545.486572 0.000000 0.349039 0.000000 -0.937108 0.923683 0.923683 0.923683
6347.260254 0.000000 2549.104004 0.000000 0.995408 0.000000 -0.095726 0.809766 0.809766 0.809766
6339.950684 0.000000 2532.569580 0.000000 0.966083 0.000000 0.258233 0.773395 0.773395 0.773395
6346.203125 0.000000 2549.443115 0.000000 0.131062 0.000000 0.991374 0.653388 0.653388 0.653388
6340.375000 0.000000 2549.667969 0.000000 0.878308 0.000000 -0.478096 0.850775 0.850775 0.850775
6355.912109 0.000000 2541.014893 0.000000 0.996690 0.000000 -0.081295 0.808290 0.808290 0.808290
6354.925293 0.000000 2541.561768 0.000000 0.551525 0.000000 -0.834159 0.900495 0.900495 0.900495
6357.160645 0.000000 2543.331299 0.000000 0.900669 0.000000 -0.434506 0.845785 0.845785 0.845785
6482.052246 0.000000 2517.806641 0.000000 0.791216 0.000000 0.611537 0.732976 0.732976 0.732976
6484.701172 0.000000 2498.694336 0.000000 0.590031 0.000000 0.807380 0.704283 0.704283 0.704283
6482.090332 0.000000 2498.455811 0.000000 0.022165 0.000000 -0.999754 0.957742 0.957742 0.957742
6490.314453 0.000000 2501.661621 0.000000 0.729507 0.000000 -0.683974 0.876720 0.876720 0.876720
6487.060059 0.000000 2520.639648 0.000000 0.283885 0.000000 0.958858 0.669320 0.669320 0.669320
6482.909180 0.000000 2508.583008 0.000000 0.995342 0.000000 0.096403 0.790165 0.790165 0.790165
6492.871582 0.000000 2509.134277 0.000000 0.398497 0.000000 -0.917169 0.918250 0.918250 0.918250
6483.349121 0.000000 2499.385010 0.000000 0.249519 0.000000 -0.968370 0.934313 0.934313 0.934313
6483.506348 0.000000 2517.557373 0.000000 0.770251 0.000000 0.637740 0.729558 0.729558 0.729558
6482.426270 0.000000 2516.531250 0.000000 0.896977 0.000000 0.442077 0.753357 0.753357 0.753357
6483.649902 0.000000 2498.094727 0.000000 0.915825 0.000000 -0.401577 0.842092 0.842092 0.842092
6491.426270 0.000000 2501.296631 0.000000 0.525486 0.000000 -0.850802 0.903643 0.903643 0.903643
6486.304688 0.000000 2521.551758 0.000000 0.172872 0.000000 0.984944 0.657697 0.657697 0.657697
6485.635742 0.000000 2498.067383 0.000000 0.543059 0.000000 0.839695 0.698475 0.698475 0.698475
6493.467285 0.000000 2508.062256 0.000000 0.096729 0.000000 0.995311 0.649868 0.649868 0.649868
6484.897461 0.000000 2499.837402 0.000000 0.290358 0.000000 0.956918 0.670008 0.670008 0.670008
6483.896484 0.000000 2509.022705 0.000000 0.720626 0.000000 0.693324 0.721967 0.721967 0.721967
6485.573730 0.000000 2499.140137 0.000000 0.427424 0.000000 -0.904051 0.915015 0.915015 0.915015
6487.329590 0.000000 2521.525146 0.000000 0.700661 0.000000 0.713495 0.719076 0.719076 0.719076
6488.477051 0.000000 2511.142578 0.000000 0.936498 0.000000 0.350672 0.763505 0.763505 0.763505
6665.770508 0.000000 2047.511230 0.000000 0.437866 0.000000 0.899040 0.686165 0.686165 0.686165
6801.636719 0.000000 2097.728516 0.000000 0.584810 0.000000 -0.811170 0.896374 0.896374 0.896374
6812.192383 0.000000 2108.943359 0.000000 0.673659 0.000000 0.739042 0.715289 0.715289 0.715289
6813.981445 0.000000 2108.066162 0.000000 0.067137 0.000000 -0.997744 0.953156 0.953156 0.953156
6810.261230 0.000000 2098.426025 0.000000 0.321512 0.000000 0.946905 0.673341 0.673341 0.673341
6811.268066 0.000000 2098.102051 0.000000 0.978602 0.000000 -0.205763 0.821110 0.821110 0.821110
6810.318359 0.000000 2099.434082 0.000000 0.851674 0.000000 0.524072 0.743812 0.743812 0.743812
6806.405273 0.000000 2103.883301 0.000000 0.981870 0.000000 -0.189558 0.819426 0.819426 0.819426
6800.328613 0.000000 2096.247803 0.000000 0.924368 0.000000 -0.381503 0.839870 0.839870 0.839870
6806.684570 0.000000 2094.613281 0.000000 0.659063 0.000000 0.752088 0.713295 0.713295 0.713295
6801.870605 0.000000 2096.748779 0.000000 0.282608 0.000000 -0.959235 0.930816 0.930816 0.930816
6817.937988 0.000000 2098.296631 0.000000 0.245946 0.000000 -0.969284 0.934689 0.934689 0.934689
6822.253418 0.000000 2105.559326 0.000000 0.940241 0.000000 0.340511 0.764608 0.764608 0.764608
6819.016113 0.000000 2105.097168 0.000000 0.885413 0.000000 0.464805 0.750760 0.750760 0.750760
6822.062012 0.000000 2103.939697 0.000000 0.859046 0.000000 0.511898 0.745262 0.745262 0.745262
6816.788574 0.000000 2099.361084 0.000000 0.390631 0.000000 -0.920547 0.919122 0.919122 0.919122
6816.527832 0.000000 2103.061768 0.000000 0.870186 0.000000 0.492724 0.747520 0.747520 0.747520
6816.546875 0.000000 2109.388916 0.000000 0.961356 0.000000 0.275309 0.771590 0.771590 0.771590
6816.183105 0.000000 2108.140381 0.000000 0.582747 0.000000 0.812654 0.703367 0.703367 0.703367
6822.352051 0.000000 2102.701416 0.000000 0.865324 0.000000 0.501213 0.746524 0.746524 0.746524
6823.583008 0.000000 2105.545898 0.000000 0.923229 0.000000 -0.384250 0.840173 0.840173 0.840173
6842.488281 0.000000 2107.009521 0.000000 0.760906 0.000000 0.648862 0.728078 0.728078 0.728078
6817.730957 0.000000 2099.230957 0.000000 0.307824 0.000000 0.951443 0.671872 0.671872 0.671872
6818.576660 0.000000 2104.246826 0.000000 0.676667 0.000000 0.736289 0.715704 0.715704 0.715704
6861.001953 0.000000 2103.281250 0.000000 0.651801 0.000000 -0.758390 0.887684 0.887684 0.887684
6863.640625 0.000000 2104.211182 0.000000 0.535096 0.000000 -0.844791 0.902488 0.902488 0.902488
6853.754883 0.000000 2109.383301 0.000000 0.635998 0.000000 0.771691 0.710212 0.710212 0.710212
6851.012207 0.000000 2105.097168 0.000000 0.698967 0.000000 -0.715154 0.881166 0.881166 0.881166
6852.916504 0.000000 2108.075928 0.000000 0.668013 0.000000 0.744150 0.714514 0.714514 0.714514
6867.681152 0.000000 2109.318359 0.000000 0.441887 0.000000 -0.897071 0.913379 0.913379 0.913379
6863.686035 0.000000 2105.611084 0.000000 0.778749 0.000000 -0.627335 0.869073 0.869073 0.869073
6860.582031 0.000000 2104.552490 0.000000 0.685639 0.000000 -0.727942 0.883047 0.883047 0.883047
6857.750977 0.000000 2105.647217 0.000000 0.987965 0.000000 0.154680 0.784181 0.784181 0.784181
6862.135254 0.000000 2104.058105 0.000000 0.722572 0.000000 0.691296 0.722253 0.722253 0.722253
6852.639160 0.000000 2109.576416 0.000000 0.974843 0.000000 -0.222891 0.822896 0.822896 0.822896
6862.852539 0.000000 2104.969727 0.000000 0.801682 0.000000 0.597750 0.734740 0.734740 0.734740
6867.283691 0.000000 2108.369141 0.000000 0.669972 0.000000 -0.742386 0.885218 0.885218 0.885218
6855.980469 0.000000 2111.137939 0.000000 0.305661 0.000000 0.952141 0.671641 0.671641 0.671641
6860.923340 0.000000 2102.306396 0.000000 0.467004 0.000000 0.884255 0.689493 0.689493 0.689493
6850.572754 0.000000 2104.246826 0.000000 0.944919 0.000000 -0.327304 0.833965 0.833965 0.833965
6851.522461 0.000000 2104.224609 0.000000 0.219166 0.000000 -0.975688 0.937493 0.937493 0.937493
6853.343750 0.000000 2104.590088 0.000000 0.538840 0.000000 -0.842408 0.902036 0.902036 0.902036
6853.877930 0.000000 2108.460449 0.000000 0.194198 0.000000 0.980962 0.659907 0.659907 0.659907
6842.507812 0.000000 2169.497070 0.000000 0.933241 0.000000 -0.359251 0.837430 0.837430 0.837430
6830.792969 0.000000 2175.322754 0.000000 0.965828 0.000000 -0.259183 0.826705 0.826705 0.826705
6840.919434 0.000000 2163.042969 0.000000 0.860955 0.000000 -0.508681 0.854357 0.854357 0.854357
6839.017090 0.000000 2168.725586 0.000000 0.849501 0.000000 -0.527588 0.856609 0.856609 0.856609
6837.465332 0.000000 2172.875732 0.000000 0.735992 0.000000 -0.676990 0.875749 0.875749 0.875749
6846.610840 0.000000 2163.611328 0.000000 0.826780 0.000000 -0.562525 0.860854 0.860854 0.860854
6835.685059 0.000000 2173.302734 0.000000 0.983360 0.000000 0.181665 0.781392 0.781392 0.781392
6831.232422 0.000000 2174.086670 0.000000 0.977403 0.000000 -0.211384 0.821695 0.821695 0.821695
6833.593750 0.000000 2174.919678 0.000000 0.379120 0.000000 -0.925347 0.920393 0.920393 0.920393
6829.934082 0.000000 2170.241943 0.000000 0.518745 0.000000 -0.854929 0.904448 0.904448 0.904448
6833.327148 0.000000 2171.549072 0.000000 0.032956 0.000000 0.999457 0.643358 0.643358 0.643358
6835.287598 0.000000 2172.353516 0.000000 0.650214 0.000000 0.759751 0.712103 0.712103 0.712103
6836.645508 0.000000 2173.420410 0.000000 0.762066 0.000000 0.647499 0.728261 0.728261 0.728261
6867.270508 0.000000 2118.750000 0.000000 0.252498 0.000000 -0.967598 0.933999 0.933999 0.933999
6875.435547 0.000000 2119.417725 0.000000 0.872152 0.000000 0.489235 0.747928 0.747928 0.747928
6855.475098 0.000000 2111.507080 0.000000 0.651505 0.000000 0.758645 0.712276 0.712276 0.712276
6876.981445 0.000000 2131.491943 0.000000 0.388675 0.000000 0.921375 0.680661 0.680661 0.680661
6875.885254 0.000000 2124.042236 0.000000 0.614427 0.000000 -0.788974 0.892604 0.892604 0.892604
6874.318848 0.000000 2124.662842 0.000000 0.980605 0.000000 0.195995 0.779906 0.779906 0.779906
6859.924805 0.000000 2112.666992 0.000000 0.702723 0.000000 -0.711463 0.880629 0.880629 0.880629
6874.634766 0.000000 2118.724609 0.000000 0.130900 0.000000 0.991396 0.653372 0.653372 0.653372
6861.406738 0.000000 2113.609619 0.000000 0.979110 0.000000 0.203332 0.779143 0.779143 0.779143
6875.628418 0.000000 2118.395752 0.000000 0.699342 0.000000 -0.714787 0.881113 0.881113 0.881113
6872.664062 0.000000 2119.548828 0.000000 0.472454 0.000000 0.881355 0.690122 0.690122 0.690122
6866.447266 0.000000 2118.125488 0.000000 0.236468 0.000000 -0.971639 0.935683 0.935683 0.935683
6865.337402 0.000000 2112.243164 0.000000 0.290383 0.000000 0.956911 0.670010 0.670010 0.670010
6877.836426 0.000000 2131.098389 0.000000 0.965803 0.000000 0.259277 0.773285 0.773285 0.773285
6884.788574 0.000000 2114.275146 0.000000 0.715167 0.000000 0.698954 0.721168 0.721168 0.721168
6888.096680 0.000000 2121.213867 0.000000 0.686422 0.000000 -0.727203 0.882938 0.882938 0.882938
6889.591797 0.000000 2125.940186 0.000000 0.877370 0.000000 -0.479814 0.850975 0.850975 0.850975
6888.164551 0.000000 2125.120605 0.000000 0.922264 0.000000 -0.386562 0.840428 0.840428 0.840428
6883.096191 0.000000 2123.781982 0.000000 0.925689 0.000000 -0.378285 0.839516 0.839516 0.839516
6884.142090 0.000000 2115.490234 0.000000 0.258752 0.000000 0.965944 0.666660 0.666660 0.666660
6885.311523 0.000000 2124.983154 0.000000 0.851793 0.000000 -0.523878 0.856165 0.856165 0.856165
6889.318848 0.000000 2121.128418 0.000000 0.455800 0.000000 0.890082 0.688207 0.688207 0.688207
6884.093750 0.000000 2125.059326 0.000000 0.287047 0.000000 0.957917 0.669656 0.669656 0.669656
6881.605957 0.000000 2129.231201 0.000000 0.735850 0.000000 -0.677145 0.875771 0.875771 0.875771
6891.864258 0.000000 2123.161621 0.000000 0.462707 0.000000 0.886511 0.688999 0.688999 0.688999
6886.353516 0.000000 2128.712646 0.000000 0.773924 0.000000 0.633278 0.730147 0.730147 0.730147
6887.443848 0.000000 2120.327637 0.000000 0.682919 0.000000 -0.730494 0.883427 0.883427 0.883427
6885.538574 0.000000 2114.771240 0.000000 0.999908 0.000000 0.013547 0.798620 0.798620 0.798620
6883.880371 0.000000 2123.304688 0.000000 0.998167 0.000000 0.060518 0.793832 0.793832 0.793832
6854.355469 0.000000 2163.261475 0.000000 0.854247 0.000000 -0.519867 0.855686 0.855686 0.855686
6851.331055 0.000000 2165.907227 0.000000 0.652910 0.000000 0.757436 0.712465 0.712465 0.712465
6849.658203 0.000000 2172.377686 0.000000 0.771181 0.000000 0.636616 0.729707 0.729707 0.729707
6851.070801 0.000000 2167.398682 0.000000 0.937257 0.000000 0.348639 0.763726 0.763726 0.763726
6855.613770 0.000000 2162.454346 0.000000 0.505980 0.000000 0.862545 0.694038 0.694038 0.694038
6848.179199 0.000000 2172.124756 0.000000 0.515031 0.000000 0.857171 0.695110 0.695110 0.695110
6850.380371 0.000000 2165.269043 0.000000 0.969835 0.000000 -0.243763 0.825082 0.825082 0.825082
6851.098145 0.000000 2164.550293 0.000000 0.238366 0.000000 0.971175 0.664516 0.664516 0.664516
6847.232910 0.000000 2163.521240 0.000000 0.909971 0.000000 -0.414673 0.843553 0.843553 0.843553
6855.180664 0.000000 2163.786377 0.000000 0.858306 0.000000 -0.513138 0.854886 0.854886 0.854886
6856.504395 0.000000 2172.545898 0.000000 0.368607 0.000000 -0.929585 0.921547 0.921547 0.921547
6846.891113 0.000000 2198.481689 0.000000 0.846983 0.000000 0.531620 0.742907 0.742907 0.742907
6840.398926 0.000000 2178.080322 0.000000 0.999470 0.000000 -0.032550 0.803316 0.803316 0.803316
6846.414551 0.000000 2182.493164 0.000000 0.858807 0.000000 -0.512299 0.854786 0.854786 0.854786
6836.884277 0.000000 2184.159180 0.000000 0.416142 0.000000 -0.909300 0.916282 0.916282 0.916282
6835.222656 0.000000 2177.007812 0.000000 0.934677 0.000000 0.355498 0.762980 0.762980 0.762980
6830.623047 0.000000 2175.514160 0.000000 0.865728 0.000000 0.500515 0.746606 0.746606 0.746606
6838.992676 0.000000 2181.550049 0.000000 0.580651 0.000000 -0.814152 0.896895 0.896895 0.896895
6846.752930 0.000000 2199.691162 0.000000 0.935581 0.000000 0.353112 0.763240 0.763240 0.763240
6840.288574 0.000000 2179.140869 0.000000 0.552931 0.000000 0.833227 0.699677 0.699677 0.699677
6846.154785 0.000000 2189.810303 0.000000 0.365412 0.000000 -0.930846 0.921897 0.921897 0.921897
6834.710449 0.000000 2177.841309 0.000000 0.229968 0.000000 0.973198 0.663636 0.663636 0.663636
6838.777344 0.000000 2180.623291 0.000000 0.763579 0.000000 0.645715 0.728499 0.728499 0.728499
6839.680664 0.000000 2180.848633 0.000000 0.929999 0.000000 -0.367561 0.838338 0.838338 0.838338
6846.142578 0.000000 2199.025146 0.000000 0.775063 0.000000 -0.631884 0.869670 0.869670 0.869670
6841.877441 0.000000 2179.705566 0.000000 0.999995 0.000000 0.003262 0.799668 0.799668 0.799668
6857.647461 0.000000 2204.991943 0.000000 0.981253 0.000000 -0.192725 0.819754 0.819754 0.819754
6847.395996 0.000000 2183.568115 0.000000 0.923528 0.000000 -0.383530 0.840093 0.840093 0.840093
6854.256348 0.000000 2183.585449 0.000000 0.869566 0.000000 0.493816 0.747393 0.747393 0.747393
6847.514648 0.000000 2188.952637 0.000000 0.995407 0.000000 -0.095731 0.809766 0.809766 0.809766
6850.882812 0.000000 2179.926025 0.000000 0.843425 0.000000 0.537247 0.742229 0.742229 0.742229
6859.432617 0.000000 2194.613037 0.000000 0.969943 0.000000 -0.243332 0.825037 0.825037 0.825037
6863.525879 0.000000 2179.803223 0.000000 0.918036 0.000000 0.396497 0.758472 0.758472 0.758472
6859.300293 0.000000 2201.211426 0.000000 0.320270 0.000000 0.947326 0.673208 0.673208 0.673208
6847.194336 0.000000 2198.446045 0.000000 0.901859 0.000000 -0.432031 0.845505 0.845505 0.845505
6859.177246 0.000000 2183.471924 0.000000 0.149751 0.000000 -0.988724 0.944689 0.944689 0.944689
6853.965820 0.000000 2191.449707 0.000000 0.882062 0.000000 -0.471133 0.849970 0.849970 0.849970
6857.192383 0.000000 2186.785889 0.000000 0.870413 0.000000 0.492323 0.747567 0.747567 0.747567
6855.888184 0.000000 2183.376221 0.000000 0.997735 0.000000 -0.067268 0.806857 0.806857 0.806857
6853.518066 0.000000 2179.694580 0.000000 0.910837 0.000000 -0.412765 0.843340 0.843340 0.843340
6852.551758 0.000000 2182.784180 0.000000 0.841594 0.000000 -0.540111 0.858118 0.858118 0.858118
6861.935547 0.000000 2187.238770 0.000000 0.267357 0.000000 -0.963597 0.932432 0.932432 0.932432
6854.788574 0.000000 2196.794189 0.000000 0.847238 0.000000 -0.531213 0.857044 0.857044 0.857044
6860.349609 0.000000 2180.264160 0.000000 0.071337 0.000000 -0.997452 0.952727 0.952727 0.952727
6852.145996 0.000000 2179.474609 0.000000 0.721754 0.000000 0.692149 0.722133 0.722133 0.722133
6856.180176 0.000000 2195.656982 0.000000 0.934830 0.000000 -0.355096 0.836977 0.836977 0.836977
6859.494629 0.000000 2195.927979 0.000000 0.510962 0.000000 -0.859603 0.905373 0.905373 0.905373
6856.531738 0.000000 2193.364502 0.000000 0.452963 0.000000 0.891529 0.687883 0.687883 0.687883
6861.059082 0.000000 2181.684082 0.000000 0.389549 0.000000 -0.921006 0.919242 0.919242 0.919242
6852.737305 0.000000 2191.326416 0.000000 0.970285 0.000000 -0.241965 0.824893 0.824893 0.824893
6858.729492 0.000000 2182.346924 0.000000 0.044063 0.000000 0.999029 0.644490 0.644490 0.644490
6856.470215 0.000000 2205.465576 0.000000 0.058172 0.000000 -0.998307 0.954071 0.954071 0.954071
6848.269043 0.000000 2177.639648 0.000000 0.644147 0.000000 -0.764901 0.888708 0.888708 0.888708
6847.513184 0.000000 2199.462646 0.000000 0.931839 0.000000 -0.362872 0.837825 0.837825 0.837825
6856.521484 0.000000 2184.240723 0.000000 0.713262 0.000000 0.700897 0.720891 0.720891 0.720891
6857.926758 0.000000 2187.474121 0.000000 0.128337 0.000000 -0.991731 0.946892 0.946892 0.946892
6856.504395 0.000000 2204.538086 0.000000 0.877122 0.000000 -0.480267 0.851027 0.851027 0.851027
7054.765625 0.000000 2207.314941 0.000000 0.654793 0.000000 0.755808 0.712718 0.712718 0.712718
7062.970215 0.000000 2205.156006 0.000000 0.473185 0.000000 0.880963 0.690207 0.690207 0.690207
7047.317383 0.000000 2192.869873 0.000000 0.923658 0.000000 -0.383218 0.840059 0.840059 0.840059
7055.185547 0.000000 2197.370361 0.000000 0.875237 0.000000 0.483694 0.748574 0.748574 0.748574
7062.858887 0.000000 2198.966553 0.000000 0.992160 0.000000 -0.124970 0.812763 0.812763 0.812763
7063.965332 0.000000 2196.787354 0.000000 0.320350 0.000000 -0.947299 0.926784 0.926784 0.926784
7057.605469 0.000000 2193.705078 0.000000 0.749922 0.000000 -0.661526 0.873629 0.873629 0.873629
7070.589844 0.000000 2192.104492 0.000000 0.167725 0.000000 -0.985834 0.942835 0.942835 0.942835
7067.068848 0.000000 2203.820801 0.000000 0.913417 0.000000 0.407025 0.757301 0.757301 0.757301
7054.256836 0.000000 2196.251709 0.000000 0.562513 0.000000 0.826788 0.700853 0.700853 0.700853
7064.136230 0.000000 2198.256836 0.000000 0.996180 0.000000 0.087320 0.791094 0.791094 0.791094
7067.398926 0.000000 2202.477051 0.000000 0.758615 0.000000 -0.651540 0.872281 0.872281 0.872281
7064.372070 0.000000 2192.154297 0.000000 0.374953 0.000000 0.927044 0.679149 0.679149 0.679149
7056.348633 0.000000 2193.270020 0.000000 0.967594 0.000000 -0.252513 0.826002 0.826002 0.826002
7055.205078 0.000000 2206.078857 0.000000 0.801203 0.000000 0.598393 0.734658 0.734658 0.734658
7062.018555 0.000000 2205.965820 0.000000 0.543933 0.000000 -0.839129 0.901419 0.901419 0.901419
7068.691895 0.000000 2199.932129 0.000000 0.553406 0.000000 0.832911 0.699735 0.699735 0.699735
7063.088867 0.000000 2196.240479 0.000000 0.922645 0.000000 0.385651 0.759673 0.759673 0.759673
7062.374023 0.000000 2199.859863 0.000000 0.756931 0.000000 -0.653495 0.872543 0.872543 0.872543
7056.297363 0.000000 2192.224365 0.000000 0.998859 0.000000 0.047749 0.795134 0.795134 0.795134
7046.333984 0.000000 2192.697021 0.000000 0.581059 0.000000 -0.813862 0.896844 0.896844 0.896844
7066.460938 0.000000 2202.986084 0.000000 0.654898 0.000000 0.755717 0.712732 0.712732 0.712732
7055.739258 0.000000 2206.905762 0.000000 0.141078 0.000000 0.989998 0.654418 0.654418 0.654418
7070.021484 0.000000 2193.060303 0.000000 0.803239 0.000000 0.595656 0.735005 0.735005 0.735005
7057.839355 0.000000 2192.725342 0.000000 0.407891 0.000000 0.913031 0.682795 0.682795 0.682795
7063.669922 0.000000 2204.418701 0.000000 0.813948 0.000000 0.580938 0.736860 0.736860 0.736860
7054.017090 0.000000 2206.750977 0.000000 0.904544 0.000000 -0.426381 0.844868 0.844868 0.844868
7084.505859 0.000000 2188.113037 0.000000 0.233904 0.000000 -0.972260 0.935952 0.935952 0.935952
7080.267578 0.000000 2190.535156 0.000000 0.132248 0.000000 0.991217 0.653510 0.653510 0.653510
7073.630859 0.000000 2204.369873 0.000000 0.622296 0.000000 -0.782782 0.891584 0.891584 0.891584
7071.624512 0.000000 2206.796143 0.000000 0.698594 0.000000 -0.715518 0.881219 0.881219 0.881219
7079.401855 0.000000 2204.921875 0.000000 0.434473 0.000000 0.900685 0.685781 0.685781 0.685781
7082.223633 0.000000 2193.763428 0.000000 0.590432 0.000000 -0.807087 0.895666 0.895666 0.895666
7085.647949 0.000000 2189.049561 0.000000 0.806112 0.000000 -0.591763 0.864502 0.864502 0.864502
7072.515625 0.000000 2205.365479 0.000000 0.166640 0.000000 -0.986018 0.942947 0.942947 0.942947
7081.423828 0.000000 2191.176514 0.000000 0.845994 0.000000 -0.533192 0.857282 0.857282 0.857282
7080.442871 0.000000 2205.465576 0.000000 0.099749 0.000000 -0.995013 0.949823 0.949823 0.949823
7084.249023 0.000000 2189.033447 0.000000 0.999883 0.000000 0.015264 0.798445 0.798445 0.798445
7080.477051 0.000000 2204.538086 0.000000 0.942553 0.000000 -0.334057 0.834694 0.834694 0.834694
7082.260254 0.000000 2192.776855 0.000000 0.768358 0.000000 -0.640020 0.870744 0.870744 0.870744
7070.070801 0.000000 2216.619873 0.000000 0.917237 0.000000 -0.398341 0.841733 0.841733 0.841733
7070.073242 0.000000 2207.475830 0.000000 0.257736 0.000000 -0.966215 0.933448 0.933448 0.933448
7054.595703 0.000000 2207.506348 0.000000 0.683568 0.000000 0.729887 0.716663 0.716663 0.716663
7067.412109 0.000000 2215.394287 0.000000 0.340709 0.000000 0.940169 0.675414 0.675414 0.675414
7054.358887 0.000000 2209.259277 0.000000 0.261491 0.000000 -0.965206 0.933052 0.933052 0.933052
7048.601562 0.000000 2208.036133 0.000000 0.949090 0.000000 0.315004 0.767358 0.767358 0.767358
7070.781250 0.000000 2217.624268 0.000000 0.560875 0.000000 -0.827901 0.899349 0.899349 0.899349
7048.791504 0.000000 2209.930908 0.000000 0.923577 0.000000 0.383414 0.759919 0.759919 0.759919
7074.416016 0.000000 2215.211182 0.000000 0.776687 0.000000 -0.629886 0.869407 0.869407 0.869407
7079.610840 0.000000 2209.222656 0.000000 0.993202 0.000000 -0.116405 0.811884 0.811884 0.811884
7071.139648 0.000000 2216.933594 0.000000 0.904225 0.000000 -0.427056 0.844944 0.844944 0.844944
7075.499023 0.000000 2215.400879 0.000000 0.999702 0.000000 0.024430 0.797511 0.797511 0.797511
7076.721680 0.000000 2212.249023 0.000000 0.277633 0.000000 0.960687 0.668656 0.668656 0.668656
7071.245605 0.000000 2207.464355 0.000000 0.919049 0.000000 0.394142 0.758733 0.758733 0.758733
7074.604980 0.000000 2214.338135 0.000000 0.857423 0.000000 -0.514612 0.855061 0.855061 0.855061
7152.809082 0.000000 2202.578857 0.000000 0.794927 0.000000 -0.606705 0.866403 0.866403 0.866403
7158.004883 0.000000 2196.533447 0.000000 0.922413 0.000000 -0.386204 0.840388 0.840388 0.840388
7151.605469 0.000000 2200.187744 0.000000 0.754024 0.000000 0.656847 0.727005 0.727005 0.727005
7147.142090 0.000000 2183.471924 0.000000 0.456451 0.000000 0.889749 0.688281 0.688281 0.688281
7156.737305 0.000000 2196.991455 0.000000 0.996476 0.000000 -0.083874 0.808553 0.808553 0.808553
7158.938477 0.000000 2197.655762 0.000000 0.555207 0.000000 -0.831712 0.900044 0.900044 0.900044
7147.691895 0.000000 2182.578857 0.000000 0.171493 0.000000 0.985185 0.657555 0.657555 0.657555
7150.706543 0.000000 2201.832275 0.000000 0.656855 0.000000 -0.754017 0.887004 0.887004 0.887004
6877.804688 0.000000 2520.378906 0.000000 0.836199 0.000000 -0.548425 0.859127 0.859127 0.859127
6870.789062 0.000000 2526.983887 0.000000 0.650539 0.000000 -0.759473 0.887854 0.887854 0.887854
6877.973633 0.000000 2523.964600 0.000000 0.998456 0.000000 0.055542 0.794340 0.794340 0.794340
6871.928711 0.000000 2527.034912 0.000000 0.227843 0.000000 -0.973698 0.936586 0.936586 0.936586
6858.790039 0.000000 2542.752197 0.000000 0.965724 0.000000 -0.259573 0.826746 0.826746 0.826746
6869.364746 0.000000 2534.155518 0.000000 0.996840 0.000000 0.079435 0.791900 0.791900 0.791900
6872.915527 0.000000 2546.949219 0.000000 0.977544 0.000000 0.210732 0.778373 0.778373 0.778373
6863.208984 0.000000 2549.284424 0.000000 0.972116 0.000000 -0.234501 0.824111 0.824111 0.824111
6863.640625 0.000000 2552.101807 0.000000 0.719299 0.000000 0.694700 0.721772 0.721772 0.721772
6865.080078 0.000000 2538.130371 0.000000 0.264692 0.000000 0.964333 0.667287 0.667287 0.667287
6866.862305 0.000000 2538.955322 0.000000 0.126532 0.000000 -0.991963 0.947077 0.947077 0.947077
6874.628418 0.000000 2559.245117 0.000000 0.924813 0.000000 0.380422 0.760249 0.760249 0.760249
6866.324219 0.000000 2555.831055 0.000000 0.681193 0.000000 -0.732104 0.883668 0.883668 0.883668
6859.191895 0.000000 2544.469238 0.000000 0.997436 0.000000 0.071561 0.792705 0.792705 0.792705
6871.247559 0.000000 2547.131592 0.000000 0.998397 0.000000 0.056591 0.794233 0.794233 0.794233
6870.278320 0.000000 2527.403809 0.000000 0.156602 0.000000 -0.987662 0.943983 0.943983 0.943983
6862.280273 0.000000 2548.165771 0.000000 0.086072 0.000000 -0.996289 0.951222 0.951222 0.951222
6875.422363 0.000000 2554.391113 0.000000 0.142901 0.000000 0.989737 0.654606 0.654606 0.654606
6866.790039 0.000000 2547.279053 0.000000 0.460056 0.000000 0.887890 0.688695 0.688695 0.688695
6873.050781 0.000000 2528.981689 0.000000 0.532772 0.000000 0.846259 0.697232 0.697232 0.697232
6875.261719 0.000000 2558.253906 0.000000 0.879351 0.000000 -0.476174 0.850553 0.850553 0.850553
6867.165039 0.000000 2555.017578 0.000000 0.248714 0.000000 -0.968577 0.934398 0.934398 0.934398
6868.576172 0.000000 2534.945801 0.000000 0.968270 0.000000 0.249905 0.774272 0.774272 0.774272
6871.302734 0.000000 2527.849121 0.000000 0.016803 0.000000 0.999859 0.641712 0.641712 0.641712
6858.327148 0.000000 2543.752441 0.000000 0.280250 0.000000 0.959927 0.668934 0.668934 0.668934
6865.788086 0.000000 2539.065430 0.000000 0.403467 0.000000 0.914994 0.682302 0.682302 0.682302
6861.930176 0.000000 2554.148193 0.000000 0.999058 0.000000 0.043383 0.795580 0.795580 0.795580
6873.649414 0.000000 2556.596924 0.000000 0.997465 0.000000 -0.071153 0.807254 0.807254 0.807254
6865.323242 0.000000 2555.455322 0.000000 0.646575 0.000000 -0.762850 0.888384 0.888384 0.888384
6862.852539 0.000000 2552.860352 0.000000 0.616284 0.000000 -0.787524 0.892364 0.892364 0.892364
6859.348145 0.000000 2545.488770 0.000000 0.046021 0.000000 0.998940 0.644689 0.644689 0.644689
6873.297852 0.000000 2557.512451 0.000000 0.857668 0.000000 0.514203 0.744988 0.744988 0.744988
6860.436523 0.000000 2555.715576 0.000000 0.656243 0.000000 -0.754550 0.887086 0.887086 0.887086
6875.787109 0.000000 2559.117188 0.000000 0.415673 0.000000 0.909514 0.683665 0.683665 0.683665
6872.792969 0.000000 2554.644043 0.000000 0.534111 0.000000 0.845414 0.697393 0.697393 0.697393
6873.342285 0.000000 2546.106201 0.000000 0.110403 0.000000 0.993887 0.651269 0.651269 0.651269
6859.447754 0.000000 2543.567871 0.000000 0.999231 0.000000 -0.039208 0.803995 0.803995 0.803995
6873.539551 0.000000 2529.793945 0.000000 0.411406 0.000000 -0.911452 0.916812 0.916812 0.916812
6879.045898 0.000000 2558.023682 0.000000 0.761991 0.000000 -0.647587 0.871751 0.871751 0.871751
6860.416504 0.000000 2537.130371 0.000000 0.412119 0.000000 -0.911130 0.916732 0.916732 0.916732
6866.153320 0.000000 2539.933105 0.000000 0.657791 0.000000 -0.753201 0.886877 0.886877 0.886877
6858.287598 0.000000 2544.690918 0.000000 0.564075 0.000000 -0.825724 0.898955 0.898955 0.898955
6881.075195 0.000000 2530.358887 0.000000 0.644980 0.000000 0.764199 0.711403 0.711403 0.711403
6880.722656 0.000000 2533.604004 0.000000 0.944450 0.000000 0.328655 0.765889 0.765889 0.765889
6879.647949 0.000000 2558.710205 0.000000 0.551957 0.000000 0.833873 0.699558 0.699558 0.699558
6883.321777 0.000000 2533.664551 0.000000 0.112454 0.000000 0.993657 0.651479 0.651479 0.651479
6881.250000 0.000000 2532.060791 0.000000 0.775187 0.000000 -0.631732 0.869650 0.869650 0.869650
6880.214844 0.000000 2531.159668 0.000000 0.801258 0.000000 0.598319 0.734667 0.734667 0.734667
6955.343750 0.000000 2398.119141 0.000000 0.654858 0.000000 0.755752 0.712727 0.712727 0.712727
6938.104980 0.000000 2408.478516 0.000000 0.647774 0.000000 -0.761833 0.888224 0.888224 0.888224
6934.293457 0.000000 2413.560791 0.000000 0.960126 0.000000 -0.279567 0.828861 0.828861 0.828861
6931.262695 0.000000 2406.679688 0.000000 0.976521 0.000000 -0.215422 0.822116 0.822116 0.822116
6932.825195 0.000000 2412.939209 0.000000 0.192781 0.000000 0.981242 0.659760 0.659760 0.659760
6935.484863 0.000000 2412.660156 0.000000 0.979568 0.000000 -0.201113 0.820626 0.820626 0.820626
6927.918457 0.000000 2415.099365 0.000000 0.866270 0.000000 -0.499575 0.853283 0.853283 0.853283
6933.840820 0.000000 2412.206055 0.000000 0.175409 0.000000 -0.984496 0.942040 0.942040 0.942040
6931.675293 0.000000 2407.820801 0.000000 0.861161 0.000000 -0.508333 0.854316 0.854316 0.854316
6938.906250 0.000000 2409.363770 0.000000 0.612133 0.000000 -0.790755 0.892900 0.892900 0.892900
6926.487305 0.000000 2409.219238 0.000000 0.754477 0.000000 0.656327 0.727075 0.727075 0.727075
6953.555176 0.000000 2406.045654 0.000000 0.994464 0.000000 0.105077 0.789277 0.789277 0.789277
6953.483398 0.000000 2407.847656 0.000000 0.411920 0.000000 -0.911220 0.916755 0.916755 0.916755
6956.337891 0.000000 2404.209473 0.000000 0.147074 0.000000 -0.989126 0.944965 0.944965 0.944965
6958.962891 0.000000 2404.958252 0.000000 0.349561 0.000000 -0.936914 0.923626 0.923626 0.923626
6957.047363 0.000000 2405.629395 0.000000 0.565474 0.000000 0.824766 0.701218 0.701218 0.701218
6952.356934 0.000000 2406.022217 0.000000 0.371494 0.000000 0.928435 0.678769 0.678769 0.678769
6956.908203 0.000000 2411.113525 0.000000 0.998940 0.000000 0.046027 0.795310 0.795310 0.795310
6963.837891 0.000000 2413.046143 0.000000 0.998723 0.000000 0.050527 0.794851 0.794851 0.794851
6962.851074 0.000000 2413.593018 0.000000 0.665986 0.000000 -0.745964 0.885764 0.885764 0.885764
7085.204102 0.000000 2416.742920 0.000000 0.989406 0.000000 -0.145178 0.814840 0.814840 0.814840
7086.923828 0.000000 2426.731201 0.000000 0.100762 0.000000 0.994911 0.650281 0.650281 0.650281
7083.164551 0.000000 2416.500488 0.000000 0.605193 0.000000 0.796079 0.706209 0.706209 0.706209
7082.223633 0.000000 2417.708740 0.000000 0.268292 0.000000 0.963338 0.667667 0.667667 0.667667
7086.151367 0.000000 2427.792236 0.000000 0.996881 0.000000 -0.078915 0.808047 0.808047 0.808047
7087.872070 0.000000 2427.593262 0.000000 0.581699 0.000000 -0.813404 0.896764 0.896764 0.896764
7080.190430 0.000000 2422.400146 0.000000 0.495898 0.000000 -0.868381 0.907148 0.907148 0.907148
7080.072266 0.000000 2423.836914 0.000000 0.570589 0.000000 -0.821236 0.898149 0.898149 0.898149
7087.854004 0.000000 2426.467285 0.000000 0.553230 0.000000 0.833029 0.699714 0.699714 0.699714
7082.260254 0.000000 2416.722168 0.000000 0.342299 0.000000 0.939591 0.675586 0.675586 0.675586
7099.285645 0.000000 2448.654541 0.000000 0.283265 0.000000 -0.959042 0.930746 0.930746 0.930746
7086.133301 0.000000 2438.181885 0.000000 0.171961 0.000000 -0.985104 0.942397 0.942397 0.942397
7098.703125 0.000000 2435.376221 0.000000 0.912497 0.000000 0.409083 0.757072 0.757072 0.757072
7099.320312 0.000000 2445.542236 0.000000 0.444770 0.000000 -0.895645 0.913051 0.913051 0.913051
7091.191406 0.000000 2432.945312 0.000000 0.914757 0.000000 -0.404005 0.842362 0.842362 0.842362
7100.299805 0.000000 2434.585938 0.000000 0.653487 0.000000 -0.756938 0.887458 0.887458 0.887458
7102.625977 0.000000 2443.222900 0.000000 0.965869 0.000000 0.259033 0.773311 0.773311 0.773311
7095.465332 0.000000 2444.652344 0.000000 0.564502 0.000000 0.825432 0.701098 0.701098 0.701098
7098.291504 0.000000 2444.584717 0.000000 0.992097 0.000000 0.125476 0.787185 0.787185 0.787185
7097.746094 0.000000 2445.851562 0.000000 0.991798 0.000000 0.127815 0.786945 0.786945 0.786945
7087.298340 0.000000 2438.863525 0.000000 0.627044 0.000000 -0.778984 0.890965 0.890965 0.890965
7085.664062 0.000000 2441.730469 0.000000 0.339783 0.000000 0.940504 0.675313 0.675313 0.675313
7099.691895 0.000000 2442.480225 0.000000 0.851633 0.000000 0.524139 0.743804 0.743804 0.743804
7101.393066 0.000000 2444.077881 0.000000 0.962869 0.000000 -0.269969 0.827844 0.827844 0.827844
7098.693359 0.000000 2434.257080 0.000000 0.371646 0.000000 -0.928375 0.921214 0.921214 0.921214
7091.209961 0.000000 2437.292236 0.000000 0.999175 0.000000 0.040609 0.795862 0.795862 0.795862
7098.387695 0.000000 2449.278320 0.000000 0.677927 0.000000 0.735130 0.715879 0.715879 0.715879
7090.315430 0.000000 2432.430176 0.000000 0.111980 0.000000 -0.993710 0.948570 0.948570 0.948570
7090.608887 0.000000 2439.469727 0.000000 0.683504 0.000000 0.729947 0.716654 0.716654 0.716654
7090.419922 0.000000 2438.047363 0.000000 0.724637 0.000000 -0.689131 0.877442 0.877442 0.877442
7095.227051 0.000000 2445.766357 0.000000 0.816373 0.000000 0.577526 0.737286 0.737286 0.737286
7090.679199 0.000000 2433.778809 0.000000 0.768363 0.000000 0.640014 0.729257 0.729257 0.729257
7085.432617 0.000000 2431.444336 0.000000 0.177074 0.000000 0.984198 0.658132 0.658132 0.658132
7084.389160 0.000000 2441.153809 0.000000 0.997599 0.000000 0.069253 0.792940 0.792940 0.792940
7091.145508 0.000000 2436.349121 0.000000 0.020233 0.000000 0.999795 0.642061 0.642061 0.642061
7103.364746 0.000000 2439.505615 0.000000 0.165961 0.000000 -0.986132 0.943017 0.943017 0.943017
7105.894043 0.000000 2458.268311 0.000000 0.091372 0.000000 0.995817 0.649320 0.649320 0.649320
7112.263672 0.000000 2446.472656 0.000000 0.630246 0.000000 -0.776396 0.890545 0.890545 0.890545
7110.324219 0.000000 2451.191162 0.000000 0.566330 0.000000 -0.824178 0.898676 0.898676 0.898676
7103.631836 0.000000 2452.353271 0.000000 0.910062 0.000000 -0.414472 0.843531 0.843531 0.843531
7106.758789 0.000000 2448.866455 0.000000 0.515473 0.000000 -0.856906 0.904837 0.904837 0.904837
7111.582520 0.000000 2450.384033 0.000000 0.552159 0.000000 -0.833739 0.900417 0.900417 0.900417
7109.284180 0.000000 2444.905029 0.000000 0.840204 0.000000 -0.542271 0.858379 0.858379 0.858379
7113.419922 0.000000 2447.114014 0.000000 0.998474 0.000000 0.055220 0.794372 0.794372 0.794372
7112.500488 0.000000 2449.302002 0.000000 0.449781 0.000000 -0.893139 0.912481 0.912481 0.912481
7110.947266 0.000000 2446.658203 0.000000 0.883118 0.000000 0.469150 0.750259 0.750259 0.750259
7103.850586 0.000000 2453.457275 0.000000 0.839737 0.000000 0.542993 0.741533 0.741533 0.741533
7103.898926 0.000000 2438.538330 0.000000 0.962606 0.000000 0.270905 0.772057 0.772057 0.772057
7110.947754 0.000000 2447.809570 0.000000 0.674921 0.000000 -0.737890 0.884537 0.884537 0.884537
7115.836914 0.000000 2443.083496 0.000000 0.302822 0.000000 0.953047 0.671337 0.671337 0.671337
7110.576660 0.000000 2450.232666 0.000000 0.855042 0.000000 0.518559 0.744470 0.744470 0.744470
7111.149414 0.000000 2451.716064 0.000000 0.280665 0.000000 0.959806 0.668978 0.668978 0.668978
7107.477051 0.000000 2448.235840 0.000000 0.561874 0.000000 0.827223 0.700774 0.700774 0.700774
6878.042480 0.000000 2563.174072 0.000000 0.990156 0.000000 -0.139965 0.814304 0.814304 0.814304
6869.394043 0.000000 2560.010986 0.000000 0.381922 0.000000 0.924194 0.679916 0.679916 0.679916
6878.820312 0.000000 2562.312256 0.000000 0.902627 0.000000 -0.430424 0.845324 0.845324 0.845324
6879.251953 0.000000 2563.833496 0.000000 0.857948 0.000000 -0.513736 0.854957 0.854957 0.854957
6879.269043 0.000000 2559.378418 0.000000 0.840405 0.000000 0.541959 0.741658 0.741658 0.741658
7177.608398 0.000000 2172.999756 0.000000 0.258695 0.000000 -0.965959 0.933346 0.933346 0.933346
7179.393555 0.000000 2162.620850 0.000000 0.865631 0.000000 0.500682 0.746586 0.746586 0.746586
7186.495117 0.000000 2168.578125 0.000000 0.948887 0.000000 0.315616 0.767292 0.767292 0.767292
7175.408203 0.000000 2167.080322 0.000000 0.729298 0.000000 -0.684196 0.876751 0.876751 0.876751
7184.474609 0.000000 2174.299072 0.000000 0.224697 0.000000 -0.974429 0.936916 0.936916 0.936916
7185.589844 0.000000 2161.712891 0.000000 0.150612 0.000000 0.988593 0.655400 0.655400 0.655400
7174.019043 0.000000 2167.924072 0.000000 0.043296 0.000000 0.999062 0.644412 0.644412 0.644412
7168.501953 0.000000 2169.612061 0.000000 0.282767 0.000000 0.959189 0.669201 0.669201 0.669201
7175.574707 0.000000 2162.454346 0.000000 0.775495 0.000000 -0.631353 0.869600 0.869600 0.869600
7184.333008 0.000000 2161.277832 0.000000 0.997957 0.000000 0.063884 0.793488 0.793488 0.793488
7179.455566 0.000000 2163.935791 0.000000 0.064008 0.000000 -0.997949 0.953476 0.953476 0.953476
7185.550781 0.000000 2174.919678 0.000000 0.980577 0.000000 0.196137 0.779891 0.779891 0.779891
7169.618652 0.000000 2169.200928 0.000000 0.389627 0.000000 -0.920973 0.919233 0.919233 0.919233
7176.431152 0.000000 2173.473389 0.000000 0.754662 0.000000 -0.656114 0.872896 0.872896 0.872896
7174.309082 0.000000 2166.685791 0.000000 0.825228 0.000000 -0.564800 0.861135 0.861135 0.861135
7176.465332 0.000000 2172.545898 0.000000 0.405581 0.000000 -0.914059 0.917462 0.917462 0.917462
7185.986328 0.000000 2175.535645 0.000000 0.805543 0.000000 -0.592537 0.864600 0.864600 0.864600
7192.267578 0.000000 2184.478760 0.000000 0.971471 0.000000 -0.237157 0.824389 0.824389 0.824389
7185.421875 0.000000 2177.205811 0.000000 0.954952 0.000000 -0.296761 0.830690 0.830690 0.830690
7184.518555 0.000000 2175.578857 0.000000 0.684242 0.000000 0.729255 0.716757 0.716757 0.716757
7194.723145 0.000000 2190.946533 0.000000 0.662392 0.000000 0.749157 0.713747 0.713747 0.713747
7193.276855 0.000000 2187.585938 0.000000 0.574191 0.000000 -0.818721 0.897701 0.897701 0.897701
7192.851074 0.000000 2185.428467 0.000000 0.900273 0.000000 -0.435326 0.845877 0.845877 0.845877
7197.107422 0.000000 2191.545654 0.000000 0.964207 0.000000 -0.265149 0.827335 0.827335 0.827335
7185.298340 0.000000 2176.227539 0.000000 0.700070 0.000000 0.714074 0.718991 0.718991 0.718991
7195.232910 0.000000 2191.733154 0.000000 0.454142 0.000000 -0.890929 0.911983 0.911983 0.911983
7450.433594 0.000000 2137.504883 0.000000 0.417627 0.000000 0.908619 0.683884 0.683884 0.683884
7448.661133 0.000000 2136.164307 0.000000 0.455824 0.000000 0.890070 0.688210 0.688210 0.688210
7451.477539 0.000000 2136.555908 0.000000 0.764748 0.000000 -0.644329 0.871316 0.871316 0.871316
7451.191406 0.000000 2142.355469 0.000000 0.943247 0.000000 0.332093 0.765518 0.765518 0.765518
7449.696289 0.000000 2136.728027 0.000000 0.998991 0.000000 0.044914 0.795424 0.795424 0.795424
7451.716797 0.000000 2143.218750 0.000000 0.653210 0.000000 0.757177 0.712505 0.712505 0.712505
7454.975586 0.000000 2142.125244 0.000000 0.286746 0.000000 0.958007 0.669624 0.669624 0.669624
7457.342285 0.000000 2142.417480 0.000000 0.939851 0.000000 0.341585 0.764492 0.764492 0.764492
7455.577637 0.000000 2142.811768 0.000000 0.928077 0.000000 0.372387 0.761133 0.761133 0.761133
7461.680664 0.000000 2141.375488 0.000000 0.993422 0.000000 -0.114507 0.811689 0.811689 0.811689
7461.803711 0.000000 2140.452637 0.000000 0.994880 0.000000 0.101064 0.789688 0.789688 0.789688
7452.372559 0.000000 2144.707520 0.000000 0.927459 0.000000 -0.373925 0.839036 0.839036 0.839036
7445.294434 0.000000 2150.249268 0.000000 0.149553 0.000000 -0.988754 0.944709 0.944709 0.944709
7453.972168 0.000000 2147.275635 0.000000 0.755097 0.000000 -0.655613 0.872829 0.872829 0.872829
7450.763184 0.000000 2143.501709 0.000000 0.409234 0.000000 0.912430 0.682945 0.682945 0.682945
7446.918457 0.000000 2149.557861 0.000000 0.833969 0.000000 0.551811 0.740460 0.740460 0.740460
7453.198242 0.000000 2145.744385 0.000000 0.636372 0.000000 -0.771382 0.889739 0.889739 0.889739
7451.648926 0.000000 2154.550537 0.000000 0.413185 0.000000 -0.910647 0.916613 0.916613 0.916613
7451.439941 0.000000 2145.554443 0.000000 0.426454 0.000000 0.904509 0.684876 0.684876 0.684876
7449.689941 0.000000 2144.124512 0.000000 0.160554 0.000000 0.987027 0.656425 0.656425 0.656425
7448.980469 0.000000 2145.075439 0.000000 0.257557 0.000000 -0.966263 0.933466 0.933466 0.933466
7452.973633 0.000000 2147.876465 0.000000 0.846785 0.000000 0.531935 0.742869 0.742869 0.742869
7444.505859 0.000000 2151.039551 0.000000 0.341136 0.000000 0.940014 0.675460 0.675460 0.675460
7449.469238 0.000000 2145.887695 0.000000 0.965727 0.000000 -0.259561 0.826745 0.826745 0.826745
7453.172363 0.000000 2146.674805 0.000000 0.806611 0.000000 -0.591083 0.864416 0.864416 0.864416
7458.369141 0.000000 2151.226807 0.000000 0.976575 0.000000 -0.215176 0.822090 0.822090 0.822090
7465.209961 0.000000 2146.847412 0.000000 0.863736 0.000000 0.503945 0.746202 0.746202 0.746202
7457.270996 0.000000 2143.480225 0.000000 0.014778 0.000000 -0.999891 0.958495 0.958495 0.958495
7464.333496 0.000000 2147.570068 0.000000 0.536553 0.000000 -0.843867 0.902312 0.902312 0.902312
7456.267578 0.000000 2143.581299 0.000000 0.987974 0.000000 0.154618 0.784187 0.784187 0.784187
7465.264160 0.000000 2147.803711 0.000000 0.712412 0.000000 0.701761 0.720767 0.720767 0.720767
7455.198730 0.000000 2143.479980 0.000000 0.857202 0.000000 -0.514981 0.855104 0.855104 0.855104
7458.558105 0.000000 2150.353760 0.000000 0.660296 0.000000 0.751005 0.713462 0.713462 0.713462
7185.214355 0.000000 2316.140625 0.000000 0.450560 0.000000 0.892746 0.687608 0.687608 0.687608
7183.601562 0.000000 2328.156494 0.000000 0.973603 0.000000 0.228247 0.776544 0.776544 0.776544
7183.646973 0.000000 2329.556396 0.000000 0.823482 0.000000 -0.567343 0.861449 0.861449 0.861449
7182.096191 0.000000 2328.003418 0.000000 0.133541 0.000000 -0.991043 0.946357 0.946357 0.946357
7182.813477 0.000000 2328.915039 0.000000 0.616037 0.000000 -0.787718 0.892396 0.892396 0.892396
7195.232910 0.000000 2319.701904 0.000000 0.973797 0.000000 -0.227420 0.823369 0.823369 0.823369
7191.243652 0.000000 2329.572021 0.000000 0.737448 0.000000 -0.675404 0.875530 0.875530 0.875530
7182.702637 0.000000 2329.801025 0.000000 0.800486 0.000000 -0.599351 0.865464 0.865464 0.865464
7190.078613 0.000000 2328.711914 0.000000 0.975591 0.000000 0.219594 0.777449 0.777449 0.777449
7696.742676 0.000000 2266.563232 0.000000 0.556646 0.000000 -0.830750 0.899868 0.899868 0.899868
7694.687500 0.000000 2271.299316 0.000000 0.481876 0.000000 0.876239 0.691214 0.691214 0.691214
7702.892090 0.000000 2269.140381 0.000000 0.968656 0.000000 0.248406 0.774430 0.774430 0.774430
7692.431641 0.000000 2252.097412 0.000000 0.648971 0.000000 0.760813 0.711936 0.711936 0.711936
7703.770508 0.000000 2266.402100 0.000000 0.971789 0.000000 0.235852 0.775748 0.775748 0.775748
7698.432617 0.000000 2264.554688 0.000000 0.854877 0.000000 -0.518830 0.855562 0.855562 0.855562
7700.228027 0.000000 2262.636719 0.000000 0.982097 0.000000 -0.188377 0.819303 0.819303 0.819303
7694.849609 0.000000 2266.770264 0.000000 0.980259 0.000000 0.197718 0.779727 0.779727 0.779727
7699.861816 0.000000 2264.177246 0.000000 0.695863 0.000000 0.718174 0.718393 0.718393 0.718393
7693.573730 0.000000 2253.033936 0.000000 0.999390 0.000000 -0.034925 0.803558 0.803558 0.803558
7701.310059 0.000000 2263.532959 0.000000 0.980239 0.000000 -0.197815 0.820283 0.820283 0.820283
7694.077148 0.000000 2267.831299 0.000000 0.295427 0.000000 0.955365 0.670548 0.670548 0.670548
7695.797852 0.000000 2267.632324 0.000000 0.075156 0.000000 0.997172 0.647663 0.647663 0.647663
7691.096191 0.000000 2261.174316 0.000000 0.024220 0.000000 -0.999707 0.957533 0.957533 0.957533
7697.221680 0.000000 2267.525635 0.000000 0.881818 0.000000 0.471590 0.749978 0.749978 0.749978
7695.661133 0.000000 2270.890137 0.000000 0.999392 0.000000 0.034859 0.796449 0.796449 0.796449
7702.795898 0.000000 2266.489502 0.000000 0.260516 0.000000 0.965470 0.666846 0.666846 0.666846
7695.779785 0.000000 2266.506348 0.000000 0.981394 0.000000 -0.192002 0.819679 0.819679 0.819679
7703.591797 0.000000 2268.403076 0.000000 0.623074 0.000000 -0.782163 0.891483 0.891483 0.891483
7701.908691 0.000000 2262.820557 0.000000 0.261580 0.000000 0.965182 0.666958 0.666958 0.666958
7708.341309 0.000000 2272.676270 0.000000 0.438315 0.000000 0.898821 0.686216 0.686216 0.686216
7704.293457 0.000000 2274.056885 0.000000 0.135019 0.000000 0.990843 0.653795 0.653795 0.653795
7699.117188 0.000000 2272.984375 0.000000 0.585636 0.000000 0.810574 0.703730 0.703730 0.703730
7696.252930 0.000000 2274.479980 0.000000 0.038960 0.000000 0.999241 0.643969 0.643969 0.643969
7704.183105 0.000000 2275.117432 0.000000 0.427610 0.000000 0.903963 0.685006 0.685006 0.685006
7698.241211 0.000000 2272.469238 0.000000 0.313042 0.000000 -0.949739 0.927569 0.927569 0.927569
7705.771973 0.000000 2275.682129 0.000000 0.845427 0.000000 -0.534091 0.857391 0.857391 0.857391
7696.267578 0.000000 2275.421875 0.000000 0.797815 0.000000 0.602903 0.734083 0.734083 0.734083
7695.539062 0.000000 2392.140869 0.000000 0.231683 0.000000 0.972791 0.663815 0.663815 0.663815
7693.012695 0.000000 2396.471924 0.000000 0.247675 0.000000 0.968843 0.665493 0.665493 0.665493
7691.541504 0.000000 2394.543945 0.000000 0.139943 0.000000 0.990160 0.654301 0.654301 0.654301
7695.584473 0.000000 2393.540771 0.000000 0.117007 0.000000 0.993131 0.651946 0.651946 0.651946
7698.688477 0.000000 2387.318115 0.000000 0.768408 0.000000 -0.639960 0.870736 0.870736 0.870736
7701.940430 0.000000 2397.918945 0.000000 0.687822 0.000000 -0.725880 0.882741 0.882741 0.882741
7694.033691 0.000000 2391.987793 0.000000 0.791956 0.000000 0.610579 0.733100 0.733100 0.733100
7695.649414 0.000000 2390.851562 0.000000 0.865501 0.000000 0.500907 0.746560 0.746560 0.746560
7684.210938 0.000000 2389.707031 0.000000 0.840927 0.000000 0.541149 0.741757 0.741757 0.741757
7700.836914 0.000000 2401.122314 0.000000 0.533600 0.000000 -0.845737 0.902668 0.902668 0.902668
7701.487305 0.000000 2402.090820 0.000000 0.539590 0.000000 0.841928 0.698055 0.698055 0.698055
7692.495117 0.000000 2403.085693 0.000000 0.240757 0.000000 -0.970585 0.935233 0.935233 0.935233
7693.358398 0.000000 2399.452148 0.000000 0.337484 0.000000 0.941331 0.675064 0.675064 0.675064
7693.267090 0.000000 2403.555664 0.000000 0.151027 0.000000 -0.988530 0.944557 0.944557 0.944557
7804.442383 0.000000 2523.234131 0.000000 0.621215 0.000000 -0.783640 0.891725 0.891725 0.891725
7801.273438 0.000000 2511.201416 0.000000 0.425736 0.000000 0.904848 0.684795 0.684795 0.684795
7800.618164 0.000000 2520.070557 0.000000 0.963062 0.000000 -0.269280 0.827771 0.827771 0.827771
7803.091309 0.000000 2517.006348 0.000000 0.997625 0.000000 -0.068874 0.807021 0.807021 0.807021
7801.722656 0.000000 2516.233154 0.000000 0.840029 0.000000 -0.542541 0.858412 0.858412 0.858412
7804.868164 0.000000 2515.398193 0.000000 0.917777 0.000000 0.397095 0.758406 0.758406 0.758406
7806.493652 0.000000 2515.525391 0.000000 0.814860 0.000000 0.579657 0.737020 0.737020 0.737020
7800.849609 0.000000 2521.450439 0.000000 0.220105 0.000000 -0.975476 0.937395 0.937395 0.937395
7803.434570 0.000000 2520.462158 0.000000 0.768121 0.000000 0.640305 0.729219 0.729219 0.729219
7803.944824 0.000000 2516.164551 0.000000 0.019225 0.000000 0.999815 0.641958 0.641958 0.641958
7805.162109 0.000000 2522.535889 0.000000 0.707443 0.000000 -0.706770 0.879951 0.879951 0.879951
7804.946289 0.000000 2514.487305 0.000000 0.007506 0.000000 -0.999972 0.959235 0.959235 0.959235
7806.025391 0.000000 2518.947021 0.000000 0.136831 0.000000 -0.990594 0.946019 0.946019 0.946019
7800.316895 0.000000 2511.142578 0.000000 0.552828 0.000000 -0.833295 0.900336 0.900336 0.900336
7812.462891 0.000000 2510.012939 0.000000 0.907606 0.000000 -0.419822 0.844130 0.844130 0.844130
7807.354492 0.000000 2514.448730 0.000000 0.449794 0.000000 0.893132 0.687521 0.687521 0.687521
7812.334473 0.000000 2520.139648 0.000000 0.696600 0.000000 -0.717459 0.881502 0.881502 0.881502
7817.881348 0.000000 2508.438965 0.000000 0.931708 0.000000 0.363209 0.762138 0.762138 0.762138
7809.816895 0.000000 2514.195068 0.000000 0.765765 0.000000 0.643121 0.728845 0.728845 0.728845
7808.406738 0.000000 2518.960205 0.000000 0.290821 0.000000 0.956778 0.670057 0.670057 0.670057
7817.478516 0.000000 2509.846436 0.000000 0.107957 0.000000 -0.994156 0.948982 0.948982 0.948982
7816.051270 0.000000 2509.026855 0.000000 0.382061 0.000000 -0.924137 0.920069 0.920069 0.920069
7815.220703 0.000000 2520.393555 0.000000 0.982777 0.000000 0.184796 0.781068 0.781068 0.781068
7808.675781 0.000000 2508.510010 0.000000 0.995081 0.000000 -0.099063 0.810107 0.810107 0.810107
7812.877930 0.000000 2521.330811 0.000000 0.513583 0.000000 -0.858040 0.905062 0.905062 0.905062
7809.826172 0.000000 2518.599854 0.000000 0.398338 0.000000 -0.917239 0.918268 0.918268 0.918268
7808.955566 0.000000 2523.158691 0.000000 0.914204 0.000000 -0.405255 0.842501 0.842501 0.842501
7816.353027 0.000000 2525.387451 0.000000 0.420725 0.000000 -0.907188 0.915768 0.915768 0.915768
7813.574219 0.000000 2510.235107 0.000000 0.996170 0.000000 0.087437 0.791082 0.791082 0.791082
7817.786621 0.000000 2525.979736 0.000000 0.053032 0.000000 -0.998593 0.954596 0.954596 0.954596
7815.461914 0.000000 2521.444336 0.000000 0.701959 0.000000 0.712218 0.719261 0.719261 0.719261
7807.395996 0.000000 2519.384521 0.000000 0.979208 0.000000 0.202857 0.779193 0.779193 0.779193
7808.437988 0.000000 2514.288086 0.000000 0.150107 0.000000 -0.988670 0.944652 0.944652 0.944652
7807.115723 0.000000 2515.435303 0.000000 0.282264 0.000000 0.959337 0.669147 0.669147 0.669147
7809.609863 0.000000 2515.129395 0.000000 0.543706 0.000000 0.839276 0.698553 0.698553 0.698553
7809.612793 0.000000 2509.597412 0.000000 0.270743 0.000000 -0.962652 0.932074 0.932074 0.932074
7821.923340 0.000000 2526.672852 0.000000 0.941335 0.000000 -0.337474 0.835063 0.835063 0.835063
7813.226562 0.000000 2520.488525 0.000000 0.101531 0.000000 -0.994832 0.949640 0.949640 0.949640
7817.166992 0.000000 2530.753662 0.000000 0.865133 0.000000 0.501542 0.746485 0.746485 0.746485
7818.847168 0.000000 2529.096680 0.000000 0.996662 0.000000 0.081642 0.791675 0.791675 0.791675
7811.208496 0.000000 2533.664551 0.000000 0.998370 0.000000 0.057077 0.794183 0.794183 0.794183
7811.770996 0.000000 2532.569580 0.000000 0.941898 0.000000 0.335898 0.765107 0.765107 0.765107
7816.290527 0.000000 2531.476318 0.000000 0.520457 0.000000 0.853888 0.695756 0.695756 0.695756
7819.807617 0.000000 2528.565430 0.000000 0.966358 0.000000 -0.257202 0.826496 0.826496 0.826496
7821.342773 0.000000 2527.420898 0.000000 0.913839 0.000000 -0.406076 0.842593 0.842593 0.842593
6205.829590 0.000000 3150.513672 0.000000 0.921675 0.000000 -0.387963 0.840583 0.840583 0.840583
6200.997559 0.000000 3154.800781 0.000000 0.169794 0.000000 -0.985480 0.942621 0.942621 0.942621
6193.098145 0.000000 3160.745117 0.000000 0.931396 0.000000 0.364007 0.762051 0.762051 0.762051
6202.844238 0.000000 3150.712158 0.000000 0.764967 0.000000 -0.644070 0.871282 0.871282 0.871282
6194.872070 0.000000 3155.130615 0.000000 0.301517 0.000000 -0.953461 0.928802 0.928802 0.928802
6184.552246 0.000000 3165.231201 0.000000 0.988422 0.000000 0.151729 0.784485 0.784485 0.784485
6194.142578 0.000000 3154.397461 0.000000 0.626532 0.000000 -0.779396 0.891032 0.891032 0.891032
6200.408203 0.000000 3155.595947 0.000000 0.641108 0.000000 0.767451 0.710888 0.710888 0.710888
6197.250000 0.000000 3163.177002 0.000000 0.790863 0.000000 -0.611993 0.867082 0.867082 0.867082
6184.586426 0.000000 3164.303711 0.000000 0.989061 0.000000 -0.147506 0.815080 0.815080 0.815080
6193.422852 0.000000 3161.589600 0.000000 0.961031 0.000000 0.276439 0.771471 0.771471 0.771471
6203.395020 0.000000 3184.474854 0.000000 0.535097 0.000000 -0.844790 0.902488 0.902488 0.902488
6204.524902 0.000000 3168.457520 0.000000 0.720848 0.000000 0.693093 0.721999 0.721999 0.721999
6197.446777 0.000000 3173.999268 0.000000 0.778706 0.000000 -0.627388 0.869080 0.869080 0.869080
6191.607910 0.000000 3171.561035 0.000000 0.073059 0.000000 -0.997328 0.952552 0.952552 0.952552
6197.761230 0.000000 3186.138428 0.000000 0.953534 0.000000 0.301284 0.768827 0.768827 0.768827
6200.477051 0.000000 3169.838135 0.000000 0.941425 0.000000 -0.337222 0.835036 0.835036 0.835036
6196.962402 0.000000 3175.916992 0.000000 0.432866 0.000000 -0.901458 0.914401 0.914401 0.914401
6186.176270 0.000000 3172.184326 0.000000 0.293520 0.000000 0.955953 0.670345 0.670345 0.670345
6183.970215 0.000000 3175.134033 0.000000 0.992362 0.000000 0.123360 0.787403 0.787403 0.787403
6196.549316 0.000000 3186.897217 0.000000 0.109219 0.000000 -0.994018 0.948853 0.948853 0.948853
6186.244141 0.000000 3192.112793 0.000000 0.964590 0.000000 0.263754 0.772813 0.772813 0.772813
6190.973145 0.000000 3170.304932 0.000000 0.867170 0.000000 0.498012 0.746900 0.746900 0.746900
6194.361816 0.000000 3177.658447 0.000000 0.830023 0.000000 -0.557729 0.860265 0.860265 0.860265
6203.461426 0.000000 3173.132568 0.000000 0.378658 0.000000 0.925537 0.679557 0.679557 0.679557
6202.996094 0.000000 3177.176270 0.000000 0.964776 0.000000 0.263072 0.772885 0.772885 0.772885
6202.471191 0.000000 3172.343750 0.000000 0.991847 0.000000 0.127436 0.786984 0.786984 0.786984
6187.295898 0.000000 3172.287598 0.000000 0.994917 0.000000 -0.100694 0.810274 0.810274 0.810274
6197.228027 0.000000 3172.929199 0.000000 0.603204 0.000000 0.797587 0.705955 0.705955 0.705955
6203.342285 0.000000 3185.836426 0.000000 0.591707 0.000000 0.806153 0.704495 0.704495 0.704495
6186.787109 0.000000 3193.822754 0.000000 0.733195 0.000000 -0.680018 0.876169 0.876169 0.876169
6186.589844 0.000000 3173.111084 0.000000 0.996434 0.000000 0.084379 0.791395 0.791395 0.791395
6187.037109 0.000000 3195.018555 0.000000 0.991571 0.000000 -0.129563 0.813234 0.813234 0.813234
6203.354004 0.000000 3183.490967 0.000000 0.872163 0.000000 -0.489215 0.852069 0.852069 0.852069
6213.421875 0.000000 3160.332275 0.000000 0.963701 0.000000 0.266982 0.772472 0.772472 0.772472
6208.804688 0.000000 3173.447754 0.000000 0.545901 0.000000 0.837850 0.698820 0.698820 0.698820
6208.954102 0.000000 3181.916260 0.000000 0.531818 0.000000 -0.846859 0.902883 0.902883 0.902883
6207.534668 0.000000 3170.069336 0.000000 0.401239 0.000000 -0.915974 0.917946 0.917946 0.917946
6208.220703 0.000000 3172.475586 0.000000 0.858591 0.000000 0.512662 0.745171 0.745171 0.745171
6737.605469 0.000000 3262.654053 0.000000 0.837251 0.000000 -0.546818 0.858932 0.858932 0.858932
6715.332520 0.000000 3280.451416 0.000000 0.536679 0.000000 -0.843786 0.902297 0.902297 0.902297
6710.059570 0.000000 3284.267822 0.000000 0.997376 0.000000 -0.072399 0.807381 0.807381 0.807381
6706.024902 0.000000 3285.619141 0.000000 0.988090 0.000000 0.153880 0.784263 0.784263 0.784263
6712.750977 0.000000 3287.883057 0.000000 0.998157 0.000000 -0.060678 0.806184 0.806184 0.806184
6707.659668 0.000000 3284.033203 0.000000 0.112739 0.000000 0.993625 0.651508 0.651508 0.651508
6706.950195 0.000000 3286.867920 0.000000 0.129179 0.000000 0.991621 0.653195 0.653195 0.653195
6712.982422 0.000000 3289.262939 0.000000 0.401099 0.000000 0.916035 0.682039 0.682039 0.682039
6709.939941 0.000000 3280.840332 0.000000 0.282581 0.000000 0.959243 0.669181 0.669181 0.669181
6706.398926 0.000000 3284.343750 0.000000 0.422917 0.000000 0.906168 0.684478 0.684478 0.684478
6714.160156 0.000000 3280.006592 0.000000 0.867843 0.000000 0.496838 0.747038 0.747038 0.747038
6718.754395 0.000000 3288.892822 0.000000 0.997307 0.000000 -0.073345 0.807478 0.807478 0.807478
6700.548340 0.000000 3283.104248 0.000000 0.681877 0.000000 0.731467 0.716428 0.716428 0.716428
6713.000977 0.000000 3286.778564 0.000000 0.445687 0.000000 0.895189 0.687053 0.687053 0.687053
6713.786133 0.000000 3288.446777 0.000000 0.960965 0.000000 0.276671 0.771446 0.771446 0.771446
6715.279785 0.000000 3281.812988 0.000000 0.971067 0.000000 -0.238808 0.824562 0.824562 0.824562
6712.015137 0.000000 3288.765869 0.000000 0.810497 0.000000 0.585742 0.736257 0.736257 0.736257
6678.452148 0.000000 3298.609375 0.000000 0.518743 0.000000 0.854930 0.695552 0.695552 0.695552
6702.638672 0.000000 3295.240723 0.000000 0.740699 0.000000 -0.671836 0.875038 0.875038 0.875038
6727.356445 0.000000 3280.604248 0.000000 0.977463 0.000000 -0.211108 0.821666 0.821666 0.821666
6736.086426 0.000000 3269.510010 0.000000 0.895134 0.000000 0.445797 0.752934 0.752934 0.752934
6739.234375 0.000000 3264.742188 0.000000 0.754832 0.000000 -0.655918 0.872870 0.872870 0.872870
6737.179688 0.000000 3267.627197 0.000000 0.961962 0.000000 -0.273182 0.828184 0.828184 0.828184
6740.848633 0.000000 3276.728271 0.000000 0.860908 0.000000 -0.508760 0.854367 0.854367 0.854367
6726.693848 0.000000 3272.668945 0.000000 0.878606 0.000000 -0.477547 0.850712 0.850712 0.850712
6745.331543 0.000000 3275.320312 0.000000 0.999916 0.000000 0.012958 0.798680 0.798680 0.798680
6741.106445 0.000000 3277.964355 0.000000 0.616166 0.000000 -0.787616 0.892379 0.892379 0.892379
6719.212891 0.000000 3289.576660 0.000000 0.625111 0.000000 -0.780536 0.891217 0.891217 0.891217
6744.101074 0.000000 3275.360840 0.000000 0.509302 0.000000 0.860588 0.694431 0.694431 0.694431
6736.317383 0.000000 3268.380859 0.000000 0.519172 0.000000 0.854670 0.695603 0.695603 0.695603
6737.161133 0.000000 3269.299805 0.000000 0.851519 0.000000 -0.524324 0.856218 0.856218 0.856218
6734.938965 0.000000 3274.872559 0.000000 0.931223 0.000000 -0.364449 0.837998 0.837998 0.837998
6734.167480 0.000000 3275.930908 0.000000 0.556934 0.000000 -0.830557 0.899833 0.899833 0.899833
6727.463379 0.000000 3272.046387 0.000000 0.321332 0.000000 0.946967 0.673322 0.673322 0.673322
6737.353027 0.000000 3263.961914 0.000000 0.851793 0.000000 -0.523878 0.856165 0.856165 0.856165
6735.983887 0.000000 3274.065186 0.000000 0.393376 0.000000 0.919378 0.681182 0.681182 0.681182
6736.384766 0.000000 3267.179688 0.000000 0.930484 0.000000 -0.366333 0.838204 0.838204 0.838204
"}
object={
	name="mushroom_purple_generator_1_2"
	clamp_to_water_level=no
	render_under_water=no
	generated_content=yes
	layer="tree_layer"
	pdxmesh="Shroom_3_mesh"
	count=63
	transform="6996.799805 0.000000 830.691223 0.000000 0.968793 0.000000 -0.247871 0.825514 0.825514 0.825514
7023.316406 0.000000 848.742126 0.000000 0.787922 0.000000 0.615776 0.732430 0.732430 0.732430
7068.801270 0.000000 877.532715 0.000000 0.896938 0.000000 -0.442156 0.846652 0.846652 0.846652
6376.682617 0.000000 1369.231689 0.000000 0.052228 0.000000 0.998635 0.645322 0.645322 0.645322
6374.557129 0.000000 1371.972290 0.000000 0.613661 0.000000 0.789570 0.707297 0.707297 0.707297
6383.267578 0.000000 1365.573608 0.000000 0.438051 0.000000 0.898950 0.686186 0.686186 0.686186
6397.994629 0.000000 1362.373047 0.000000 0.568358 0.000000 0.822781 0.701575 0.701575 0.701575
6380.690430 0.000000 1358.342773 0.000000 0.978747 0.000000 0.205069 0.778963 0.778963 0.778963
6394.392090 0.000000 1367.947021 0.000000 0.787783 0.000000 0.615953 0.732407 0.732407 0.732407
6389.759277 0.000000 1366.174561 0.000000 0.988301 0.000000 -0.152514 0.815596 0.815596 0.815596
6373.101562 0.000000 1381.447388 0.000000 0.396058 0.000000 -0.918225 0.918521 0.918521 0.918521
6377.087402 0.000000 1394.790894 0.000000 0.530844 0.000000 -0.847469 0.903000 0.903000 0.903000
6393.915039 0.000000 1386.155518 0.000000 0.344780 0.000000 -0.938684 0.924145 0.924145 0.924145
6391.930664 0.000000 1434.605225 0.000000 0.484752 0.000000 0.874651 0.691549 0.691549 0.691549
6398.665527 0.000000 1427.791016 0.000000 0.047841 0.000000 -0.998855 0.955125 0.955125 0.955125
6403.607910 0.000000 1373.384155 0.000000 0.898112 0.000000 0.439766 0.753620 0.753620 0.753620
6418.447754 0.000000 1374.228271 0.000000 0.348923 0.000000 0.937151 0.676305 0.676305 0.676305
6407.501953 0.000000 1367.275635 0.000000 0.102972 0.000000 -0.994684 0.949493 0.949493 0.949493
6400.595703 0.000000 1369.807251 0.000000 0.920282 0.000000 -0.391255 0.840947 0.840947 0.840947
6422.714355 0.000000 1385.367188 0.000000 0.724995 0.000000 0.688754 0.722611 0.722611 0.722611
6421.932617 0.000000 1380.522949 0.000000 0.850596 0.000000 -0.525820 0.856397 0.856397 0.856397
6406.132324 0.000000 1388.074341 0.000000 0.344741 0.000000 -0.938698 0.924149 0.924149 0.924149
6399.310547 0.000000 1412.114868 0.000000 0.988275 0.000000 -0.152686 0.815614 0.815614 0.815614
6401.979980 0.000000 1434.518311 0.000000 0.484069 0.000000 -0.875030 0.908531 0.908531 0.908531
6410.493652 0.000000 1430.791748 0.000000 0.530428 0.000000 -0.847730 0.903050 0.903050 0.903050
6433.265137 0.000000 1419.479370 0.000000 0.686855 0.000000 0.726794 0.717123 0.717123 0.717123
6635.204590 0.000000 1575.620239 0.000000 0.147211 0.000000 0.989105 0.655050 0.655050 0.655050
6635.754395 0.000000 1574.727417 0.000000 0.896759 0.000000 -0.442520 0.846693 0.846693 0.846693
6650.140137 0.000000 1608.673828 0.000000 0.987975 0.000000 -0.154615 0.815812 0.815812 0.815812
6698.852539 0.000000 1675.144409 0.000000 0.396602 0.000000 -0.917991 0.918461 0.918461 0.918461
6705.183594 0.000000 1668.017700 0.000000 0.998626 0.000000 0.052395 0.794661 0.794661 0.794661
6787.333496 0.000000 1861.828491 0.000000 0.568597 0.000000 0.822616 0.701604 0.701604 0.701604
7311.631348 0.000000 1913.657837 0.000000 0.529706 0.000000 -0.848181 0.903137 0.903137 0.903137
7301.289062 0.000000 1912.637085 0.000000 0.788972 0.000000 0.614429 0.732604 0.732604 0.732604
7288.930664 0.000000 1943.106689 0.000000 0.896950 0.000000 -0.442131 0.846649 0.846649 0.846649
7300.091309 0.000000 1923.536987 0.000000 0.687055 0.000000 0.726605 0.717151 0.717151 0.717151
6097.966797 0.000000 2396.962158 0.000000 0.048369 0.000000 -0.998830 0.955071 0.955071 0.955071
6093.462402 0.000000 2403.555664 0.000000 0.147718 0.000000 0.989029 0.655102 0.655102 0.655102
6116.594727 0.000000 2399.637451 0.000000 0.104173 0.000000 -0.994559 0.949370 0.949370 0.949370
5873.729980 0.000000 3117.063965 0.000000 0.849245 0.000000 -0.527998 0.856658 0.856658 0.856658
5896.334961 0.000000 3158.220459 0.000000 0.953190 0.000000 -0.302372 0.831289 0.831289 0.831289
6006.782227 0.000000 3406.292969 0.000000 0.998579 0.000000 0.053297 0.794569 0.794569 0.794569
6005.203613 0.000000 3407.120361 0.000000 0.198603 0.000000 -0.980080 0.939635 0.939635 0.939635
6034.480957 0.000000 3444.304688 0.000000 0.347247 0.000000 0.937774 0.676123 0.676123 0.676123
6040.612305 0.000000 3455.611084 0.000000 0.988326 0.000000 -0.152355 0.815579 0.815579 0.815579
6280.478027 0.000000 2499.484131 0.000000 0.147517 0.000000 0.989060 0.655081 0.655081 0.655081
6811.464844 0.000000 2099.266113 0.000000 0.872393 0.000000 0.488805 0.747979 0.747979 0.747979
6847.881836 0.000000 2101.543213 0.000000 0.953891 0.000000 -0.300152 0.831052 0.831052 0.831052
6832.517578 0.000000 2174.299072 0.000000 0.146024 0.000000 0.989281 0.654927 0.654927 0.654927
7055.947754 0.000000 2196.029053 0.000000 0.687056 0.000000 0.726605 0.717151 0.717151 0.717151
7151.650879 0.000000 2201.587646 0.000000 0.954599 0.000000 0.297895 0.769189 0.769189 0.769189
7085.081055 0.000000 2430.902100 0.000000 0.722611 0.000000 -0.691255 0.877741 0.877741 0.877741
7084.359863 0.000000 2431.558105 0.000000 0.486062 0.000000 0.873924 0.691701 0.691701 0.691701
7174.316406 0.000000 2163.261475 0.000000 0.873152 0.000000 0.487449 0.748137 0.748137 0.748137
7454.520020 0.000000 2143.004883 0.000000 0.567527 0.000000 0.823355 0.701472 0.701472 0.701472
7703.640137 0.000000 2272.945557 0.000000 0.612342 0.000000 0.790593 0.707127 0.707127 0.707127
7698.604980 0.000000 2273.817871 0.000000 0.953686 0.000000 -0.300803 0.831122 0.831122 0.831122
7697.005371 0.000000 2391.332520 0.000000 0.725107 0.000000 0.688636 0.722627 0.722627 0.722627
7694.503418 0.000000 2390.911377 0.000000 0.937042 0.000000 0.349217 0.763663 0.763663 0.763663
7701.359863 0.000000 2396.821045 0.000000 0.483457 0.000000 -0.875368 0.908602 0.908602 0.908602
7811.196777 0.000000 2511.291016 0.000000 0.529728 0.000000 -0.848168 0.903134 0.903134 0.903134
6196.658203 0.000000 3174.789551 0.000000 0.897855 0.000000 0.440292 0.753560 0.753560 0.753560
6213.073242 0.000000 3161.174561 0.000000 0.051722 0.000000 0.998662 0.645271 0.645271 0.645271
"}
object={
	name="mushroom_purple_generator_1_3"
	clamp_to_water_level=no
	render_under_water=no
	generated_content=yes
	layer="tree_layer"
	pdxmesh="Shroom_4_mesh"
	count=69
	transform="7029.416504 0.000000 841.554626 0.000000 0.873744 0.000000 0.486386 0.748261 0.748261 0.748261
7035.359863 0.000000 837.702881 0.000000 0.955846 0.000000 0.293867 0.769618 0.769618 0.769618
7036.643066 0.000000 842.453857 0.000000 0.823622 0.000000 0.567139 0.738576 0.738576 0.738576
7517.342285 0.000000 844.468445 0.000000 0.150681 0.000000 0.988582 0.655407 0.655407 0.655407
6346.852539 0.000000 1359.041260 0.000000 0.817930 0.000000 -0.575318 0.862439 0.862439 0.862439
6348.632812 0.000000 1365.046875 0.000000 0.817590 0.000000 -0.575800 0.862499 0.862499 0.862499
6366.406738 0.000000 1370.772705 0.000000 0.651269 0.000000 -0.758847 0.887756 0.887756 0.887756
6389.261719 0.000000 1369.168213 0.000000 0.650970 0.000000 -0.759103 0.887796 0.887796 0.887796
6375.313477 0.000000 1347.910400 0.000000 0.299412 0.000000 0.954124 0.670973 0.670973 0.670973
6391.930664 0.000000 1370.620850 0.000000 0.823607 0.000000 0.567162 0.738573 0.738573 0.738573
6392.632812 0.000000 1372.977295 0.000000 0.952362 0.000000 -0.304971 0.831567 0.831567 0.831567
6368.843262 0.000000 1363.540894 0.000000 0.967790 0.000000 -0.251757 0.825923 0.825923 0.825923
6361.303711 0.000000 1380.538208 0.000000 0.789773 0.000000 0.613399 0.732737 0.732737 0.732737
6358.489746 0.000000 1383.697021 0.000000 0.099679 0.000000 -0.995020 0.949830 0.949830 0.949830
6376.314941 0.000000 1397.195679 0.000000 0.488010 0.000000 0.872838 0.691929 0.691929 0.691929
6395.803711 0.000000 1431.271729 0.000000 0.607868 0.000000 -0.794038 0.893448 0.893448 0.893448
6396.148926 0.000000 1417.431274 0.000000 0.979402 0.000000 0.201921 0.779290 0.779290 0.779290
6407.395508 0.000000 1361.072998 0.000000 0.874241 0.000000 0.485493 0.748365 0.748365 0.748365
6406.560059 0.000000 1389.706543 0.000000 0.994898 0.000000 -0.100890 0.810294 0.810294 0.810294
6411.354980 0.000000 1433.398804 0.000000 0.481619 0.000000 -0.876381 0.908816 0.908816 0.908816
6422.565918 0.000000 1409.461914 0.000000 0.979376 0.000000 0.202045 0.779277 0.779277 0.779277
6409.338867 0.000000 1411.027222 0.000000 0.987615 0.000000 -0.156896 0.816048 0.816048 0.816048
6409.453613 0.000000 1424.634399 0.000000 0.250943 0.000000 -0.968002 0.934163 0.934163 0.934163
6401.243652 0.000000 1416.966064 0.000000 0.045198 0.000000 -0.998978 0.955395 0.955395 0.955395
6407.299316 0.000000 1414.047607 0.000000 0.149624 0.000000 0.988743 0.655298 0.655298 0.655298
6424.043457 0.000000 1428.974854 0.000000 0.919145 0.000000 -0.393918 0.841242 0.841242 0.841242
6422.028809 0.000000 1434.948608 0.000000 0.790788 0.000000 0.612090 0.732905 0.732905 0.732905
6419.101562 0.000000 1423.964478 0.000000 0.614214 0.000000 0.789139 0.707369 0.707369 0.707369
6431.565430 0.000000 1421.140137 0.000000 0.952992 0.000000 -0.302995 0.831356 0.831356 0.831356
6456.942383 0.000000 1421.074341 0.000000 0.899224 0.000000 0.437488 0.753878 0.753878 0.753878
6445.163086 0.000000 1435.217041 0.000000 0.569681 0.000000 0.821866 0.701739 0.701739 0.701739
6428.497559 0.000000 1440.879395 0.000000 0.489495 0.000000 0.872006 0.692102 0.692102 0.692102
6426.785156 0.000000 1443.618408 0.000000 0.479255 0.000000 -0.877676 0.909090 0.909090 0.909090
6437.675781 0.000000 1439.945190 0.000000 0.529404 0.000000 -0.848370 0.903173 0.903173 0.903173
6646.456055 0.000000 1603.023438 0.000000 0.894924 0.000000 -0.446220 0.847114 0.847114 0.847114
6608.278809 0.000000 1996.833618 0.000000 0.688204 0.000000 0.725517 0.717312 0.717312 0.717312
6637.139648 0.000000 2043.068604 0.000000 0.487365 0.000000 0.873198 0.691853 0.691853 0.691853
6716.159180 0.000000 1711.351685 0.000000 0.849069 0.000000 -0.528283 0.856692 0.856692 0.856692
6793.332031 0.000000 1825.148315 0.000000 0.615775 0.000000 0.787922 0.707570 0.707570 0.707570
6803.551758 0.000000 1854.697876 0.000000 0.204924 0.000000 0.978778 0.661022 0.661022 0.661022
7294.237305 0.000000 1932.886108 0.000000 0.899454 0.000000 0.437015 0.753931 0.753931 0.753931
6126.831543 0.000000 2393.785400 0.000000 0.900107 0.000000 0.435668 0.754084 0.754084 0.754084
6100.748047 0.000000 2402.717773 0.000000 0.392604 0.000000 -0.919708 0.918904 0.918904 0.918904
6073.484375 0.000000 2575.185791 0.000000 0.055376 0.000000 0.998466 0.645643 0.645643 0.645643
6061.017578 0.000000 2571.074463 0.000000 0.790983 0.000000 0.611839 0.732938 0.732938 0.732938
5886.598633 0.000000 3111.369385 0.000000 0.720435 0.000000 -0.693522 0.878061 0.878061 0.878061
5886.728027 0.000000 3155.369141 0.000000 0.967836 0.000000 -0.251583 0.825904 0.825904 0.825904
5896.297363 0.000000 3155.422607 0.000000 0.651201 0.000000 -0.758905 0.887765 0.887765 0.887765
5976.683594 0.000000 3420.477295 0.000000 0.955359 0.000000 0.295446 0.769450 0.769450 0.769450
5977.407227 0.000000 3421.301514 0.000000 0.487842 0.000000 0.872932 0.691909 0.691909 0.691909
6027.596191 0.000000 3411.631104 0.000000 0.527757 0.000000 -0.849396 0.903371 0.903371 0.903371
6293.990723 0.000000 2481.035645 0.000000 0.350551 0.000000 0.936544 0.676482 0.676482 0.676482
6861.841797 0.000000 2105.189209 0.000000 0.721443 0.000000 -0.692474 0.877913 0.877913 0.877913
6841.515625 0.000000 2166.057373 0.000000 0.527266 0.000000 -0.849700 0.903429 0.903429 0.903429
6882.259277 0.000000 2123.117188 0.000000 0.968290 0.000000 -0.249828 0.825720 0.825720 0.825720
6834.346680 0.000000 2176.492676 0.000000 0.099507 0.000000 -0.995037 0.949848 0.949848 0.949848
6861.691406 0.000000 2537.707031 0.000000 0.101009 0.000000 -0.994886 0.949694 0.949694 0.949694
7091.243164 0.000000 2438.671875 0.000000 0.998657 0.000000 0.051800 0.794721 0.794721 0.794721
7091.274902 0.000000 2435.400635 0.000000 0.053326 0.000000 0.998577 0.645434 0.645434 0.645434
7090.264648 0.000000 2435.913330 0.000000 0.249358 0.000000 -0.968411 0.934330 0.934330 0.934330
7114.087891 0.000000 2442.202148 0.000000 0.727940 0.000000 0.685641 0.723047 0.723047 0.723047
6878.096680 0.000000 2559.389893 0.000000 0.248425 0.000000 -0.968651 0.934428 0.934428 0.934428
7185.823730 0.000000 2160.733154 0.000000 0.998666 0.000000 0.051642 0.794738 0.794738 0.794738
7184.587891 0.000000 2177.586182 0.000000 0.196507 0.000000 -0.980502 0.939853 0.939853 0.939853
7800.934082 0.000000 2517.005371 0.000000 0.650997 0.000000 -0.759080 0.887792 0.887792 0.887792
6196.045410 0.000000 3159.958496 0.000000 0.488221 0.000000 0.872720 0.691953 0.691953 0.691953
6185.985840 0.000000 3165.823486 0.000000 0.607783 0.000000 -0.794103 0.893459 0.893459 0.893459
6194.918457 0.000000 3176.594971 0.000000 0.874128 0.000000 0.485696 0.748341 0.748341 0.748341
6208.871094 0.000000 3180.345947 0.000000 0.952689 0.000000 -0.303945 0.831457 0.831457 0.831457
"}
