object={
	name="rock_red_generator_1_0"
	clamp_to_water_level=no
	render_under_water=no
	generated_content=yes
	layer="rock_layer"
	pdxmesh="rock_Lshape_red_mesh"
	count=1016
	transform="1683.874146 0.000000 1458.396362 0.000000 0.660923 0.000000 0.750453 0.388332 0.388332 0.388332
1699.523193 0.000000 1450.366577 0.000000 0.035989 0.000000 -0.999352 0.700781 0.700781 0.700781
1693.156006 0.000000 1478.068481 0.000000 0.659992 0.000000 0.751272 0.388805 0.388805 0.388805
1688.843506 0.000000 1485.544678 0.000000 0.564094 0.000000 0.825711 0.371702 0.371702 0.371702
1696.143066 0.000000 1485.124512 0.000000 0.999193 0.000000 0.040163 0.494614 0.494614 0.494614
1740.679688 0.000000 1483.906250 0.000000 0.963357 0.000000 -0.268224 0.535863 0.535863 0.535863
1768.877319 0.000000 1493.172241 0.000000 0.723117 0.000000 -0.690726 0.598797 0.598797 0.598797
1734.249512 0.000000 1503.929565 0.000000 0.572772 0.000000 0.819715 0.374774 0.374774 0.374774
1734.154663 0.000000 1515.023193 0.000000 0.875124 0.000000 -0.483899 0.567338 0.567338 0.567338
1783.280273 0.000000 1513.335938 0.000000 0.369711 0.000000 -0.929147 0.652676 0.652676 0.652676
1776.251221 0.000000 1522.529053 0.000000 0.968427 0.000000 0.249297 0.467165 0.467165 0.467165
1904.235596 0.000000 1330.575928 0.000000 0.254463 0.000000 -0.967083 0.669208 0.669208 0.669208
1915.918213 0.000000 1360.920044 0.000000 1.000000 0.000000 0.000061 0.499992 0.499992 0.499992
1973.625488 0.000000 1305.403687 0.000000 0.516495 0.000000 -0.856290 0.636028 0.636028 0.636028
1919.990601 0.000000 1368.772095 0.000000 0.160395 0.000000 -0.987053 0.680193 0.680193 0.680193
1949.679565 0.000000 1365.289429 0.000000 0.616836 0.000000 0.787092 0.381015 0.381015 0.381015
1951.986694 0.000000 1368.772095 0.000000 0.454540 0.000000 -0.890726 0.647055 0.647055 0.647055
1963.387329 0.000000 1359.041260 0.000000 0.992005 0.000000 -0.126197 0.516522 0.516522 0.516522
1952.699951 0.000000 1372.190186 0.000000 0.987269 0.000000 0.159061 0.478704 0.478704 0.478704
1953.609375 0.000000 1378.543213 0.000000 0.355917 0.000000 -0.934518 0.661200 0.661200 0.661200
1983.982788 0.000000 1368.772095 0.000000 0.109203 0.000000 0.994020 0.312837 0.312837 0.312837
2001.437744 0.000000 1402.774170 0.000000 0.989581 0.000000 0.143978 0.481460 0.481460 0.481460
2006.633301 0.000000 1396.728760 0.000000 0.729093 0.000000 0.684415 0.402706 0.402706 0.402706
2005.025391 0.000000 1407.801147 0.000000 0.724976 0.000000 -0.688774 0.598068 0.598068 0.598068
2032.219971 0.000000 1426.552490 0.000000 0.725851 0.000000 -0.687851 0.598851 0.598851 0.598851
2033.433838 0.000000 1434.766357 0.000000 0.211841 0.000000 -0.977304 0.674855 0.674855 0.674855
2017.601562 0.000000 1410.535400 0.000000 0.946921 0.000000 -0.321466 0.542651 0.542651 0.542651
1949.622559 0.000000 1483.291382 0.000000 0.726113 0.000000 0.687575 0.400820 0.400820 0.400820
1949.679565 0.000000 1493.258179 0.000000 0.773921 0.000000 0.633282 0.410457 0.410457 0.410457
1944.812256 0.000000 1485.544678 0.000000 0.678406 0.000000 -0.734687 0.610219 0.610219 0.610219
1939.437012 0.000000 1481.081421 0.000000 0.210520 0.000000 -0.977590 0.680795 0.680795 0.680795
1956.150391 0.000000 1501.352905 0.000000 0.738266 0.000000 0.674509 0.404079 0.404079 0.404079
1967.386353 0.000000 1503.486816 0.000000 0.577603 0.000000 0.816318 0.376736 0.376736 0.376736
1963.265381 0.000000 1480.768066 0.000000 0.518009 0.000000 0.855375 0.363694 0.363694 0.363694
1970.457764 0.000000 1494.413574 0.000000 0.147274 0.000000 -0.989096 0.688285 0.688285 0.688285
1960.135010 0.000000 1475.887207 0.000000 0.907919 0.000000 0.419145 0.443636 0.443636 0.443636
1960.187988 0.000000 1489.327759 0.000000 0.935612 0.000000 0.353030 0.451358 0.451358 0.451358
1965.796387 0.000000 1500.075317 0.000000 0.199343 0.000000 -0.979930 0.681631 0.681631 0.681631
1960.859009 0.000000 1499.140991 0.000000 0.899665 0.000000 -0.436582 0.561134 0.561134 0.561134
2039.583374 0.000000 1501.327881 0.000000 0.728289 0.000000 0.685270 0.401800 0.401800 0.401800
1765.200562 0.000000 1582.239502 0.000000 0.698145 0.000000 0.715956 0.397002 0.397002 0.397002
1771.410767 0.000000 1582.986572 0.000000 0.434240 0.000000 0.900797 0.355513 0.355513 0.355513
1776.236450 0.000000 1569.095581 0.000000 0.725653 0.000000 0.688061 0.401490 0.401490 0.401490
1792.131348 0.000000 1549.108887 0.000000 0.513913 0.000000 -0.857842 0.633337 0.633337 0.633337
1972.266235 0.000000 1550.283569 0.000000 0.963650 0.000000 0.267168 0.464687 0.464687 0.464687
1979.980591 0.000000 1549.689697 0.000000 0.892150 0.000000 0.451740 0.437747 0.437747 0.437747
1977.687744 0.000000 1547.011841 0.000000 0.146391 0.000000 -0.989227 0.691247 0.691247 0.691247
1985.269775 0.000000 1543.942139 0.000000 0.415961 0.000000 -0.909382 0.922331 0.922331 0.922331
2021.169312 0.000000 1614.231689 0.000000 0.989001 0.000000 0.147907 0.480543 0.480543 0.480543
2015.985474 0.000000 1607.708740 0.000000 0.110912 0.000000 0.993830 0.308685 0.308685 0.308685
2110.923340 0.000000 1277.720215 0.000000 0.986486 0.000000 -0.163844 0.521654 0.521654 0.521654
2253.564453 0.000000 1271.484375 0.000000 0.549874 0.000000 -0.835248 0.628832 0.628832 0.628832
2267.150146 0.000000 1277.552490 0.000000 0.677870 0.000000 -0.735182 0.611760 0.611760 0.611760
2270.226807 0.000000 1273.142090 0.000000 0.145312 0.000000 -0.989386 0.689971 0.689971 0.689971
2269.040527 0.000000 1275.544800 0.000000 0.216889 0.000000 -0.976196 0.682966 0.682966 0.682966
2290.418701 0.000000 1270.468262 0.000000 0.999215 0.000000 0.039607 0.494827 0.494827 0.494827
2378.194092 0.000000 1277.218506 0.000000 0.255072 0.000000 -0.966922 0.670766 0.670766 0.670766
2384.177002 0.000000 1266.591553 0.000000 0.618139 0.000000 0.786069 0.379652 0.379652 0.379652
2371.834961 0.000000 1269.786987 0.000000 0.968271 0.000000 0.249902 0.467084 0.467084 0.467084
2376.137207 0.000000 1265.382446 0.000000 0.993812 0.000000 -0.111076 0.515228 0.515228 0.515228
2384.158936 0.000000 1262.146362 0.000000 0.899464 0.000000 -0.436995 0.560406 0.560406 0.560406
2381.948486 0.000000 1264.476074 0.000000 0.849907 0.000000 -0.526933 0.575236 0.575236 0.575236
2398.360352 0.000000 1266.554443 0.000000 0.882757 0.000000 -0.469829 0.565693 0.565693 0.565693
2388.968262 0.000000 1264.475098 0.000000 0.989522 0.000000 0.144380 0.480142 0.480142 0.480142
2404.195557 0.000000 1265.962158 0.000000 0.516933 0.000000 -0.856026 0.637499 0.637499 0.637499
2463.924316 0.000000 1272.795532 0.000000 0.215466 0.000000 0.976511 0.325623 0.325623 0.325623
2479.602783 0.000000 1258.339966 0.000000 0.998468 0.000000 -0.055330 0.507131 0.507131 0.507131
2488.110596 0.000000 1252.143921 0.000000 0.827531 0.000000 0.561420 0.422763 0.422763 0.422763
2555.031006 0.000000 1241.723633 0.000000 0.828028 0.000000 -0.560686 0.577717 0.577717 0.577717
2558.772705 0.000000 1271.007202 0.000000 0.948961 0.000000 0.315394 0.454099 0.454099 0.454099
2556.958252 0.000000 1271.705811 0.000000 0.999140 0.000000 0.041459 0.494130 0.494130 0.494130
2555.734863 0.000000 1269.171875 0.000000 0.232017 0.000000 0.972712 0.312461 0.312461 0.312461
2105.123047 0.000000 1279.753662 0.000000 0.915334 0.000000 0.402696 0.445781 0.445781 0.445781
2088.686279 0.000000 1291.992188 0.000000 0.882610 0.000000 -0.470106 0.563780 0.563780 0.563780
2181.149902 0.000000 1294.309814 0.000000 0.676138 0.000000 -0.736775 0.608149 0.608149 0.608149
2196.239014 0.000000 1294.346069 0.000000 0.324049 0.000000 0.946040 0.339540 0.339540 0.339540
2203.073975 0.000000 1401.684570 0.000000 0.999998 0.000000 -0.002191 0.500280 0.500280 0.500280
2213.145996 0.000000 1390.286377 0.000000 0.953194 0.000000 0.302360 0.460507 0.460507 0.460507
2235.070068 0.000000 1401.684570 0.000000 0.369307 0.000000 -0.929308 0.653327 0.653327 0.653327
2223.634033 0.000000 1386.308716 0.000000 0.662303 0.000000 0.749236 0.388997 0.388997 0.388997
2230.605957 0.000000 1396.728760 0.000000 0.983691 0.000000 -0.179868 0.523298 0.523298 0.523298
2228.235107 0.000000 1390.322632 0.000000 0.106954 0.000000 -0.994264 0.695126 0.695126 0.695126
2212.119385 0.000000 1405.376343 0.000000 0.858148 0.000000 0.513403 0.429200 0.429200 0.429200
2232.777100 0.000000 1389.568115 0.000000 0.855129 0.000000 -0.518415 0.572384 0.572384 0.572384
2227.401855 0.000000 1385.104858 0.000000 0.415849 0.000000 -0.909434 0.650525 0.650525 0.650525
2280.814941 0.000000 1397.195679 0.000000 0.604084 0.000000 -0.796921 0.618567 0.618567 0.618567
2052.138672 0.000000 1437.368530 0.000000 0.470672 0.000000 0.882309 0.359967 0.359967 0.359967
2059.900635 0.000000 1458.836914 0.000000 0.849276 0.000000 -0.527949 0.573315 0.573315 0.573315
2060.640625 0.000000 1451.914062 0.000000 0.859179 0.000000 0.511675 0.427453 0.427453 0.427453
2066.194092 0.000000 1451.905151 0.000000 0.998470 0.000000 -0.055297 0.507348 0.507348 0.507348
2056.597412 0.000000 1441.268921 0.000000 0.687454 0.000000 0.726228 0.391030 0.391030 0.391030
2061.752441 0.000000 1448.886963 0.000000 0.252495 0.000000 -0.967598 0.679651 0.679651 0.679651
2155.364014 0.000000 1423.025635 0.000000 0.766272 0.000000 0.642516 0.410111 0.410111 0.410111
2148.226807 0.000000 1425.923096 0.000000 0.727181 0.000000 0.686446 0.401212 0.401212 0.401212
2139.081787 0.000000 1465.668945 0.000000 0.515753 0.000000 0.856737 0.365656 0.365656 0.365656
2135.571777 0.000000 1469.335693 0.000000 0.909494 0.000000 0.415717 0.443700 0.443700 0.443700
2149.153809 0.000000 1454.270752 0.000000 0.967324 0.000000 0.253542 0.467042 0.467042 0.467042
2156.000488 0.000000 1443.429199 0.000000 0.752637 0.000000 -0.658435 0.594204 0.594204 0.594204
2173.097412 0.000000 1446.076294 0.000000 0.548761 0.000000 -0.835979 0.628511 0.628511 0.628511
2071.245117 0.000000 1481.343750 0.000000 0.166324 0.000000 0.986071 0.317421 0.317421 0.317421
2077.606934 0.000000 1483.291382 0.000000 0.060688 0.000000 0.998157 0.300192 0.300192 0.300192
2066.446045 0.000000 1494.413574 0.000000 0.987199 0.000000 0.159491 0.478926 0.478926 0.478926
2048.570557 0.000000 1503.554932 0.000000 0.689704 0.000000 0.724091 0.390637 0.390637 0.390637
2059.062256 0.000000 1494.647461 0.000000 0.993918 0.000000 -0.110126 0.514766 0.514766 0.514766
2091.371826 0.000000 1487.010010 0.000000 0.947668 0.000000 0.319257 0.457329 0.457329 0.457329
2093.583984 0.000000 1495.429688 0.000000 0.370537 0.000000 0.928818 0.345654 0.345654 0.345654
2083.476318 0.000000 1482.358765 0.000000 0.923063 0.000000 -0.384649 0.551848 0.551848 0.551848
2088.686279 0.000000 1483.945312 0.000000 0.256379 0.000000 -0.966576 0.672882 0.672882 0.672882
2096.194092 0.000000 1486.091675 0.000000 0.983920 0.000000 -0.178613 0.523492 0.523492 0.523492
2063.653320 0.000000 1514.277466 0.000000 0.910263 0.000000 0.414031 0.444050 0.444050 0.444050
2063.374756 0.000000 1535.479004 0.000000 0.201599 0.000000 -0.979468 0.679277 0.679277 0.679277
2141.020752 0.000000 1472.871582 0.000000 0.160077 0.000000 -0.987105 0.685515 0.685515 0.685515
2143.969971 0.000000 1479.739990 0.000000 0.319106 0.000000 0.947719 0.337620 0.337620 0.337620
2145.585938 0.000000 1474.519775 0.000000 0.714089 0.000000 -0.700054 0.601060 0.601060 0.601060
2152.678467 0.000000 1483.945312 0.000000 0.228066 0.000000 0.973646 0.321263 0.321263 0.321263
2118.833984 0.000000 1511.749512 0.000000 0.806598 0.000000 0.591100 0.418056 0.418056 0.418056
2181.149902 0.000000 1422.278564 0.000000 0.907847 0.000000 -0.419301 0.555954 0.555954 0.555954
2192.200439 0.000000 1426.552490 0.000000 0.817971 0.000000 -0.575259 0.579417 0.579417 0.579417
2182.826172 0.000000 1415.772949 0.000000 0.824704 0.000000 -0.565565 0.577287 0.577287 0.577287
2184.674561 0.000000 1419.960938 0.000000 0.952296 0.000000 0.305176 0.459430 0.459430 0.459430
2192.182373 0.000000 1422.107300 0.000000 0.003298 0.000000 0.999995 0.295332 0.295332 0.295332
2208.920898 0.000000 1413.168579 0.000000 1.000000 0.000000 -0.000399 0.500054 0.500054 0.500054
2181.149902 0.000000 1454.270752 0.000000 0.619523 0.000000 0.784978 0.382365 0.382365 0.382365
2187.996582 0.000000 1443.429199 0.000000 0.437135 0.000000 0.899396 0.354531 0.354531 0.354531
2179.858398 0.000000 1461.740112 0.000000 0.548430 0.000000 -0.836196 0.629552 0.629552 0.629552
2184.107666 0.000000 1443.895020 0.000000 0.002286 0.000000 0.999997 0.294809 0.294809 0.294809
2267.875244 0.000000 1424.904419 0.000000 0.437224 0.000000 0.899353 0.350077 0.350077 0.350077
2262.602051 0.000000 1428.720947 0.000000 0.806585 0.000000 0.591119 0.416633 0.416633 0.416633
2253.564453 0.000000 1431.445312 0.000000 0.737894 0.000000 0.674916 0.400493 0.400493 0.400493
2263.556152 0.000000 1437.343506 0.000000 0.174814 0.000000 0.984601 0.317845 0.317845 0.317845
2246.921387 0.000000 1433.509155 0.000000 0.371103 0.000000 0.928592 0.344544 0.344544 0.344544
2264.773193 0.000000 1421.560303 0.000000 0.529617 0.000000 0.848237 0.363734 0.363734 0.363734
2248.152832 0.000000 1425.343384 0.000000 0.514464 0.000000 -0.857512 0.634540 0.634540 0.634540
2253.761475 0.000000 1436.090942 0.000000 0.432701 0.000000 0.901538 0.352489 0.352489 0.352489
2259.803955 0.000000 1426.404175 0.000000 0.425285 0.000000 0.905059 0.350563 0.350563 0.350563
2266.725586 0.000000 1416.682617 0.000000 0.849817 0.000000 -0.527079 0.574704 0.574704 0.574704
2270.400391 0.000000 1423.275269 0.000000 0.725782 0.000000 -0.687925 0.602084 0.602084 0.602084
2299.871338 0.000000 1424.904419 0.000000 0.228970 0.000000 0.973433 0.320049 0.320049 0.320049
2275.846680 0.000000 1429.747925 0.000000 0.157764 0.000000 -0.987477 0.683002 0.683002 0.683002
2288.174072 0.000000 1409.134644 0.000000 0.221086 0.000000 0.975254 0.320645 0.320645 0.320645
2282.770996 0.000000 1407.757446 0.000000 0.796442 0.000000 -0.604714 0.585603 0.585603 0.585603
2248.818848 0.000000 1461.180054 0.000000 0.763475 0.000000 0.645838 0.408500 0.408500 0.408500
2240.034180 0.000000 1458.706543 0.000000 0.689529 0.000000 0.724258 0.395862 0.395862 0.395862
2269.583496 0.000000 1451.299194 0.000000 0.159152 0.000000 -0.987254 0.684933 0.684933 0.684933
2264.137939 0.000000 1444.097046 0.000000 0.723047 0.000000 -0.690799 0.599952 0.599952 0.599952
2269.640625 0.000000 1461.265991 0.000000 0.836634 0.000000 0.547763 0.424455 0.424455 0.424455
2259.397949 0.000000 1449.089233 0.000000 0.837921 0.000000 0.545792 0.424618 0.424618 0.424618
2250.774902 0.000000 1439.749634 0.000000 0.987403 0.000000 0.158227 0.479253 0.479253 0.479253
2266.725586 0.000000 1448.674805 0.000000 0.370003 0.000000 0.929031 0.343794 0.343794 0.343794
2271.954346 0.000000 1447.747803 0.000000 0.849859 0.000000 -0.527010 0.572199 0.572199 0.572199
2175.966064 0.000000 1479.739990 0.000000 0.501349 0.000000 -0.865245 0.634701 0.634701 0.634701
2295.217773 0.000000 1513.335938 0.000000 1.000000 0.000000 -0.000689 0.500089 0.500089 0.500089
2296.769287 0.000000 1517.536865 0.000000 0.913481 0.000000 0.406882 0.445391 0.445391 0.445391
2356.219482 0.000000 1294.346069 0.000000 0.858000 0.000000 0.513649 0.429971 0.429971 0.429971
2373.126465 0.000000 1294.309814 0.000000 0.959617 0.000000 -0.281308 0.536735 0.536735 0.536735
2331.058350 0.000000 1401.684570 0.000000 0.179389 0.000000 0.983778 0.318799 0.318799 0.318799
2303.943848 0.000000 1400.764282 0.000000 0.562389 0.000000 0.826873 0.372644 0.372644 0.372644
2308.107666 0.000000 1405.376343 0.000000 0.686086 0.000000 -0.727521 0.611257 0.611257 0.611257
2316.299805 0.000000 1406.658936 0.000000 0.838447 0.000000 0.544984 0.421003 0.421003 0.421003
2325.625732 0.000000 1406.943970 0.000000 0.517532 0.000000 0.855664 0.357980 0.357980 0.357980
2346.197998 0.000000 1405.187256 0.000000 0.927888 0.000000 -0.372860 0.550366 0.550366 0.550366
2335.939941 0.000000 1400.764282 0.000000 0.988777 0.000000 0.149396 0.480532 0.480532 0.480532
2358.590332 0.000000 1396.728760 0.000000 0.884499 0.000000 0.466542 0.437594 0.437594 0.437594
2357.578857 0.000000 1401.380249 0.000000 0.987184 0.000000 0.159584 0.479074 0.479074 0.479074
2391.540527 0.000000 1405.351318 0.000000 0.864800 0.000000 0.502117 0.432103 0.432103 0.432103
2397.625000 0.000000 1397.281616 0.000000 0.216225 0.000000 0.976344 0.317955 0.317955 0.317955
2386.406982 0.000000 1398.437012 0.000000 0.793594 0.000000 -0.608448 0.587855 0.587855 0.587855
2381.745850 0.000000 1404.098755 0.000000 0.577237 0.000000 0.816576 0.374770 0.374770 0.374770
2394.084229 0.000000 1396.038818 0.000000 0.825761 0.000000 -0.564020 0.580637 0.580637 0.580637
2378.617676 0.000000 1401.562622 0.000000 0.795331 0.000000 -0.606175 0.587634 0.587634 0.587634
2395.256104 0.000000 1398.863159 0.000000 0.771993 0.000000 0.635632 0.407653 0.407653 0.407653
2427.855713 0.000000 1392.912231 0.000000 0.565604 0.000000 0.824677 0.375090 0.375090 0.375090
2413.544922 0.000000 1399.453125 0.000000 0.504408 0.000000 -0.863466 0.635286 0.635286 0.635286
2403.831055 0.000000 1397.755737 0.000000 0.998478 0.000000 -0.055149 0.507384 0.507384 0.507384
2413.944580 0.000000 1392.444824 0.000000 0.866329 0.000000 0.499473 0.430016 0.430016 0.430016
2461.617188 0.000000 1365.289429 0.000000 0.325832 0.000000 0.945428 0.336381 0.336381 0.336381
2432.523682 0.000000 1375.586182 0.000000 0.106564 0.000000 -0.994306 0.691889 0.691889 0.691889
2458.076416 0.000000 1364.046631 0.000000 0.608239 0.000000 0.793754 0.378671 0.378671 0.378671
2475.324951 0.000000 1359.041260 0.000000 0.946669 0.000000 -0.322207 0.543817 0.543817 0.543817
2475.849854 0.000000 1362.860352 0.000000 0.386946 0.000000 0.922102 0.344143 0.344143 0.344143
2481.974121 0.000000 1360.264648 0.000000 0.355926 0.000000 -0.934514 0.662103 0.662103 0.662103
2438.794922 0.000000 1383.780762 0.000000 0.405393 0.000000 -0.914142 0.650309 0.650309 0.650309
2450.732178 0.000000 1381.329956 0.000000 0.103054 0.000000 -0.994676 0.691252 0.691252 0.691252
2435.433350 0.000000 1386.382202 0.000000 0.945913 0.000000 -0.324420 0.543305 0.543305 0.543305
2440.643311 0.000000 1387.968750 0.000000 0.929785 0.000000 0.368103 0.450779 0.450779 0.450779
2492.977783 0.000000 1376.895020 0.000000 0.315139 0.000000 -0.949045 0.667295 0.667295 0.667295
2488.745850 0.000000 1389.568115 0.000000 0.689552 0.000000 0.724236 0.394653 0.394653 0.394653
2467.429443 0.000000 1386.382202 0.000000 0.818721 0.000000 -0.574191 0.580164 0.580164 0.580164
2490.698242 0.000000 1384.690430 0.000000 0.999831 0.000000 -0.018382 0.502460 0.502460 0.502460
2485.143555 0.000000 1379.118652 0.000000 0.927342 0.000000 -0.374216 0.550846 0.550846 0.550846
2519.190430 0.000000 1353.375000 0.000000 0.985892 0.000000 -0.167385 0.522631 0.522631 0.522631
2523.034912 0.000000 1369.692383 0.000000 0.963739 0.000000 -0.266845 0.535809 0.535809 0.535809
2504.787598 0.000000 1365.203491 0.000000 0.891165 0.000000 0.453678 0.439457 0.439457 0.439457
2525.054443 0.000000 1350.099731 0.000000 0.899558 0.000000 -0.436802 0.559474 0.559474 0.559474
2507.199219 0.000000 1352.799316 0.000000 0.889216 0.000000 0.457487 0.437009 0.437009 0.437009
2499.425537 0.000000 1354.390015 0.000000 0.178157 0.000000 0.984002 0.314814 0.314814 0.314814
2500.183838 0.000000 1361.938721 0.000000 0.907538 0.000000 -0.419971 0.557348 0.557348 0.557348
2514.139404 0.000000 1355.928589 0.000000 0.994621 0.000000 0.103578 0.486037 0.486037 0.486037
2520.737549 0.000000 1350.790649 0.000000 0.316979 0.000000 -0.948433 0.666412 0.666412 0.666412
2512.112793 0.000000 1368.381958 0.000000 0.367633 0.000000 -0.929971 0.659223 0.659223 0.659223
2555.031006 0.000000 1369.692383 0.000000 0.817620 0.000000 -0.575758 0.579955 0.579955 0.579955
2557.548340 0.000000 1355.322632 0.000000 0.674486 0.000000 -0.738288 0.610722 0.610722 0.610722
2557.050537 0.000000 1350.099731 0.000000 0.785319 0.000000 -0.619091 0.586333 0.586333 0.586333
2557.605469 0.000000 1365.289429 0.000000 0.678991 0.000000 -0.734146 0.610112 0.610112 0.610112
2549.555420 0.000000 1369.388062 0.000000 0.964137 0.000000 0.265404 0.465127 0.465127 0.465127
2531.421631 0.000000 1354.390015 0.000000 0.228971 0.000000 0.973433 0.322056 0.322056 0.322056
2497.542969 0.000000 1378.543213 0.000000 0.967861 0.000000 0.251486 0.465919 0.465919 0.465919
2499.007568 0.000000 1376.032471 0.000000 0.059232 0.000000 0.998244 0.296225 0.296225 0.296225
2544.142822 0.000000 1377.142456 0.000000 0.930744 0.000000 0.365673 0.451214 0.451214 0.451214
2538.739746 0.000000 1375.765259 0.000000 0.797808 0.000000 0.602912 0.415179 0.415179 0.415179
2356.982666 0.000000 1407.801147 0.000000 0.761678 0.000000 -0.647956 0.591158 0.591158 0.591158
2344.088135 0.000000 1411.902832 0.000000 0.601791 0.000000 -0.798654 0.621708 0.621708 0.621708
2379.214844 0.000000 1416.783691 0.000000 0.146413 0.000000 -0.989223 0.685556 0.685556 0.685556
2587.027100 0.000000 1241.723633 0.000000 0.634059 0.000000 -0.773285 0.613438 0.613438 0.613438
2577.367676 0.000000 1242.813232 0.000000 0.698941 0.000000 0.715179 0.396350 0.396350 0.396350
2575.312256 0.000000 1247.549316 0.000000 0.416313 0.000000 -0.909221 0.649603 0.649603 0.649603
2583.517090 0.000000 1245.390381 0.000000 0.857270 0.000000 -0.514867 0.570349 0.570349 0.570349
2560.508057 0.000000 1247.617432 0.000000 0.323681 0.000000 0.946166 0.337320 0.337320 0.337320
2580.955322 0.000000 1247.840210 0.000000 0.036630 0.000000 -0.999329 0.700697 0.700697 0.700697
2588.966064 0.000000 1248.926270 0.000000 0.211289 0.000000 -0.977424 0.674589 0.674589 0.674589
2559.995117 0.000000 1266.753418 0.000000 0.947748 0.000000 0.319021 0.455497 0.455497 0.455497
2566.543457 0.000000 1270.879395 0.000000 0.857363 0.000000 0.514713 0.423465 0.423465 0.423465
2920.736816 0.000000 1237.234741 0.000000 0.608041 0.000000 0.793906 0.382073 0.382073 0.382073
2934.520020 0.000000 1236.767822 0.000000 0.018637 0.000000 0.999826 0.297336 0.297336 0.297336
2930.673584 0.000000 1253.361206 0.000000 0.219123 0.000000 0.975697 0.326106 0.326106 0.326106
2998.512207 0.000000 1204.775635 0.000000 0.606837 0.000000 0.794826 0.380961 0.380961 0.380961
2987.262451 0.000000 1199.080322 0.000000 0.975912 0.000000 -0.218165 0.528662 0.528662 0.528662
2949.056152 0.000000 1230.325439 0.000000 0.986738 0.000000 0.162322 0.478956 0.478956 0.478956
2971.789307 0.000000 1264.943481 0.000000 0.648833 0.000000 0.760931 0.385795 0.385795 0.385795
2994.332764 0.000000 1270.468262 0.000000 0.975775 0.000000 -0.218779 0.528689 0.528689 0.528689
2576.153564 0.000000 1362.568115 0.000000 0.643836 0.000000 -0.765164 0.614200 0.614200 0.614200
2575.591064 0.000000 1354.316528 0.000000 0.698056 0.000000 0.716043 0.395392 0.395392 0.395392
2568.779785 0.000000 1365.203491 0.000000 0.516285 0.000000 -0.856417 0.635033 0.635033 0.635033
2559.995117 0.000000 1362.729980 0.000000 0.528195 0.000000 0.849123 0.363002 0.363002 0.363002
2573.525391 0.000000 1367.460938 0.000000 0.561169 0.000000 0.827701 0.372938 0.372938 0.372938
2573.722412 0.000000 1372.106567 0.000000 0.788217 0.000000 -0.615397 0.586719 0.586719 0.586719
2579.404053 0.000000 1374.232910 0.000000 0.773924 0.000000 0.633279 0.410115 0.410115 0.410115
2615.178711 0.000000 1353.375000 0.000000 0.687310 0.000000 -0.726364 0.605343 0.605343 0.605343
2571.949707 0.000000 1379.444824 0.000000 0.998746 0.000000 0.050064 0.493510 0.493510 0.493510
2588.966064 0.000000 1376.895020 0.000000 0.178466 0.000000 0.983946 0.317635 0.317635 0.317635
2585.064453 0.000000 1375.730225 0.000000 0.963039 0.000000 -0.269361 0.535610 0.535610 0.535610
2603.945801 0.000000 1379.444824 0.000000 0.751192 0.000000 -0.660083 0.593771 0.593771 0.593771
2600.056885 0.000000 1379.910645 0.000000 0.164730 0.000000 0.986339 0.315808 0.315808 0.315808
2595.485596 0.000000 1381.771851 0.000000 0.634531 0.000000 -0.772897 0.615565 0.615565 0.615565
2627.409912 0.000000 1354.390015 0.000000 0.998431 0.000000 -0.055989 0.507314 0.507314 0.507314
2640.127686 0.000000 1358.122925 0.000000 0.980072 0.000000 0.198640 0.473940 0.473940 0.473940
2673.355957 0.000000 1370.781982 0.000000 0.997616 0.000000 -0.069007 0.509104 0.509104 0.509104
2679.505371 0.000000 1373.359131 0.000000 0.850054 0.000000 -0.526695 0.573674 0.573674 0.573674
2686.853027 0.000000 1373.696777 0.000000 0.215898 0.000000 0.976416 0.318248 0.318248 0.318248
2668.566406 0.000000 1355.937500 0.000000 0.591419 0.000000 -0.806364 0.623408 0.623408 0.623408
2676.992920 0.000000 1366.875000 0.000000 0.383952 0.000000 0.923353 0.341362 0.341362 0.341362
2703.296631 0.000000 1343.525879 0.000000 0.883866 0.000000 -0.467739 0.563066 0.563066 0.563066
2730.151123 0.000000 1341.202881 0.000000 0.863606 0.000000 0.504168 0.432192 0.432192 0.432192
2728.760254 0.000000 1333.211304 0.000000 0.017949 0.000000 0.999839 0.296470 0.296470 0.296470
2704.137939 0.000000 1362.568115 0.000000 0.890616 0.000000 0.454755 0.438123 0.438123 0.438123
2703.575439 0.000000 1354.316528 0.000000 0.883668 0.000000 -0.468114 0.562999 0.562999 0.562999
2699.297607 0.000000 1359.041260 0.000000 0.953607 0.000000 0.301055 0.460148 0.460148 0.460148
2717.585938 0.000000 1365.289429 0.000000 0.968198 0.000000 0.250185 0.466793 0.466793 0.466793
2698.720215 0.000000 1343.773071 0.000000 0.474535 0.000000 0.880236 0.359191 0.359191 0.359191
2691.089111 0.000000 1369.917969 0.000000 0.977772 0.000000 0.209673 0.471786 0.471786 0.471786
2719.893066 0.000000 1368.772095 0.000000 0.989264 0.000000 0.146142 0.480813 0.480813 0.480813
2728.760254 0.000000 1365.203491 0.000000 0.126289 0.000000 0.991993 0.313959 0.313959 0.313959
2715.820557 0.000000 1392.912231 0.000000 0.979966 0.000000 0.199165 0.473820 0.473820 0.473820
2708.176514 0.000000 1390.322632 0.000000 0.714127 0.000000 -0.700016 0.600859 0.600859 0.600859
2713.048828 0.000000 1375.730225 0.000000 0.726088 0.000000 0.687601 0.399301 0.399301 0.399301
2696.045166 0.000000 1379.910645 0.000000 0.849150 0.000000 -0.528151 0.572513 0.572513 0.572513
2704.119873 0.000000 1390.115112 0.000000 0.934649 0.000000 0.355573 0.452353 0.452353 0.452353
2719.893066 0.000000 1400.764282 0.000000 0.646633 0.000000 -0.762801 0.611987 0.611987 0.611987
2739.339355 0.000000 1385.104858 0.000000 0.551507 0.000000 -0.834170 0.629070 0.629070 0.629070
2762.147217 0.000000 1373.195068 0.000000 0.512247 0.000000 -0.858838 0.633846 0.633846 0.633846
2753.511719 0.000000 1346.551025 0.000000 0.407399 0.000000 -0.913250 0.649448 0.649448 0.649448
2800.126221 0.000000 1362.568115 0.000000 0.387194 0.000000 0.921998 0.350036 0.350036 0.350036
2787.784180 0.000000 1365.763550 0.000000 0.256762 0.000000 -0.966475 0.671520 0.671520 0.671520
2779.003662 0.000000 1401.684570 0.000000 0.305264 0.000000 -0.952268 0.663649 0.663649 0.663649
2779.812744 0.000000 1392.912231 0.000000 0.989527 0.000000 0.144350 0.481303 0.481303 0.481303
2758.124756 0.000000 1375.960815 0.000000 0.963138 0.000000 -0.269008 0.535698 0.535698 0.535698
2781.578125 0.000000 1397.281616 0.000000 0.773875 0.000000 0.633339 0.410790 0.410790 0.410790
2794.143311 0.000000 1405.187256 0.000000 0.993497 0.000000 -0.113854 0.514556 0.514556 0.514556
2783.885254 0.000000 1400.764282 0.000000 0.967184 0.000000 0.254075 0.466330 0.466330 0.466330
2733.702881 0.000000 1436.090942 0.000000 0.994107 0.000000 0.108400 0.485710 0.485710 0.485710
2733.505859 0.000000 1463.437500 0.000000 0.644868 0.000000 -0.764294 0.612720 0.612720 0.612720
2743.497559 0.000000 1469.335693 0.000000 0.787441 0.000000 -0.616390 0.586884 0.586884 0.586884
2734.473877 0.000000 1446.460693 0.000000 0.759888 0.000000 -0.650054 0.593282 0.593282 0.593282
2779.003662 0.000000 1433.676758 0.000000 0.979965 0.000000 0.199172 0.474270 0.474270 0.474270
2779.812744 0.000000 1456.896606 0.000000 0.967817 0.000000 0.251655 0.466721 0.466721 0.466721
2760.756348 0.000000 1461.180054 0.000000 0.973795 0.000000 -0.227426 0.530072 0.530072 0.530072
2779.209229 0.000000 1462.847534 0.000000 0.571661 0.000000 0.820490 0.371234 0.371234 0.371234
2783.891846 0.000000 1447.747803 0.000000 0.901251 0.000000 -0.433298 0.558179 0.558179 0.558179
2784.010498 0.000000 1453.132324 0.000000 0.095510 0.000000 -0.995428 0.692608 0.692608 0.692608
2784.480713 0.000000 1471.562744 0.000000 0.251099 0.000000 -0.967961 0.674259 0.674259 0.674259
2784.598389 0.000000 1468.166748 0.000000 0.674719 0.000000 -0.738075 0.609437 0.609437 0.609437
2740.935791 0.000000 1471.785522 0.000000 0.108601 0.000000 -0.994085 0.691255 0.691255 0.691255
2774.539551 0.000000 1492.705322 0.000000 0.354200 0.000000 -0.935170 0.655410 0.655410 0.655410
2772.168701 0.000000 1486.299194 0.000000 0.999825 0.000000 -0.018685 0.502440 0.502440 0.502440
2800.126221 0.000000 1490.536865 0.000000 0.819600 0.000000 -0.572936 0.579201 0.579201 0.579201
2799.563721 0.000000 1482.285278 0.000000 0.455104 0.000000 -0.890438 0.643131 0.643131 0.643131
2795.285889 0.000000 1487.010010 0.000000 0.914890 0.000000 0.403704 0.445844 0.445844 0.445844
2942.821777 0.000000 1341.704590 0.000000 0.382189 0.000000 0.924084 0.346107 0.346107 0.346107
2941.003662 0.000000 1350.099731 0.000000 0.714292 0.000000 -0.699848 0.601409 0.601409 0.601409
2943.590332 0.000000 1348.737061 0.000000 0.650048 0.000000 0.759893 0.385575 0.385575 0.385575
3000.048096 0.000000 1284.136108 0.000000 0.930737 0.000000 0.365689 0.451586 0.451586 0.451586
2943.865723 0.000000 1336.779907 0.000000 0.913657 0.000000 0.406485 0.446284 0.446284 0.446284
2948.029541 0.000000 1341.391968 0.000000 0.069757 0.000000 0.997564 0.302144 0.302144 0.302144
2987.262451 0.000000 1327.049072 0.000000 0.941405 0.000000 -0.337279 0.544490 0.544490 0.544490
2962.669678 0.000000 1349.337769 0.000000 0.357912 0.000000 -0.933755 0.657005 0.657005 0.657005
2943.990967 0.000000 1357.155762 0.000000 0.211498 0.000000 -0.977378 0.675578 0.675578 0.675578
2959.544189 0.000000 1386.308716 0.000000 0.174562 0.000000 0.984646 0.319554 0.319554 0.319554
2961.320801 0.000000 1402.774170 0.000000 0.762412 0.000000 -0.647092 0.592944 0.592944 0.592944
2959.265381 0.000000 1407.510254 0.000000 0.817574 0.000000 -0.575824 0.580425 0.580425 0.580425
2973.554688 0.000000 1397.281616 0.000000 0.976475 0.000000 0.215629 0.471460 0.471460 0.471460
2992.102783 0.000000 1394.560303 0.000000 0.798675 0.000000 0.601762 0.417303 0.417303 0.417303
2975.944336 0.000000 1394.722168 0.000000 0.890398 0.000000 0.455183 0.438296 0.438296 0.438296
2845.015381 0.000000 1446.076294 0.000000 0.502721 0.000000 -0.864449 0.636843 0.636843 0.636843
2874.991943 0.000000 1465.668945 0.000000 0.947457 0.000000 -0.319884 0.542352 0.542352 0.542352
2847.877441 0.000000 1464.748657 0.000000 0.786098 0.000000 -0.618102 0.586170 0.586170 0.586170
2847.884033 0.000000 1447.747803 0.000000 0.158971 0.000000 -0.987283 0.684957 0.684957 0.684957
2870.527832 0.000000 1460.713135 0.000000 0.546264 0.000000 -0.837613 0.628403 0.628403 0.628403
2852.041260 0.000000 1469.360718 0.000000 0.465059 0.000000 -0.885280 0.642484 0.642484 0.642484
2872.166504 0.000000 1466.473389 0.000000 0.965127 0.000000 0.261782 0.464755 0.464755 0.464755
2910.297852 0.000000 1458.507568 0.000000 0.126517 0.000000 0.991964 0.306419 0.306419 0.306419
2922.127686 0.000000 1469.171631 0.000000 0.948009 0.000000 0.318243 0.458520 0.458520 0.458520
2934.520020 0.000000 1460.713135 0.000000 0.966857 0.000000 0.255320 0.466676 0.466676 0.466676
2918.839355 0.000000 1465.501343 0.000000 0.875642 0.000000 -0.482960 0.565560 0.565560 0.565560
2928.092529 0.000000 1454.099487 0.000000 0.923786 0.000000 -0.382910 0.551503 0.551503 0.551503
2842.995850 0.000000 1497.661133 0.000000 0.948561 0.000000 0.316594 0.458019 0.458019 0.458019
2847.877441 0.000000 1496.740845 0.000000 0.268975 0.000000 0.963147 0.329811 0.329811 0.329811
2863.277100 0.000000 1503.486816 0.000000 0.999871 0.000000 -0.016089 0.502081 0.502081 0.502081
2858.700684 0.000000 1471.741821 0.000000 0.999251 0.000000 0.038697 0.494946 0.494946 0.494946
2879.598145 0.000000 1476.705811 0.000000 0.935344 0.000000 0.353740 0.451346 0.451346 0.451346
2878.736084 0.000000 1480.588257 0.000000 0.319704 0.000000 -0.947518 0.667272 0.667272 0.667272
2841.033203 0.000000 1503.698975 0.000000 0.964154 0.000000 0.265345 0.464867 0.464867 0.464867
2874.991943 0.000000 1529.653320 0.000000 0.688470 0.000000 -0.725265 0.608783 0.608783 0.608783
2854.113037 0.000000 1503.929565 0.000000 0.759197 0.000000 -0.650861 0.592006 0.592006 0.592006
2849.500000 0.000000 1506.511963 0.000000 0.424186 0.000000 0.905575 0.352665 0.352665 0.352665
2859.156250 0.000000 1512.760254 0.000000 0.053294 0.000000 -0.998579 0.698515 0.698515 0.698515
2878.152588 0.000000 1529.079590 0.000000 0.945817 0.000000 -0.324699 0.544582 0.544582 0.544582
2896.114502 0.000000 1490.536865 0.000000 0.914657 0.000000 0.404230 0.443380 0.443380 0.443380
2888.740723 0.000000 1493.172241 0.000000 0.332182 0.000000 0.943215 0.339115 0.339115 0.339115
2902.523926 0.000000 1492.705322 0.000000 0.967219 0.000000 0.253945 0.465578 0.465578 0.465578
2903.478027 0.000000 1501.327881 0.000000 0.818716 0.000000 -0.574199 0.578943 0.578943 0.578943
2896.099854 0.000000 1473.119019 0.000000 0.959256 0.000000 -0.282539 0.537615 0.537615 0.537615
2883.378662 0.000000 1482.358765 0.000000 0.772776 0.000000 0.634678 0.407132 0.407132 0.407132
2888.021729 0.000000 1475.887207 0.000000 0.935053 0.000000 0.354508 0.452321 0.452321 0.452321
2896.096436 0.000000 1486.091675 0.000000 0.561488 0.000000 -0.827485 0.630904 0.630904 0.630904
2894.454346 0.000000 1478.452881 0.000000 0.301913 0.000000 -0.953335 0.670102 0.670102 0.670102
2903.070312 0.000000 1488.985474 0.000000 0.931105 0.000000 0.364751 0.450411 0.450411 0.450411
2884.623779 0.000000 1474.760498 0.000000 0.385824 0.000000 0.922573 0.345154 0.345154 0.345154
2898.092529 0.000000 1483.897339 0.000000 0.966883 0.000000 0.255219 0.465788 0.465788 0.465788
2893.885986 0.000000 1488.421387 0.000000 0.520274 0.000000 0.853999 0.361490 0.361490 0.361490
2897.923340 0.000000 1488.233398 0.000000 0.319674 0.000000 0.947528 0.331169 0.331169 0.331169
2896.065918 0.000000 1496.350708 0.000000 0.504144 0.000000 -0.863619 0.640010 0.640010 0.640010
2887.870117 0.000000 1486.528809 0.000000 0.999299 0.000000 0.037440 0.494970 0.494970 0.494970
2900.965576 0.000000 1494.843750 0.000000 0.795126 0.000000 -0.606445 0.587842 0.587842 0.587842
2898.028076 0.000000 1491.949219 0.000000 0.999209 0.000000 0.039763 0.494598 0.494598 0.494598
2917.060059 0.000000 1486.262939 0.000000 0.359053 0.000000 -0.933317 0.653841 0.653841 0.653841
2920.736816 0.000000 1493.172241 0.000000 0.643428 0.000000 -0.765507 0.612528 0.612528 0.612528
2916.033447 0.000000 1501.352905 0.000000 0.863872 0.000000 0.503712 0.431733 0.431733 0.431733
2890.131592 0.000000 1533.156006 0.000000 0.717428 0.000000 -0.696633 0.599475 0.599475 0.599475
2879.880127 0.000000 1511.732178 0.000000 0.907745 0.000000 0.419521 0.443690 0.443690 0.443690
2962.669678 0.000000 1413.322144 0.000000 0.963575 0.000000 -0.267438 0.535214 0.535214 0.535214
2992.102783 0.000000 1426.552490 0.000000 0.610287 0.000000 0.792180 0.381524 0.381524 0.381524
2992.088135 0.000000 1409.134644 0.000000 0.677153 0.000000 -0.735842 0.608795 0.608795 0.608795
2984.010010 0.000000 1411.902832 0.000000 0.818004 0.000000 -0.575213 0.580480 0.580480 0.580480
3005.493652 0.000000 1451.299194 0.000000 0.606571 0.000000 0.795030 0.379540 0.379540 0.379540
3000.048096 0.000000 1444.097046 0.000000 0.989265 0.000000 0.146131 0.481034 0.481034 0.481034
3000.683350 0.000000 1453.552490 0.000000 0.678766 0.000000 -0.734355 0.608095 0.608095 0.608095
3023.536377 0.000000 1418.300903 0.000000 0.829815 0.000000 0.558039 0.423735 0.423735 0.423735
3021.470703 0.000000 1431.445312 0.000000 0.998497 0.000000 0.054801 0.492827 0.492827 0.492827
3018.115967 0.000000 1469.171631 0.000000 0.998591 0.000000 -0.053062 0.506799 0.506799 0.506799
3031.127930 0.000000 1449.351562 0.000000 0.594270 0.000000 -0.804266 0.621076 0.621076 0.621076
3024.098877 0.000000 1458.544678 0.000000 0.215514 0.000000 0.976501 0.323264 0.323264 0.323264
3032.679443 0.000000 1453.552490 0.000000 0.435843 0.000000 0.900023 0.354345 0.354345 0.354345
3012.121338 0.000000 1457.915283 0.000000 0.002515 0.000000 0.999997 0.295230 0.295230 0.295230
3051.891113 0.000000 1443.429199 0.000000 0.303017 0.000000 -0.952985 0.663640 0.663640 0.663640
3056.094971 0.000000 1458.544678 0.000000 0.595401 0.000000 -0.803428 0.619962 0.619962 0.619962
3058.657959 0.000000 1445.314331 0.000000 1.000000 0.000000 -0.000613 0.500080 0.500080 0.500080
3060.133545 0.000000 1454.307007 0.000000 0.686720 0.000000 -0.726922 0.605245 0.605245 0.605245
3068.988037 0.000000 1446.076294 0.000000 0.977100 0.000000 0.212780 0.472271 0.472271 0.472271
3059.300293 0.000000 1449.089233 0.000000 0.042566 0.000000 -0.999094 0.700302 0.700302 0.700302
3011.434814 0.000000 1477.748413 0.000000 0.962881 0.000000 -0.269925 0.535687 0.535687 0.535687
2077.109131 0.000000 1542.052856 0.000000 0.972765 0.000000 -0.231792 0.530367 0.530367 0.530367
2077.663818 0.000000 1557.242554 0.000000 0.020087 0.000000 0.999798 0.294041 0.294041 0.294041
2075.968994 0.000000 1549.689697 0.000000 0.988762 0.000000 0.149496 0.480070 0.480070 0.480070
2088.838379 0.000000 1557.156616 0.000000 0.830666 0.000000 0.556772 0.423931 0.423931 0.423931
2086.837891 0.000000 1543.741699 0.000000 0.647514 0.000000 -0.762054 0.613352 0.613352 0.613352
2081.593750 0.000000 1538.504150 0.000000 0.692335 0.000000 0.721577 0.394751 0.394751 0.394751
2070.625488 0.000000 1620.674072 0.000000 0.406894 0.000000 -0.913475 0.648370 0.648370 0.648370
2071.579346 0.000000 1629.296631 0.000000 0.636376 0.000000 -0.771379 0.614373 0.614373 0.614373
2077.028564 0.000000 1632.832520 0.000000 0.565849 0.000000 0.824509 0.373193 0.373193 0.373193
2092.008301 0.000000 1635.382324 0.000000 0.176436 0.000000 0.984312 0.320843 0.320843 0.320843
2117.157715 0.000000 1646.223877 0.000000 0.987337 0.000000 0.158639 0.479238 0.479238 0.479238
2112.092529 0.000000 1645.085449 0.000000 0.948575 0.000000 0.316553 0.458266 0.458266 0.458266
2115.472412 0.000000 1642.319702 0.000000 0.180519 0.000000 0.983571 0.317908 0.317908 0.317908
2295.552246 0.000000 1565.312256 0.000000 0.112968 0.000000 0.993599 0.311139 0.311139 0.311139
2302.899902 0.000000 1565.649902 0.000000 0.114035 0.000000 0.993477 0.310915 0.310915 0.310915
2301.579590 0.000000 1579.267944 0.000000 0.558733 0.000000 -0.829347 0.627933 0.627933 0.627933
2299.871338 0.000000 1616.857544 0.000000 0.571665 0.000000 0.820487 0.374838 0.374838 0.374838
2301.081787 0.000000 1606.037231 0.000000 0.420812 0.000000 0.907148 0.351613 0.351613 0.351613
2296.769287 0.000000 1613.513428 0.000000 0.989483 0.000000 0.144651 0.480974 0.480974 0.480974
2271.954346 0.000000 1639.700928 0.000000 0.837221 0.000000 0.546864 0.424451 0.424451 0.424451
2290.751709 0.000000 1637.267456 0.000000 0.959368 0.000000 -0.282158 0.537206 0.537206 0.537206
2171.077881 0.000000 1689.614258 0.000000 0.759644 0.000000 -0.650339 0.592447 0.592447 0.592447
2171.886963 0.000000 1680.841919 0.000000 0.147730 0.000000 -0.989028 0.686448 0.686448 0.686448
2191.637939 0.000000 1706.230591 0.000000 0.548165 0.000000 -0.836370 0.627862 0.627862 0.627862
2263.221680 0.000000 1705.289062 0.000000 0.847660 0.000000 -0.530539 0.571623 0.571623 0.571623
2267.875244 0.000000 1712.834106 0.000000 0.892078 0.000000 0.451881 0.439950 0.439950 0.439950
2304.026367 0.000000 1554.683105 0.000000 0.962438 0.000000 -0.271501 0.535626 0.535626 0.535626
2304.069092 0.000000 1549.108887 0.000000 0.634903 0.000000 -0.772592 0.614400 0.614400 0.614400
2304.026367 0.000000 1586.675293 0.000000 0.701101 0.000000 0.713062 0.395356 0.395356 0.395356
2310.913574 0.000000 1593.470093 0.000000 0.502870 0.000000 -0.864362 0.636299 0.636299 0.636299
2319.622314 0.000000 1610.254028 0.000000 0.773369 0.000000 0.633956 0.410858 0.410858 0.410858
2305.566406 0.000000 1602.488525 0.000000 0.103927 0.000000 -0.994585 0.692602 0.692602 0.692602
2312.658936 0.000000 1611.914062 0.000000 0.796318 0.000000 -0.604878 0.584657 0.584657 0.584657
2327.213867 0.000000 1673.296875 0.000000 0.985875 0.000000 -0.167485 0.521972 0.521972 0.521972
2427.046631 0.000000 1689.614258 0.000000 0.962927 0.000000 -0.269764 0.534983 0.534983 0.534983
2427.855713 0.000000 1712.834106 0.000000 0.850337 0.000000 -0.526239 0.571251 0.571251 0.571251
2428.985596 0.000000 1728.809082 0.000000 0.607749 0.000000 0.794130 0.379735 0.379735 0.379735
2424.118408 0.000000 1732.026733 0.000000 0.907876 0.000000 -0.419239 0.556053 0.556053 0.556053
2432.010742 0.000000 1714.644043 0.000000 0.785017 0.000000 -0.619474 0.587563 0.587563 0.587563
2225.410645 0.000000 1818.672607 0.000000 0.906458 0.000000 -0.422297 0.557796 0.557796 0.557796
2221.568359 0.000000 1815.351562 0.000000 0.825025 0.000000 -0.565096 0.579013 0.579013 0.579013
2227.807861 0.000000 1810.310425 0.000000 0.382095 0.000000 0.924123 0.345505 0.345505 0.345505
2227.447021 0.000000 1822.123535 0.000000 0.891213 0.000000 0.453585 0.436767 0.436767 0.436767
2231.225586 0.000000 1833.257812 0.000000 0.857399 0.000000 -0.514653 0.569776 0.569776 0.569776
2228.998291 0.000000 1823.699585 0.000000 0.785418 0.000000 -0.618966 0.588645 0.588645 0.588645
2224.181885 0.000000 1825.033081 0.000000 0.907853 0.000000 0.419288 0.441131 0.441131 0.441131
2222.536377 0.000000 1830.366943 0.000000 0.658092 0.000000 0.752937 0.387623 0.387623 0.387623
2317.753662 0.000000 1819.997192 0.000000 0.698522 0.000000 0.715589 0.395477 0.395477 0.395477
2363.054443 0.000000 1817.583008 0.000000 0.420325 0.000000 -0.907374 0.646753 0.646753 0.646753
2352.180908 0.000000 1842.450928 0.000000 0.315136 0.000000 -0.949046 0.664174 0.664174 0.664174
2351.618408 0.000000 1834.199341 0.000000 0.739370 0.000000 0.673300 0.403738 0.403738 0.403738
2342.909668 0.000000 1849.407593 0.000000 0.502138 0.000000 -0.864788 0.635627 0.635627 0.635627
2749.524902 0.000000 1579.267944 0.000000 0.121073 0.000000 0.992644 0.306769 0.306769 0.306769
2743.497559 0.000000 1597.304443 0.000000 0.923724 0.000000 -0.383058 0.550739 0.550739 0.550739
2744.714600 0.000000 1581.521240 0.000000 0.763191 0.000000 0.646173 0.406162 0.406162 0.406162
2739.339355 0.000000 1577.057983 0.000000 0.927160 0.000000 -0.374665 0.550431 0.550431 0.550431
2746.666992 0.000000 1576.643555 0.000000 0.420929 0.000000 0.907094 0.347659 0.347659 0.347659
2762.147217 0.000000 1565.148193 0.000000 0.803714 0.000000 0.595016 0.417585 0.417585 0.417585
2783.885254 0.000000 1560.725220 0.000000 0.123336 0.000000 0.992365 0.313215 0.313215 0.313215
2772.931885 0.000000 1567.762085 0.000000 0.415197 0.000000 -0.909732 0.649764 0.649764 0.649764
2758.755859 0.000000 1575.733887 0.000000 0.964036 0.000000 0.265771 0.464608 0.464608 0.464608
2718.172119 0.000000 1625.056152 0.000000 0.946982 0.000000 -0.321286 0.544504 0.544504 0.544504
2740.935791 0.000000 1599.754272 0.000000 0.994124 0.000000 0.108245 0.485947 0.485947 0.485947
2748.946533 0.000000 1600.840332 0.000000 0.231676 0.000000 0.972793 0.321424 0.321424 0.321424
2749.027100 0.000000 1606.037231 0.000000 0.647183 0.000000 -0.762335 0.614924 0.614924 0.614924
2723.398193 0.000000 1610.327515 0.000000 0.889788 0.000000 0.456374 0.436820 0.436820 0.436820
2738.112061 0.000000 1611.866089 0.000000 0.316501 0.000000 -0.948592 0.667726 0.667726 0.667726
2693.087402 0.000000 1646.223877 0.000000 0.114288 0.000000 0.993448 0.310948 0.310948 0.310948
2715.820557 0.000000 1648.849731 0.000000 0.002586 0.000000 0.999997 0.299155 0.299155 0.299155
2703.575439 0.000000 1642.246216 0.000000 0.763646 0.000000 0.645636 0.407658 0.407658 0.407658
2691.795898 0.000000 1653.693237 0.000000 0.676603 0.000000 -0.736348 0.608067 0.608067 0.608067
2699.175781 0.000000 1640.729004 0.000000 0.994221 0.000000 -0.107354 0.514152 0.514152 0.514152
2696.612061 0.000000 1643.906250 0.000000 0.828826 0.000000 0.559507 0.422617 0.422617 0.422617
2696.098145 0.000000 1649.288696 0.000000 0.927693 0.000000 -0.373343 0.550148 0.550148 0.550148
2709.116211 0.000000 1635.056152 0.000000 0.319184 0.000000 -0.947693 0.665791 0.665791 0.665791
2651.019287 0.000000 1721.606445 0.000000 0.161442 0.000000 -0.986882 0.684629 0.684629 0.684629
2662.870605 0.000000 1721.438843 0.000000 0.962743 0.000000 -0.270418 0.535617 0.535617 0.535617
2653.038818 0.000000 1734.005981 0.000000 0.162707 0.000000 -0.986674 0.683056 0.683056 0.683056
2667.937988 0.000000 1731.358887 0.000000 0.166865 0.000000 0.985980 0.320295 0.320295 0.320295
3071.850098 0.000000 1432.756470 0.000000 0.793119 0.000000 -0.609066 0.585344 0.585344 0.585344
1967.665039 0.000000 2825.957031 0.000000 0.019311 0.000000 0.999813 0.280768 0.280768 0.280768
6022.350586 0.000000 1841.236938 0.000000 0.942145 0.000000 -0.335206 0.980532 0.980532 0.980532
7077.629395 0.000000 346.749878 0.000000 0.320664 0.000000 -0.947193 1.234585 1.234585 1.234585
7076.999512 0.000000 347.570099 0.000000 0.962444 0.000000 -0.271481 0.961703 0.961703 0.961703
7073.395020 0.000000 378.148865 0.000000 0.687200 0.000000 -0.726468 1.113209 1.113209 1.113209
7068.913086 0.000000 388.017120 0.000000 0.714358 0.000000 -0.699780 1.102491 1.102491 1.102491
7071.000000 0.000000 393.640656 0.000000 0.754476 0.000000 -0.656328 1.085841 1.085841 1.085841
7092.791992 0.000000 399.408386 0.000000 0.529649 0.000000 0.848217 0.599278 0.599278 0.599278
7073.254883 0.000000 392.992432 0.000000 0.546110 0.000000 -0.837713 1.163852 1.163852 1.163852
7051.722168 0.000000 478.885498 0.000000 0.994038 0.000000 0.109039 0.853560 0.853560 0.853560
7050.775391 0.000000 478.015717 0.000000 0.890161 0.000000 0.455646 0.751143 0.751143 0.751143
7063.945312 0.000000 472.727844 0.000000 0.736617 0.000000 0.676310 0.675243 0.675243 0.675243
7055.836914 0.000000 469.134552 0.000000 0.929113 0.000000 -0.369795 0.990937 0.990937 0.990937
7139.730957 0.000000 521.533997 0.000000 0.760652 0.000000 -0.649160 1.083178 1.083178 1.083178
7134.539062 0.000000 639.193542 0.000000 0.876411 0.000000 -0.481563 1.025743 1.025743 1.025743
7073.966797 0.000000 665.315308 0.000000 0.617412 0.000000 0.786640 0.629471 0.629471 0.629471
7152.572754 0.000000 647.031799 0.000000 0.471037 0.000000 0.882114 0.580216 0.580216 0.580216
7133.806641 0.000000 943.392456 0.000000 0.053458 0.000000 -0.998570 1.311416 1.311416 1.311416
7127.108398 0.000000 953.125122 0.000000 0.526429 0.000000 0.850219 0.598211 0.598211 0.598211
7126.037598 0.000000 953.091187 0.000000 0.803981 0.000000 0.594655 0.705053 0.705053 0.705053
7127.937500 0.000000 952.610657 0.000000 0.618613 0.000000 0.785695 0.629901 0.629901 0.629901
7445.000977 0.000000 383.193909 0.000000 0.157991 0.000000 -0.987441 1.281811 1.281811 1.281811
7511.061523 0.000000 377.265717 0.000000 0.856878 0.000000 0.515519 0.731857 0.731857 0.731857
7508.596191 0.000000 379.030518 0.000000 0.306644 0.000000 -0.951824 1.238742 1.238742 1.238742
7517.463867 0.000000 376.104553 0.000000 0.788021 0.000000 -0.615649 1.070998 1.070998 1.070998
7505.673340 0.000000 369.457336 0.000000 0.683994 0.000000 -0.729487 1.114449 1.114449 1.114449
7442.765625 0.000000 393.347015 0.000000 0.762009 0.000000 -0.647566 1.082588 1.082588 1.082588
7448.750000 0.000000 386.293823 0.000000 0.973309 0.000000 -0.229498 0.949495 0.949495 0.949495
7439.945801 0.000000 384.342316 0.000000 0.976408 0.000000 -0.215935 0.945579 0.945579 0.945579
7478.698730 0.000000 415.092468 0.000000 0.986864 0.000000 -0.161552 0.929989 0.929989 0.929989
7472.408203 0.000000 400.178192 0.000000 0.591590 0.000000 -0.806239 1.148282 1.148282 1.148282
7466.401855 0.000000 423.413788 0.000000 0.149582 0.000000 -0.988749 1.284207 1.284207 1.284207
7468.257324 0.000000 418.831818 0.000000 0.865487 0.000000 0.500932 0.736625 0.736625 0.736625
7511.364258 0.000000 384.075958 0.000000 0.685333 0.000000 -0.728230 1.113932 1.113932 1.113932
7533.471680 0.000000 502.260773 0.000000 0.053099 0.000000 -0.998589 1.311517 1.311517 1.311517
7389.015625 0.000000 565.484741 0.000000 0.591134 0.000000 -0.806573 1.148441 1.148441 1.148441
7387.320801 0.000000 557.931824 0.000000 0.268125 0.000000 0.963384 0.518565 0.518565 0.518565
7389.130371 0.000000 573.987610 0.000000 0.650862 0.000000 0.759196 0.641651 0.641651 0.641651
7393.483887 0.000000 567.750610 0.000000 0.285343 0.000000 0.958425 0.523609 0.523609 0.523609
7343.553711 0.000000 622.302612 0.000000 0.094167 0.000000 -0.995556 1.299925 1.299925 1.299925
7342.239258 0.000000 623.307007 0.000000 0.689422 0.000000 0.724360 0.656281 0.656281 0.656281
7350.784180 0.000000 621.492432 0.000000 0.565414 0.000000 0.824808 0.611311 0.611311 0.611311
7355.321289 0.000000 624.028442 0.000000 0.988905 0.000000 0.148547 0.842345 0.842345 0.842345
7350.221680 0.000000 620.673218 0.000000 0.993933 0.000000 -0.109986 0.915336 0.915336 0.915336
7454.175293 0.000000 567.179077 0.000000 0.370854 0.000000 -0.928691 1.219526 1.219526 1.219526
7459.578613 0.000000 562.133972 0.000000 0.515943 0.000000 0.856623 0.594753 0.594753 0.594753
7461.665039 0.000000 572.232727 0.000000 0.302156 0.000000 -0.953259 1.240068 1.240068 1.240068
7460.008301 0.000000 572.119080 0.000000 0.649589 0.000000 0.760286 0.641180 0.641180 0.641180
7465.228027 0.000000 564.491089 0.000000 0.179719 0.000000 0.983718 0.493022 0.493022 0.493022
7463.831543 0.000000 562.602722 0.000000 0.605677 0.000000 -0.795711 1.143332 1.143332 1.143332
7538.469238 0.000000 537.151917 0.000000 0.572821 0.000000 0.819681 0.613847 0.613847 0.613847
7528.923828 0.000000 527.584473 0.000000 0.947717 0.000000 0.319113 0.792889 0.792889 0.792889
7543.342773 0.000000 527.834351 0.000000 0.943091 0.000000 -0.332534 0.979735 0.979735 0.979735
7528.615723 0.000000 517.056763 0.000000 0.980448 0.000000 0.196777 0.828560 0.828560 0.828560
7536.602539 0.000000 525.514465 0.000000 0.676276 0.000000 -0.736648 1.117412 1.117412 1.117412
7550.665527 0.000000 530.045959 0.000000 0.998365 0.000000 -0.057169 0.900415 0.900415 0.900415
7536.770020 0.000000 524.629883 0.000000 0.281100 0.000000 0.959678 0.522364 0.522364 0.522364
7452.153320 0.000000 585.461060 0.000000 0.483307 0.000000 0.875451 0.584146 0.584146 0.584146
7453.867676 0.000000 585.654419 0.000000 0.912962 0.000000 0.408044 0.766002 0.766002 0.766002
7461.395020 0.000000 581.571045 0.000000 0.999311 0.000000 0.037103 0.873868 0.873868 0.873868
7460.887207 0.000000 580.784912 0.000000 0.865086 0.000000 0.501624 0.736400 0.736400 0.736400
7626.118652 0.000000 511.976196 0.000000 0.060445 0.000000 0.998172 0.459182 0.459182 0.459182
7629.073242 0.000000 521.113525 0.000000 0.127818 0.000000 0.991798 0.478235 0.478235 0.478235
7646.338379 0.000000 710.625488 0.000000 0.001466 0.000000 -0.999999 1.326058 1.326058 1.326058
7638.228027 0.000000 714.683167 0.000000 0.943764 0.000000 -0.330620 0.979163 0.979163 0.979163
7519.307617 0.000000 792.912720 0.000000 0.795561 0.000000 -0.605874 1.067523 1.067523 1.067523
7528.288574 0.000000 791.978638 0.000000 0.980403 0.000000 0.197005 0.828495 0.828495 0.828495
7537.094238 0.000000 799.687927 0.000000 0.763239 0.000000 0.646116 0.686574 0.686574 0.686574
7521.177246 0.000000 799.421021 0.000000 0.972985 0.000000 -0.230867 0.949891 0.949891 0.949891
7528.712402 0.000000 786.047119 0.000000 0.889943 0.000000 0.456071 0.751009 0.751009 0.751009
7524.089355 0.000000 784.827576 0.000000 0.914049 0.000000 0.405605 0.766754 0.766754 0.766754
7522.327148 0.000000 804.012634 0.000000 0.267264 0.000000 -0.963623 1.250314 1.250314 1.250314
7527.124512 0.000000 802.182861 0.000000 0.251381 0.000000 -0.967888 1.254943 1.254943 1.254943
7699.800293 0.000000 778.747498 0.000000 0.818637 0.000000 -0.574312 1.056517 1.056517 1.056517
7699.056641 0.000000 778.119568 0.000000 0.967068 0.000000 0.254519 0.811873 0.811873 0.811873
7708.028809 0.000000 779.625244 0.000000 0.303121 0.000000 -0.952952 1.239783 1.239783 1.239783
7712.658203 0.000000 780.840271 0.000000 0.859798 0.000000 0.510635 0.733459 0.733459 0.733459
6372.070312 0.000000 1380.440063 0.000000 0.992548 0.000000 -0.121855 0.918700 0.918700 0.918700
6373.020020 0.000000 1380.589600 0.000000 0.230177 0.000000 0.973149 0.507535 0.507535 0.507535
6375.434082 0.000000 1385.618042 0.000000 0.148134 0.000000 -0.988967 1.284619 1.284619 1.284619
6168.481445 0.000000 1443.351807 0.000000 0.471204 0.000000 0.882024 0.580269 0.580269 0.580269
6477.448730 0.000000 1328.460449 0.000000 0.688359 0.000000 0.725370 0.655868 0.655868 0.655868
6572.952148 0.000000 1292.884766 0.000000 0.273108 0.000000 0.961983 0.520022 0.520022 0.520022
6574.818848 0.000000 1305.229248 0.000000 0.999898 0.000000 -0.014268 0.888330 0.888330 0.888330
6577.607910 0.000000 1290.951904 0.000000 0.928264 0.000000 -0.371921 0.991582 0.991582 0.991582
6574.364746 0.000000 1287.411011 0.000000 0.795726 0.000000 0.605656 0.701182 0.701182 0.701182
6571.004395 0.000000 1295.971313 0.000000 0.942438 0.000000 -0.334382 0.980286 0.980286 0.980286
6419.391113 0.000000 1439.288330 0.000000 0.513557 0.000000 -0.858056 1.174659 1.174659 1.174659
6420.044922 0.000000 1446.042114 0.000000 0.660385 0.000000 0.750927 0.645202 0.645202 0.645202
6422.794922 0.000000 1444.691650 0.000000 0.964234 0.000000 0.265051 0.808803 0.808803 0.808803
6431.278809 0.000000 1440.216675 0.000000 0.271998 0.000000 0.962298 0.519697 0.519697 0.519697
6734.359375 0.000000 1117.740967 0.000000 0.384623 0.000000 0.923074 0.553287 0.553287 0.553287
6690.733887 0.000000 1174.966919 0.000000 0.998237 0.000000 -0.059353 0.901031 0.901031 0.901031
6696.002441 0.000000 1167.547485 0.000000 0.837211 0.000000 0.546881 0.721437 0.721437 0.721437
6690.383789 0.000000 1174.095459 0.000000 0.353592 0.000000 -0.935400 1.224739 1.224739 1.224739
7164.407715 0.000000 1024.980957 0.000000 0.995380 0.000000 0.096010 0.857247 0.857247 0.857247
7159.540527 0.000000 1028.198608 0.000000 0.964414 0.000000 0.264398 0.808994 0.808994 0.808994
7158.862305 0.000000 1029.929688 0.000000 0.859437 0.000000 0.511242 0.733260 0.733260 0.733260
7161.425293 0.000000 1027.216187 0.000000 0.126498 0.000000 0.991967 0.477860 0.477860 0.477860
7154.429199 0.000000 1030.448120 0.000000 0.976730 0.000000 -0.214474 0.945158 0.945158 0.945158
7164.808105 0.000000 1039.898804 0.000000 0.763111 0.000000 -0.646268 1.082109 1.082109 1.082109
7120.862793 0.000000 1092.651245 0.000000 0.070459 0.000000 0.997515 0.462007 0.462007 0.462007
7111.175293 0.000000 1090.112549 0.000000 0.041633 0.000000 -0.999133 1.314748 1.314748 1.314748
7127.538086 0.000000 1097.218872 0.000000 0.409438 0.000000 -0.912338 1.207729 1.207729 1.207729
7089.125000 0.000000 1272.219116 0.000000 0.998844 0.000000 0.048078 0.870775 0.870775 0.870775
7088.308594 0.000000 1265.604126 0.000000 0.902251 0.000000 -0.431211 1.009810 1.009810 1.009810
7155.563477 0.000000 1242.156250 0.000000 0.499579 0.000000 -0.866268 1.179222 1.179222 1.179222
7161.938965 0.000000 1240.228760 0.000000 0.605295 0.000000 -0.796001 1.143466 1.143466 1.143466
7166.725098 0.000000 1230.571045 0.000000 0.884170 0.000000 0.467166 0.747488 0.747488 0.747488
7163.597168 0.000000 1252.797363 0.000000 0.592709 0.000000 -0.805417 1.147891 1.147891 1.147891
7158.081543 0.000000 1254.684570 0.000000 0.942581 0.000000 -0.333977 0.980165 0.980165 0.980165
6666.262207 0.000000 1316.725464 0.000000 0.980505 0.000000 0.196495 0.828641 0.828641 0.828641
6714.603516 0.000000 1467.648438 0.000000 0.575481 0.000000 0.817815 0.614762 0.614762 0.614762
6715.297852 0.000000 1470.495117 0.000000 0.771373 0.000000 0.636384 0.690145 0.690145 0.690145
6719.454590 0.000000 1470.779785 0.000000 0.145358 0.000000 -0.989379 1.285409 1.285409 1.285409
6707.881836 0.000000 1476.781372 0.000000 0.318600 0.000000 -0.947889 1.235198 1.235198 1.235198
6702.662109 0.000000 1477.097290 0.000000 0.906843 0.000000 -0.421468 1.006778 1.006778 1.006778
6714.424805 0.000000 1504.614258 0.000000 0.575817 0.000000 0.817578 0.614878 0.614878 0.614878
6719.493164 0.000000 1473.108521 0.000000 0.698267 0.000000 0.715838 0.659738 0.659738 0.659738
6753.562012 0.000000 1527.516235 0.000000 0.645139 0.000000 -0.764066 1.129092 1.129092 1.129092
6895.554688 0.000000 1456.626587 0.000000 0.528431 0.000000 0.848976 0.598875 0.598875 0.598875
6882.577637 0.000000 1529.878906 0.000000 0.924079 0.000000 -0.382200 0.994706 0.994706 0.994706
6889.799805 0.000000 1521.062378 0.000000 0.006519 0.000000 0.999979 0.443992 0.443992 0.443992
6883.710449 0.000000 1529.257812 0.000000 0.953308 0.000000 0.301999 0.797957 0.797957 0.797957
6895.786133 0.000000 1530.983276 0.000000 0.988887 0.000000 0.148668 0.842310 0.842310 0.842310
6898.315918 0.000000 1531.463501 0.000000 0.753017 0.000000 -0.658001 1.086466 1.086466 1.086466
6904.964355 0.000000 1525.317505 0.000000 0.559027 0.000000 -0.829149 1.159490 1.159490 1.159490
7100.726074 0.000000 1292.908203 0.000000 0.976555 0.000000 -0.215269 0.945387 0.945387 0.945387
7108.512695 0.000000 1298.172607 0.000000 0.674385 0.000000 -0.738380 1.118134 1.118134 1.118134
7161.353516 0.000000 1298.120605 0.000000 0.805282 0.000000 0.592892 0.705670 0.705670 0.705670
7166.396973 0.000000 1286.484863 0.000000 0.147336 0.000000 -0.989086 1.284846 1.284846 1.284846
7165.122070 0.000000 1290.099121 0.000000 0.994661 0.000000 0.103196 0.855214 0.855214 0.855214
7161.908203 0.000000 1299.065186 0.000000 0.983747 0.000000 -0.179560 0.935133 0.935133 0.935133
7155.866699 0.000000 1290.622437 0.000000 0.217109 0.000000 0.976147 0.503761 0.503761 0.503761
7148.432617 0.000000 1286.725708 0.000000 0.322908 0.000000 0.946430 0.534710 0.534710 0.534710
7160.089844 0.000000 1298.370972 0.000000 0.967671 0.000000 0.252215 0.812544 0.812544 0.812544
7164.095215 0.000000 1291.500244 0.000000 0.513867 0.000000 -0.857870 1.174557 1.174557 1.174557
6522.630859 0.000000 1725.443115 0.000000 0.558788 0.000000 -0.829310 1.159571 1.159571 1.159571
6522.785645 0.000000 1715.946167 0.000000 0.574273 0.000000 0.818664 0.614346 0.614346 0.614346
6406.888672 0.000000 1755.987671 0.000000 0.737931 0.000000 0.674877 0.675790 0.675790 0.675790
6729.015625 0.000000 1562.180542 0.000000 0.354391 0.000000 -0.935097 1.224499 1.224499 1.224499
6688.004395 0.000000 1631.523682 0.000000 0.900661 0.000000 -0.434522 1.010844 1.010844 1.010844
6692.869629 0.000000 1628.482056 0.000000 0.651923 0.000000 0.758285 0.642045 0.642045 0.642045
6695.405273 0.000000 1638.016602 0.000000 0.267688 0.000000 0.963506 0.518438 0.518438 0.518438
6688.196777 0.000000 1631.885132 0.000000 0.482306 0.000000 0.876003 0.583825 0.583825 0.583825
6800.236328 0.000000 1558.825073 0.000000 0.907464 0.000000 0.420131 0.762265 0.762265 0.762265
6795.955078 0.000000 1558.322754 0.000000 0.165895 0.000000 0.986143 0.489071 0.489071 0.489071
6810.758301 0.000000 1554.289307 0.000000 0.605119 0.000000 -0.796135 1.143529 1.143529 1.143529
6795.618164 0.000000 1556.088135 0.000000 0.590856 0.000000 -0.806777 1.148538 1.148538 1.148538
6801.186035 0.000000 1559.154053 0.000000 0.053162 0.000000 -0.998586 1.311499 1.311499 1.311499
6797.061035 0.000000 1567.630859 0.000000 0.374397 0.000000 0.927269 0.550176 0.550176 0.550176
6795.765137 0.000000 1573.796753 0.000000 0.765068 0.000000 0.643949 0.687373 0.687373 0.687373
6909.833984 0.000000 1583.236206 0.000000 0.125135 0.000000 0.992140 0.477473 0.477473 0.477473
6909.178223 0.000000 1582.093872 0.000000 0.829746 0.000000 0.558141 0.717634 0.717634 0.717634
6857.647461 0.000000 1629.132568 0.000000 0.908597 0.000000 0.417674 0.763026 0.763026 0.763026
6848.432129 0.000000 1629.277100 0.000000 0.529936 0.000000 0.848037 0.599374 0.599374 0.599374
6849.174316 0.000000 1628.441406 0.000000 0.643185 0.000000 -0.765711 1.129811 1.129811 1.129811
6883.858398 0.000000 1619.943115 0.000000 0.818142 0.000000 -0.575016 1.056759 1.056759 1.056759
6908.188477 0.000000 1657.766235 0.000000 0.322400 0.000000 0.946603 0.534559 0.534559 0.534559
6905.531738 0.000000 1657.720215 0.000000 0.200156 0.000000 -0.979764 1.269747 1.269747 1.269747
6735.627930 0.000000 1678.044800 0.000000 0.110063 0.000000 0.993925 0.473201 0.473201 0.473201
6732.582520 0.000000 1684.948120 0.000000 0.608960 0.000000 0.793201 0.626459 0.626459 0.626459
6729.114746 0.000000 1683.094849 0.000000 0.907911 0.000000 -0.419162 1.006063 1.006063 1.006063
6734.313477 0.000000 1679.049194 0.000000 0.999912 0.000000 -0.013291 0.888055 0.888055 0.888055
6735.875977 0.000000 1684.837646 0.000000 0.053090 0.000000 -0.998590 1.311520 1.311520 1.311520
6734.974609 0.000000 1684.370850 0.000000 0.890062 0.000000 0.455839 0.751082 0.751082 0.751082
6850.841797 0.000000 1726.975830 0.000000 0.892025 0.000000 0.451987 0.752299 0.752299 0.752299
6858.054199 0.000000 1738.822876 0.000000 0.505041 0.000000 -0.863095 1.177444 1.177444 1.177444
6859.450195 0.000000 1741.557983 0.000000 0.437997 0.000000 0.898976 0.569774 0.569774 0.569774
6848.763672 0.000000 1740.605957 0.000000 0.979359 0.000000 0.202130 0.827022 0.827022 0.827022
6856.578613 0.000000 1744.494019 0.000000 0.834656 0.000000 0.550772 0.720126 0.720126 0.720126
6927.604492 0.000000 1582.068237 0.000000 0.503022 0.000000 -0.864274 1.178102 1.178102 1.178102
6918.162598 0.000000 1580.927979 0.000000 0.947057 0.000000 -0.321065 0.976318 0.976318 0.976318
6916.942383 0.000000 1581.085693 0.000000 0.388125 0.000000 0.921607 0.554356 0.554356 0.554356
6920.248535 0.000000 1653.133179 0.000000 0.266111 0.000000 -0.963942 1.250651 1.250651 1.250651
6933.020508 0.000000 1657.317749 0.000000 0.905995 0.000000 -0.423287 1.007343 1.007343 1.007343
6927.121582 0.000000 1659.795776 0.000000 0.831019 0.000000 0.556243 0.718277 0.718277 0.718277
6926.080566 0.000000 1658.933838 0.000000 0.162343 0.000000 0.986734 0.488057 0.488057 0.488057
6933.467773 0.000000 1740.901611 0.000000 0.616254 0.000000 0.787548 0.629057 0.629057 0.629057
6951.225586 0.000000 1735.275513 0.000000 0.592996 0.000000 -0.805205 1.147791 1.147791 1.147791
7611.117676 0.000000 1077.218750 0.000000 0.787470 0.000000 -0.616353 1.071249 1.071249 1.071249
7603.127441 0.000000 1068.679932 0.000000 0.853837 0.000000 -0.520541 1.038423 1.038423 1.038423
7612.057617 0.000000 1071.226807 0.000000 0.376434 0.000000 0.926443 0.550795 0.550795 0.550795
7603.567871 0.000000 1059.875244 0.000000 0.471480 0.000000 0.881877 0.580357 0.580357 0.580357
7619.559082 0.000000 1074.009033 0.000000 0.877648 0.000000 -0.479306 1.025018 1.025018 1.025018
7618.278809 0.000000 1074.431274 0.000000 0.980249 0.000000 0.197766 0.828276 0.828276 0.828276
7666.185547 0.000000 1245.523804 0.000000 0.942793 0.000000 -0.333379 0.979987 0.979987 0.979987
7669.196289 0.000000 1266.760132 0.000000 0.558155 0.000000 -0.829737 1.159786 1.159786 1.159786
7658.558594 0.000000 1257.917603 0.000000 0.454981 0.000000 -0.890501 1.193511 1.193511 1.193511
7667.472168 0.000000 1259.747070 0.000000 0.271584 0.000000 0.962415 0.519576 0.519576 0.519576
7167.462402 0.000000 1286.340576 0.000000 0.923648 0.000000 -0.383242 0.995023 0.995023 0.995023
7409.085938 0.000000 1528.156616 0.000000 0.994786 0.000000 0.101987 0.855556 0.855556 0.855556
7546.987305 0.000000 1353.485474 0.000000 0.965037 0.000000 0.262114 0.809660 0.809660 0.809660
7547.297852 0.000000 1359.848755 0.000000 0.382339 0.000000 0.924022 0.552591 0.552591 0.552591
7572.346191 0.000000 1311.824585 0.000000 0.966812 0.000000 0.255489 0.811591 0.811591 0.811591
7579.546387 0.000000 1316.781738 0.000000 0.900957 0.000000 -0.433909 1.010652 1.010652 1.010652
7580.171875 0.000000 1330.006592 0.000000 0.269794 0.000000 0.962918 0.519053 0.519053 0.519053
7623.497070 0.000000 1361.359009 0.000000 0.455406 0.000000 -0.890284 1.193376 1.193376 1.193376
7636.408691 0.000000 1355.479736 0.000000 0.772919 0.000000 0.634504 0.690830 0.690830 0.690830
7625.268555 0.000000 1350.186401 0.000000 0.998451 0.000000 -0.055641 0.899984 0.899984 0.899984
7632.238770 0.000000 1351.870239 0.000000 0.658685 0.000000 0.752419 0.644565 0.644565 0.644565
7637.103516 0.000000 1354.058960 0.000000 0.985821 0.000000 -0.167801 0.931772 0.931772 0.931772
7628.823242 0.000000 1356.869141 0.000000 0.057579 0.000000 0.998341 0.458374 0.458374 0.458374
7632.193359 0.000000 1355.137085 0.000000 0.973064 0.000000 -0.230535 0.949795 0.949795 0.949795
7642.975586 0.000000 1353.485474 0.000000 0.202036 0.000000 -0.979378 1.269206 1.269206 1.269206
7628.348633 0.000000 1363.165527 0.000000 0.866140 0.000000 0.499801 0.736993 0.736993 0.736993
7637.056641 0.000000 1358.100098 0.000000 0.838178 0.000000 0.545396 0.721935 0.721935 0.721935
7622.755859 0.000000 1362.222778 0.000000 0.456989 0.000000 -0.889472 1.192876 1.192876 1.192876
7631.949707 0.000000 1354.227417 0.000000 0.924317 0.000000 -0.381626 0.994531 0.994531 0.994531
7475.186035 0.000000 1447.042603 0.000000 0.376303 0.000000 0.926497 0.550755 0.550755 0.550755
7473.015625 0.000000 1439.814575 0.000000 0.165869 0.000000 0.986148 0.489064 0.489064 0.489064
7463.311523 0.000000 1486.528809 0.000000 0.989358 0.000000 0.145500 0.843212 0.843212 0.843212
7470.223633 0.000000 1487.096069 0.000000 0.998554 0.000000 0.053767 0.869172 0.869172 0.869172
7473.411621 0.000000 1480.709106 0.000000 0.317935 0.000000 -0.948112 1.235396 1.235396 1.235396
7471.212891 0.000000 1478.915161 0.000000 0.160160 0.000000 -0.987091 1.281193 1.281193 1.281193
7470.749023 0.000000 1491.530640 0.000000 0.984303 0.000000 -0.176484 0.934253 0.934253 0.934253
7699.140137 0.000000 1330.427612 0.000000 0.999990 0.000000 -0.004362 0.885541 0.885541 0.885541
7685.612793 0.000000 1332.055664 0.000000 0.750119 0.000000 -0.661303 1.087702 1.087702 1.087702
7684.651855 0.000000 1332.590332 0.000000 0.876533 0.000000 -0.481342 1.025672 1.025672 1.025672
7741.708496 0.000000 1522.491943 0.000000 0.595484 0.000000 -0.803367 1.146920 1.146920 1.146920
7741.006348 0.000000 1523.686523 0.000000 0.334259 0.000000 0.942481 0.538093 0.538093 0.538093
7744.099609 0.000000 1522.084595 0.000000 0.474296 0.000000 0.880366 0.581257 0.581257 0.581257
7337.588867 0.000000 1565.148193 0.000000 0.039643 0.000000 -0.999214 1.315309 1.315309 1.315309
7337.118164 0.000000 1564.003662 0.000000 0.930838 0.000000 0.365431 0.779011 0.779011 0.779011
7375.913086 0.000000 1566.764282 0.000000 0.771162 0.000000 0.636638 0.690052 0.690052 0.690052
7373.863281 0.000000 1569.003296 0.000000 1.000000 0.000000 0.000115 0.884282 0.884282 0.884282
7370.413574 0.000000 1575.132568 0.000000 0.515823 0.000000 0.856695 0.594713 0.594713 0.594713
7371.314453 0.000000 1574.722656 0.000000 0.885776 0.000000 0.464113 0.748460 0.748460 0.748460
7320.054199 0.000000 1740.054932 0.000000 0.908281 0.000000 0.418360 0.762814 0.762814 0.762814
7320.984375 0.000000 1740.788696 0.000000 0.988846 0.000000 0.148939 0.842233 0.842233 0.842233
7475.594727 0.000000 1550.283569 0.000000 0.794465 0.000000 -0.607310 1.068031 1.068031 1.068031
7472.240234 0.000000 1541.838623 0.000000 0.113337 0.000000 0.993557 0.474128 0.474128 0.474128
7479.065430 0.000000 1560.976685 0.000000 0.992116 0.000000 -0.125324 0.919684 0.919684 0.919684
7478.195312 0.000000 1562.131836 0.000000 0.909134 0.000000 0.416504 0.763389 0.763389 0.763389
7478.670898 0.000000 1563.062988 0.000000 0.927051 0.000000 -0.374935 0.992496 0.992496 0.992496
7483.367676 0.000000 1559.535645 0.000000 0.594324 0.000000 -0.804226 1.147326 1.147326 1.147326
7479.894531 0.000000 1560.462158 0.000000 0.452372 0.000000 -0.891829 1.194335 1.194335 1.194335
7428.636719 0.000000 1654.821533 0.000000 0.388698 0.000000 0.921365 0.554531 0.554531 0.554531
7497.992676 0.000000 1625.507935 0.000000 0.013360 0.000000 0.999911 0.445918 0.445918 0.445918
7495.209961 0.000000 1619.135864 0.000000 0.999300 0.000000 0.037421 0.873778 0.873778 0.873778
7497.124512 0.000000 1624.661255 0.000000 0.890826 0.000000 0.454346 0.751555 0.751555 0.751555
7536.279297 0.000000 1661.380493 0.000000 0.511956 0.000000 -0.859012 1.175183 1.175183 1.175183
7537.453125 0.000000 1661.991089 0.000000 0.159050 0.000000 -0.987271 1.281510 1.281510 1.281510
7608.680176 0.000000 1561.040771 0.000000 0.607723 0.000000 0.794149 0.626021 0.626021 0.626021
7606.683105 0.000000 1566.811279 0.000000 0.927519 0.000000 -0.373777 0.992145 0.992145 0.992145
7599.770508 0.000000 1556.868896 0.000000 0.271362 0.000000 0.962477 0.519511 0.519511 0.519511
7598.869141 0.000000 1556.402100 0.000000 0.458200 0.000000 -0.888849 1.192492 1.192492 1.192492
7617.072266 0.000000 1535.675415 0.000000 0.764873 0.000000 0.644181 0.687287 0.687287 0.687287
7670.562012 0.000000 1545.328125 0.000000 0.765269 0.000000 0.643710 0.687460 0.687460 0.687460
7644.916016 0.000000 1584.704712 0.000000 0.355029 0.000000 -0.934855 1.224307 1.224307 1.224307
7644.164062 0.000000 1585.944092 0.000000 0.818892 0.000000 -0.573948 1.056391 1.056391 1.056391
7644.035645 0.000000 1584.367310 0.000000 0.471111 0.000000 0.882074 0.580240 0.580240 0.580240
7653.338379 0.000000 1584.339111 0.000000 0.284077 0.000000 0.958801 0.523237 0.523237 0.523237
7647.079590 0.000000 1583.947266 0.000000 0.972402 0.000000 -0.233310 0.950598 0.950598 0.950598
7663.812988 0.000000 1580.284058 0.000000 0.977727 0.000000 0.209881 0.824793 0.824793 0.824793
7589.352051 0.000000 1618.170410 0.000000 0.905595 0.000000 -0.424144 1.007609 1.007609 1.007609
7598.503418 0.000000 1622.967163 0.000000 0.837952 0.000000 0.545744 0.721819 0.721819 0.721819
7599.885742 0.000000 1630.748657 0.000000 0.216372 0.000000 0.976311 0.503548 0.503548 0.503548
7600.594727 0.000000 1613.248901 0.000000 0.557780 0.000000 -0.829989 1.159913 1.159913 1.159913
7593.422852 0.000000 1623.529053 0.000000 0.003092 0.000000 0.999995 0.443027 0.443027 0.443027
7598.693848 0.000000 1625.151123 0.000000 0.854079 0.000000 -0.520143 1.038292 1.038292 1.038292
7598.919922 0.000000 1630.386719 0.000000 0.219200 0.000000 0.975680 0.504364 0.504364 0.504364
7599.393555 0.000000 1623.357422 0.000000 0.558910 0.000000 -0.829229 1.159530 1.159530 1.159530
7533.573242 0.000000 1666.549316 0.000000 0.968396 0.000000 0.249418 0.813357 0.813357 0.813357
7541.393555 0.000000 1676.917236 0.000000 0.994613 0.000000 0.103661 0.855082 0.855082 0.855082
7528.196289 0.000000 1671.468262 0.000000 0.265178 0.000000 -0.964199 1.250923 1.250923 1.250923
7545.119141 0.000000 1668.358643 0.000000 0.421286 0.000000 0.906928 0.564565 0.564565 0.564565
7537.403809 0.000000 1672.662231 0.000000 0.016239 0.000000 0.999868 0.446728 0.446728 0.446728
7535.205078 0.000000 1670.868286 0.000000 0.675924 0.000000 -0.736971 1.117547 1.117547 1.117547
7544.112305 0.000000 1669.278687 0.000000 0.774367 0.000000 0.632737 0.691473 0.691473 0.691473
7532.249512 0.000000 1666.527100 0.000000 0.884535 0.000000 0.466474 0.747709 0.747709 0.747709
7532.421875 0.000000 1667.649658 0.000000 0.995563 0.000000 0.094099 0.857787 0.857787 0.857787
7541.381836 0.000000 1666.292114 0.000000 0.057755 0.000000 0.998331 0.458423 0.458423 0.458423
7548.157715 0.000000 1670.920532 0.000000 0.387045 0.000000 0.922061 0.554026 0.554026 0.554026
7632.907227 0.000000 1706.006592 0.000000 0.252930 0.000000 -0.967485 1.254493 1.254493 1.254493
7635.123535 0.000000 1708.523682 0.000000 1.000000 0.000000 -0.000246 0.884383 0.884383 0.884383
7630.239258 0.000000 1713.622681 0.000000 0.737606 0.000000 0.675232 0.675654 0.675654 0.675654
7643.288574 0.000000 1702.228516 0.000000 0.479719 0.000000 0.877422 0.582994 0.582994 0.582994
7644.491699 0.000000 1720.727417 0.000000 0.718059 0.000000 -0.695982 1.100998 1.100998 1.100998
7645.558594 0.000000 1708.341797 0.000000 0.368033 0.000000 -0.929813 1.220381 1.220381 1.220381
7631.274902 0.000000 1713.548828 0.000000 0.998462 0.000000 -0.055443 0.899928 0.899928 0.899928
7656.006836 0.000000 1707.890625 0.000000 0.828608 0.000000 0.559830 0.717060 0.717060 0.717060
7606.752930 0.000000 1741.218994 0.000000 0.409611 0.000000 -0.912260 1.207676 1.207676 1.207676
7606.190430 0.000000 1740.399780 0.000000 0.908043 0.000000 -0.418878 1.005975 1.005975 1.005975
7624.167969 0.000000 1755.078491 0.000000 0.647282 0.000000 0.762250 0.640327 0.640327 0.640327
7615.083496 0.000000 1743.908203 0.000000 0.794500 0.000000 -0.607265 1.068015 1.068015 1.068015
7624.906250 0.000000 1754.133667 0.000000 0.738013 0.000000 0.674786 0.675824 0.675824 0.675824
7202.453125 0.000000 1822.007690 0.000000 0.804573 0.000000 0.593854 0.705334 0.705334 0.705334
7196.484375 0.000000 1829.982544 0.000000 0.929310 0.000000 -0.369301 0.990788 0.990788 0.990788
7192.171875 0.000000 1837.458740 0.000000 0.999348 0.000000 0.036106 0.874148 0.874148 0.874148
7190.724609 0.000000 1835.540161 0.000000 0.964399 0.000000 0.264453 0.808978 0.808978 0.808978
7191.559082 0.000000 1834.393799 0.000000 0.942511 0.000000 -0.334176 0.980225 0.980225 0.980225
7198.560059 0.000000 1848.016113 0.000000 0.876176 0.000000 -0.481990 1.025880 1.025880 1.025880
7202.433594 0.000000 1823.923096 0.000000 0.858192 0.000000 0.513329 0.732576 0.732576 0.732576
7208.442383 0.000000 1838.350830 0.000000 0.308444 0.000000 -0.951243 1.238209 1.238209 1.238209
7195.253418 0.000000 1857.921997 0.000000 0.827834 0.000000 -0.560974 1.051956 1.051956 1.051956
7194.014648 0.000000 1857.864868 0.000000 0.876565 0.000000 -0.481283 1.025653 1.025653 1.025653
7932.150391 0.000000 1725.044922 0.000000 0.819838 0.000000 -0.572596 1.055927 1.055927 1.055927
7927.010742 0.000000 1720.937622 0.000000 0.942485 0.000000 -0.334249 0.980247 0.980247 0.980247
7826.529785 0.000000 1745.041382 0.000000 0.265268 0.000000 -0.964175 1.250897 1.250897 1.250897
7833.826172 0.000000 1746.955811 0.000000 0.469410 0.000000 -0.882980 1.188930 1.188930 1.188930
7832.007812 0.000000 1746.261597 0.000000 0.964569 0.000000 0.263831 0.809159 0.809159 0.809159
7831.807617 0.000000 1753.364624 0.000000 0.875631 0.000000 -0.482981 1.026198 1.026198 1.026198
7843.841797 0.000000 1751.879028 0.000000 0.959487 0.000000 -0.281754 0.964712 0.964712 0.964712
7868.026367 0.000000 1743.062744 0.000000 0.713918 0.000000 -0.700229 1.102667 1.102667 1.102667
7840.642578 0.000000 1740.605957 0.000000 0.994140 0.000000 0.108098 0.853826 0.853826 0.853826
7854.135254 0.000000 1741.614502 0.000000 0.303632 0.000000 -0.952789 1.239632 1.239632 1.239632
7849.240723 0.000000 1739.899170 0.000000 0.998678 0.000000 0.051397 0.869840 0.869840 0.869840
7867.971680 0.000000 1738.374512 0.000000 0.973511 0.000000 -0.228642 0.949248 0.949248 0.949248
7847.593262 0.000000 1732.936157 0.000000 0.999991 0.000000 -0.004335 0.885534 0.885534 0.885534
7864.404297 0.000000 1738.214355 0.000000 0.912740 0.000000 0.408541 0.765849 0.765849 0.765849
7860.907227 0.000000 1785.286499 0.000000 0.573333 0.000000 0.819322 0.614023 0.614023 0.614023
7868.071289 0.000000 1785.734985 0.000000 0.468141 0.000000 0.883654 0.579293 0.579293 0.579293
7863.229004 0.000000 1780.324097 0.000000 0.773964 0.000000 0.633230 0.691294 0.691294 0.691294
7926.121582 0.000000 1731.025391 0.000000 0.355883 0.000000 -0.934530 1.224050 1.224050 1.224050
7930.137695 0.000000 1754.530029 0.000000 0.977516 0.000000 0.210860 0.824511 0.824511 0.824511
7920.715332 0.000000 1786.680420 0.000000 0.885274 0.000000 0.465070 0.748155 0.748155 0.748155
7918.660156 0.000000 1791.416504 0.000000 0.367566 0.000000 -0.929997 1.220522 1.220522 1.220522
7926.484375 0.000000 1761.336792 0.000000 0.999999 0.000000 0.001033 0.884023 0.884023 0.884023
7930.276367 0.000000 1760.551758 0.000000 0.090165 0.000000 -0.995927 1.301056 1.301056 1.301056
7920.960938 0.000000 1759.736450 0.000000 0.942086 0.000000 -0.335370 0.980581 0.980581 0.980581
7922.379395 0.000000 1759.795410 0.000000 0.214943 0.000000 0.976627 0.503136 0.503136 0.503136
7931.403320 0.000000 1760.000244 0.000000 0.999218 0.000000 0.039532 0.873183 0.873183 0.873183
7918.880859 0.000000 1790.347656 0.000000 0.886449 0.000000 0.462826 0.748868 0.748868 0.748868
7919.187012 0.000000 1782.206177 0.000000 0.979443 0.000000 0.201723 0.827139 0.827139 0.827139
7937.635254 0.000000 1728.900513 0.000000 0.928017 0.000000 -0.372538 0.991769 0.991769 0.991769
7964.452637 0.000000 1784.711792 0.000000 0.405635 0.000000 -0.914035 1.208902 1.208902 1.208902
7970.220703 0.000000 1776.895142 0.000000 0.620276 0.000000 0.784384 0.630498 0.630498 0.630498
7813.905273 0.000000 1990.384277 0.000000 0.595120 0.000000 -0.803637 1.147048 1.147048 1.147048
7969.742188 0.000000 1802.460205 0.000000 0.881181 0.000000 -0.472780 1.022929 1.022929 1.022929
6021.840820 0.000000 2491.763916 0.000000 0.211543 0.000000 -0.977369 1.266471 1.266471 1.266471
6025.534180 0.000000 2485.151855 0.000000 0.901439 0.000000 -0.432905 1.010339 1.010339 1.010339
6025.403809 0.000000 2484.022461 0.000000 0.213160 0.000000 -0.977017 1.266005 1.266005 1.266005
5910.890137 0.000000 2590.561279 0.000000 0.573186 0.000000 0.819425 0.613973 0.613973 0.613973
5918.365234 0.000000 2600.314697 0.000000 0.017745 0.000000 0.999843 0.447152 0.447152 0.447152
5910.360840 0.000000 2591.386719 0.000000 0.036323 0.000000 -0.999340 1.316244 1.316244 1.316244
5918.476074 0.000000 2601.987061 0.000000 0.370229 0.000000 0.928940 0.548912 0.548912 0.548912
5916.937988 0.000000 2593.998535 0.000000 0.511551 0.000000 -0.859253 1.175316 1.175316 1.175316
6061.176758 0.000000 2781.176270 0.000000 0.973011 0.000000 -0.230760 0.949860 0.949860 0.949860
6052.490723 0.000000 2793.680176 0.000000 0.323602 0.000000 0.946193 0.534916 0.534916 0.534916
6056.213867 0.000000 2786.296387 0.000000 0.908200 0.000000 0.418537 0.762759 0.762759 0.762759
6056.622559 0.000000 2787.258545 0.000000 0.437717 0.000000 0.899113 0.569686 0.569686 0.569686
5981.947266 0.000000 2958.900391 0.000000 0.859388 0.000000 0.511323 0.733234 0.733234 0.733234
5977.199707 0.000000 2954.668213 0.000000 0.881250 0.000000 -0.472650 1.022888 1.022888 1.022888
5968.470703 0.000000 2973.060059 0.000000 0.762864 0.000000 0.646559 0.686411 0.686411 0.686411
5977.073730 0.000000 2959.803955 0.000000 0.817847 0.000000 -0.575436 1.056903 1.056903 1.056903
5976.218262 0.000000 2955.758057 0.000000 0.648526 0.000000 -0.761193 1.127841 1.127841 1.127841
5978.852051 0.000000 2963.641357 0.000000 0.548997 0.000000 -0.835824 1.162881 1.162881 1.162881
5978.052734 0.000000 2962.658936 0.000000 0.964854 0.000000 0.262786 0.809464 0.809464 0.809464
5974.389648 0.000000 2956.102783 0.000000 0.998384 0.000000 -0.056831 0.900320 0.900320 0.900320
5961.515625 0.000000 2982.955566 0.000000 0.302750 0.000000 -0.953070 1.239892 1.239892 1.239892
5966.100586 0.000000 2975.606445 0.000000 0.636838 0.000000 -0.770998 1.132136 1.132136 1.132136
5971.767090 0.000000 3075.383057 0.000000 0.798975 0.000000 0.601364 0.702697 0.702697 0.702697
6067.339355 0.000000 3377.927734 0.000000 0.994662 0.000000 0.103182 0.855218 0.855218 0.855218
6070.870605 0.000000 3390.365967 0.000000 0.480350 0.000000 0.877077 0.583196 0.583196 0.583196
6067.543457 0.000000 3376.076172 0.000000 0.385878 0.000000 0.922550 0.553670 0.553670 0.553670
6070.843750 0.000000 3391.972412 0.000000 0.762195 0.000000 0.647348 0.686120 0.686120 0.686120
6580.854492 0.000000 2222.963135 0.000000 0.984263 0.000000 -0.176711 0.934318 0.934318 0.934318
6170.538574 0.000000 2415.012695 0.000000 0.424373 0.000000 0.905488 0.565523 0.565523 0.565523
6173.670898 0.000000 2420.259033 0.000000 0.764434 0.000000 0.644702 0.687095 0.687095 0.687095
6174.518066 0.000000 2438.203613 0.000000 0.725946 0.000000 0.687752 0.670838 0.670838 0.670838
6176.845703 0.000000 2444.434082 0.000000 0.575783 0.000000 0.817603 0.614866 0.614866 0.614866
7100.057617 0.000000 2070.148926 0.000000 0.953440 0.000000 0.301583 0.798080 0.798080 0.798080
7073.146973 0.000000 2108.324219 0.000000 0.405900 0.000000 -0.913917 1.208820 1.208820 1.208820
7074.160156 0.000000 2095.910645 0.000000 0.942874 0.000000 -0.333149 0.979918 0.979918 0.979918
7114.942871 0.000000 2073.116943 0.000000 0.739033 0.000000 0.673669 0.676250 0.676250 0.676250
6960.349609 0.000000 2237.239746 0.000000 0.827420 0.000000 -0.561584 1.052164 1.052164 1.052164
6961.532227 0.000000 2227.769531 0.000000 0.924568 0.000000 -0.381017 0.994346 0.994346 0.994346
6964.409668 0.000000 2224.240723 0.000000 0.964906 0.000000 0.262594 0.809520 0.809520 0.809520
6954.289062 0.000000 2238.924072 0.000000 0.771872 0.000000 0.635778 0.690366 0.690366 0.690366
6965.352051 0.000000 2225.178711 0.000000 0.687054 0.000000 -0.726606 1.113266 1.113266 1.113266
6958.771973 0.000000 2233.002686 0.000000 0.636684 0.000000 -0.771125 1.132192 1.132192 1.132192
6675.692383 0.000000 2542.041504 0.000000 0.253064 0.000000 -0.967449 1.254454 1.254454 1.254454
6680.234375 0.000000 2541.286865 0.000000 0.997716 0.000000 -0.067554 0.903344 0.903344 0.903344
6675.067383 0.000000 2551.206299 0.000000 0.214938 0.000000 0.976628 0.503135 0.503135 0.503135
6677.387207 0.000000 2545.100586 0.000000 0.935733 0.000000 0.352709 0.782848 0.782848 0.782848
6677.725586 0.000000 2543.782471 0.000000 0.059292 0.000000 0.998241 0.458857 0.458857 0.458857
6678.392578 0.000000 2547.187500 0.000000 0.807075 0.000000 0.590449 0.706523 0.706523 0.706523
6681.062500 0.000000 2540.593262 0.000000 0.232963 0.000000 0.972486 0.508341 0.508341 0.508341
6672.875488 0.000000 2540.137695 0.000000 0.830428 0.000000 0.557125 0.717978 0.717978 0.717978
6722.910156 0.000000 2506.108887 0.000000 0.201046 0.000000 -0.979582 1.269491 1.269491 1.269491
6723.901367 0.000000 2506.822754 0.000000 0.433156 0.000000 0.901319 0.568260 0.568260 0.568260
6751.526367 0.000000 2540.866699 0.000000 0.994196 0.000000 0.107587 0.853971 0.853971 0.853971
6975.130859 0.000000 2492.123779 0.000000 0.369088 0.000000 -0.929394 1.220061 1.220061 1.220061
6975.235352 0.000000 2493.598145 0.000000 0.976411 0.000000 -0.215922 0.945575 0.945575 0.945575
6969.853027 0.000000 2505.673828 0.000000 0.355015 0.000000 -0.934860 1.224311 1.224311 1.224311
6361.522949 0.000000 2562.841064 0.000000 0.826455 0.000000 -0.563003 1.052647 1.052647 1.052647
6392.828613 0.000000 2584.790771 0.000000 0.308520 0.000000 -0.951218 1.238186 1.238186 1.238186
6367.715820 0.000000 2563.298096 0.000000 0.424473 0.000000 0.905440 0.565555 0.565555 0.565555
6393.392578 0.000000 2586.474365 0.000000 0.986578 0.000000 -0.163292 0.930485 0.930485 0.930485
6368.107910 0.000000 2568.682373 0.000000 0.602706 0.000000 -0.797963 1.144381 1.144381 1.144381
6378.997070 0.000000 2577.315918 0.000000 0.606500 0.000000 -0.795084 1.143040 1.143040 1.143040
6391.968750 0.000000 2775.176270 0.000000 0.976099 0.000000 -0.217326 0.945980 0.945980 0.945980
6382.229980 0.000000 2763.966797 0.000000 0.457379 0.000000 -0.889272 1.192752 1.192752 1.192752
6386.351074 0.000000 2772.781006 0.000000 0.929042 0.000000 -0.369975 0.990992 0.990992 0.990992
6388.385742 0.000000 2764.983643 0.000000 0.605437 0.000000 0.795893 0.625211 0.625211 0.625211
6382.663086 0.000000 2767.896729 0.000000 0.216139 0.000000 0.976363 0.503481 0.503481 0.503481
6388.796875 0.000000 2764.070068 0.000000 0.481624 0.000000 0.876378 0.583605 0.583605 0.583605
6428.485840 0.000000 2775.338623 0.000000 0.819152 0.000000 -0.573577 1.056264 1.056264 1.056264
6427.529297 0.000000 2763.846191 0.000000 0.068334 0.000000 0.997662 0.461407 0.461407 0.461407
6429.596680 0.000000 2775.518555 0.000000 0.987590 0.000000 0.157051 0.839922 0.839922 0.839922
6429.639648 0.000000 2772.173096 0.000000 0.467991 0.000000 -0.883733 1.189383 1.189383 1.189383
6437.272461 0.000000 2781.115234 0.000000 0.688701 0.000000 0.725045 0.656001 0.656001 0.656001
6243.321289 0.000000 2927.382568 0.000000 0.942876 0.000000 -0.333144 0.979917 0.979917 0.979917
6243.679688 0.000000 2926.374756 0.000000 0.987527 0.000000 0.157448 0.839809 0.839809 0.839809
6307.454102 0.000000 2989.214111 0.000000 0.434671 0.000000 0.900589 0.568734 0.568734 0.568734
6313.436035 0.000000 2984.067383 0.000000 0.210556 0.000000 -0.977582 1.266755 1.266755 1.266755
6310.315430 0.000000 2992.955566 0.000000 0.593061 0.000000 -0.805158 1.147768 1.147768 1.147768
6308.221191 0.000000 2981.301270 0.000000 0.333582 0.000000 0.942721 0.537890 0.537890 0.537890
6305.348633 0.000000 2984.359619 0.000000 0.216668 0.000000 0.976245 0.503633 0.503633 0.503633
6309.534180 0.000000 2989.671143 0.000000 0.370405 0.000000 0.928870 0.548965 0.548965 0.548965
6374.314941 0.000000 2951.397949 0.000000 0.854227 0.000000 -0.519900 1.038212 1.038212 1.038212
6369.356934 0.000000 2959.433350 0.000000 0.675903 0.000000 -0.736990 1.117555 1.117555 1.117555
6376.174805 0.000000 2946.257324 0.000000 0.511534 0.000000 -0.859263 1.175322 1.175322 1.175322
6377.360840 0.000000 2963.905273 0.000000 0.574853 0.000000 0.818256 0.614546 0.614546 0.614546
6377.473145 0.000000 2947.728760 0.000000 0.684240 0.000000 -0.729257 1.114354 1.114354 1.114354
6348.368652 0.000000 3055.019531 0.000000 0.975513 0.000000 -0.219944 0.946735 0.946735 0.946735
6497.341309 0.000000 2927.441162 0.000000 0.986681 0.000000 -0.162668 0.930307 0.930307 0.930307
6504.269531 0.000000 2920.910889 0.000000 0.865726 0.000000 0.500518 0.736760 0.736760 0.736760
6590.634277 0.000000 3031.727051 0.000000 0.563900 0.000000 0.825843 0.610795 0.610795 0.610795
6591.420898 0.000000 3032.365967 0.000000 0.976992 0.000000 0.213275 0.823815 0.823815 0.823815
6598.280273 0.000000 3024.947754 0.000000 0.961990 0.000000 -0.273084 0.962172 0.962172 0.962172
6908.198730 0.000000 2612.191162 0.000000 0.561359 0.000000 -0.827573 1.158698 1.158698 1.158698
6866.103516 0.000000 2782.651123 0.000000 0.984223 0.000000 -0.176933 0.934381 0.934381 0.934381
6869.720215 0.000000 2788.306885 0.000000 0.976428 0.000000 0.215843 0.823075 0.823075 0.823075
6868.819336 0.000000 2788.951904 0.000000 0.337992 0.000000 0.941149 0.539208 0.539208 0.539208
6962.087402 0.000000 2601.722900 0.000000 0.977189 0.000000 0.212372 0.824075 0.824075 0.824075
6913.716309 0.000000 2628.943115 0.000000 0.061374 0.000000 0.998115 0.459444 0.459444 0.459444
6924.323730 0.000000 2626.292725 0.000000 0.108731 0.000000 0.994071 0.472824 0.472824 0.472824
6924.946289 0.000000 2625.523682 0.000000 0.854196 0.000000 -0.519952 1.038229 1.038229 1.038229
7048.555176 0.000000 2672.267334 0.000000 0.433946 0.000000 0.900939 0.568507 0.568507 0.568507
7043.127441 0.000000 2684.026367 0.000000 0.404928 0.000000 -0.914349 1.209119 1.209119 1.209119
7045.750488 0.000000 2685.969482 0.000000 0.729288 0.000000 0.684207 0.672210 0.672210 0.672210
7042.472656 0.000000 2685.796631 0.000000 0.505311 0.000000 -0.862937 1.177356 1.177356 1.177356
6957.615234 0.000000 2745.357422 0.000000 0.420405 0.000000 -0.907336 1.204336 1.204336 1.204336
6956.331543 0.000000 2746.296875 0.000000 0.927352 0.000000 -0.374190 0.992270 0.992270 0.992270
6973.530273 0.000000 2743.526367 0.000000 0.993679 0.000000 -0.112261 0.915981 0.915981 0.915981
6956.087891 0.000000 2747.720947 0.000000 0.998581 0.000000 0.053256 0.869316 0.869316 0.869316
6968.122559 0.000000 2813.068848 0.000000 0.649176 0.000000 0.760639 0.641027 0.641027 0.641027
6975.235352 0.000000 2813.520020 0.000000 0.999841 0.000000 -0.017825 0.889332 0.889332 0.889332
7049.388184 0.000000 2690.734131 0.000000 0.929581 0.000000 0.368617 0.778047 0.778047 0.778047
6733.014160 0.000000 2835.711426 0.000000 0.202385 0.000000 -0.979306 1.269106 1.269106 1.269106
6729.430176 0.000000 2819.760010 0.000000 0.881813 0.000000 -0.471599 1.022552 1.022552 1.022552
6757.447754 0.000000 2832.034424 0.000000 0.979891 0.000000 0.199536 0.827768 0.827768 0.827768
6870.609375 0.000000 2855.135742 0.000000 0.948714 0.000000 0.316136 0.793773 0.793773 0.793773
6876.147461 0.000000 2862.789307 0.000000 0.147635 0.000000 -0.989042 1.284761 1.284761 1.284761
6858.476074 0.000000 2854.820068 0.000000 0.006138 0.000000 0.999981 0.443885 0.443885 0.443885
6877.749023 0.000000 2852.848877 0.000000 0.856309 0.000000 -0.516463 1.037081 1.037081 1.037081
6871.175293 0.000000 2865.360596 0.000000 0.467263 0.000000 -0.884118 1.189614 1.189614 1.189614
6900.604492 0.000000 2850.759277 0.000000 0.907681 0.000000 -0.419661 1.006217 1.006217 1.006217
6908.143555 0.000000 2862.789307 0.000000 0.385328 0.000000 0.922780 0.553502 0.553502 0.553502
6901.930176 0.000000 2856.189209 0.000000 0.512709 0.000000 -0.858563 1.174937 1.174937 1.174937
6906.275391 0.000000 2949.531006 0.000000 0.263841 0.000000 -0.964566 1.251313 1.251313 1.251313
6968.529785 0.000000 2815.378662 0.000000 0.425902 0.000000 0.904769 0.565999 0.565999 0.565999
7066.429199 0.000000 2830.911133 0.000000 0.179807 0.000000 0.983702 0.493047 0.493047 0.493047
7063.488281 0.000000 2832.265869 0.000000 0.433276 0.000000 0.901261 0.568298 0.568298 0.568298
7007.126953 0.000000 3067.983154 0.000000 0.698351 0.000000 0.715756 0.659771 0.659771 0.659771
7008.086914 0.000000 3061.137451 0.000000 0.770737 0.000000 0.637153 0.689864 0.689864 0.689864
7014.000977 0.000000 3062.441895 0.000000 0.909792 0.000000 0.415064 0.763834 0.763834 0.763834
7547.450195 0.000000 2079.922119 0.000000 0.735168 0.000000 0.677885 0.674640 0.674640 0.674640
7574.371094 0.000000 2070.109375 0.000000 0.421393 0.000000 0.906878 0.564598 0.564598 0.564598
7575.391113 0.000000 2070.356445 0.000000 0.992746 0.000000 -0.120231 0.918239 0.918239 0.918239
7570.012207 0.000000 2066.655029 0.000000 0.762824 0.000000 -0.646607 1.082234 1.082234 1.082234
7574.740723 0.000000 2071.098877 0.000000 0.464442 0.000000 -0.885603 1.190512 1.190512 1.190512
7568.798828 0.000000 2070.065918 0.000000 0.167721 0.000000 0.985835 0.489592 0.489592 0.489592
7220.459473 0.000000 2315.245361 0.000000 0.125489 0.000000 0.992095 0.477574 0.477574 0.477574
7542.663086 0.000000 2362.867676 0.000000 0.562439 0.000000 -0.826839 1.158330 1.158330 1.158330
7539.962891 0.000000 2377.289307 0.000000 0.336317 0.000000 0.941749 0.538707 0.538707 0.538707
7538.017090 0.000000 2377.777588 0.000000 0.994503 0.000000 0.104703 0.854787 0.854787 0.854787
7819.628418 0.000000 2078.494873 0.000000 0.689843 0.000000 0.723959 0.656444 0.656444 0.656444
7823.815430 0.000000 2088.984619 0.000000 0.980519 0.000000 0.196422 0.828662 0.828662 0.828662
7817.024414 0.000000 2081.772461 0.000000 0.999374 0.000000 0.035386 0.874351 0.874351 0.874351
7826.996582 0.000000 2085.433838 0.000000 0.000466 0.000000 -1.000000 1.326339 1.326339 1.326339
7850.304688 0.000000 2260.476562 0.000000 0.437757 0.000000 0.899093 0.569699 0.569699 0.569699
7863.018555 0.000000 2264.804688 0.000000 0.999862 0.000000 -0.016589 0.888984 0.888984 0.888984
7861.621582 0.000000 2269.570557 0.000000 0.675337 0.000000 -0.737509 1.117771 1.117771 1.117771
7857.955566 0.000000 2263.556885 0.000000 0.057024 0.000000 0.998373 0.458217 0.458217 0.458217
7863.847656 0.000000 2264.290283 0.000000 0.050467 0.000000 -0.998726 1.312259 1.312259 1.312259
8021.834961 0.000000 2172.443848 0.000000 0.053382 0.000000 -0.998574 1.311437 1.311437 1.311437
7993.197266 0.000000 2202.568115 0.000000 0.354709 0.000000 -0.934977 1.224403 1.224403 1.224403
7989.838867 0.000000 2204.436035 0.000000 0.263239 0.000000 -0.964731 1.251489 1.251489 1.251489
7995.155762 0.000000 2209.836182 0.000000 0.995659 0.000000 0.093076 0.858076 0.858076 0.858076
8002.010742 0.000000 2203.724609 0.000000 0.659793 0.000000 0.751447 0.644980 0.644980 0.644980
7999.090820 0.000000 2202.806396 0.000000 0.162528 0.000000 -0.986704 1.280518 1.280518 1.280518
8003.247070 0.000000 2189.409424 0.000000 0.418200 0.000000 -0.908355 1.205020 1.205020 1.205020
8000.673828 0.000000 2196.564453 0.000000 0.203519 0.000000 -0.979071 1.268780 1.268780 1.268780
8003.561523 0.000000 2198.497559 0.000000 0.900683 0.000000 -0.434478 1.010830 1.010830 1.010830
8014.927246 0.000000 2218.105469 0.000000 0.953422 0.000000 0.301641 0.798063 0.798063 0.798063
8028.382812 0.000000 2213.888672 0.000000 0.270386 0.000000 0.962752 0.519226 0.519226 0.519226
8014.826660 0.000000 2219.263916 0.000000 0.576179 0.000000 0.817324 0.615002 0.615002 0.615002
8015.902832 0.000000 2218.016357 0.000000 0.479634 0.000000 0.877469 0.582967 0.582967 0.582967
7744.274902 0.000000 2430.254639 0.000000 0.315754 0.000000 -0.948841 1.236043 1.236043 1.236043
7752.890625 0.000000 2425.969482 0.000000 0.531816 0.000000 0.846860 0.599998 0.599998 0.599998
7753.545898 0.000000 2429.990234 0.000000 0.902586 0.000000 -0.430510 1.009591 1.009591 1.009591
7752.513672 0.000000 2428.991699 0.000000 0.057116 0.000000 0.998368 0.458243 0.458243 0.458243
7698.241699 0.000000 2465.201172 0.000000 0.015300 0.000000 0.999883 0.446464 0.446464 0.446464
7774.638184 0.000000 2449.577148 0.000000 0.676872 0.000000 -0.736101 1.117185 1.117185 1.117185
7750.446289 0.000000 2435.145020 0.000000 0.433859 0.000000 0.900981 0.568480 0.568480 0.568480
7751.604980 0.000000 2436.764160 0.000000 0.109839 0.000000 -0.993949 1.295490 1.295490 1.295490
7744.067871 0.000000 2431.689697 0.000000 0.357584 0.000000 -0.933881 1.223537 1.223537 1.223537
7775.723145 0.000000 2448.932617 0.000000 0.874925 0.000000 -0.484259 1.026609 1.026609 1.026609
7804.144531 0.000000 2545.709717 0.000000 0.999383 0.000000 0.035128 0.874424 0.874424 0.874424
7810.794434 0.000000 2536.715820 0.000000 0.906703 0.000000 -0.421770 1.006872 1.006872 1.006872
7818.116699 0.000000 2555.518555 0.000000 0.968186 0.000000 0.250231 0.813121 0.813121 0.813121
7845.899414 0.000000 2550.566895 0.000000 0.915036 0.000000 0.403372 0.767441 0.767441 0.767441
7840.263184 0.000000 2558.223389 0.000000 0.999987 0.000000 -0.005062 0.885739 0.885739 0.885739
7850.817383 0.000000 2545.323730 0.000000 0.616934 0.000000 0.787015 0.629300 0.629300 0.629300
7977.510742 0.000000 2332.960693 0.000000 0.376066 0.000000 0.926593 0.550683 0.550683 0.550683
7990.856934 0.000000 2333.124756 0.000000 0.999982 0.000000 -0.005931 0.885983 0.885983 0.885983
7394.515137 0.000000 2649.605469 0.000000 0.922936 0.000000 -0.384952 0.995545 0.995545 0.995545
7402.410156 0.000000 2646.366211 0.000000 0.848806 0.000000 -0.528704 1.041122 1.041122 1.041122
7402.521973 0.000000 2647.858398 0.000000 0.576639 0.000000 0.816999 0.615161 0.615161 0.615161
7410.176758 0.000000 2650.222412 0.000000 0.605687 0.000000 -0.795703 1.143328 1.143328 1.143328
7398.182617 0.000000 2641.041504 0.000000 0.162225 0.000000 -0.986754 1.280604 1.280604 1.280604
7398.181641 0.000000 2642.880127 0.000000 0.849802 0.000000 -0.527102 1.040591 1.040591 1.040591
7399.839355 0.000000 2642.094971 0.000000 0.992337 0.000000 -0.123561 0.919184 0.919184 0.919184
7201.951172 0.000000 2744.807373 0.000000 0.716751 0.000000 -0.697329 1.101526 1.101526 1.101526
7342.977051 0.000000 2741.020996 0.000000 0.043144 0.000000 -0.999069 1.314322 1.314322 1.314322
7351.081055 0.000000 2744.687500 0.000000 0.975303 0.000000 -0.220871 0.947003 0.947003 0.947003
7341.495117 0.000000 2741.713867 0.000000 0.795915 0.000000 -0.605409 1.067358 1.067358 1.067358
7349.643555 0.000000 2735.735596 0.000000 0.866290 0.000000 0.499541 0.737077 0.737077 0.737077
7345.536621 0.000000 2745.217285 0.000000 0.676983 0.000000 -0.735999 1.117142 1.117142 1.117142
7577.004395 0.000000 2634.746338 0.000000 0.947275 0.000000 -0.320423 0.976128 0.976128 0.976128
7574.235840 0.000000 2634.214355 0.000000 0.717950 0.000000 -0.696095 1.101042 1.101042 1.101042
7541.211914 0.000000 2706.408447 0.000000 0.910125 0.000000 0.414333 0.764060 0.764060 0.764060
7542.168457 0.000000 2690.791016 0.000000 0.906081 0.000000 -0.423104 1.007286 1.007286 1.007286
7548.047363 0.000000 2704.093750 0.000000 0.175562 0.000000 0.984468 0.491832 0.491832 0.491832
7555.064941 0.000000 2716.018555 0.000000 0.658206 0.000000 0.752838 0.644386 0.644386 0.644386
7554.410156 0.000000 2717.788818 0.000000 0.454009 0.000000 -0.890997 1.193818 1.193818 1.193818
7230.902344 0.000000 2890.670654 0.000000 0.803797 0.000000 0.594904 0.704966 0.704966 0.704966
7231.342773 0.000000 2904.397217 0.000000 0.804200 0.000000 0.594359 0.705157 0.705157 0.705157
7231.570312 0.000000 2902.771973 0.000000 0.301969 0.000000 -0.953318 1.240123 1.240123 1.240123
7231.140137 0.000000 2905.485107 0.000000 0.977830 0.000000 0.209400 0.824931 0.824931 0.824931
7299.222168 0.000000 3002.572510 0.000000 0.989295 0.000000 0.145930 0.843089 0.843089 0.843089
7297.663086 0.000000 3002.433838 0.000000 0.122962 0.000000 0.992411 0.476857 0.476857 0.476857
7296.329590 0.000000 3006.114014 0.000000 0.831366 0.000000 0.555726 0.718452 0.718452 0.718452
7296.742188 0.000000 3003.020508 0.000000 0.901460 0.000000 -0.432862 1.010325 1.010325 1.010325
7295.137207 0.000000 3009.636719 0.000000 0.965042 0.000000 0.262095 0.809666 0.809666 0.809666
7679.343750 0.000000 2588.603760 0.000000 0.424499 0.000000 0.905428 0.565563 0.565563 0.565563
7679.555664 0.000000 2595.290283 0.000000 0.999878 0.000000 -0.015603 0.888706 0.888706 0.888706
7684.053223 0.000000 2597.395020 0.000000 0.505608 0.000000 -0.862763 1.177259 1.177259 1.177259
7844.035156 0.000000 2568.199463 0.000000 0.233494 0.000000 0.972358 0.508494 0.508494 0.508494
7845.375488 0.000000 2569.732910 0.000000 0.977334 0.000000 0.211705 0.824267 0.824267 0.824267
6643.889648 0.000000 3076.390625 0.000000 0.828653 0.000000 0.559762 0.717084 0.717084 0.717084
6643.141113 0.000000 3077.191650 0.000000 0.831064 0.000000 0.556176 0.718300 0.718300 0.718300
7054.760254 0.000000 3160.776123 0.000000 0.531168 0.000000 0.847266 0.599783 0.599783 0.599783
6334.312012 0.000000 3638.428955 0.000000 0.995634 0.000000 0.093345 0.858000 0.858000 0.858000
6332.324219 0.000000 3633.444092 0.000000 0.762020 0.000000 -0.647553 1.082584 1.082584 1.082584
6479.605469 0.000000 3600.103027 0.000000 0.252936 0.000000 -0.967483 1.254491 1.254491 1.254491
6494.549805 0.000000 3595.309570 0.000000 0.516163 0.000000 0.856490 0.594825 0.594825 0.594825
6480.333984 0.000000 3594.590088 0.000000 0.231742 0.000000 0.972777 0.507987 0.507987 0.507987
6480.345215 0.000000 3607.274414 0.000000 0.689246 0.000000 0.724528 0.656212 0.656212 0.656212
6519.381836 0.000000 3661.856201 0.000000 0.737484 0.000000 0.675364 0.675604 0.675604 0.675604
7238.123535 0.000000 3308.506104 0.000000 0.915066 0.000000 0.403305 0.767462 0.767462 0.767462
7243.886230 0.000000 3303.113281 0.000000 0.373032 0.000000 0.927818 0.549762 0.549762 0.549762
7243.330078 0.000000 3302.300781 0.000000 0.436457 0.000000 0.899725 0.569292 0.569292 0.569292
"}
object={
	name="rock_red_generator_1_1"
	clamp_to_water_level=no
	render_under_water=no
	generated_content=yes
	layer="rock_layer"
	pdxmesh="rock_jagged_red_mesh"
	count=394
	transform="1677.634644 0.000000 1463.437500 0.000000 0.462425 0.000000 -0.886658 0.641513 0.641513 0.641513
1693.653809 0.000000 1483.291382 0.000000 0.439272 0.000000 0.898354 0.351219 0.351219 0.351219
1680.248169 0.000000 1473.119019 0.000000 0.438961 0.000000 0.898506 0.353402 0.353402 0.353402
1698.745728 0.000000 1485.021118 0.000000 0.498513 0.000000 -0.866882 0.640360 0.640360 0.640360
1734.249512 0.000000 1471.937378 0.000000 0.672980 0.000000 -0.739661 0.608916 0.608916 0.608916
1904.235596 0.000000 1298.583740 0.000000 0.428338 0.000000 0.903619 0.352981 0.352981 0.352981
1968.227783 0.000000 1362.568115 0.000000 0.748327 0.000000 -0.663330 0.594516 0.594516 0.594516
2007.587280 0.000000 1405.351318 0.000000 0.703377 0.000000 0.710817 0.394988 0.394988 0.394988
2015.978882 0.000000 1432.756470 0.000000 0.776355 0.000000 0.630296 0.411641 0.411641 0.411641
2027.379517 0.000000 1423.025635 0.000000 0.622370 0.000000 0.782723 0.382165 0.382165 0.382165
2027.257568 0.000000 1416.783691 0.000000 0.999424 0.000000 0.033946 0.495575 0.495575 0.495575
2034.449951 0.000000 1430.429199 0.000000 0.288975 0.000000 0.957337 0.333179 0.333179 0.333179
1964.023926 0.000000 1475.421387 0.000000 0.543242 0.000000 -0.839576 0.628620 0.628620 0.628620
1958.617554 0.000000 1494.824707 0.000000 0.247604 0.000000 -0.968861 0.677374 0.677374 0.677374
1962.809937 0.000000 1503.734009 0.000000 0.950111 0.000000 0.311911 0.457791 0.457791 0.457791
2028.016113 0.000000 1507.413574 0.000000 0.578192 0.000000 0.815901 0.377305 0.377305 0.377305
2031.657227 0.000000 1514.277466 0.000000 0.451338 0.000000 -0.892353 0.642305 0.642305 0.642305
2027.379517 0.000000 1519.002197 0.000000 0.169003 0.000000 0.985615 0.319523 0.319523 0.319523
2024.693970 0.000000 1515.937500 0.000000 0.007345 0.000000 0.999973 0.296642 0.296642 0.296642
1783.280273 0.000000 1673.296875 0.000000 0.276907 0.000000 0.960897 0.335402 0.335402 0.335402
1978.135010 0.000000 1555.999756 0.000000 0.853154 0.000000 -0.521660 0.571930 0.571930 0.571930
2017.601562 0.000000 1602.488525 0.000000 0.663549 0.000000 0.748133 0.390692 0.390692 0.390692
2122.225342 0.000000 1277.218506 0.000000 0.712883 0.000000 -0.701283 0.603030 0.603030 0.603030
2118.937012 0.000000 1273.548218 0.000000 0.223467 0.000000 0.974712 0.321641 0.321641 0.321641
2119.411133 0.000000 1278.371582 0.000000 0.378539 0.000000 0.925586 0.343820 0.343820 0.343820
2395.859619 0.000000 1264.943481 0.000000 0.839184 0.000000 0.543847 0.422767 0.422767 0.422767
2379.336670 0.000000 1263.064697 0.000000 0.730684 0.000000 0.682716 0.397190 0.397190 0.397190
2375.932617 0.000000 1262.583496 0.000000 0.588964 0.000000 -0.808160 0.628742 0.628742 0.628742
2487.528809 0.000000 1245.390381 0.000000 0.983174 0.000000 -0.182672 0.523848 0.523848 0.523848
2475.961426 0.000000 1251.476074 0.000000 0.997212 0.000000 -0.074624 0.509678 0.509678 0.509678
2481.379395 0.000000 1274.805420 0.000000 0.892936 0.000000 0.450183 0.439494 0.439494 0.439494
2470.894043 0.000000 1273.548218 0.000000 0.936059 0.000000 0.351843 0.453324 0.453324 0.453324
2551.520996 0.000000 1245.390381 0.000000 0.816060 0.000000 -0.577967 0.580769 0.580769 0.580769
2278.183350 0.000000 1279.984253 0.000000 0.088317 0.000000 -0.996092 0.692071 0.692071 0.692071
2218.213623 0.000000 1405.187256 0.000000 0.972112 0.000000 -0.234515 0.530376 0.530376 0.530376
2267.875244 0.000000 1392.912231 0.000000 0.116586 0.000000 0.993181 0.313789 0.313789 0.313789
2056.842041 0.000000 1461.180054 0.000000 0.823121 0.000000 -0.567866 0.580360 0.580360 0.580360
2059.375488 0.000000 1455.017822 0.000000 0.839229 0.000000 0.543778 0.424644 0.424644 0.424644
2049.597656 0.000000 1442.527588 0.000000 0.998099 0.000000 -0.061638 0.508269 0.508269 0.508269
2058.656494 0.000000 1465.546997 0.000000 0.983187 0.000000 -0.182600 0.524572 0.524572 0.524572
2052.725098 0.000000 1442.768311 0.000000 0.222895 0.000000 0.974843 0.314843 0.314843 0.314843
2056.812012 0.000000 1449.270386 0.000000 0.208880 0.000000 -0.977941 0.684075 0.684075 0.684075
2152.830566 0.000000 1461.180054 0.000000 0.730985 0.000000 0.682394 0.403251 0.403251 0.403251
2173.595215 0.000000 1451.299194 0.000000 0.999465 0.000000 0.032717 0.495727 0.495727 0.495727
2058.233154 0.000000 1501.163818 0.000000 0.682068 0.000000 -0.731289 0.607299 0.607299 0.607299
2056.176270 0.000000 1489.327759 0.000000 0.007838 0.000000 0.999969 0.296316 0.296316 0.296316
2063.621338 0.000000 1493.325684 0.000000 0.831568 0.000000 0.555424 0.421347 0.421347 0.421347
2109.105225 0.000000 1510.060669 0.000000 0.640939 0.000000 -0.767591 0.614258 0.614258 0.614258
2155.364014 0.000000 1487.010010 0.000000 0.711104 0.000000 -0.703087 0.602393 0.602393 0.602393
2152.164551 0.000000 1489.327759 0.000000 0.980900 0.000000 0.194511 0.474293 0.474293 0.474293
2147.540283 0.000000 1477.748413 0.000000 0.568986 0.000000 0.822347 0.372968 0.372968 0.372968
2186.641113 0.000000 1433.554810 0.000000 0.749835 0.000000 -0.661625 0.595483 0.595483 0.595483
2186.782715 0.000000 1439.749634 0.000000 0.509123 0.000000 -0.860694 0.635352 0.635352 0.635352
2269.640625 0.000000 1429.273804 0.000000 0.076683 0.000000 0.997055 0.303059 0.303059 0.303059
2266.099854 0.000000 1428.031006 0.000000 0.916071 0.000000 0.401015 0.445609 0.445609 0.445609
2253.128906 0.000000 1429.010620 0.000000 0.978157 0.000000 0.207867 0.471823 0.471823 0.471823
2280.148926 0.000000 1425.343384 0.000000 0.921321 0.000000 -0.388804 0.553038 0.553038 0.553038
2269.005127 0.000000 1440.879395 0.000000 0.936202 0.000000 0.351463 0.452929 0.452929 0.452929
2352.162842 0.000000 1294.138550 0.000000 0.731812 0.000000 0.681506 0.401909 0.401909 0.401909
2472.072510 0.000000 1283.934082 0.000000 0.981015 0.000000 0.193931 0.474517 0.474517 0.474517
2454.578613 0.000000 1364.736572 0.000000 0.362608 0.000000 -0.931942 0.656349 0.656349 0.656349
2480.147217 0.000000 1358.122925 0.000000 0.816588 0.000000 -0.577220 0.582646 0.582646 0.582646
2465.833008 0.000000 1359.824097 0.000000 0.904336 0.000000 -0.426820 0.558348 0.558348 0.558348
2456.114502 0.000000 1380.112671 0.000000 0.721536 0.000000 -0.692377 0.599666 0.599666 0.599666
2443.207031 0.000000 1384.791504 0.000000 0.236346 0.000000 0.971669 0.325391 0.325391 0.325391
2513.375488 0.000000 1370.781982 0.000000 0.143357 0.000000 -0.989671 0.691303 0.691303 0.691303
2507.321045 0.000000 1359.041260 0.000000 0.975153 0.000000 -0.221531 0.529669 0.529669 0.529669
2504.635498 0.000000 1355.976562 0.000000 0.916092 0.000000 0.400967 0.444586 0.444586 0.444586
2527.916504 0.000000 1368.772095 0.000000 0.936631 0.000000 0.350316 0.452464 0.452464 0.452464
2528.041748 0.000000 1357.155762 0.000000 0.873601 0.000000 -0.486642 0.566615 0.566615 0.566615
2532.179932 0.000000 1361.938721 0.000000 0.791385 0.000000 -0.611318 0.586371 0.586371 0.586371
2558.191650 0.000000 1369.118652 0.000000 0.711842 0.000000 -0.702339 0.602644 0.602644 0.602644
2495.927002 0.000000 1383.763428 0.000000 0.831661 0.000000 0.555283 0.422398 0.422398 0.422398
2502.156006 0.000000 1375.960815 0.000000 0.588223 0.000000 -0.808699 0.626986 0.626986 0.626986
2509.583984 0.000000 1375.677734 0.000000 0.600444 0.000000 -0.799667 0.624243 0.624243 0.624243
2327.167969 0.000000 1409.422729 0.000000 0.326343 0.000000 0.945251 0.331506 0.331506 0.331506
2576.153564 0.000000 1234.599365 0.000000 0.997264 0.000000 -0.073923 0.509458 0.509458 0.509458
2559.912598 0.000000 1240.803345 0.000000 0.756919 0.000000 -0.653509 0.592815 0.592815 0.592815
2579.404053 0.000000 1246.264160 0.000000 0.235355 0.000000 0.971909 0.325258 0.325258 0.325258
2571.949707 0.000000 1251.476074 0.000000 0.287424 0.000000 0.957803 0.332968 0.332968 0.332968
2925.679443 0.000000 1244.137817 0.000000 0.022523 0.000000 0.999746 0.297456 0.297456 0.297456
2974.140869 0.000000 1273.142090 0.000000 0.860550 0.000000 0.509365 0.429684 0.429684 0.429684
2981.052246 0.000000 1262.317627 0.000000 0.961376 0.000000 -0.275240 0.536129 0.536129 0.536129
2583.182617 0.000000 1353.375000 0.000000 0.556404 0.000000 -0.830912 0.627810 0.627810 0.627810
2568.627686 0.000000 1355.976562 0.000000 0.641681 0.000000 -0.766972 0.614568 0.614568 0.614568
2571.838135 0.000000 1362.860352 0.000000 0.893369 0.000000 0.449324 0.438921 0.438921 0.438921
2587.906494 0.000000 1357.736572 0.000000 0.995063 0.000000 0.099244 0.486822 0.486822 0.486822
2578.716553 0.000000 1381.329956 0.000000 0.301598 0.000000 -0.953435 0.662886 0.662886 0.662886
2598.144287 0.000000 1375.960815 0.000000 0.893456 0.000000 0.449151 0.439877 0.439877 0.439877
2661.091309 0.000000 1358.294189 0.000000 0.389131 0.000000 0.921183 0.345627 0.345627 0.345627
2672.141846 0.000000 1362.568115 0.000000 0.350964 0.000000 -0.936389 0.661302 0.661302 0.661302
2667.179688 0.000000 1352.799316 0.000000 0.693758 0.000000 0.720208 0.394407 0.394407 0.394407
2685.589844 0.000000 1365.289429 0.000000 0.288195 0.000000 0.957572 0.328285 0.328285 0.328285
2674.371826 0.000000 1366.444824 0.000000 0.350181 0.000000 -0.936682 0.662322 0.662322 0.662322
2684.954346 0.000000 1376.895020 0.000000 0.589180 0.000000 -0.808002 0.623303 0.623303 0.623303
2698.155029 0.000000 1341.202881 0.000000 0.926365 0.000000 -0.376627 0.550323 0.550323 0.550323
2705.352051 0.000000 1370.781982 0.000000 0.791578 0.000000 -0.611068 0.586658 0.586658 0.586658
2706.367920 0.000000 1366.444824 0.000000 0.007926 0.000000 0.999969 0.293986 0.293986 0.293986
2715.011475 0.000000 1401.684570 0.000000 0.642757 0.000000 -0.766070 0.611988 0.611988 0.611988
2689.519531 0.000000 1378.543213 0.000000 0.839667 0.000000 0.543101 0.424750 0.424750 0.424750
2704.123291 0.000000 1377.142456 0.000000 0.999975 0.000000 -0.007106 0.500921 0.500921 0.500921
2707.343262 0.000000 1385.104858 0.000000 0.978487 0.000000 0.206307 0.472868 0.472868 0.472868
2733.505859 0.000000 1399.453125 0.000000 0.047477 0.000000 -0.998872 0.699657 0.699657 0.699657
2744.714600 0.000000 1389.568115 0.000000 0.988089 0.000000 0.153882 0.479712 0.479712 0.479712
2734.473877 0.000000 1382.476318 0.000000 0.998030 0.000000 -0.062746 0.508292 0.508292 0.508292
2804.927979 0.000000 1375.808960 0.000000 0.673923 0.000000 -0.738802 0.606881 0.606881 0.606881
2728.760254 0.000000 1429.187866 0.000000 0.997239 0.000000 -0.074261 0.509742 0.509742 0.509742
2783.967773 0.000000 1426.714355 0.000000 0.350794 0.000000 -0.936453 0.658905 0.658905 0.658905
2780.978027 0.000000 1467.497925 0.000000 0.115634 0.000000 0.993292 0.304586 0.304586 0.304586
2790.120850 0.000000 1439.945190 0.000000 0.898781 0.000000 -0.438397 0.559481 0.559481 0.559481
2779.140381 0.000000 1475.447754 0.000000 0.867878 0.000000 0.496777 0.430692 0.430692 0.430692
2783.891846 0.000000 1479.739990 0.000000 0.868094 0.000000 0.496400 0.430620 0.430620 0.430620
2790.751953 0.000000 1479.757324 0.000000 0.904206 0.000000 -0.427097 0.558609 0.558609 0.558609
2800.111572 0.000000 1473.119019 0.000000 0.800142 0.000000 0.599810 0.416009 0.416009 0.416009
2996.904541 0.000000 1279.832397 0.000000 0.155533 0.000000 -0.987831 0.685061 0.685061 0.685061
2946.952881 0.000000 1344.040283 0.000000 0.313906 0.000000 -0.949454 0.666531 0.666531 0.666531
2996.904541 0.000000 1343.816772 0.000000 0.998949 0.000000 0.045829 0.494128 0.494128 0.494128
2960.088623 0.000000 1390.115112 0.000000 0.767410 0.000000 0.641157 0.409123 0.409123 0.409123
2981.052246 0.000000 1390.286377 0.000000 0.693987 0.000000 0.719987 0.396455 0.396455 0.396455
2989.671631 0.000000 1404.098755 0.000000 0.968930 0.000000 0.247336 0.467180 0.467180 0.467180
2861.054688 0.000000 1461.002808 0.000000 0.978332 0.000000 0.207043 0.471936 0.471936 0.471936
2930.340576 0.000000 1462.421387 0.000000 0.874314 0.000000 -0.485360 0.565790 0.565790 0.565790
2839.151367 0.000000 1513.335938 0.000000 0.932144 0.000000 0.362087 0.452733 0.452733 0.452733
2848.002686 0.000000 1517.116699 0.000000 0.985673 0.000000 -0.168670 0.521917 0.521917 0.521917
2899.319824 0.000000 1481.081421 0.000000 0.739897 0.000000 0.672720 0.402550 0.402550 0.402550
2893.650879 0.000000 1480.879150 0.000000 0.758007 0.000000 -0.652246 0.596146 0.596146 0.596146
2932.149170 0.000000 1518.291382 0.000000 0.235297 0.000000 0.971924 0.327580 0.327580 0.327580
2928.095947 0.000000 1505.111206 0.000000 0.475775 0.000000 0.879567 0.359644 0.359644 0.359644
3004.995850 0.000000 1414.084106 0.000000 0.993339 0.000000 -0.115232 0.514935 0.514935 0.514935
2992.102783 0.000000 1458.544678 0.000000 0.413139 0.000000 -0.910668 0.647774 0.647774 0.647774
3006.813965 0.000000 1469.673340 0.000000 0.376777 0.000000 0.926304 0.346230 0.346230 0.346230
3007.983154 0.000000 1421.140137 0.000000 0.587981 0.000000 -0.808874 0.623498 0.623498 0.623498
3011.756836 0.000000 1429.747925 0.000000 0.363723 0.000000 -0.931507 0.656193 0.656193 0.656193
3055.532471 0.000000 1450.293091 0.000000 0.129329 0.000000 0.991602 0.311476 0.311476 0.311476
3046.720703 0.000000 1447.765137 0.000000 0.749570 0.000000 -0.661925 0.594271 0.594271 0.594271
3056.080322 0.000000 1441.126831 0.000000 0.612075 0.000000 0.790800 0.381589 0.381589 0.381589
2095.649658 0.000000 1546.269653 0.000000 0.999968 0.000000 -0.008015 0.501046 0.501046 0.501046
2097.426270 0.000000 1626.719482 0.000000 0.816923 0.000000 -0.576747 0.580266 0.580266 0.580266
2069.017578 0.000000 1631.746460 0.000000 0.693239 0.000000 0.720708 0.396723 0.396723 0.396723
2301.081787 0.000000 1574.045044 0.000000 0.880125 0.000000 -0.474743 0.564712 0.564712 0.564712
2293.586670 0.000000 1593.333374 0.000000 0.567342 0.000000 0.823482 0.373913 0.373913 0.373913
2299.146240 0.000000 1597.474365 0.000000 0.184066 0.000000 0.982914 0.318035 0.318035 0.318035
2288.188721 0.000000 1618.505615 0.000000 0.533970 0.000000 0.845503 0.369456 0.369456 0.369456
2301.579590 0.000000 1611.260132 0.000000 0.352182 0.000000 -0.935931 0.657501 0.657501 0.657501
2296.134033 0.000000 1604.057983 0.000000 0.931564 0.000000 0.363578 0.451321 0.451321 0.451321
2273.570312 0.000000 1634.480713 0.000000 0.721033 0.000000 -0.692901 0.599378 0.599378 0.599378
2275.524658 0.000000 1701.693726 0.000000 0.932394 0.000000 0.361443 0.451713 0.451713 0.451713
2309.134277 0.000000 1550.247314 0.000000 0.208048 0.000000 -0.978119 0.674335 0.674335 0.674335
2307.842773 0.000000 1589.708862 0.000000 0.209349 0.000000 -0.977841 0.678918 0.678918 0.678918
2335.939941 0.000000 1688.693970 0.000000 0.985635 0.000000 -0.168891 0.521777 0.521777 0.521777
2435.827148 0.000000 1717.677612 0.000000 0.313476 0.000000 -0.949596 0.663153 0.663153 0.663153
2432.523682 0.000000 1727.500244 0.000000 0.314115 0.000000 -0.949385 0.663065 0.663065 0.663065
2229.594482 0.000000 1817.278687 0.000000 0.997206 0.000000 -0.074706 0.509763 0.509763 0.509763
2219.992676 0.000000 1827.335449 0.000000 0.499385 0.000000 -0.866380 0.638133 0.638133 0.638133
2340.103760 0.000000 1821.274780 0.000000 0.999778 0.000000 -0.021091 0.502728 0.502728 0.502728
2373.126465 0.000000 1806.184814 0.000000 0.363688 0.000000 -0.931521 0.652906 0.652906 0.652906
2368.018555 0.000000 1842.612793 0.000000 0.999974 0.000000 -0.007264 0.500947 0.500947 0.500947
2379.861572 0.000000 1842.743164 0.000000 0.985441 0.000000 -0.170015 0.522350 0.522350 0.522350
2750.341797 0.000000 1583.236206 0.000000 0.816754 0.000000 -0.576986 0.581226 0.581226 0.581226
2750.751709 0.000000 1576.564819 0.000000 0.980885 0.000000 0.194586 0.473697 0.473697 0.473697
2768.115479 0.000000 1569.095581 0.000000 0.299276 0.000000 -0.954167 0.665730 0.665730 0.665730
2783.891846 0.000000 1575.716553 0.000000 0.579543 0.000000 0.814942 0.377994 0.377994 0.377994
2715.217041 0.000000 1622.808472 0.000000 0.653287 0.000000 0.757110 0.383568 0.383568 0.383568
2727.889648 0.000000 1614.497559 0.000000 0.887849 0.000000 0.460134 0.435539 0.435539 0.435539
2722.620850 0.000000 1612.989868 0.000000 0.555115 0.000000 -0.831774 0.632427 0.632427 0.632427
2711.166992 0.000000 1641.304688 0.000000 0.994931 0.000000 0.100561 0.487074 0.487074 0.487074
2699.297607 0.000000 1646.970947 0.000000 0.439197 0.000000 0.898391 0.353994 0.353994 0.353994
2660.064697 0.000000 1725.298218 0.000000 0.958041 0.000000 -0.286630 0.537958 0.537958 0.537958
2656.026123 0.000000 1709.069824 0.000000 0.990073 0.000000 0.140552 0.481693 0.481693 0.481693
2891.910645 0.000000 1539.405762 0.000000 0.823353 0.000000 -0.567529 0.577142 0.577142 0.577142
3080.717285 0.000000 1429.187866 0.000000 0.350378 0.000000 -0.936608 0.658963 0.658963 0.658963
6022.564941 0.000000 1833.414795 0.000000 0.009198 0.000000 0.999958 0.444746 0.444746 0.444746
7070.224609 0.000000 392.853821 0.000000 0.235096 0.000000 0.971972 0.508958 0.508958 0.508958
7067.837402 0.000000 387.377899 0.000000 0.508455 0.000000 -0.861089 1.176329 1.176329 1.176329
7072.648926 0.000000 392.223419 0.000000 0.128634 0.000000 0.991692 0.478466 0.478466 0.478466
7093.123047 0.000000 398.334442 0.000000 0.326813 0.000000 0.945089 0.535872 0.535872 0.535872
7050.915039 0.000000 465.831482 0.000000 0.941004 0.000000 -0.338395 0.981486 0.981486 0.981486
7136.655762 0.000000 512.948120 0.000000 0.362412 0.000000 -0.932018 1.222080 1.222080 1.222080
7063.326660 0.000000 660.597534 0.000000 0.969134 0.000000 0.246534 0.814195 0.814195 0.814195
7153.825195 0.000000 918.554138 0.000000 0.965331 0.000000 0.261030 0.809976 0.809976 0.809976
7125.670898 0.000000 944.172974 0.000000 0.758322 0.000000 -0.651880 1.084186 1.084186 1.084186
7282.047363 0.000000 499.037720 0.000000 0.390209 0.000000 0.920726 0.554993 0.554993 0.554993
7506.241699 0.000000 379.744812 0.000000 0.642855 0.000000 -0.765988 1.129932 1.129932 1.129932
7479.190430 0.000000 412.235687 0.000000 0.731936 0.000000 0.681373 0.673302 0.673302 0.673302
7469.581055 0.000000 418.853943 0.000000 0.389015 0.000000 0.921232 0.554628 0.554628 0.554628
7467.683105 0.000000 422.077972 0.000000 0.142155 0.000000 -0.989844 1.286320 1.286320 1.286320
7467.858887 0.000000 423.816284 0.000000 0.363283 0.000000 -0.931679 1.221817 1.221817 1.221817
7510.535156 0.000000 385.672791 0.000000 0.954544 0.000000 0.298068 0.799117 0.799117 0.799117
7271.155762 0.000000 514.253174 0.000000 0.954244 0.000000 0.299030 0.798833 0.798833 0.798833
7390.440430 0.000000 556.051819 0.000000 0.999778 0.000000 -0.021057 0.890241 0.890241 0.890241
7453.548828 0.000000 572.626953 0.000000 0.288170 0.000000 0.957579 0.524440 0.524440 0.524440
7457.644043 0.000000 565.574463 0.000000 0.654567 0.000000 0.756004 0.643028 0.643028 0.643028
7467.082031 0.000000 570.401367 0.000000 0.488272 0.000000 0.872691 0.585745 0.585745 0.585745
7464.229980 0.000000 564.090698 0.000000 0.074714 0.000000 0.997205 0.463207 0.463207 0.463207
7460.952637 0.000000 571.515442 0.000000 0.748218 0.000000 -0.663453 1.088511 1.088511 1.088511
7462.098633 0.000000 578.528564 0.000000 0.534082 0.000000 0.845433 0.600752 0.600752 0.600752
7460.454590 0.000000 582.998535 0.000000 0.886663 0.000000 0.462417 0.748998 0.748998 0.748998
7638.669922 0.000000 715.813660 0.000000 0.588198 0.000000 -0.808717 1.149464 1.149464 1.149464
7529.430664 0.000000 791.732117 0.000000 0.949836 0.000000 0.312749 0.794777 0.794777 0.794777
7521.083984 0.000000 799.855103 0.000000 0.641434 0.000000 -0.767178 1.130454 1.130454 1.130454
7545.780762 0.000000 823.397522 0.000000 0.988026 0.000000 0.154285 0.840711 0.840711 0.840711
7705.392578 0.000000 783.546753 0.000000 0.141000 0.000000 -0.990010 1.286649 1.286649 1.286649
6379.037109 0.000000 1376.705322 0.000000 0.839384 0.000000 0.543539 0.722559 0.722559 0.722559
6565.353516 0.000000 1289.011108 0.000000 0.155452 0.000000 -0.987844 1.282535 1.282535 1.282535
6570.973633 0.000000 1297.628418 0.000000 0.867032 0.000000 0.498252 0.737496 0.737496 0.737496
6417.697266 0.000000 1443.347534 0.000000 0.997250 0.000000 -0.074115 0.905195 0.905195 0.905195
6420.469238 0.000000 1447.373291 0.000000 0.861206 0.000000 0.508256 0.734237 0.734237 0.734237
7156.813965 0.000000 1032.591675 0.000000 0.993447 0.000000 -0.114291 0.916555 0.916555 0.916555
7121.145020 0.000000 1087.617676 0.000000 0.936168 0.000000 0.351553 0.783196 0.783196 0.783196
7039.478027 0.000000 1126.379639 0.000000 0.007546 0.000000 0.999972 0.444281 0.444281 0.444281
7126.628418 0.000000 1097.437500 0.000000 0.873274 0.000000 -0.487229 1.027566 1.027566 1.027566
7127.912109 0.000000 1096.197754 0.000000 0.958171 0.000000 -0.286198 0.966017 0.966017 0.966017
7123.554688 0.000000 1096.302612 0.000000 0.756736 0.000000 -0.653721 1.084870 1.084870 1.084870
7121.754395 0.000000 1092.586426 0.000000 0.129280 0.000000 0.991608 0.478649 0.478649 0.478649
6666.503906 0.000000 1317.866699 0.000000 0.021095 0.000000 0.999777 0.448095 0.448095 0.448095
6659.638184 0.000000 1318.467285 0.000000 0.985500 0.000000 -0.169678 0.932308 0.932308 0.932308
6668.488770 0.000000 1320.316650 0.000000 0.088295 0.000000 -0.996094 1.301585 1.301585 1.301585
6718.589844 0.000000 1470.990479 0.000000 0.063725 0.000000 0.997968 0.460107 0.460107 0.460107
6714.286133 0.000000 1466.600342 0.000000 0.974698 0.000000 -0.223528 0.947770 0.947770 0.947770
6758.909668 0.000000 1528.046021 0.000000 0.921164 0.000000 -0.389175 0.996834 0.996834 0.996834
6898.239258 0.000000 1530.495850 0.000000 0.129843 0.000000 0.991535 0.478809 0.478809 0.478809
6894.084473 0.000000 1530.965088 0.000000 0.991545 0.000000 -0.129759 0.920942 0.920942 0.920942
7104.783203 0.000000 1300.783203 0.000000 0.739948 0.000000 0.672664 0.676633 0.676633 0.676633
7154.611816 0.000000 1297.150757 0.000000 0.980903 0.000000 0.194497 0.829214 0.829214 0.829214
7161.105957 0.000000 1286.039917 0.000000 0.567712 0.000000 0.823227 0.612097 0.612097 0.612097
6517.123535 0.000000 1716.036133 0.000000 0.997240 0.000000 -0.074246 0.905232 0.905232 0.905232
6728.277344 0.000000 1563.125366 0.000000 0.958112 0.000000 -0.286394 0.966074 0.966074 0.966074
6731.962891 0.000000 1558.322754 0.000000 0.774926 0.000000 0.632052 0.691722 0.691722 0.691722
6729.528320 0.000000 1559.544678 0.000000 0.169904 0.000000 0.985461 0.490215 0.490215 0.490215
6688.451660 0.000000 1629.277100 0.000000 0.352695 0.000000 -0.935738 1.225009 1.225009 1.225009
6796.574707 0.000000 1556.979370 0.000000 0.950327 0.000000 0.311255 0.795220 0.795220 0.795220
6791.296387 0.000000 1562.009521 0.000000 0.611115 0.000000 0.791541 0.627225 0.627225 0.627225
6848.102539 0.000000 1628.127686 0.000000 0.047422 0.000000 -0.998875 1.313117 1.313117 1.313117
6859.075684 0.000000 1637.078735 0.000000 0.589891 0.000000 -0.807483 1.148875 1.148875 1.148875
6854.022461 0.000000 1734.446777 0.000000 0.776120 0.000000 0.630585 0.692254 0.692254 0.692254
6950.010742 0.000000 1734.446777 0.000000 0.824305 0.000000 -0.566146 1.053718 1.053718 1.053718
7167.203613 0.000000 1230.555664 0.000000 0.428845 0.000000 0.903378 0.566916 0.566916 0.566916
7406.943359 0.000000 1534.410156 0.000000 0.621040 0.000000 0.783779 0.630772 0.630772 0.630772
7581.728027 0.000000 1330.538818 0.000000 0.261582 0.000000 -0.965181 1.251973 1.251973 1.251973
7618.175781 0.000000 1358.622803 0.000000 0.611538 0.000000 0.791215 0.627376 0.627376 0.627376
7632.242188 0.000000 1361.580688 0.000000 0.414361 0.000000 -0.910113 1.206209 1.206209 1.206209
7625.418945 0.000000 1367.591553 0.000000 0.326501 0.000000 0.945197 0.535779 0.535779 0.535779
7625.312500 0.000000 1351.354004 0.000000 0.568725 0.000000 0.822528 0.612443 0.612443 0.612443
7624.210449 0.000000 1363.895386 0.000000 0.880478 0.000000 -0.474087 1.023347 1.023347 1.023347
7638.022949 0.000000 1350.661133 0.000000 0.474822 0.000000 0.880082 0.581425 0.581425 0.581425
7639.159668 0.000000 1350.721558 0.000000 0.413996 0.000000 -0.910279 1.206321 1.206321 1.206321
7475.262207 0.000000 1439.288330 0.000000 0.102792 0.000000 -0.994703 1.297485 1.297485 1.297485
7470.961426 0.000000 1493.325684 0.000000 0.941372 0.000000 -0.337371 0.981180 0.981180 0.981180
7471.582520 0.000000 1487.316528 0.000000 0.904725 0.000000 -0.425995 1.008185 1.008185 1.008185
7698.670410 0.000000 1331.653564 0.000000 0.341064 0.000000 0.940040 0.540128 0.540128 0.540128
7744.331543 0.000000 1523.741699 0.000000 0.224208 0.000000 0.974541 0.505809 0.505809 0.505809
7481.999512 0.000000 1552.721191 0.000000 0.932285 0.000000 0.361723 0.780131 0.780131 0.780131
7546.421875 0.000000 1593.637695 0.000000 0.248833 0.000000 -0.968547 1.255684 1.255684 1.255684
7429.950195 0.000000 1654.785645 0.000000 0.567130 0.000000 0.823628 0.611898 0.611898 0.611898
7450.433105 0.000000 1645.296143 0.000000 0.845643 0.000000 -0.533749 1.042798 1.042798 1.042798
7493.143555 0.000000 1629.396606 0.000000 0.544770 0.000000 -0.838586 1.164303 1.164303 1.164303
7494.771484 0.000000 1618.160278 0.000000 0.143375 0.000000 -0.989668 1.285973 1.285973 1.285973
7597.463867 0.000000 1558.002930 0.000000 0.521928 0.000000 0.852989 0.596724 0.596724 0.596724
7553.908203 0.000000 1593.088745 0.000000 0.983225 0.000000 -0.182397 0.935945 0.935945 0.935945
7645.661133 0.000000 1585.444092 0.000000 0.286986 0.000000 0.957935 0.524091 0.524091 0.524091
7602.954102 0.000000 1623.432739 0.000000 0.791531 0.000000 -0.611129 1.069387 1.069387 1.069387
7602.009277 0.000000 1609.964966 0.000000 0.832944 0.000000 0.553357 0.719254 0.719254 0.719254
7603.833984 0.000000 1623.600952 0.000000 0.611616 0.000000 0.791155 0.627403 0.627403 0.627403
7540.245117 0.000000 1677.249390 0.000000 0.921541 0.000000 -0.388282 0.996561 0.996561 0.996561
7643.401855 0.000000 1703.499512 0.000000 0.987991 0.000000 0.154512 0.840646 0.840646 0.840646
7639.989258 0.000000 1713.347900 0.000000 0.867604 0.000000 0.497256 0.737819 0.737819 0.737819
7647.068359 0.000000 1718.088379 0.000000 0.154467 0.000000 -0.987998 1.282816 1.282816 1.282816
7649.884766 0.000000 1698.740479 0.000000 0.426458 0.000000 0.904507 0.566172 0.566172 0.566172
7623.239258 0.000000 1748.308960 0.000000 0.853710 0.000000 -0.520748 1.038491 1.038491 1.038491
7621.001465 0.000000 1735.794189 0.000000 0.853224 0.000000 -0.521544 1.038754 1.038754 1.038754
7196.646484 0.000000 1828.876465 0.000000 0.910694 0.000000 0.413083 0.764447 0.764447 0.764447
7198.628418 0.000000 1824.755981 0.000000 0.299635 0.000000 -0.954054 1.240812 1.240812 1.240812
7211.567383 0.000000 1844.017822 0.000000 0.631033 0.000000 -0.775756 1.134249 1.134249 1.134249
7933.426270 0.000000 1727.104858 0.000000 0.672498 0.000000 -0.740099 1.118853 1.118853 1.118853
7914.845215 0.000000 1721.202759 0.000000 0.236755 0.000000 0.971569 0.509439 0.509439 0.509439
7833.271484 0.000000 1746.011230 0.000000 0.749132 0.000000 -0.662421 1.088122 1.088122 1.088122
7833.376953 0.000000 1743.312378 0.000000 0.845513 0.000000 -0.533956 1.042867 1.042867 1.042867
7850.648926 0.000000 1739.889526 0.000000 0.209750 0.000000 -0.977755 1.266987 1.266987 1.266987
7850.978027 0.000000 1738.908447 0.000000 0.075774 0.000000 0.997125 0.463507 0.463507 0.463507
7843.581055 0.000000 1750.606934 0.000000 0.926066 0.000000 -0.377361 0.993233 0.993233 0.993233
7865.190918 0.000000 1739.855347 0.000000 0.261306 0.000000 -0.965256 1.252053 1.252053 1.252053
7867.262207 0.000000 1773.635010 0.000000 0.998004 0.000000 -0.063148 0.902101 0.902101 0.902101
7866.382324 0.000000 1773.264893 0.000000 0.961332 0.000000 -0.275393 0.962848 0.962848 0.962848
7921.974609 0.000000 1758.901123 0.000000 0.543415 0.000000 -0.839464 1.164757 1.164757 1.164757
7894.772461 0.000000 1765.750000 0.000000 0.999971 0.000000 -0.007566 0.886443 0.886443 0.886443
7881.077637 0.000000 1784.622192 0.000000 0.978163 0.000000 0.207839 0.825381 0.825381 0.825381
7921.514160 0.000000 1767.013916 0.000000 0.612748 0.000000 0.790278 0.627806 0.627806 0.627806
7930.175781 0.000000 1764.644043 0.000000 0.852561 0.000000 -0.522627 1.039111 1.039111 1.039111
7964.059570 0.000000 1785.734985 0.000000 0.873134 0.000000 -0.487480 1.027647 1.027647 1.027647
7957.609863 0.000000 1789.687744 0.000000 0.887024 0.000000 0.461724 0.749218 0.749218 0.749218
7971.516113 0.000000 1777.837158 0.000000 0.945528 0.000000 -0.325539 0.977650 0.977650 0.977650
7922.214355 0.000000 1793.365356 0.000000 0.288922 0.000000 0.957353 0.524661 0.524661 0.524661
7916.202637 0.000000 1794.495850 0.000000 0.664030 0.000000 0.747706 0.646571 0.646571 0.646571
6020.598145 0.000000 2490.182129 0.000000 0.981152 0.000000 0.193239 0.829575 0.829575 0.829575
6021.758301 0.000000 2490.226318 0.000000 0.352521 0.000000 -0.935804 1.225062 1.225062 1.225062
5915.497070 0.000000 2607.544189 0.000000 0.598849 0.000000 -0.800862 1.145739 1.145739 1.145739
6054.808594 0.000000 2795.485107 0.000000 0.413682 0.000000 -0.910422 1.206419 1.206419 1.206419
6050.335938 0.000000 2793.323730 0.000000 0.969084 0.000000 0.246730 0.814138 0.814138 0.814138
5960.908203 0.000000 2974.465576 0.000000 0.945397 0.000000 -0.325921 0.977763 0.977763 0.977763
5959.880859 0.000000 2972.467041 0.000000 0.853128 0.000000 -0.521702 1.038806 1.038806 1.038806
5977.421387 0.000000 2955.558350 0.000000 0.839720 0.000000 0.543020 0.722733 0.722733 0.722733
5981.830566 0.000000 2959.826660 0.000000 0.554690 0.000000 -0.832057 1.160960 1.160960 1.160960
5983.620117 0.000000 2956.765137 0.000000 0.246953 0.000000 -0.969027 1.256230 1.256230 1.256230
6065.275879 0.000000 3190.755615 0.000000 0.339501 0.000000 0.940606 0.539660 0.539660 0.539660
6177.202148 0.000000 2418.619629 0.000000 0.554891 0.000000 -0.831923 1.160892 1.160892 1.160892
6157.330566 0.000000 2436.282715 0.000000 0.809345 0.000000 0.587334 0.707608 0.707608 0.707608
6163.167480 0.000000 2434.628174 0.000000 0.783932 0.000000 -0.620847 1.072860 1.072860 1.072860
6179.670410 0.000000 2435.331787 0.000000 0.808047 0.000000 0.589117 0.706987 0.706987 0.706987
6368.043457 0.000000 2559.297119 0.000000 0.554926 0.000000 -0.831900 1.160880 1.160880 1.160880
6960.710449 0.000000 2226.781250 0.000000 0.311761 0.000000 -0.950161 1.237227 1.237227 1.237227
6971.249512 0.000000 2222.552002 0.000000 0.711211 0.000000 -0.702979 1.103754 1.103754 1.103754
6962.271484 0.000000 2237.281494 0.000000 0.832449 0.000000 0.554101 0.719002 0.719002 0.719002
6676.842773 0.000000 2542.885010 0.000000 0.703782 0.000000 0.710416 0.661915 0.661915 0.661915
6672.708008 0.000000 2541.022217 0.000000 0.809155 0.000000 0.587595 0.707517 0.707517 0.707517
6682.097168 0.000000 2544.479004 0.000000 0.022580 0.000000 0.999745 0.448513 0.448513 0.448513
6746.519043 0.000000 2541.077393 0.000000 0.569251 0.000000 0.822164 0.612623 0.612623 0.612623
6742.132324 0.000000 2534.372070 0.000000 0.957530 0.000000 -0.288335 0.966645 0.966645 0.966645
6748.269043 0.000000 2541.672119 0.000000 0.170462 0.000000 0.985364 0.490375 0.490375 0.490375
6974.329590 0.000000 2493.423340 0.000000 0.224443 0.000000 0.974487 0.505877 0.505877 0.505877
6961.630859 0.000000 2499.089844 0.000000 0.620951 0.000000 0.783850 0.630740 0.630740 0.630740
6394.646484 0.000000 2589.232178 0.000000 0.991720 0.000000 -0.128417 0.920562 0.920562 0.920562
6394.768066 0.000000 2582.574219 0.000000 0.311590 0.000000 -0.950217 1.237278 1.237278 1.237278
6395.500488 0.000000 2583.285645 0.000000 0.194411 0.000000 -0.980920 1.271396 1.271396 1.271396
6368.235840 0.000000 2559.658447 0.000000 0.543919 0.000000 -0.839138 1.164588 1.164588 1.164588
6387.740234 0.000000 2772.453125 0.000000 0.287608 0.000000 0.957748 0.524274 0.524274 0.524274
6384.743164 0.000000 2764.967529 0.000000 0.461384 0.000000 -0.887200 1.191483 1.191483 1.191483
6390.495117 0.000000 2769.917236 0.000000 0.170388 0.000000 0.985377 0.490354 0.490354 0.490354
6391.535645 0.000000 2774.184570 0.000000 0.672398 0.000000 -0.740189 1.118891 1.118891 1.118891
6427.389160 0.000000 2776.225586 0.000000 0.009060 0.000000 0.999959 0.444707 0.444707 0.444707
6419.956543 0.000000 2762.263184 0.000000 0.450020 0.000000 -0.893019 1.195077 1.195077 1.195077
6437.824707 0.000000 2781.946045 0.000000 0.510465 0.000000 -0.859898 1.175671 1.175671 1.175671
6238.523438 0.000000 2931.807373 0.000000 0.450919 0.000000 -0.892565 1.194793 1.194793 1.194793
6239.691406 0.000000 2934.764160 0.000000 0.534966 0.000000 0.844874 0.601047 0.601047 0.601047
6242.261719 0.000000 2927.707520 0.000000 0.991716 0.000000 -0.128452 0.920571 0.920571 0.920571
6306.183594 0.000000 2988.653809 0.000000 0.975293 0.000000 -0.220916 0.947016 0.947016 0.947016
6315.921387 0.000000 2977.036621 0.000000 0.873644 0.000000 -0.486566 1.027352 1.027352 1.027352
6308.078125 0.000000 2980.049561 0.000000 0.352683 0.000000 -0.935743 1.225013 1.225013 1.225013
6315.516602 0.000000 2989.253418 0.000000 0.034170 0.000000 -0.999416 1.316850 1.316850 1.316850
6313.611328 0.000000 2985.319092 0.000000 0.461458 0.000000 -0.887162 1.191459 1.191459 1.191459
6309.192871 0.000000 2977.916504 0.000000 0.999963 0.000000 -0.008574 0.886727 0.886727 0.886727
6374.231445 0.000000 2945.950439 0.000000 0.672426 0.000000 -0.740164 1.118880 1.118880 1.118880
6347.657715 0.000000 2975.352051 0.000000 0.969036 0.000000 0.246921 0.814083 0.814083 0.814083
6501.361328 0.000000 2920.612549 0.000000 0.400939 0.000000 -0.916105 1.210346 1.210346 1.210346
6590.795410 0.000000 3022.133545 0.000000 0.980985 0.000000 0.194086 0.829332 0.829332 0.829332
6575.647461 0.000000 3053.708984 0.000000 0.983441 0.000000 -0.181226 0.935610 0.935610 0.935610
6599.416992 0.000000 3022.153809 0.000000 0.533189 0.000000 0.845996 0.600455 0.600455 0.600455
6598.880859 0.000000 3025.816406 0.000000 0.440505 0.000000 0.897750 0.570560 0.570560 0.570560
6883.593750 0.000000 2785.563477 0.000000 0.712118 0.000000 -0.702060 1.103390 1.103390 1.103390
6969.027344 0.000000 2604.577637 0.000000 0.510253 0.000000 -0.860025 1.175741 1.175741 1.175741
6916.131836 0.000000 2626.479248 0.000000 0.129116 0.000000 0.991629 0.478603 0.478603 0.478603
6932.858398 0.000000 2645.200195 0.000000 0.664297 0.000000 0.747468 0.646671 0.646671 0.646671
7034.723145 0.000000 2675.711670 0.000000 0.154556 0.000000 -0.987984 1.282790 1.282790 1.282790
7162.038574 0.000000 2672.447754 0.000000 0.961584 0.000000 -0.274512 0.962590 0.962590 0.962590
7049.391113 0.000000 2691.791260 0.000000 0.486078 0.000000 0.873915 0.585038 0.585038 0.585038
7062.749512 0.000000 2814.506592 0.000000 0.981045 0.000000 0.193779 0.829421 0.829421 0.829421
6736.302734 0.000000 2826.777588 0.000000 0.961127 0.000000 -0.276107 0.963057 0.963057 0.963057
6733.247559 0.000000 2827.379883 0.000000 0.288877 0.000000 0.957366 0.524647 0.524647 0.524647
6736.059082 0.000000 2825.867920 0.000000 0.910579 0.000000 0.413335 0.764369 0.764369 0.764369
6686.382324 0.000000 2889.916748 0.000000 0.940684 0.000000 -0.339283 0.981752 0.981752 0.981752
6687.046875 0.000000 2889.031250 0.000000 0.926711 0.000000 -0.375775 0.992751 0.992751 0.992751
6876.685547 0.000000 2852.626465 0.000000 0.997305 0.000000 -0.073372 0.904985 0.904985 0.904985
6877.721191 0.000000 2863.850098 0.000000 0.758149 0.000000 -0.652081 1.084260 1.084260 1.084260
6913.274414 0.000000 2856.390869 0.000000 0.413247 0.000000 -0.910619 1.206553 1.206553 1.206553
7575.824219 0.000000 2071.348145 0.000000 0.998140 0.000000 -0.060969 0.901486 0.901486 0.901486
7543.596191 0.000000 2362.254639 0.000000 0.171011 0.000000 0.985269 0.490532 0.490532 0.490532
7530.708008 0.000000 2382.791260 0.000000 0.893028 0.000000 0.450002 0.752926 0.752926 0.752926
7857.739258 0.000000 2262.226074 0.000000 0.087242 0.000000 -0.996187 1.301882 1.301882 1.301882
7860.825195 0.000000 2263.754883 0.000000 0.861180 0.000000 0.508300 0.734223 0.734223 0.734223
7855.162598 0.000000 2268.842773 0.000000 0.808739 0.000000 0.588167 0.707318 0.707318 0.707318
8018.052734 0.000000 2181.134766 0.000000 0.831695 0.000000 0.555233 0.718619 0.718619 0.718619
8019.721680 0.000000 2180.609375 0.000000 0.776507 0.000000 0.630108 0.692427 0.692427 0.692427
8011.958984 0.000000 2203.853760 0.000000 0.247805 0.000000 -0.968810 1.255983 1.255983 1.255983
8021.771973 0.000000 2213.509521 0.000000 0.904922 0.000000 -0.425578 1.008055 1.008055 1.008055
7744.854492 0.000000 2422.214111 0.000000 0.642625 0.000000 -0.766181 1.130016 1.130016 1.130016
7810.121094 0.000000 2537.386230 0.000000 0.880159 0.000000 -0.474679 1.023537 1.023537 1.023537
7845.320801 0.000000 2545.943848 0.000000 0.926501 0.000000 -0.376292 0.992908 0.992908 0.992908
7840.675781 0.000000 2555.129883 0.000000 0.535037 0.000000 0.844829 0.601070 0.601070 0.601070
7843.581055 0.000000 2550.411621 0.000000 0.978100 0.000000 0.208135 0.825295 0.825295 0.825295
7407.416992 0.000000 2647.107422 0.000000 0.893415 0.000000 0.449232 0.753168 0.753168 0.753168
7388.161133 0.000000 2664.953125 0.000000 0.861061 0.000000 0.508502 0.734157 0.734157 0.734157
7199.208008 0.000000 2749.535645 0.000000 0.748877 0.000000 -0.662709 1.088231 1.088231 1.088231
7285.883301 0.000000 2792.204834 0.000000 0.996134 0.000000 0.087843 0.859555 0.859555 0.859555
7347.259766 0.000000 2741.787842 0.000000 0.845994 0.000000 -0.533192 1.042613 1.042613 1.042613
7350.010254 0.000000 2744.653564 0.000000 0.440033 0.000000 0.897982 0.570412 0.570412 0.570412
7228.388184 0.000000 2903.307373 0.000000 0.046219 0.000000 -0.998931 1.313456 1.313456 1.313456
7294.490234 0.000000 3009.815186 0.000000 0.994918 0.000000 0.100689 0.855923 0.855923 0.855923
7296.047852 0.000000 3003.791748 0.000000 0.801255 0.000000 0.598323 0.703767 0.703767 0.703767
6745.125000 0.000000 3254.142090 0.000000 0.846064 0.000000 -0.533081 1.042576 1.042576 1.042576
7067.184082 0.000000 3156.710938 0.000000 0.808422 0.000000 0.588603 0.707166 0.707166 0.707166
7066.050293 0.000000 3152.330566 0.000000 0.249502 0.000000 -0.968374 1.255490 1.255490 1.255490
6333.076172 0.000000 3632.204590 0.000000 0.414310 0.000000 -0.910136 1.206224 1.206224 1.206224
6454.664062 0.000000 3584.891602 0.000000 0.999793 0.000000 -0.020354 0.890044 0.890044 0.890044
6443.877930 0.000000 3588.053955 0.000000 0.061804 0.000000 0.998088 0.459565 0.459565 0.459565
6481.225098 0.000000 3606.654053 0.000000 0.944913 0.000000 -0.327320 0.978180 0.978180 0.978180
"}
object={
	name="rock_red_generator_1_2"
	clamp_to_water_level=no
	render_under_water=no
	generated_content=yes
	layer="rock_layer"
	pdxmesh="rock_jagged_2_red_mesh"
	count=1023
	transform="1675.422485 0.000000 1455.017822 0.000000 0.669892 0.000000 0.742458 0.391375 0.391375 0.391375
1685.064453 0.000000 1471.785522 0.000000 0.667190 0.000000 -0.744888 0.610565 0.610565 0.610565
1682.825806 0.000000 1477.306519 0.000000 0.344099 0.000000 0.938933 0.342595 0.342595 0.342595
1685.135010 0.000000 1483.448486 0.000000 0.084284 0.000000 -0.996442 0.697049 0.697049 0.697049
1692.015747 0.000000 1485.705322 0.000000 0.344786 0.000000 0.938681 0.337212 0.337212 0.337212
1699.523193 0.000000 1482.358765 0.000000 0.955374 0.000000 0.295398 0.460546 0.460546 0.460546
1720.204102 0.000000 1508.081421 0.000000 0.124904 0.000000 0.992169 0.311614 0.311614 0.311614
1738.272217 0.000000 1501.163818 0.000000 0.459158 0.000000 -0.888355 0.639534 0.639534 0.639534
1732.177734 0.000000 1501.352905 0.000000 0.697343 0.000000 0.716738 0.396059 0.396059 0.396059
1766.979736 0.000000 1497.493530 0.000000 0.538539 0.000000 -0.842600 0.633094 0.633094 0.633094
1904.217407 0.000000 1294.138550 0.000000 0.623586 0.000000 0.781755 0.382593 0.382593 0.382593
1917.128662 0.000000 1350.099731 0.000000 0.295464 0.000000 0.955354 0.334382 0.334382 0.334382
1947.105225 0.000000 1369.692383 0.000000 0.979540 0.000000 0.201249 0.473340 0.473340 0.473340
1982.938843 0.000000 1373.696777 0.000000 0.618649 0.000000 0.785667 0.382897 0.382897 0.382897
1952.111816 0.000000 1389.147949 0.000000 0.999905 0.000000 -0.013766 0.501835 0.501835 0.501835
1977.138550 0.000000 1375.730225 0.000000 0.174382 0.000000 0.984678 0.318136 0.318136 0.318136
1955.563721 0.000000 1381.771851 0.000000 0.984526 0.000000 -0.175237 0.523483 0.523483 0.523483
1989.173218 0.000000 1390.286377 0.000000 0.970737 0.000000 0.240143 0.468819 0.468819 0.468819
2011.097412 0.000000 1401.684570 0.000000 0.071239 0.000000 0.997459 0.304212 0.304212 0.304212
2008.271729 0.000000 1402.489014 0.000000 0.969499 0.000000 0.245095 0.467051 0.467051 0.467051
2016.574463 0.000000 1407.578369 0.000000 0.504374 0.000000 -0.863486 0.635551 0.635551 0.635551
1943.260742 0.000000 1481.343750 0.000000 0.240880 0.000000 0.970555 0.322357 0.322357 0.322357
1932.027832 0.000000 1475.421387 0.000000 0.870948 0.000000 -0.491374 0.566813 0.566813 0.566813
1947.914307 0.000000 1488.888794 0.000000 0.870981 0.000000 0.491316 0.431914 0.431914 0.431914
1950.439331 0.000000 1487.259644 0.000000 0.528209 0.000000 0.849114 0.365790 0.365790 0.365790
1951.986694 0.000000 1496.740845 0.000000 0.782172 0.000000 -0.623063 0.585981 0.585981 0.585981
1960.701782 0.000000 1483.945312 0.000000 0.571223 0.000000 0.820795 0.371644 0.371644 0.371644
1956.736816 0.000000 1474.760498 0.000000 0.747063 0.000000 -0.664753 0.596761 0.596761 0.596761
2037.021484 0.000000 1503.777710 0.000000 0.140118 0.000000 -0.990135 0.686743 0.686743 0.686743
2045.032471 0.000000 1504.863770 0.000000 0.992470 0.000000 -0.122488 0.516187 0.516187 0.516187
2027.257568 0.000000 1512.760254 0.000000 0.992585 0.000000 -0.121550 0.515849 0.515849 0.515849
2030.559692 0.000000 1510.445068 0.000000 0.697404 0.000000 0.716678 0.395472 0.395472 0.395472
1787.124756 0.000000 1625.629883 0.000000 0.917897 0.000000 0.396819 0.447231 0.447231 0.447231
1766.979736 0.000000 1625.462280 0.000000 0.970955 0.000000 -0.239263 0.531305 0.531305 0.531305
1781.052734 0.000000 1631.746460 0.000000 0.988819 0.000000 0.149121 0.480494 0.480494 0.480494
1789.642090 0.000000 1675.244507 0.000000 0.744660 0.000000 -0.667444 0.595234 0.595234 0.595234
1975.256836 0.000000 1545.328125 0.000000 0.997073 0.000000 -0.076458 0.510146 0.510146 0.510146
2004.262329 0.000000 1614.267944 0.000000 0.999636 0.000000 -0.026990 0.503538 0.503538 0.503538
2013.614746 0.000000 1611.260132 0.000000 0.782568 0.000000 -0.622565 0.587242 0.587242 0.587242
2007.179688 0.000000 1616.954224 0.000000 0.666449 0.000000 0.745551 0.389724 0.389724 0.389724
2024.846069 0.000000 1621.140991 0.000000 0.776973 0.000000 0.629533 0.411088 0.411088 0.411088
2016.061401 0.000000 1618.667480 0.000000 0.294219 0.000000 0.955738 0.336436 0.336436 0.336436
1797.196655 0.000000 1678.216064 0.000000 0.066420 0.000000 0.997792 0.303581 0.303581 0.303581
2107.085693 0.000000 1273.715820 0.000000 0.996987 0.000000 -0.077569 0.509925 0.509925 0.509925
2129.422363 0.000000 1274.805420 0.000000 0.744922 0.000000 0.667151 0.406276 0.406276 0.406276
2112.562744 0.000000 1279.609619 0.000000 0.771571 0.000000 0.636143 0.409802 0.409802 0.409802
2125.777100 0.000000 1276.130005 0.000000 0.991085 0.000000 -0.133232 0.517481 0.517481 0.517481
2231.560059 0.000000 1277.382568 0.000000 0.084587 0.000000 0.996416 0.307444 0.307444 0.307444
2261.590576 0.000000 1273.411499 0.000000 0.988799 0.000000 0.149256 0.480177 0.480177 0.480177
2264.240723 0.000000 1274.520264 0.000000 0.430773 0.000000 0.902460 0.347994 0.347994 0.347994
2293.586670 0.000000 1273.411499 0.000000 0.877216 0.000000 -0.480095 0.565009 0.565009 0.565009
2373.126465 0.000000 1262.317627 0.000000 0.982188 0.000000 -0.187901 0.525389 0.525389 0.525389
2390.586426 0.000000 1268.760010 0.000000 0.895489 0.000000 0.445085 0.438966 0.438966 0.438966
2383.335693 0.000000 1279.541504 0.000000 0.477807 0.000000 0.878465 0.360749 0.360749 0.360749
2389.574951 0.000000 1273.411499 0.000000 0.999266 0.000000 0.038298 0.494989 0.494989 0.494989
2379.861572 0.000000 1266.883789 0.000000 0.996783 0.000000 0.080150 0.489203 0.489203 0.489203
2393.511230 0.000000 1264.218140 0.000000 0.872985 0.000000 -0.487747 0.568943 0.568943 0.568943
2479.323975 0.000000 1247.549316 0.000000 0.627750 0.000000 0.778415 0.383737 0.383737 0.383737
2484.967041 0.000000 1247.840210 0.000000 0.890645 0.000000 0.454700 0.438249 0.438249 0.438249
2555.031006 0.000000 1273.715820 0.000000 0.190197 0.000000 -0.981746 0.683900 0.683900 0.683900
2551.113281 0.000000 1265.040161 0.000000 0.291310 0.000000 0.956629 0.333179 0.333179 0.333179
2103.241211 0.000000 1289.390625 0.000000 0.938261 0.000000 0.345928 0.453879 0.453879 0.453879
2118.202881 0.000000 1279.984253 0.000000 0.914053 0.000000 0.405594 0.444845 0.444845 0.444845
2122.790527 0.000000 1279.788696 0.000000 0.441910 0.000000 0.897059 0.354389 0.354389 0.354389
2198.609863 0.000000 1300.752197 0.000000 0.951647 0.000000 0.307193 0.459620 0.459620 0.459620
2228.998291 0.000000 1279.832397 0.000000 0.734682 0.000000 0.678412 0.404137 0.404137 0.404137
2206.911621 0.000000 1405.688965 0.000000 0.636654 0.000000 -0.771149 0.614765 0.614765 0.614765
2208.551025 0.000000 1407.578369 0.000000 0.678926 0.000000 -0.734206 0.609301 0.609301 0.609301
2246.921387 0.000000 1401.516968 0.000000 0.996550 0.000000 -0.083000 0.510787 0.510787 0.510787
2271.947754 0.000000 1400.764282 0.000000 0.082659 0.000000 0.996578 0.304964 0.304964 0.304964
2289.402832 0.000000 1402.774170 0.000000 0.348371 0.000000 -0.937357 0.659244 0.659244 0.659244
2272.030273 0.000000 1394.722168 0.000000 0.587796 0.000000 -0.809009 0.621175 0.621175 0.621175
2285.757568 0.000000 1404.098755 0.000000 0.961104 0.000000 -0.276185 0.537025 0.537025 0.537025
2058.233154 0.000000 1437.179443 0.000000 0.539697 0.000000 -0.841860 0.627915 0.627915 0.627915
2048.570557 0.000000 1439.570557 0.000000 0.357913 0.000000 -0.933755 0.658208 0.658208 0.658208
2053.165527 0.000000 1454.270752 0.000000 0.696339 0.000000 0.717713 0.397276 0.397276 0.397276
2052.138672 0.000000 1469.360718 0.000000 0.638555 0.000000 -0.769576 0.614225 0.614225 0.614225
2054.944580 0.000000 1465.501343 0.000000 0.877072 0.000000 -0.480360 0.566925 0.566925 0.566925
2069.772461 0.000000 1446.404907 0.000000 0.347180 0.000000 0.937799 0.339375 0.339375 0.339375
2064.918213 0.000000 1447.846802 0.000000 0.991164 0.000000 0.132641 0.481966 0.481966 0.481966
2149.153809 0.000000 1422.278564 0.000000 0.788673 0.000000 -0.614813 0.585961 0.585961 0.585961
2161.418457 0.000000 1434.766357 0.000000 0.638893 0.000000 -0.769296 0.614168 0.614168 0.614168
2159.363037 0.000000 1439.502441 0.000000 0.538594 0.000000 -0.842566 0.631335 0.631335 0.631335
2129.422363 0.000000 1466.758545 0.000000 0.408668 0.000000 -0.912683 0.647546 0.647546 0.647546
2142.919434 0.000000 1469.673340 0.000000 0.430315 0.000000 0.902679 0.350174 0.350174 0.350174
2136.256348 0.000000 1466.473389 0.000000 0.307259 0.000000 -0.951626 0.667462 0.667462 0.667462
2143.963379 0.000000 1464.748657 0.000000 0.735403 0.000000 0.677630 0.403530 0.403530 0.403530
2150.830078 0.000000 1447.765137 0.000000 0.918640 0.000000 -0.395096 0.553338 0.553338 0.553338
2145.585938 0.000000 1442.527588 0.000000 0.970647 0.000000 0.240511 0.468528 0.468528 0.468528
2155.242188 0.000000 1448.775879 0.000000 0.478862 0.000000 0.877890 0.361173 0.361173 0.361173
2053.165527 0.000000 1486.262939 0.000000 0.230600 0.000000 0.973049 0.329293 0.329293 0.329293
2055.418701 0.000000 1502.316895 0.000000 0.656286 0.000000 0.754512 0.386240 0.386240 0.386240
2107.085693 0.000000 1497.661133 0.000000 0.442751 0.000000 0.896645 0.354234 0.354234 0.354234
2088.838379 0.000000 1493.172241 0.000000 0.482316 0.000000 0.875997 0.359285 0.359285 0.359285
2102.621582 0.000000 1492.705322 0.000000 0.583100 0.000000 -0.812400 0.623813 0.623813 0.623813
2110.923340 0.000000 1501.665527 0.000000 0.833239 0.000000 0.552913 0.423212 0.423212 0.423212
2091.250000 0.000000 1480.768066 0.000000 0.229386 0.000000 0.973335 0.325456 0.325456 0.325456
2075.089600 0.000000 1529.653320 0.000000 0.999919 0.000000 -0.012716 0.501625 0.501625 0.501625
2051.062256 0.000000 1504.001221 0.000000 0.924313 0.000000 -0.381636 0.552006 0.552006 0.552006
2122.225342 0.000000 1501.163818 0.000000 0.876905 0.000000 -0.480664 0.564718 0.564718 0.564718
2150.198975 0.000000 1471.937378 0.000000 0.293207 0.000000 -0.956049 0.666243 0.666243 0.666243
2148.713623 0.000000 1474.760498 0.000000 0.938444 0.000000 -0.345431 0.547372 0.547372 0.547372
2118.202881 0.000000 1503.929565 0.000000 0.298932 0.000000 -0.954274 0.666093 0.666093 0.666093
2187.360107 0.000000 1423.025635 0.000000 0.997876 0.000000 -0.065139 0.508511 0.508511 0.508511
2175.966064 0.000000 1447.747803 0.000000 0.870314 0.000000 -0.492498 0.567366 0.567366 0.567366
2255.630127 0.000000 1418.300903 0.000000 0.592983 0.000000 -0.805215 0.621984 0.621984 0.621984
2261.590576 0.000000 1433.372437 0.000000 0.098879 0.000000 -0.995099 0.691431 0.691431 0.691431
2287.626221 0.000000 1418.300903 0.000000 0.996583 0.000000 0.082595 0.489224 0.489224 0.489224
2280.814941 0.000000 1429.187866 0.000000 0.279839 0.000000 0.960047 0.332578 0.332578 0.332578
2301.636719 0.000000 1429.273804 0.000000 0.079062 0.000000 0.996870 0.301139 0.301139 0.301139
2280.095947 0.000000 1411.902832 0.000000 0.131837 0.000000 0.991271 0.311089 0.311089 0.311089
2276.211182 0.000000 1425.923096 0.000000 0.330684 0.000000 0.943742 0.336751 0.336751 0.336751
2283.873291 0.000000 1426.844727 0.000000 0.540640 0.000000 0.841254 0.367736 0.367736 0.367736
2289.997559 0.000000 1424.249023 0.000000 0.778589 0.000000 -0.627534 0.590608 0.590608 0.590608
2250.209717 0.000000 1469.171631 0.000000 0.552115 0.000000 -0.833768 0.627251 0.627251 0.627251
2263.221680 0.000000 1449.351562 0.000000 0.613041 0.000000 0.790051 0.380838 0.380838 0.380838
2245.142090 0.000000 1454.270752 0.000000 0.667117 0.000000 -0.744953 0.609949 0.609949 0.609949
2251.988770 0.000000 1443.429199 0.000000 0.188857 0.000000 0.982005 0.320744 0.320744 0.320744
2267.875244 0.000000 1456.896606 0.000000 0.788812 0.000000 -0.614634 0.586757 0.586757 0.586757
2251.352295 0.000000 1455.017822 0.000000 0.629314 0.000000 -0.777151 0.614890 0.614890 0.614890
2248.099854 0.000000 1443.895020 0.000000 0.979939 0.000000 0.199298 0.473802 0.473802 0.473802
2277.138184 0.000000 1454.270752 0.000000 0.679652 0.000000 -0.733535 0.605058 0.605058 0.605058
2272.072998 0.000000 1453.132324 0.000000 0.911702 0.000000 0.410852 0.445141 0.445141 0.445141
2301.579590 0.000000 1515.283569 0.000000 0.138568 0.000000 -0.990353 0.687304 0.687304 0.687304
2359.209961 0.000000 1289.390625 0.000000 0.954753 0.000000 0.297400 0.461401 0.461401 0.461401
2347.340576 0.000000 1295.056885 0.000000 0.355573 0.000000 -0.934648 0.657331 0.657331 0.657331
2344.141113 0.000000 1297.374634 0.000000 0.434050 0.000000 0.900889 0.352965 0.352965 0.352965
2399.938721 0.000000 1287.786865 0.000000 0.955825 0.000000 -0.293938 0.538359 0.538359 0.538359
2314.201904 0.000000 1405.187256 0.000000 0.571575 0.000000 0.820550 0.367616 0.367616 0.367616
2321.398926 0.000000 1402.774170 0.000000 0.584391 0.000000 -0.811472 0.629514 0.629514 0.629514
2317.753662 0.000000 1404.098755 0.000000 0.593886 0.000000 -0.804549 0.629541 0.629541 0.629541
2311.387695 0.000000 1406.340332 0.000000 0.981662 0.000000 -0.190631 0.525762 0.525762 0.525762
2366.892090 0.000000 1405.688965 0.000000 0.012305 0.000000 0.999924 0.297287 0.297287 0.297287
2336.535400 0.000000 1407.578369 0.000000 0.902805 0.000000 -0.430049 0.559487 0.559487 0.559487
2395.859619 0.000000 1392.912231 0.000000 0.938057 0.000000 -0.346480 0.546374 0.546374 0.546374
2374.905762 0.000000 1401.516968 0.000000 0.781766 0.000000 -0.623572 0.590770 0.590770 0.590770
2389.574951 0.000000 1401.380249 0.000000 0.877397 0.000000 -0.479765 0.566834 0.566834 0.566834
2398.360352 0.000000 1394.523193 0.000000 0.933729 0.000000 0.357980 0.451010 0.451010 0.451010
2389.028076 0.000000 1398.867188 0.000000 0.716811 0.000000 -0.697267 0.604019 0.604019 0.604019
2415.610596 0.000000 1386.308716 0.000000 0.494722 0.000000 0.869051 0.363262 0.363262 0.363262
2408.799316 0.000000 1397.195679 0.000000 0.939373 0.000000 0.342896 0.453602 0.453602 0.453602
2420.211670 0.000000 1390.322632 0.000000 0.078255 0.000000 0.996933 0.302522 0.302522 0.302522
2411.857666 0.000000 1394.852539 0.000000 0.399390 0.000000 -0.916781 0.654928 0.654928 0.654928
2470.791016 0.000000 1287.804199 0.000000 0.396491 0.000000 0.918039 0.349586 0.349586 0.349586
2474.747559 0.000000 1279.788696 0.000000 0.347554 0.000000 -0.937660 0.659358 0.659358 0.659358
2438.897949 0.000000 1369.524780 0.000000 0.706252 0.000000 -0.707960 0.602118 0.602118 0.602118
2462.352539 0.000000 1362.531006 0.000000 0.229536 0.000000 0.973300 0.322133 0.322133 0.322133
2480.165283 0.000000 1362.568115 0.000000 0.120923 0.000000 0.992662 0.307473 0.307473 0.307473
2479.602783 0.000000 1354.316528 0.000000 0.281408 0.000000 0.959588 0.332469 0.332469 0.332469
2472.791504 0.000000 1365.203491 0.000000 0.494759 0.000000 -0.869030 0.638310 0.638310 0.638310
2464.006836 0.000000 1362.729980 0.000000 0.903644 0.000000 -0.428284 0.558894 0.558894 0.558894
2438.163818 0.000000 1375.960815 0.000000 0.734126 0.000000 0.679014 0.402541 0.402541 0.402541
2432.053467 0.000000 1389.147949 0.000000 0.996584 0.000000 -0.082584 0.510775 0.510775 0.510775
2451.374512 0.000000 1385.104858 0.000000 0.654923 0.000000 0.755695 0.387925 0.387925 0.387925
2484.967041 0.000000 1375.808960 0.000000 0.330972 0.000000 0.943641 0.341719 0.341719 0.341719
2470.791016 0.000000 1383.780762 0.000000 0.614049 0.000000 0.789268 0.380096 0.380096 0.380096
2475.324951 0.000000 1391.033447 0.000000 0.845217 0.000000 -0.534423 0.573337 0.573337 0.573337
2478.505127 0.000000 1382.476318 0.000000 0.745659 0.000000 0.666328 0.401866 0.401866 0.401866
2468.187744 0.000000 1393.930908 0.000000 0.895883 0.000000 -0.444289 0.560342 0.560342 0.560342
2495.645020 0.000000 1380.729248 0.000000 0.356099 0.000000 -0.934448 0.660873 0.660873 0.660873
2488.741455 0.000000 1382.782837 0.000000 0.442805 0.000000 0.896618 0.348967 0.348967 0.348967
2480.867432 0.000000 1383.862427 0.000000 0.245990 0.000000 -0.969272 0.678258 0.678258 0.678258
2525.552246 0.000000 1355.322632 0.000000 0.617460 0.000000 0.786602 0.380215 0.380215 0.380215
2511.320068 0.000000 1375.518066 0.000000 0.243690 0.000000 0.969853 0.323076 0.323076 0.323076
2512.143311 0.000000 1358.122925 0.000000 0.573694 0.000000 0.819070 0.371806 0.371806 0.371806
2510.501221 0.000000 1350.484131 0.000000 0.678970 0.000000 -0.734166 0.608058 0.608058 0.608058
2496.633545 0.000000 1372.190186 0.000000 0.068538 0.000000 0.997649 0.301983 0.301983 0.301983
2538.174561 0.000000 1373.195068 0.000000 0.996591 0.000000 -0.082498 0.510866 0.510866 0.510866
2527.923096 0.000000 1351.771240 0.000000 0.667392 0.000000 -0.744707 0.609900 0.609900 0.609900
2536.783691 0.000000 1365.203491 0.000000 0.582682 0.000000 0.812700 0.374461 0.374461 0.374461
2545.371582 0.000000 1370.781982 0.000000 0.409968 0.000000 -0.912100 0.649943 0.649943 0.649943
2534.783203 0.000000 1351.788574 0.000000 0.491237 0.000000 0.871026 0.361423 0.361423 0.361423
2527.999023 0.000000 1362.729980 0.000000 0.843622 0.000000 0.536937 0.426984 0.426984 0.426984
2539.317139 0.000000 1359.041260 0.000000 0.992241 0.000000 -0.124329 0.516587 0.516587 0.516587
2546.720459 0.000000 1349.337769 0.000000 0.891201 0.000000 0.453609 0.438291 0.438291 0.438291
2544.139404 0.000000 1358.122925 0.000000 0.227860 0.000000 0.973694 0.321570 0.321570 0.321570
2539.842041 0.000000 1362.860352 0.000000 0.310333 0.000000 -0.950628 0.667032 0.667032 0.667032
2546.135498 0.000000 1355.928589 0.000000 0.204114 0.000000 -0.978947 0.682689 0.682689 0.682689
2534.057129 0.000000 1355.062256 0.000000 0.895168 0.000000 0.445729 0.438179 0.438179 0.438179
2544.859619 0.000000 1351.870239 0.000000 0.538361 0.000000 0.842714 0.365877 0.365877 0.365877
2516.963135 0.000000 1375.808960 0.000000 0.668212 0.000000 0.743971 0.388987 0.388987 0.388987
2524.973877 0.000000 1376.895020 0.000000 0.399958 0.000000 -0.916534 0.650794 0.650794 0.650794
2539.953613 0.000000 1379.444824 0.000000 0.526048 0.000000 0.850455 0.369008 0.369008 0.369008
2553.068359 0.000000 1375.730225 0.000000 0.967747 0.000000 0.251925 0.466621 0.466621 0.466621
2309.134277 0.000000 1422.278564 0.000000 0.357716 0.000000 -0.933830 0.657935 0.657935 0.657935
2304.026367 0.000000 1426.714355 0.000000 0.939401 0.000000 -0.342820 0.546213 0.546213 0.546213
2333.077881 0.000000 1414.084106 0.000000 0.995262 0.000000 0.097228 0.487212 0.487212 0.487212
2307.842773 0.000000 1429.747925 0.000000 0.770255 0.000000 0.637736 0.410394 0.410394 0.410394
2320.170166 0.000000 1409.134644 0.000000 0.638695 0.000000 -0.769460 0.618366 0.618366 0.618366
2329.095703 0.000000 1407.722412 0.000000 0.430647 0.000000 0.902520 0.345727 0.345727 0.345727
2336.065186 0.000000 1421.140137 0.000000 0.193803 0.000000 -0.981040 0.678602 0.678602 0.678602
2339.445068 0.000000 1418.374390 0.000000 0.526746 0.000000 0.850023 0.366830 0.366830 0.366830
2568.779785 0.000000 1237.234741 0.000000 0.174394 0.000000 0.984676 0.320577 0.320577 0.320577
2573.525391 0.000000 1239.492188 0.000000 0.849595 0.000000 -0.527436 0.571709 0.571709 0.571709
2566.882324 0.000000 1241.556030 0.000000 0.205319 0.000000 -0.978695 0.677076 0.677076 0.677076
2566.779297 0.000000 1255.812012 0.000000 0.982855 0.000000 -0.184379 0.523935 0.523935 0.523935
2576.138916 0.000000 1249.173706 0.000000 0.042343 0.000000 -0.999103 0.700331 0.700331 0.700331
2568.060791 0.000000 1251.941895 0.000000 0.584535 0.000000 -0.811369 0.623346 0.623346 0.623346
2566.237793 0.000000 1268.071289 0.000000 0.835720 0.000000 0.549156 0.421045 0.421045 0.421045
2565.020020 0.000000 1274.479126 0.000000 0.811725 0.000000 -0.584039 0.586730 0.586730 0.586730
2942.821777 0.000000 1245.728027 0.000000 0.812307 0.000000 -0.583230 0.580684 0.580684 0.580684
2923.906738 0.000000 1251.476074 0.000000 0.667745 0.000000 -0.744390 0.608581 0.608581 0.608581
2981.052246 0.000000 1198.333252 0.000000 0.992233 0.000000 -0.124390 0.516035 0.516035 0.516035
2996.141357 0.000000 1198.369507 0.000000 0.080910 0.000000 0.996721 0.304734 0.304734 0.304734
2943.948242 0.000000 1234.761230 0.000000 0.343636 0.000000 0.939103 0.340095 0.340095 0.340095
2973.554688 0.000000 1269.312866 0.000000 0.231778 0.000000 0.972769 0.323440 0.323440 0.323440
2970.013916 0.000000 1268.070068 0.000000 0.411830 0.000000 -0.911261 0.651394 0.651394 0.651394
2986.119873 0.000000 1277.218506 0.000000 0.790246 0.000000 -0.612790 0.586122 0.586122 0.586122
2975.861816 0.000000 1272.795532 0.000000 0.442936 0.000000 0.896553 0.353706 0.353706 0.353706
2993.316895 0.000000 1274.805420 0.000000 0.836928 0.000000 0.547313 0.424091 0.424091 0.424091
2975.944336 0.000000 1266.753418 0.000000 0.133693 0.000000 0.991023 0.310258 0.310258 0.310258
2980.025635 0.000000 1277.407593 0.000000 0.717599 0.000000 -0.696456 0.600212 0.600212 0.600212
2999.466309 0.000000 1277.382568 0.000000 0.967270 0.000000 0.253750 0.466374 0.466374 0.466374
3006.813965 0.000000 1277.720215 0.000000 0.026948 0.000000 0.999637 0.300348 0.300348 0.300348
3007.857910 0.000000 1272.795532 0.000000 0.443454 0.000000 -0.896297 0.643443 0.643443 0.643443
2683.824463 0.000000 1328.927856 0.000000 0.295261 0.000000 0.955417 0.336893 0.336893 0.336893
2570.170654 0.000000 1373.195068 0.000000 0.754225 0.000000 -0.656616 0.593530 0.593530 0.593530
2565.103027 0.000000 1358.294189 0.000000 0.065821 0.000000 0.997831 0.301624 0.301624 0.301624
2589.544434 0.000000 1355.322632 0.000000 0.681373 0.000000 -0.731937 0.607833 0.607833 0.607833
2583.517090 0.000000 1373.359131 0.000000 0.944128 0.000000 -0.329578 0.543517 0.543517 0.543517
2560.037842 0.000000 1357.155762 0.000000 0.706489 0.000000 -0.707724 0.604430 0.604430 0.604430
2566.882324 0.000000 1369.524780 0.000000 0.990467 0.000000 0.137750 0.481991 0.481991 0.481991
2579.358887 0.000000 1353.112671 0.000000 0.246160 0.000000 -0.969229 0.672623 0.672623 0.672623
2576.138916 0.000000 1377.142456 0.000000 0.550725 0.000000 -0.834687 0.629192 0.629192 0.629192
2647.174805 0.000000 1353.375000 0.000000 0.298506 0.000000 -0.954408 0.663936 0.663936 0.663936
2651.828369 0.000000 1360.920044 0.000000 0.996396 0.000000 0.084823 0.488933 0.488933 0.488933
2639.583252 0.000000 1354.316528 0.000000 0.456818 0.000000 -0.889560 0.643701 0.643701 0.643701
2644.184326 0.000000 1358.330444 0.000000 0.871067 0.000000 0.491164 0.432962 0.432962 0.432962
2666.158936 0.000000 1373.195068 0.000000 0.871425 0.000000 0.490529 0.434337 0.434337 0.434337
2679.170898 0.000000 1353.375000 0.000000 0.966130 0.000000 0.258055 0.466507 0.466507 0.466507
2660.164307 0.000000 1361.938721 0.000000 0.871508 0.000000 -0.490382 0.567304 0.567304 0.567304
2676.943604 0.000000 1375.808960 0.000000 0.444276 0.000000 -0.895890 0.644157 0.644157 0.644157
2691.795898 0.000000 1333.771362 0.000000 0.585815 0.000000 0.810444 0.376388 0.376388 0.376388
2719.975586 0.000000 1330.737793 0.000000 0.668710 0.000000 0.743524 0.390540 0.390540 0.390540
2720.018311 0.000000 1325.163574 0.000000 0.996485 0.000000 0.083776 0.489153 0.489153 0.489153
2723.791992 0.000000 1333.771362 0.000000 0.938851 0.000000 -0.344324 0.545810 0.545810 0.545810
2741.531982 0.000000 1337.395874 0.000000 0.919300 0.000000 -0.393558 0.553017 0.553017 0.553017
2711.166992 0.000000 1353.375000 0.000000 0.149311 0.000000 -0.988790 0.685529 0.685529 0.685529
2693.087402 0.000000 1358.294189 0.000000 0.668960 0.000000 -0.743298 0.607323 0.607323 0.607323
2687.896973 0.000000 1368.772095 0.000000 0.175412 0.000000 0.984495 0.310266 0.310266 0.310266
2711.501465 0.000000 1373.359131 0.000000 0.955525 0.000000 -0.294912 0.539611 0.539611 0.539611
2698.578613 0.000000 1369.570435 0.000000 0.708350 0.000000 0.705862 0.397289 0.397289 0.397289
2748.946533 0.000000 1344.902832 0.000000 0.789545 0.000000 -0.613693 0.585941 0.585941 0.585941
2720.018311 0.000000 1357.155762 0.000000 0.397421 0.000000 -0.917636 0.652024 0.652024 0.652024
2739.745361 0.000000 1362.419800 0.000000 0.399481 0.000000 -0.916741 0.652020 0.652020 0.652020
2711.166992 0.000000 1385.367188 0.000000 0.960248 0.000000 -0.279149 0.536657 0.536657 0.536657
2717.585938 0.000000 1397.281616 0.000000 0.756241 0.000000 -0.654293 0.593128 0.593128 0.593128
2720.018311 0.000000 1389.147949 0.000000 0.346390 0.000000 -0.938091 0.657698 0.657698 0.657698
2721.515625 0.000000 1378.543213 0.000000 0.457822 0.000000 -0.889044 0.645467 0.645467 0.645467
2723.791992 0.000000 1397.755737 0.000000 0.981919 0.000000 0.189304 0.475037 0.475037 0.475037
2738.364014 0.000000 1398.437012 0.000000 0.981726 0.000000 -0.190300 0.525048 0.525048 0.525048
2730.716309 0.000000 1375.765259 0.000000 0.447399 0.000000 -0.894334 0.644533 0.644533 0.644533
2746.666992 0.000000 1384.690430 0.000000 0.952395 0.000000 0.304866 0.459318 0.459318 0.459318
2732.558594 0.000000 1387.929688 0.000000 0.655255 0.000000 0.755408 0.387555 0.387555 0.387555
2789.075684 0.000000 1358.294189 0.000000 0.191676 0.000000 0.981458 0.322149 0.322149 0.322149
2802.356201 0.000000 1366.444824 0.000000 0.330121 0.000000 0.943939 0.339754 0.339754 0.339754
2751.889160 0.000000 1400.764282 0.000000 0.996376 0.000000 0.085054 0.488945 0.488945 0.488945
2751.895752 0.000000 1383.763428 0.000000 0.917363 0.000000 0.398053 0.446648 0.446648 0.446648
2767.567627 0.000000 1386.308716 0.000000 0.919021 0.000000 0.394208 0.447699 0.447699 0.447699
2756.152588 0.000000 1393.930908 0.000000 0.012186 0.000000 0.999926 0.296104 0.296104 0.296104
2763.814697 0.000000 1394.852539 0.000000 0.996863 0.000000 -0.079145 0.510365 0.510365 0.510365
2733.505859 0.000000 1431.445312 0.000000 0.391935 0.000000 0.919993 0.348653 0.348653 0.348653
2743.163086 0.000000 1449.351562 0.000000 0.623506 0.000000 0.781818 0.382804 0.382804 0.382804
2736.134033 0.000000 1458.544678 0.000000 0.174662 0.000000 0.984628 0.317825 0.317825 0.317825
2726.128662 0.000000 1439.945190 0.000000 0.637793 0.000000 -0.770207 0.614353 0.614353 0.614353
2781.520996 0.000000 1419.307007 0.000000 0.992617 0.000000 -0.121292 0.515724 0.515724 0.515724
2783.885254 0.000000 1432.756470 0.000000 0.333046 0.000000 0.942910 0.339849 0.339849 0.339849
2788.049072 0.000000 1437.368530 0.000000 0.960668 0.000000 -0.277700 0.536883 0.536883 0.536883
2779.003662 0.000000 1465.668945 0.000000 0.959982 0.000000 -0.280063 0.538126 0.538126 0.538126
2763.289795 0.000000 1455.017822 0.000000 0.970032 0.000000 -0.242977 0.531924 0.531924 0.531924
2776.075439 0.000000 1444.097046 0.000000 0.997584 0.000000 -0.069469 0.509026 0.509026 0.509026
2760.090332 0.000000 1457.335571 0.000000 0.779646 0.000000 0.626220 0.411306 0.411306 0.411306
2771.335449 0.000000 1449.089233 0.000000 0.943044 0.000000 -0.332668 0.544365 0.544365 0.544365
2762.570801 0.000000 1465.546997 0.000000 0.990419 0.000000 0.138093 0.481842 0.481842 0.481842
2792.752441 0.000000 1461.180054 0.000000 0.665283 0.000000 0.746591 0.391623 0.391623 0.391623
2783.967773 0.000000 1458.706543 0.000000 0.581362 0.000000 0.813645 0.374958 0.374958 0.374958
2804.164795 0.000000 1454.307007 0.000000 0.506630 0.000000 -0.862163 0.635730 0.635730 0.635730
2799.284912 0.000000 1471.494629 0.000000 0.670579 0.000000 -0.741839 0.609340 0.609340 0.609340
2775.159180 0.000000 1481.343750 0.000000 0.189652 0.000000 0.981851 0.320160 0.320160 0.320160
2770.693115 0.000000 1477.306519 0.000000 0.974486 0.000000 -0.224449 0.529671 0.529671 0.529671
2776.710693 0.000000 1485.544678 0.000000 0.535522 0.000000 0.844521 0.368690 0.368690 0.368690
2775.085938 0.000000 1488.985474 0.000000 0.148588 0.000000 -0.988899 0.685980 0.685980 0.685980
2789.075684 0.000000 1486.262939 0.000000 0.552068 0.000000 -0.833799 0.628982 0.628982 0.628982
2795.922363 0.000000 1475.421387 0.000000 0.526235 0.000000 0.850339 0.368274 0.368274 0.368274
2804.164795 0.000000 1486.299194 0.000000 0.226819 0.000000 0.973937 0.324107 0.324107 0.324107
2797.498047 0.000000 1495.429688 0.000000 0.535413 0.000000 0.844590 0.368924 0.368924 0.368924
2792.086426 0.000000 1489.327759 0.000000 0.871752 0.000000 -0.489948 0.567111 0.567111 0.567111
2803.331543 0.000000 1481.081421 0.000000 0.990462 0.000000 0.137784 0.481918 0.481918 0.481918
2787.462158 0.000000 1477.748413 0.000000 0.997867 0.000000 -0.065287 0.508759 0.508759 0.508759
2940.923096 0.000000 1344.902832 0.000000 0.848940 0.000000 -0.528489 0.572843 0.572843 0.572843
2982.097412 0.000000 1279.984253 0.000000 0.496907 0.000000 -0.867804 0.636149 0.636149 0.636149
3001.013672 0.000000 1279.753662 0.000000 0.434322 0.000000 0.900758 0.353285 0.353285 0.353285
2970.980225 0.000000 1337.700195 0.000000 0.045670 0.000000 -0.998957 0.696468 0.696468 0.696468
2959.265381 0.000000 1343.525879 0.000000 0.954697 0.000000 0.297580 0.460321 0.460321 0.460321
2975.861816 0.000000 1336.779907 0.000000 0.396942 0.000000 -0.917844 0.648609 0.648609 0.648609
2991.540283 0.000000 1322.324341 0.000000 0.836227 0.000000 0.548384 0.425228 0.425228 0.425228
2998.512207 0.000000 1332.744385 0.000000 0.870773 0.000000 -0.491685 0.566988 0.566988 0.566988
2994.332764 0.000000 1334.452637 0.000000 0.456648 0.000000 -0.889648 0.643453 0.643453 0.643453
2943.872314 0.000000 1351.771240 0.000000 0.876391 0.000000 -0.481601 0.566361 0.566361 0.566361
2950.732422 0.000000 1351.788574 0.000000 0.151812 0.000000 -0.988409 0.688740 0.688740 0.688740
2950.101318 0.000000 1343.968628 0.000000 0.869952 0.000000 0.493136 0.431508 0.431508 0.431508
2969.017578 0.000000 1343.738037 0.000000 0.358097 0.000000 -0.933684 0.657280 0.657280 0.657280
2952.013916 0.000000 1347.918457 0.000000 0.151325 0.000000 -0.988484 0.689514 0.689514 0.689514
2958.446533 0.000000 1350.484131 0.000000 0.280283 0.000000 0.959917 0.331995 0.331995 0.331995
2975.868408 0.000000 1351.771240 0.000000 0.397568 0.000000 0.917573 0.351188 0.351188 0.351188
2971.789307 0.000000 1392.912231 0.000000 0.934834 0.000000 0.355085 0.452603 0.452603 0.452603
2952.732910 0.000000 1397.195679 0.000000 0.770842 0.000000 0.637026 0.409652 0.409652 0.409652
2968.687256 0.000000 1389.568115 0.000000 0.982091 0.000000 -0.188407 0.524606 0.524606 0.524606
2962.336670 0.000000 1398.437012 0.000000 0.085080 0.000000 -0.996374 0.695830 0.695830 0.695830
2967.062500 0.000000 1393.008911 0.000000 0.896184 0.000000 -0.443682 0.560253 0.560253 0.560253
2954.547363 0.000000 1401.562622 0.000000 0.997834 0.000000 -0.065776 0.508660 0.508660 0.508660
2968.386230 0.000000 1399.512329 0.000000 0.045791 0.000000 -0.998951 0.701401 0.701401 0.701401
2976.457275 0.000000 1407.578369 0.000000 0.201536 0.000000 -0.979481 0.678944 0.678944 0.678944
2853.067871 0.000000 1454.270752 0.000000 0.587685 0.000000 -0.809090 0.623075 0.623075 0.623075
2854.744141 0.000000 1447.765137 0.000000 0.343377 0.000000 0.939198 0.342800 0.342800 0.342800
2859.278076 0.000000 1455.017822 0.000000 0.151452 0.000000 -0.988465 0.686309 0.686309 0.686309
2878.829590 0.000000 1469.673340 0.000000 0.952321 0.000000 0.305099 0.459363 0.459363 0.459363
2848.002686 0.000000 1453.132324 0.000000 0.779144 0.000000 -0.626845 0.588630 0.588630 0.588630
2875.075928 0.000000 1469.505615 0.000000 0.174895 0.000000 0.984587 0.314025 0.314025 0.314025
2903.143555 0.000000 1449.351562 0.000000 0.093356 0.000000 -0.995633 0.693628 0.693628 0.693628
2906.988037 0.000000 1465.668945 0.000000 0.803400 0.000000 0.595440 0.416562 0.416562 0.416562
2900.916260 0.000000 1439.793335 0.000000 0.950782 0.000000 0.309860 0.459651 0.459651 0.459651
2902.523926 0.000000 1460.713135 0.000000 0.398426 0.000000 -0.917201 0.650141 0.650141 0.650141
2909.505371 0.000000 1451.299194 0.000000 0.896081 0.000000 0.443891 0.439946 0.439946 0.439946
2910.322266 0.000000 1455.267456 0.000000 0.970170 0.000000 -0.242426 0.532706 0.532706 0.532706
2928.110596 0.000000 1458.544678 0.000000 0.813710 0.000000 -0.581271 0.581610 0.581610 0.581610
2923.270264 0.000000 1455.017822 0.000000 0.329978 0.000000 0.943989 0.336653 0.336653 0.336653
2832.122314 0.000000 1490.536865 0.000000 0.083551 0.000000 0.996504 0.307680 0.307680 0.307680
2837.520264 0.000000 1497.356812 0.000000 0.996439 0.000000 0.084315 0.488936 0.488936 0.488936
2876.930908 0.000000 1472.871582 0.000000 0.869136 0.000000 0.494573 0.430513 0.430513 0.430513
2877.011475 0.000000 1478.068481 0.000000 0.636259 0.000000 -0.771476 0.618352 0.618352 0.618352
2840.067627 0.000000 1508.081421 0.000000 0.238811 0.000000 0.971066 0.328047 0.328047 0.328047
2864.118408 0.000000 1522.529053 0.000000 0.397720 0.000000 -0.917507 0.652271 0.652271 0.652271
2847.884033 0.000000 1511.732178 0.000000 0.477562 0.000000 0.878598 0.359374 0.359374 0.359374
2863.555908 0.000000 1514.277466 0.000000 0.940385 0.000000 -0.340113 0.544966 0.544966 0.544966
2856.744629 0.000000 1525.164429 0.000000 0.628932 0.000000 -0.777460 0.614286 0.614286 0.614286
2870.527832 0.000000 1524.697510 0.000000 0.231154 0.000000 0.972917 0.324023 0.324023 0.324023
2877.509277 0.000000 1515.283569 0.000000 0.920210 0.000000 -0.391424 0.552613 0.552613 0.552613
2869.516357 0.000000 1529.348999 0.000000 0.781789 0.000000 -0.623543 0.588076 0.588076 0.588076
2856.592529 0.000000 1515.937500 0.000000 0.991179 0.000000 -0.132528 0.517421 0.517421 0.517421
2890.131592 0.000000 1501.163818 0.000000 0.358054 0.000000 -0.933701 0.653677 0.653677 0.653677
2906.988037 0.000000 1497.661133 0.000000 0.027351 0.000000 0.999626 0.298474 0.298474 0.298474
2891.910645 0.000000 1475.421387 0.000000 0.981770 0.000000 -0.190072 0.525208 0.525208 0.525208
2879.998779 0.000000 1485.124512 0.000000 0.506212 0.000000 -0.862409 0.637092 0.637092 0.637092
2881.496094 0.000000 1474.519775 0.000000 0.896662 0.000000 -0.442716 0.561256 0.561256 0.561256
2888.074707 0.000000 1489.327759 0.000000 0.864773 0.000000 0.502163 0.429600 0.429600 0.429600
2899.725830 0.000000 1490.388550 0.000000 0.990341 0.000000 0.138656 0.481108 0.481108 0.481108
2904.394043 0.000000 1495.488892 0.000000 0.027781 0.000000 -0.999614 0.704552 0.704552 0.704552
2883.065674 0.000000 1529.878906 0.000000 0.871329 0.000000 -0.490700 0.568121 0.568121 0.568121
2932.912354 0.000000 1503.777710 0.000000 0.188739 0.000000 -0.982027 0.676858 0.676858 0.676858
2931.315918 0.000000 1513.073608 0.000000 0.919539 0.000000 0.392999 0.447063 0.447063 0.447063
2955.902832 0.000000 1411.437012 0.000000 0.200972 0.000000 -0.979597 0.677311 0.677311 0.677311
2954.688965 0.000000 1407.757446 0.000000 0.743528 0.000000 0.668705 0.404179 0.404179 0.404179
2981.052246 0.000000 1422.278564 0.000000 0.677894 0.000000 -0.735160 0.606601 0.606601 0.606601
2996.904541 0.000000 1407.801147 0.000000 0.999662 0.000000 0.026016 0.496622 0.496622 0.496622
2991.540283 0.000000 1418.300903 0.000000 0.434427 0.000000 0.900707 0.352460 0.352460 0.352460
2998.512207 0.000000 1428.720947 0.000000 0.978922 0.000000 0.204236 0.473401 0.473401 0.473401
2982.097412 0.000000 1407.953003 0.000000 0.406562 0.000000 -0.913623 0.650718 0.650718 0.650718
2987.262451 0.000000 1423.025635 0.000000 0.657171 0.000000 0.753742 0.388741 0.388741 0.388741
2994.665771 0.000000 1413.322144 0.000000 0.755786 0.000000 -0.654819 0.593932 0.593932 0.593932
3005.493652 0.000000 1419.307007 0.000000 0.585357 0.000000 -0.810776 0.623450 0.623450 0.623450
2987.140625 0.000000 1416.783691 0.000000 0.778144 0.000000 0.628085 0.410653 0.410653 0.410653
2990.442627 0.000000 1414.468506 0.000000 0.575209 0.000000 0.818007 0.373488 0.373488 0.373488
2988.527344 0.000000 1419.921875 0.000000 0.889994 0.000000 0.455972 0.437707 0.437707 0.437707
2943.948242 0.000000 1458.706543 0.000000 0.813213 0.000000 -0.581967 0.581413 0.581413 0.581413
3002.976318 0.000000 1465.668945 0.000000 0.657960 0.000000 0.753053 0.390155 0.390155 0.390155
2998.512207 0.000000 1460.713135 0.000000 0.900923 0.000000 -0.433979 0.557941 0.557941 0.557941
2996.141357 0.000000 1454.307007 0.000000 0.666043 0.000000 0.745913 0.389863 0.389863 0.389863
3018.115967 0.000000 1437.179443 0.000000 0.993008 0.000000 -0.118050 0.515243 0.515243 0.515243
3013.048340 0.000000 1422.278564 0.000000 0.676099 0.000000 -0.736811 0.608363 0.608363 0.608363
3014.827637 0.000000 1433.509155 0.000000 0.397782 0.000000 0.917480 0.349188 0.349188 0.349188
3019.783447 0.000000 1426.844727 0.000000 0.869630 0.000000 -0.493704 0.567677 0.567677 0.567677
3028.900635 0.000000 1439.793335 0.000000 0.870825 0.000000 0.491593 0.433796 0.433796 0.433796
3016.725098 0.000000 1461.180054 0.000000 0.743216 0.000000 -0.669052 0.594784 0.594784 0.594784
3030.508301 0.000000 1460.713135 0.000000 0.872670 0.000000 -0.488311 0.566228 0.566228 0.566228
3012.021729 0.000000 1469.360718 0.000000 0.029488 0.000000 -0.999565 0.699708 0.699708 0.699708
3007.983154 0.000000 1453.132324 0.000000 0.996358 0.000000 0.085268 0.488810 0.488810 0.488810
3011.363037 0.000000 1450.366577 0.000000 0.335130 0.000000 0.942172 0.339216 0.339216 0.339216
3024.080811 0.000000 1454.099487 0.000000 0.627710 0.000000 -0.778447 0.616938 0.616938 0.616938
3039.860596 0.000000 1447.747803 0.000000 0.706322 0.000000 0.707891 0.399073 0.399073 0.399073
3048.721191 0.000000 1461.180054 0.000000 0.493834 0.000000 0.869556 0.364709 0.364709 0.364709
3069.485840 0.000000 1451.299194 0.000000 0.432667 0.000000 0.901554 0.355288 0.355288 0.355288
3048.569092 0.000000 1451.953125 0.000000 0.395988 0.000000 -0.918256 0.652519 0.652519 0.652519
2072.161133 0.000000 1540.073608 0.000000 0.890001 0.000000 0.455958 0.438182 0.438182 0.438182
2073.126953 0.000000 1535.691162 0.000000 0.625359 0.000000 -0.780338 0.617110 0.617110 0.617110
2074.748779 0.000000 1544.651367 0.000000 0.525992 0.000000 0.850490 0.366460 0.366460 0.366460
2079.977783 0.000000 1543.724365 0.000000 0.398002 0.000000 -0.917385 0.651361 0.651361 0.651361
2086.940918 0.000000 1561.477905 0.000000 0.822380 0.000000 -0.568938 0.579022 0.579022 0.579022
2091.250000 0.000000 1544.752441 0.000000 0.583094 0.000000 -0.812405 0.623814 0.623814 0.623814
2088.686279 0.000000 1547.929688 0.000000 0.952704 0.000000 0.303899 0.459528 0.459528 0.459528
2078.927002 0.000000 1629.634277 0.000000 0.850426 0.000000 -0.526094 0.572612 0.572612 0.572612
2101.610107 0.000000 1625.325562 0.000000 0.979907 0.000000 0.199454 0.473782 0.473782 0.473782
2073.126953 0.000000 1631.667725 0.000000 0.819658 0.000000 -0.572853 0.579340 0.579340 0.579340
2083.548096 0.000000 1637.709351 0.000000 0.917896 0.000000 -0.396820 0.553381 0.553381 0.553381
2120.834473 0.000000 1653.133179 0.000000 0.122624 0.000000 0.992453 0.313845 0.313845 0.313845
2288.188721 0.000000 1554.521240 0.000000 0.890554 0.000000 0.454878 0.439637 0.439637 0.439637
2299.871338 0.000000 1552.873169 0.000000 0.293009 0.000000 -0.956110 0.666906 0.666906 0.666906
2292.227295 0.000000 1550.283569 0.000000 0.122616 0.000000 0.992454 0.313121 0.313121 0.313121
2301.579590 0.000000 1547.275757 0.000000 0.982876 0.000000 -0.184271 0.524106 0.524106 0.524106
2288.188721 0.000000 1586.513428 0.000000 0.676986 0.000000 -0.735996 0.606140 0.606140 0.606140
2299.871338 0.000000 1584.865356 0.000000 0.802570 0.000000 0.596558 0.416061 0.416061 0.416061
2295.552246 0.000000 1597.304443 0.000000 0.959976 0.000000 -0.280083 0.537137 0.537137 0.537137
2301.636719 0.000000 1589.234741 0.000000 0.138422 0.000000 -0.990373 0.688396 0.688396 0.688396
2296.769287 0.000000 1581.521240 0.000000 0.746876 0.000000 -0.664963 0.595345 0.595345 0.595345
2298.721680 0.000000 1576.643555 0.000000 0.504165 0.000000 -0.863607 0.636624 0.636624 0.636624
2294.598145 0.000000 1620.674072 0.000000 0.981337 0.000000 0.192295 0.474735 0.474735 0.474735
2269.005127 0.000000 1632.832520 0.000000 0.990753 0.000000 -0.135681 0.517839 0.517839 0.517839
2301.579590 0.000000 1643.252319 0.000000 0.982570 0.000000 -0.185895 0.524368 0.524368 0.524368
2296.134033 0.000000 1636.050171 0.000000 0.095336 0.000000 -0.995445 0.693368 0.693368 0.693368
2166.613770 0.000000 1684.658447 0.000000 0.871285 0.000000 -0.490777 0.566595 0.566595 0.566595
2173.016846 0.000000 1696.816895 0.000000 0.432090 0.000000 0.901831 0.353242 0.353242 0.353242
2175.959473 0.000000 1688.693970 0.000000 0.746704 0.000000 -0.665156 0.595379 0.595379 0.595379
2187.996582 0.000000 1699.366699 0.000000 0.255830 0.000000 -0.966722 0.670009 0.670009 0.670009
2177.582031 0.000000 1698.465088 0.000000 0.664742 0.000000 0.747073 0.387318 0.387318 0.387318
2184.674561 0.000000 1707.890625 0.000000 0.999680 0.000000 -0.025288 0.503315 0.503315 0.503315
2271.947754 0.000000 1688.693970 0.000000 0.026981 0.000000 0.999636 0.302665 0.302665 0.302665
2303.943848 0.000000 1592.717407 0.000000 0.191738 0.000000 -0.981446 0.681283 0.681283 0.681283
2312.811035 0.000000 1589.148804 0.000000 0.431214 0.000000 0.902250 0.353957 0.353957 0.353957
2312.092041 0.000000 1603.855957 0.000000 0.306091 0.000000 -0.952002 0.665109 0.665109 0.665109
2314.201904 0.000000 1661.124756 0.000000 0.329273 0.000000 0.944235 0.342413 0.342413 0.342413
2303.950439 0.000000 1639.700928 0.000000 0.753242 0.000000 -0.657743 0.593008 0.593008 0.593008
2327.213867 0.000000 1705.289062 0.000000 0.393262 0.000000 0.919427 0.351170 0.351170 0.351170
2429.621094 0.000000 1717.203491 0.000000 0.334264 0.000000 0.942480 0.340324 0.340324 0.340324
2432.010742 0.000000 1682.651855 0.000000 0.292200 0.000000 0.956357 0.336164 0.336164 0.336164
2436.092041 0.000000 1693.306030 0.000000 0.551584 0.000000 -0.834119 0.627580 0.627580 0.627580
2431.934814 0.000000 1735.677490 0.000000 0.848954 0.000000 -0.528467 0.572561 0.572561 0.572561
2230.605957 0.000000 1812.627197 0.000000 0.778528 0.000000 0.627610 0.412597 0.412597 0.412597
2224.927246 0.000000 1821.341431 0.000000 0.990881 0.000000 0.134742 0.481881 0.481881 0.481881
2222.221191 0.000000 1826.510254 0.000000 0.503426 0.000000 -0.864038 0.641684 0.641684 0.641684
2287.347412 0.000000 1823.408691 0.000000 0.670137 0.000000 -0.742238 0.609209 0.609209 0.609209
2278.183350 0.000000 1823.851440 0.000000 0.178113 0.000000 0.984010 0.319673 0.319673 0.319673
2327.213867 0.000000 1833.257812 0.000000 0.804181 0.000000 0.594385 0.417528 0.417528 0.417528
2310.179443 0.000000 1823.851440 0.000000 0.026446 0.000000 -0.999650 0.702416 0.702416 0.702416
2333.575684 0.000000 1835.205444 0.000000 0.852091 0.000000 -0.523393 0.572884 0.572884 0.572884
2328.130127 0.000000 1828.003296 0.000000 0.455189 0.000000 -0.890395 0.643667 0.643667 0.643667
2363.054443 0.000000 1849.575195 0.000000 0.771553 0.000000 0.636165 0.410142 0.410142 0.410142
2335.946533 0.000000 1831.654053 0.000000 0.294659 0.000000 -0.955602 0.666362 0.666362 0.666362
2353.395020 0.000000 1850.664795 0.000000 0.189673 0.000000 -0.981847 0.678114 0.678114 0.678114
2356.219482 0.000000 1838.213257 0.000000 0.349861 0.000000 -0.936802 0.659035 0.659035 0.659035
2360.126221 0.000000 1828.003296 0.000000 0.735846 0.000000 0.677149 0.403058 0.403058 0.403058
2357.578857 0.000000 1849.270874 0.000000 0.229400 0.000000 0.973332 0.325458 0.325458 0.325458
2352.162842 0.000000 1838.005737 0.000000 0.873026 0.000000 -0.487674 0.566769 0.566769 0.566769
2357.052979 0.000000 1835.362549 0.000000 0.307522 0.000000 -0.951541 0.666797 0.666797 0.666797
2371.834961 0.000000 1813.654175 0.000000 0.069800 0.000000 0.997561 0.303648 0.303648 0.303648
2384.177002 0.000000 1842.450928 0.000000 0.189748 0.000000 0.981833 0.322584 0.322584 0.322584
2731.293701 0.000000 1582.986572 0.000000 0.819072 0.000000 -0.573691 0.579779 0.579779 0.579779
2743.089844 0.000000 1584.962036 0.000000 0.229085 0.000000 0.973406 0.324078 0.324078 0.324078
2741.006104 0.000000 1579.425049 0.000000 0.397583 0.000000 -0.917566 0.654321 0.654321 0.654321
2771.380615 0.000000 1566.186035 0.000000 0.583922 0.000000 -0.811810 0.624154 0.624154 0.624154
2763.926270 0.000000 1571.397949 0.000000 0.148732 0.000000 -0.988878 0.686316 0.686316 0.686316
2760.756348 0.000000 1589.148804 0.000000 0.082930 0.000000 0.996555 0.308714 0.308714 0.308714
2777.041016 0.000000 1567.683350 0.000000 0.614414 0.000000 0.788984 0.381065 0.381065 0.381065
2756.639404 0.000000 1570.737061 0.000000 0.225764 0.000000 0.974182 0.320613 0.320613 0.320613
2715.011475 0.000000 1625.629883 0.000000 0.973124 0.000000 -0.230280 0.531384 0.531384 0.531384
2709.535889 0.000000 1625.325562 0.000000 0.411444 0.000000 -0.911435 0.652881 0.652881 0.652881
2715.095459 0.000000 1629.466553 0.000000 0.084100 0.000000 0.996457 0.300700 0.300700 0.300700
2718.321289 0.000000 1618.468506 0.000000 0.925082 0.000000 -0.379768 0.552905 0.552905 0.552905
2712.186035 0.000000 1626.434326 0.000000 0.013576 0.000000 0.999908 0.288510 0.288510 0.288510
2728.760254 0.000000 1621.140991 0.000000 0.868459 0.000000 0.495762 0.431236 0.431236 0.431236
2726.128662 0.000000 1599.906128 0.000000 0.841076 0.000000 0.540917 0.426375 0.426375 0.426375
2719.975586 0.000000 1618.667480 0.000000 0.719577 0.000000 -0.694413 0.604250 0.604250 0.604250
2724.056885 0.000000 1629.321655 0.000000 0.743680 0.000000 0.668536 0.405489 0.405489 0.405489
2731.171875 0.000000 1608.736816 0.000000 0.833948 0.000000 0.551843 0.422505 0.422505 0.422505
2736.115967 0.000000 1614.060425 0.000000 0.032059 0.000000 -0.999486 0.703600 0.703600 0.703600
2751.613770 0.000000 1604.674561 0.000000 0.973839 0.000000 -0.227239 0.530790 0.530790 0.530790
2720.609863 0.000000 1621.489014 0.000000 0.483361 0.000000 0.875421 0.355449 0.355449 0.355449
2751.044678 0.000000 1602.159058 0.000000 0.341401 0.000000 0.939918 0.335205 0.335205 0.335205
2716.950439 0.000000 1632.832520 0.000000 0.357323 0.000000 -0.933981 0.656184 0.656184 0.656184
2713.048828 0.000000 1631.667725 0.000000 0.344748 0.000000 -0.938695 0.662184 0.662184 0.662184
2707.343262 0.000000 1641.042358 0.000000 0.967299 0.000000 0.253640 0.466389 0.466389 0.466389
2704.118652 0.000000 1635.923462 0.000000 0.279922 0.000000 0.960023 0.326484 0.326484 0.326484
2755.466064 0.000000 1605.717163 0.000000 0.870683 0.000000 0.491844 0.431448 0.431448 0.431448
2752.854492 0.000000 1605.121704 0.000000 0.902839 0.000000 -0.429979 0.559699 0.559699 0.559699
2646.555176 0.000000 1716.650635 0.000000 0.821556 0.000000 -0.570128 0.578000 0.578000 0.578000
2654.856934 0.000000 1725.610840 0.000000 0.502230 0.000000 -0.864734 0.635092 0.635092 0.635092
2661.091309 0.000000 1710.208252 0.000000 0.175976 0.000000 0.984395 0.319391 0.319391 0.319391
2664.768066 0.000000 1717.117554 0.000000 0.888802 0.000000 0.458291 0.438434 0.438434 0.438434
2674.371826 0.000000 1718.358887 0.000000 0.081423 0.000000 -0.996680 0.694455 0.694455 0.694455
2662.136475 0.000000 1727.874878 0.000000 0.445965 0.000000 0.895050 0.354705 0.354705 0.354705
2657.523438 0.000000 1730.457275 0.000000 0.745430 0.000000 0.666584 0.404552 0.404552 0.404552
3088.091064 0.000000 1426.552490 0.000000 0.535936 0.000000 0.844259 0.370009 0.370009 0.370009
3083.250732 0.000000 1423.025635 0.000000 0.934224 0.000000 0.356687 0.452834 0.452834 0.452834
3076.013916 0.000000 1437.368530 0.000000 0.999681 0.000000 0.025268 0.496732 0.496732 0.496732
1982.966187 0.000000 2787.227539 0.000000 0.539314 0.000000 -0.842105 0.651968 0.651968 0.651968
6021.062988 0.000000 1828.480225 0.000000 0.999739 0.000000 -0.022852 0.890747 0.890747 0.890747
7089.833008 0.000000 342.694794 0.000000 0.845216 0.000000 -0.534424 1.043023 1.043023 1.043023
7091.376953 0.000000 347.848663 0.000000 0.530007 0.000000 0.847993 0.599397 0.599397 0.599397
7088.201172 0.000000 343.121918 0.000000 0.974100 0.000000 -0.226117 0.948518 0.948518 0.948518
7090.076172 0.000000 351.244873 0.000000 0.997551 0.000000 -0.069943 0.904018 0.904018 0.904018
7089.062500 0.000000 352.080139 0.000000 0.753215 0.000000 -0.657774 1.086381 1.086381 1.086381
7064.170898 0.000000 389.591187 0.000000 0.541139 0.000000 -0.840933 1.165520 1.165520 1.165520
7053.378418 0.000000 464.671387 0.000000 0.084555 0.000000 0.996419 0.465986 0.465986 0.465986
7139.927734 0.000000 504.183746 0.000000 0.999280 0.000000 0.037938 0.873632 0.873632 0.873632
7138.203125 0.000000 521.878418 0.000000 0.295137 0.000000 0.955455 0.526490 0.526490 0.526490
7135.215820 0.000000 638.051208 0.000000 0.822539 0.000000 -0.568708 1.054594 1.054594 1.054594
7072.419434 0.000000 664.202454 0.000000 0.744774 0.000000 -0.667317 1.089968 1.089968 1.089968
7142.221191 0.000000 647.960449 0.000000 0.918001 0.000000 0.396579 0.769527 0.769527 0.769527
7120.812988 0.000000 954.883484 0.000000 0.999934 0.000000 -0.011496 0.887550 0.887550 0.887550
7133.150879 0.000000 942.250061 0.000000 0.596779 0.000000 -0.802406 1.146466 1.146466 1.146466
7160.099121 0.000000 1021.506409 0.000000 0.638348 0.000000 -0.769748 1.131584 1.131584 1.131584
7161.568848 0.000000 1019.838440 0.000000 0.984459 0.000000 -0.175612 0.934004 0.934004 0.934004
7284.815430 0.000000 501.723541 0.000000 0.999668 0.000000 0.025777 0.877057 0.877057 0.877057
7276.947754 0.000000 500.281616 0.000000 0.924492 0.000000 -0.381201 0.994402 0.994402 0.994402
7305.086914 0.000000 482.163055 0.000000 0.614190 0.000000 0.789158 0.628320 0.628320 0.628320
7501.121094 0.000000 380.348755 0.000000 0.393927 0.000000 -0.919142 1.212497 1.212497 1.212497
7506.165039 0.000000 378.777130 0.000000 0.999023 0.000000 0.044198 0.871869 0.871869 0.871869
7504.257812 0.000000 369.822845 0.000000 0.093250 0.000000 -0.995643 1.300184 1.300184 1.300184
7500.021484 0.000000 380.298950 0.000000 0.790314 0.000000 -0.612702 1.069947 1.069947 1.069947
7511.890625 0.000000 376.751282 0.000000 0.495491 0.000000 -0.868613 1.180549 1.180549 1.180549
7473.365234 0.000000 400.499084 0.000000 0.093617 0.000000 -0.995608 1.300080 1.300080 1.300080
7476.494629 0.000000 413.317932 0.000000 0.779924 0.000000 0.625875 0.693958 0.693958 0.693958
7477.901367 0.000000 412.873474 0.000000 0.392600 0.000000 0.919709 0.555724 0.555724 0.555724
7469.100586 0.000000 411.336823 0.000000 0.535091 0.000000 0.844794 0.601088 0.601088 0.601088
7469.895996 0.000000 422.710754 0.000000 0.638676 0.000000 -0.769476 1.131464 1.131464 1.131464
7477.645996 0.000000 420.884949 0.000000 0.922936 0.000000 -0.384954 0.995545 0.995545 0.995545
7472.360352 0.000000 418.690735 0.000000 0.298206 0.000000 -0.954502 1.241233 1.241233 1.241233
7469.226074 0.000000 423.838776 0.000000 0.596775 0.000000 -0.802409 1.146467 1.146467 1.146467
7466.406250 0.000000 422.085388 0.000000 0.122308 0.000000 0.992492 0.476671 0.476671 0.476671
7473.490723 0.000000 418.526031 0.000000 0.995477 0.000000 0.095004 0.857531 0.857531 0.857531
7468.879883 0.000000 418.062683 0.000000 0.292863 0.000000 -0.956155 1.242808 1.242808 1.242808
7509.108887 0.000000 390.662689 0.000000 0.244066 0.000000 -0.969759 1.257069 1.257069 1.257069
7535.219238 0.000000 506.328766 0.000000 0.394243 0.000000 0.919006 0.556227 0.556227 0.556227
7270.122070 0.000000 514.544189 0.000000 0.574749 0.000000 0.818330 0.614510 0.614510 0.614510
7397.954102 0.000000 567.051270 0.000000 0.595736 0.000000 -0.803180 1.146831 1.146831 1.146831
7397.708496 0.000000 566.188599 0.000000 0.630387 0.000000 -0.776281 1.134483 1.134483 1.134483
7345.380859 0.000000 624.444397 0.000000 0.459471 0.000000 -0.888193 1.192089 1.192089 1.192089
7343.310059 0.000000 625.814514 0.000000 0.960687 0.000000 -0.277635 0.963505 0.963505 0.963505
7394.410156 0.000000 576.227783 0.000000 0.938735 0.000000 0.344640 0.785272 0.785272 0.785272
7454.375000 0.000000 564.385498 0.000000 0.896352 0.000000 -0.443344 1.013608 1.013608 1.013608
7456.310059 0.000000 574.707764 0.000000 0.999656 0.000000 0.026214 0.876934 0.876934 0.876934
7468.025391 0.000000 572.252075 0.000000 0.396847 0.000000 -0.917885 1.211602 1.211602 1.211602
7462.775391 0.000000 562.418091 0.000000 0.176128 0.000000 0.984367 0.491994 0.491994 0.491994
7470.935547 0.000000 574.644531 0.000000 0.787464 0.000000 -0.616361 1.071252 1.071252 1.071252
7537.526367 0.000000 524.131714 0.000000 0.132337 0.000000 0.991205 0.479518 0.479518 0.479518
7542.034668 0.000000 526.856140 0.000000 0.751736 0.000000 -0.659464 1.087013 1.087013 1.087013
7545.184082 0.000000 541.758606 0.000000 0.753490 0.000000 -0.657459 1.086263 1.086263 1.086263
7545.852539 0.000000 540.830566 0.000000 0.790790 0.000000 -0.612087 1.069728 1.069728 1.069728
7549.331543 0.000000 518.821167 0.000000 0.677282 0.000000 -0.735724 1.117028 1.117028 1.117028
7550.537109 0.000000 531.439941 0.000000 0.310868 0.000000 -0.950453 1.237491 1.237491 1.237491
7461.438477 0.000000 580.008057 0.000000 0.175544 0.000000 0.984471 0.491828 0.491828 0.491828
7457.091797 0.000000 575.909790 0.000000 0.736477 0.000000 0.676462 0.675184 0.675184 0.675184
7462.481445 0.000000 579.598145 0.000000 0.896908 0.000000 0.442217 0.755374 0.755374 0.755374
7459.691895 0.000000 585.518372 0.000000 0.864305 0.000000 0.502968 0.735963 0.735963 0.735963
7632.907227 0.000000 522.295715 0.000000 0.134943 0.000000 -0.990853 1.288370 1.288370 1.288370
7623.112793 0.000000 514.253174 0.000000 0.278822 0.000000 0.960343 0.521696 0.521696 0.521696
7633.479004 0.000000 523.139343 0.000000 0.132454 0.000000 0.991189 0.479551 0.479551 0.479551
7639.504395 0.000000 714.667175 0.000000 0.999536 0.000000 0.030456 0.875740 0.875740 0.875740
7648.716797 0.000000 710.909363 0.000000 0.066467 0.000000 0.997789 0.460880 0.460880 0.460880
7647.392578 0.000000 715.937866 0.000000 0.992971 0.000000 -0.118361 0.917709 0.917709 0.917709
7653.220703 0.000000 713.151733 0.000000 0.746090 0.000000 0.665846 0.679216 0.679216 0.679216
7251.998047 0.000000 937.640747 0.000000 0.548327 0.000000 -0.836264 1.163107 1.163107 1.163107
7512.505371 0.000000 794.232483 0.000000 0.347469 0.000000 0.937692 0.542048 0.542048 0.542048
7529.017090 0.000000 787.313599 0.000000 0.669381 0.000000 0.742919 0.648592 0.648592 0.648592
7529.907715 0.000000 784.048157 0.000000 0.084966 0.000000 -0.996384 1.302525 1.302525 1.302525
7522.414062 0.000000 798.257690 0.000000 0.924158 0.000000 -0.382012 0.994648 0.994648 0.994648
7522.884277 0.000000 805.912415 0.000000 0.490699 0.000000 0.871329 0.586529 0.586529 0.586529
7522.914551 0.000000 804.876160 0.000000 0.677891 0.000000 -0.735162 1.116795 1.116795 1.116795
7640.489746 0.000000 794.232483 0.000000 0.659284 0.000000 0.751894 0.644789 0.644789 0.644789
7641.510254 0.000000 795.893127 0.000000 0.383220 0.000000 0.923657 0.552860 0.552860 0.552860
7708.919922 0.000000 779.463196 0.000000 0.781984 0.000000 -0.623299 1.073741 1.073741 1.073741
7700.747559 0.000000 776.654114 0.000000 0.392435 0.000000 0.919780 0.555674 0.555674 0.555674
7698.942383 0.000000 791.635864 0.000000 0.710560 0.000000 -0.703636 1.104014 1.104014 1.104014
7706.648926 0.000000 786.476807 0.000000 0.392311 0.000000 0.919833 0.555636 0.555636 0.555636
7704.446777 0.000000 783.052917 0.000000 0.553136 0.000000 -0.833091 1.161485 1.161485 1.161485
7707.280762 0.000000 774.455078 0.000000 0.654919 0.000000 0.755699 0.643159 0.643159 0.643159
7701.832520 0.000000 776.697021 0.000000 0.819931 0.000000 -0.572462 1.055881 1.055881 1.055881
7698.433594 0.000000 779.855164 0.000000 0.460060 0.000000 -0.887888 1.191903 1.191903 1.191903
7714.258789 0.000000 790.189209 0.000000 0.850624 0.000000 -0.525774 1.040151 1.040151 1.040151
6646.144043 0.000000 1222.692383 0.000000 0.411394 0.000000 -0.911458 1.207125 1.207125 1.207125
6375.843750 0.000000 1375.145020 0.000000 0.820750 0.000000 -0.571288 1.055478 1.055478 1.055478
6167.785156 0.000000 1438.353271 0.000000 0.136059 0.000000 0.990701 0.480575 0.480575 0.480575
6166.329590 0.000000 1439.667847 0.000000 0.344840 0.000000 -0.938662 1.227369 1.227369 1.227369
6158.465332 0.000000 1443.708862 0.000000 0.789832 0.000000 -0.613323 1.070168 1.070168 1.070168
6491.308105 0.000000 1326.770630 0.000000 0.277384 0.000000 0.960759 0.521274 0.521274 0.521274
6568.829590 0.000000 1297.922119 0.000000 0.944252 0.000000 -0.329225 0.978747 0.978747 0.978747
6575.708984 0.000000 1285.086182 0.000000 0.527844 0.000000 0.849341 0.598680 0.598680 0.598680
6420.729004 0.000000 1434.772705 0.000000 0.595427 0.000000 -0.803409 1.146940 1.146940 1.146940
6423.531738 0.000000 1430.512695 0.000000 0.811967 0.000000 -0.583703 1.059759 1.059759 1.059759
6416.612305 0.000000 1443.537720 0.000000 0.776909 0.000000 0.629614 0.692606 0.692606 0.692606
6735.299316 0.000000 1117.124023 0.000000 0.991250 0.000000 -0.131996 0.921578 0.921578 0.921578
6734.761719 0.000000 1128.354858 0.000000 0.878732 0.000000 -0.477316 1.024381 1.024381 1.024381
6684.302734 0.000000 1181.177734 0.000000 0.982308 0.000000 -0.187273 0.937341 0.937341 0.937341
6684.215820 0.000000 1177.883423 0.000000 0.744996 0.000000 0.667069 0.678754 0.678754 0.678754
6685.216309 0.000000 1181.839111 0.000000 0.120493 0.000000 0.992714 0.476157 0.476157 0.476157
6690.414551 0.000000 1181.164795 0.000000 0.872971 0.000000 -0.487772 1.027741 1.027741 1.027741
7157.162109 0.000000 1034.137085 0.000000 0.080471 0.000000 0.996757 0.464833 0.464833 0.464833
7152.858887 0.000000 1028.666870 0.000000 0.537918 0.000000 -0.842997 1.166596 1.166596 1.166596
7156.009766 0.000000 1033.617310 0.000000 0.995549 0.000000 0.094244 0.857746 0.857746 0.857746
7161.105957 0.000000 1030.102417 0.000000 0.896657 0.000000 -0.442725 1.013413 1.013413 1.013413
7153.750488 0.000000 1028.602051 0.000000 0.999703 0.000000 -0.024355 0.891170 0.891170 0.891170
7112.591797 0.000000 1085.319824 0.000000 0.494601 0.000000 -0.869120 1.180837 1.180837 1.180837
7122.804688 0.000000 1097.175171 0.000000 0.982570 0.000000 0.185891 0.831682 0.831682 0.831682
7121.058594 0.000000 1087.900513 0.000000 0.844899 0.000000 -0.534926 1.043190 1.043190 1.043190
7114.220215 0.000000 1089.748779 0.000000 0.346641 0.000000 -0.937998 1.226828 1.226828 1.226828
7127.795410 0.000000 1088.936890 0.000000 0.806064 0.000000 0.591828 0.706042 0.706042 0.706042
7080.771484 0.000000 1278.879639 0.000000 0.889526 0.000000 0.456884 0.750752 0.750752 0.750752
7081.627930 0.000000 1278.271484 0.000000 0.895821 0.000000 -0.444416 1.013944 1.013944 1.013944
7080.595703 0.000000 1277.272949 0.000000 0.293798 0.000000 -0.955868 1.242532 1.242532 1.242532
7080.201172 0.000000 1276.088379 0.000000 0.381878 0.000000 0.924213 0.552451 0.552451 0.552451
7155.369141 0.000000 1243.629883 0.000000 0.985205 0.000000 -0.171378 0.932794 0.932794 0.932794
7155.646484 0.000000 1236.828003 0.000000 0.836739 0.000000 0.547602 0.721194 0.721194 0.721194
7154.284668 0.000000 1243.533813 0.000000 0.029307 0.000000 0.999570 0.450407 0.450407 0.450407
7161.148926 0.000000 1248.862915 0.000000 0.812847 0.000000 0.582477 0.709294 0.709294 0.709294
6664.301758 0.000000 1319.554199 0.000000 0.896014 0.000000 0.444025 0.754806 0.754806 0.754806
6665.568359 0.000000 1321.725342 0.000000 0.995177 0.000000 0.098093 0.856658 0.856658 0.856658
6668.527344 0.000000 1315.735596 0.000000 0.667327 0.000000 -0.744765 1.120813 1.120813 1.120813
6664.379395 0.000000 1318.505615 0.000000 0.991000 0.000000 0.133863 0.846520 0.846520 0.846520
6666.992676 0.000000 1327.963501 0.000000 0.298185 0.000000 -0.954508 1.241239 1.241239 1.241239
6669.397461 0.000000 1315.489868 0.000000 0.933349 0.000000 0.358970 0.780962 0.780962 0.780962
6717.097656 0.000000 1461.265991 0.000000 0.805237 0.000000 0.592953 0.705649 0.705649 0.705649
6713.557129 0.000000 1460.023193 0.000000 0.454579 0.000000 -0.890707 1.193638 1.193638 1.193638
6706.900391 0.000000 1470.209473 0.000000 0.431988 0.000000 0.901879 0.567896 0.567896 0.567896
6706.123047 0.000000 1470.971436 0.000000 0.955521 0.000000 0.294923 0.800044 0.800044 0.800044
6717.604492 0.000000 1460.493530 0.000000 0.071596 0.000000 0.997434 0.462327 0.462327 0.462327
6727.304199 0.000000 1466.032959 0.000000 0.955864 0.000000 0.293810 0.800372 0.800372 0.800372
6716.462402 0.000000 1472.871582 0.000000 0.256396 0.000000 -0.966572 1.253484 1.253484 1.253484
6708.627930 0.000000 1475.095215 0.000000 0.406538 0.000000 -0.913634 1.208624 1.208624 1.208624
6718.177246 0.000000 1471.881836 0.000000 0.676860 0.000000 -0.736112 1.117189 1.117189 1.117189
6717.722656 0.000000 1473.199707 0.000000 0.917472 0.000000 0.397800 0.769153 0.769153 0.769153
6715.551758 0.000000 1504.062744 0.000000 0.896962 0.000000 -0.442108 1.013220 1.013220 1.013220
6723.105469 0.000000 1504.751099 0.000000 0.638836 0.000000 -0.769343 1.131405 1.131405 1.131405
6752.975586 0.000000 1526.432983 0.000000 0.999160 0.000000 0.040979 0.872775 0.872775 0.872775
6894.600586 0.000000 1456.216919 0.000000 0.844285 0.000000 -0.535895 1.043513 1.043513 1.043513
6876.431152 0.000000 1527.643311 0.000000 0.206842 0.000000 -0.978374 1.267824 1.267824 1.267824
6877.541992 0.000000 1527.823364 0.000000 0.787883 0.000000 -0.615825 1.071061 1.071061 1.071061
6895.125488 0.000000 1531.827026 0.000000 0.445223 0.000000 -0.895420 1.196587 1.196587 1.196587
6885.217773 0.000000 1533.420044 0.000000 0.996581 0.000000 -0.082626 0.907598 0.907598 0.907598
6905.872070 0.000000 1525.431641 0.000000 0.943158 0.000000 -0.332344 0.979678 0.979678 0.979678
6888.574707 0.000000 1520.548706 0.000000 0.637509 0.000000 -0.770443 1.131891 1.131891 1.131891
6904.485840 0.000000 1524.436523 0.000000 0.298436 0.000000 -0.954430 1.241165 1.241165 1.241165
6888.996094 0.000000 1530.188354 0.000000 0.397755 0.000000 0.917492 0.557304 0.557304 0.557304
7101.386230 0.000000 1286.633667 0.000000 0.990851 0.000000 -0.134961 0.922420 0.922420 0.922420
7100.212402 0.000000 1287.014282 0.000000 0.430890 0.000000 0.902405 0.567553 0.567553 0.567553
7161.633301 0.000000 1287.223755 0.000000 0.780887 0.000000 0.624672 0.694392 0.694392 0.694392
7161.083008 0.000000 1288.228394 0.000000 0.744540 0.000000 0.667578 0.678562 0.678562 0.678562
7164.057617 0.000000 1290.483887 0.000000 0.969700 0.000000 0.244298 0.814844 0.814844 0.814844
7157.424316 0.000000 1287.603149 0.000000 0.043742 0.000000 -0.999043 1.314154 1.314154 1.314154
7160.548340 0.000000 1306.107422 0.000000 0.955778 0.000000 0.294088 0.800290 0.800290 0.800290
7154.500000 0.000000 1291.730103 0.000000 0.200595 0.000000 -0.979674 1.269620 1.269620 1.269620
7156.467285 0.000000 1387.471924 0.000000 0.243560 0.000000 -0.969886 1.257215 1.257215 1.257215
6516.242676 0.000000 1713.632202 0.000000 0.618100 0.000000 0.786100 0.629717 0.629717 0.629717
6518.111816 0.000000 1720.903687 0.000000 0.345139 0.000000 -0.938552 1.227279 1.227279 1.227279
6406.812012 0.000000 1754.901611 0.000000 0.805885 0.000000 0.592073 0.705956 0.705956 0.705956
6578.228516 0.000000 1701.251831 0.000000 0.570575 0.000000 0.821245 0.613077 0.613077 0.613077
6579.148926 0.000000 1701.527466 0.000000 0.397387 0.000000 -0.917651 1.211437 1.211437 1.211437
6569.446777 0.000000 2018.898193 0.000000 0.937142 0.000000 0.348949 0.783978 0.783978 0.783978
6568.151367 0.000000 2018.484009 0.000000 0.707886 0.000000 0.706326 0.663546 0.663546 0.663546
6729.809082 0.000000 1562.953613 0.000000 0.678020 0.000000 -0.735044 1.116745 1.116745 1.116745
6689.452637 0.000000 1629.873779 0.000000 0.743477 0.000000 0.668761 0.678114 0.678114 0.678114
6689.278809 0.000000 1631.217896 0.000000 0.863706 0.000000 0.503996 0.735628 0.735628 0.735628
6798.796875 0.000000 1567.471191 0.000000 0.411495 0.000000 -0.911412 1.207094 1.207094 1.207094
6790.028320 0.000000 1558.809082 0.000000 0.083522 0.000000 -0.996506 1.302933 1.302933 1.302933
6800.892578 0.000000 1558.190918 0.000000 0.172938 0.000000 0.984933 0.491083 0.491083 0.491083
6800.306152 0.000000 1559.774536 0.000000 0.043477 0.000000 -0.999054 1.314229 1.314229 1.314229
6908.143555 0.000000 1583.101807 0.000000 0.843154 0.000000 -0.537672 1.044106 1.044106 1.044106
6866.551270 0.000000 1624.886353 0.000000 0.441536 0.000000 0.897243 0.570883 0.570883 0.570883
6849.433105 0.000000 1629.873779 0.000000 0.939635 0.000000 -0.342180 0.982619 0.982619 0.982619
6852.953125 0.000000 1630.901367 0.000000 0.245969 0.000000 -0.969278 1.256516 1.256516 1.256516
6868.122559 0.000000 1619.399536 0.000000 0.705306 0.000000 0.708903 0.662519 0.662519 0.662519
6867.912109 0.000000 1624.569092 0.000000 0.955653 0.000000 -0.294494 0.968457 0.968457 0.968457
6856.228516 0.000000 1628.002441 0.000000 0.715688 0.000000 -0.698421 1.101955 1.101955 1.101955
6859.827148 0.000000 1636.530396 0.000000 0.924278 0.000000 -0.381719 0.994559 0.994559 0.994559
6853.126465 0.000000 1634.244507 0.000000 0.990530 0.000000 -0.137294 0.923083 0.923083 0.923083
6873.590332 0.000000 1631.768555 0.000000 0.257985 0.000000 -0.966149 1.253021 1.253021 1.253021
6906.580078 0.000000 1659.601562 0.000000 0.241025 0.000000 -0.970519 1.257951 1.257951 1.257951
6900.862305 0.000000 1653.442261 0.000000 0.999880 0.000000 -0.015496 0.888676 0.888676 0.888676
6890.794922 0.000000 1661.726685 0.000000 0.782701 0.000000 -0.622398 1.073417 1.073417 1.073417
6901.076660 0.000000 1652.051758 0.000000 0.956161 0.000000 0.292843 0.800657 0.800657 0.800657
6904.130371 0.000000 1661.350098 0.000000 0.779816 0.000000 -0.626008 1.074718 1.074718 1.074718
6905.930664 0.000000 1660.557129 0.000000 0.902904 0.000000 -0.429843 1.009383 1.009383 1.009383
6906.262695 0.000000 1658.553467 0.000000 0.707635 0.000000 0.706578 0.663446 0.663446 0.663446
6732.115234 0.000000 1691.978638 0.000000 0.539324 0.000000 0.842099 0.602501 0.602501 0.602501
6734.991211 0.000000 1695.619141 0.000000 0.147388 0.000000 -0.989079 1.284831 1.284831 1.284831
6891.422852 0.000000 1667.374512 0.000000 0.305948 0.000000 -0.952048 1.238947 1.238947 1.238947
6905.860840 0.000000 1673.876953 0.000000 0.492891 0.000000 0.870091 0.587237 0.587237 0.587237
6850.496094 0.000000 1726.031128 0.000000 0.669820 0.000000 0.742524 0.648758 0.648758 0.648758
6854.256348 0.000000 1735.694824 0.000000 0.028146 0.000000 0.999604 0.450081 0.450081 0.450081
6850.894531 0.000000 1738.296265 0.000000 0.539403 0.000000 0.842048 0.602527 0.602527 0.602527
6853.529785 0.000000 1738.968506 0.000000 0.341622 0.000000 0.939837 0.540295 0.540295 0.540295
6857.803711 0.000000 1745.007690 0.000000 0.966111 0.000000 0.258125 0.810823 0.810823 0.810823
6855.338379 0.000000 1736.340942 0.000000 0.297647 0.000000 -0.954676 1.241398 1.241398 1.241398
6913.213867 0.000000 1577.631104 0.000000 0.995209 0.000000 0.097773 0.856748 0.856748 0.856748
6916.163574 0.000000 1584.632324 0.000000 0.992710 0.000000 -0.120524 0.918322 0.918322 0.918322
6919.377930 0.000000 1580.968628 0.000000 0.984495 0.000000 -0.175415 0.933948 0.933948 0.933948
6916.961426 0.000000 1585.256104 0.000000 0.863563 0.000000 0.504240 0.735548 0.735548 0.735548
6913.455566 0.000000 1574.074219 0.000000 0.307895 0.000000 -0.951420 1.238371 1.238371 1.238371
6921.294434 0.000000 1652.225464 0.000000 0.524095 0.000000 0.851660 0.597439 0.597439 0.597439
6946.954590 0.000000 1733.685913 0.000000 0.676324 0.000000 -0.736604 1.117394 1.117394 1.117394
6945.859863 0.000000 1735.934937 0.000000 0.707521 0.000000 -0.706692 1.105227 1.105227 1.105227
6944.802734 0.000000 1734.659302 0.000000 0.999673 0.000000 -0.025574 0.891513 0.891513 0.891513
6951.038574 0.000000 1743.863403 0.000000 0.991450 0.000000 -0.130487 0.921149 0.921149 0.921149
6947.754395 0.000000 1737.237061 0.000000 0.081017 0.000000 0.996713 0.464987 0.464987 0.464987
7170.355957 0.000000 1245.149170 0.000000 0.979860 0.000000 0.199688 0.827724 0.827724 0.827724
7180.903809 0.000000 1253.838257 0.000000 0.582567 0.000000 -0.812782 1.151419 1.151419 1.151419
7612.753418 0.000000 1071.890991 0.000000 0.901275 0.000000 -0.433248 1.010446 1.010446 1.010446
7622.445801 0.000000 1077.446045 0.000000 0.137495 0.000000 0.990502 0.480983 0.480983 0.480983
7623.239258 0.000000 1076.473022 0.000000 0.979976 0.000000 0.199117 0.827888 0.827888 0.827888
7666.879883 0.000000 1244.873657 0.000000 0.913016 0.000000 0.407923 0.766040 0.766040 0.766040
7667.724609 0.000000 1244.524902 0.000000 0.187677 0.000000 -0.982231 1.273327 1.273327 1.273327
7661.872559 0.000000 1254.507568 0.000000 0.970883 0.000000 0.239556 0.816220 0.816220 0.816220
7668.758789 0.000000 1249.477051 0.000000 0.185224 0.000000 0.982696 0.494598 0.494598 0.494598
7659.758789 0.000000 1257.038574 0.000000 0.397236 0.000000 0.917717 0.557145 0.557145 0.557145
7667.804199 0.000000 1258.630249 0.000000 0.995755 0.000000 0.092040 0.858369 0.858369 0.858369
7674.405762 0.000000 1261.389893 0.000000 0.445581 0.000000 0.895241 0.572154 0.572154 0.572154
7399.319336 0.000000 1484.992065 0.000000 0.810248 0.000000 0.586088 0.708041 0.708041 0.708041
7572.985352 0.000000 1310.967407 0.000000 0.280316 0.000000 0.959908 0.522134 0.522134 0.522134
7578.193359 0.000000 1317.929443 0.000000 0.298851 0.000000 -0.954300 1.241043 1.241043 1.241043
7620.486328 0.000000 1358.294189 0.000000 0.627836 0.000000 -0.778346 1.135407 1.135407 1.135407
7624.276855 0.000000 1367.838013 0.000000 0.924356 0.000000 -0.381532 0.994502 0.994502 0.994502
7633.450195 0.000000 1363.980469 0.000000 0.919432 0.000000 0.393249 0.770548 0.770548 0.770548
7639.447266 0.000000 1363.071167 0.000000 0.242658 0.000000 -0.970112 1.257477 1.257477 1.257477
7625.962891 0.000000 1357.026245 0.000000 0.493279 0.000000 -0.869871 1.181265 1.181265 1.181265
7629.491211 0.000000 1363.088623 0.000000 0.526837 0.000000 0.849967 0.598346 0.598346 0.598346
7633.310547 0.000000 1362.058350 0.000000 0.133515 0.000000 0.991047 0.479852 0.479852 0.479852
7638.515625 0.000000 1351.502808 0.000000 0.121316 0.000000 0.992614 0.476390 0.476390 0.476390
7631.816895 0.000000 1356.338745 0.000000 0.877896 0.000000 -0.478852 1.024873 1.024873 1.024873
7633.549316 0.000000 1351.115479 0.000000 0.429434 0.000000 0.903098 0.567099 0.567099 0.567099
7621.872559 0.000000 1359.006592 0.000000 0.981925 0.000000 0.189270 0.830714 0.830714 0.830714
7624.928711 0.000000 1366.542358 0.000000 0.919113 0.000000 0.393995 0.770319 0.770319 0.770319
7630.162598 0.000000 1357.708252 0.000000 0.492369 0.000000 -0.870387 1.181559 1.181559 1.181559
7637.532227 0.000000 1355.638550 0.000000 0.079663 0.000000 0.996822 0.464605 0.464605 0.464605
7624.262207 0.000000 1350.497803 0.000000 0.969977 0.000000 -0.243198 0.953464 0.953464 0.953464
7623.609375 0.000000 1368.638428 0.000000 0.984531 0.000000 -0.175209 0.933888 0.933888 0.933888
7643.134277 0.000000 1352.527832 0.000000 0.441866 0.000000 0.897081 0.570987 0.570987 0.570987
7633.657715 0.000000 1361.215088 0.000000 0.999665 0.000000 -0.025862 0.891595 0.891595 0.891595
7468.391113 0.000000 1448.285400 0.000000 0.811193 0.000000 -0.584779 1.060132 1.060132 1.060132
7460.082031 0.000000 1480.465088 0.000000 0.396970 0.000000 -0.917832 1.211565 1.211565 1.211565
7459.172852 0.000000 1487.734009 0.000000 0.099465 0.000000 -0.995041 1.298427 1.298427 1.298427
7470.893066 0.000000 1483.443726 0.000000 0.494279 0.000000 0.869303 0.587686 0.587686 0.587686
7459.531250 0.000000 1486.726440 0.000000 0.849560 0.000000 -0.527492 1.040720 1.040720 1.040720
7470.148438 0.000000 1482.837769 0.000000 0.943109 0.000000 -0.332483 0.979719 0.979719 0.979719
7616.290527 0.000000 1534.473389 0.000000 0.434052 0.000000 0.900888 0.568540 0.568540 0.568540
7829.999512 0.000000 1038.731079 0.000000 0.970352 0.000000 -0.241696 0.953028 0.953028 0.953028
7694.242188 0.000000 1341.686279 0.000000 0.970428 0.000000 0.241390 0.815688 0.815688 0.815688
7695.182129 0.000000 1341.069336 0.000000 0.888444 0.000000 0.458984 0.750087 0.750087 0.750087
7333.163086 0.000000 1565.412231 0.000000 0.997513 0.000000 -0.070487 0.904171 0.904171 0.904171
7381.492676 0.000000 1558.812866 0.000000 0.583093 0.000000 -0.812406 1.151237 1.151237 1.151237
7377.193359 0.000000 1563.549927 0.000000 0.630514 0.000000 -0.776178 1.134437 1.134437 1.134437
7371.870605 0.000000 1575.535034 0.000000 0.992380 0.000000 -0.123212 0.919085 0.919085 0.919085
7336.312012 0.000000 1687.759888 0.000000 0.573032 0.000000 0.819533 0.613920 0.613920 0.613920
7336.963867 0.000000 1686.464233 0.000000 0.526280 0.000000 0.850312 0.598162 0.598162 0.598162
7337.454102 0.000000 1687.513428 0.000000 0.768646 0.000000 0.639675 0.688941 0.688941 0.688941
7321.595215 0.000000 1741.814209 0.000000 0.192716 0.000000 -0.981255 1.271882 1.271882 1.271882
7479.190430 0.000000 1563.954468 0.000000 0.068098 0.000000 0.997679 0.461340 0.461340 0.461340
7506.205078 0.000000 1629.430054 0.000000 0.996853 0.000000 -0.079269 0.906650 0.906650 0.906650
7596.912109 0.000000 1559.414062 0.000000 0.294330 0.000000 -0.955704 1.242376 1.242376 1.242376
7595.225098 0.000000 1554.813477 0.000000 0.201532 0.000000 -0.979482 1.269351 1.269351 1.269351
7594.026367 0.000000 1554.342285 0.000000 0.769065 0.000000 0.639171 0.689126 0.689126 0.689126
7552.115234 0.000000 1593.411377 0.000000 0.349567 0.000000 -0.936912 1.225950 1.225950 1.225950
7669.377930 0.000000 1548.948486 0.000000 0.026364 0.000000 0.999652 0.449579 0.449579 0.449579
7668.229492 0.000000 1549.280640 0.000000 0.583786 0.000000 -0.811908 1.150997 1.150997 1.150997
7668.640625 0.000000 1548.367065 0.000000 0.678824 0.000000 -0.734301 1.116437 1.116437 1.116437
7662.073730 0.000000 1580.255981 0.000000 0.939313 0.000000 -0.343062 0.982883 0.982883 0.982883
7601.518555 0.000000 1611.866089 0.000000 0.925463 0.000000 -0.378837 0.993682 0.993682 0.993682
7603.955078 0.000000 1609.476685 0.000000 0.990903 0.000000 0.134577 0.846317 0.846317 0.846317
7603.496094 0.000000 1608.177612 0.000000 0.999650 0.000000 0.026455 0.876866 0.876866 0.876866
7598.885742 0.000000 1631.634766 0.000000 0.849468 0.000000 -0.527640 1.040769 1.040769 1.040769
7540.526367 0.000000 1667.048340 0.000000 0.999587 0.000000 -0.028723 0.892400 0.892400 0.892400
7543.342773 0.000000 1679.553101 0.000000 0.970884 0.000000 0.239549 0.816222 0.816222 0.816222
7543.256836 0.000000 1678.340576 0.000000 0.844034 0.000000 -0.536290 1.043645 1.043645 1.043645
7549.331543 0.000000 1670.539917 0.000000 0.917334 0.000000 0.398119 0.769055 0.769055 0.769055
7533.291992 0.000000 1667.403931 0.000000 0.708772 0.000000 0.705438 0.663899 0.663899 0.663899
7630.974121 0.000000 1706.230591 0.000000 0.707718 0.000000 -0.706495 1.105149 1.105149 1.105149
7625.709961 0.000000 1713.015503 0.000000 0.835731 0.000000 0.549139 0.720677 0.720677 0.720677
7619.153320 0.000000 1711.679321 0.000000 0.779502 0.000000 0.626400 0.693769 0.693769 0.693769
7631.464844 0.000000 1712.564087 0.000000 0.328923 0.000000 0.944357 0.536500 0.536500 0.536500
7634.987793 0.000000 1698.807861 0.000000 0.997925 0.000000 -0.064387 0.902450 0.902450 0.902450
7624.700684 0.000000 1713.820557 0.000000 0.985098 0.000000 -0.171994 0.932970 0.932970 0.932970
7636.233398 0.000000 1709.241577 0.000000 0.066515 0.000000 0.997785 0.460894 0.460894 0.460894
7630.510742 0.000000 1712.154419 0.000000 0.803550 0.000000 0.595238 0.704849 0.704849 0.704849
7623.281738 0.000000 1705.539917 0.000000 0.334723 0.000000 0.942317 0.538231 0.538231 0.538231
7648.914551 0.000000 1698.465088 0.000000 0.481617 0.000000 0.876382 0.583603 0.583603 0.583603
7621.348145 0.000000 1746.139160 0.000000 0.942652 0.000000 -0.333778 0.980106 0.980106 0.980106
7622.445801 0.000000 1749.281982 0.000000 0.842277 0.000000 0.539045 0.724063 0.724063 0.724063
7620.450195 0.000000 1746.063232 0.000000 0.897514 0.000000 -0.440987 1.012868 1.012868 1.012868
7617.750488 0.000000 1740.065308 0.000000 0.345675 0.000000 0.938354 0.541510 0.541510 0.541510
7197.709961 0.000000 1829.098999 0.000000 0.942953 0.000000 -0.332926 0.979852 0.979852 0.979852
7203.709473 0.000000 1823.619385 0.000000 0.996694 0.000000 -0.081246 0.907209 0.907209 0.907209
7209.700195 0.000000 1838.233398 0.000000 0.897957 0.000000 -0.440083 1.012584 1.012584 1.012584
7779.475098 0.000000 1667.519287 0.000000 0.187871 0.000000 -0.982194 1.273271 1.273271 1.273271
7797.522949 0.000000 1696.540771 0.000000 0.595695 0.000000 -0.803211 1.146846 1.146846 1.146846
7831.359863 0.000000 1750.434570 0.000000 0.996944 0.000000 -0.078126 0.906327 0.906327 0.906327
7822.666504 0.000000 1753.119873 0.000000 0.042911 0.000000 -0.999079 1.314388 1.314388 1.314388
7827.328613 0.000000 1744.474731 0.000000 0.999689 0.000000 -0.024924 0.891330 0.891330 0.891330
7851.934082 0.000000 1739.843750 0.000000 0.818858 0.000000 -0.573996 1.056408 1.056408 1.056408
7856.193359 0.000000 1733.791748 0.000000 0.393667 0.000000 0.919253 0.556051 0.556051 0.556051
7867.258789 0.000000 1743.755005 0.000000 0.298175 0.000000 -0.954511 1.241242 1.241242 1.241242
7867.140137 0.000000 1742.669067 0.000000 0.992245 0.000000 -0.124299 0.919393 0.919393 0.919393
7861.172852 0.000000 1778.635132 0.000000 0.395907 0.000000 -0.918290 1.211890 1.211890 1.211890
7861.947754 0.000000 1784.888062 0.000000 0.787923 0.000000 -0.615774 1.071043 1.071043 1.071043
7885.963379 0.000000 1754.910400 0.000000 0.360030 0.000000 -0.932941 1.222800 1.222800 1.222800
7881.387695 0.000000 1751.497803 0.000000 0.925644 0.000000 -0.378396 0.993548 0.993548 0.993548
7892.497559 0.000000 1755.856079 0.000000 0.956289 0.000000 0.292423 0.800780 0.800780 0.800780
7922.751953 0.000000 1758.139160 0.000000 0.411777 0.000000 -0.911285 1.207007 1.207007 1.207007
7921.047363 0.000000 1759.453613 0.000000 0.966500 0.000000 0.256667 0.811248 0.811248 0.811248
7923.207520 0.000000 1759.210205 0.000000 0.967324 0.000000 0.253543 0.812158 0.812158 0.812158
7931.375000 0.000000 1755.440918 0.000000 0.596664 0.000000 -0.802491 1.146506 1.146506 1.146506
7894.615234 0.000000 1764.613525 0.000000 0.150387 0.000000 -0.988627 1.283978 1.283978 1.283978
7925.058105 0.000000 1766.326782 0.000000 0.280540 0.000000 0.959842 0.522199 0.522199 0.522199
7930.150391 0.000000 1765.820068 0.000000 0.342328 0.000000 0.939580 0.540506 0.540506 0.540506
7931.503418 0.000000 1764.672363 0.000000 0.696538 0.000000 0.717520 0.659059 0.659059 0.659059
7921.868652 0.000000 1774.910400 0.000000 0.912651 0.000000 0.408739 0.765788 0.765788 0.765788
7909.527832 0.000000 1786.398315 0.000000 0.392892 0.000000 0.919585 0.555814 0.555814 0.555814
7916.313477 0.000000 1779.063965 0.000000 0.954936 0.000000 0.296813 0.799487 0.799487 0.799487
7925.987793 0.000000 1766.559570 0.000000 0.430515 0.000000 0.902584 0.567436 0.567436 0.567436
7926.617188 0.000000 1760.370972 0.000000 0.753408 0.000000 -0.657553 1.086299 1.086299 1.086299
7936.558105 0.000000 1728.651245 0.000000 0.993084 0.000000 -0.117402 0.917437 0.917437 0.917437
7966.208496 0.000000 1789.595215 0.000000 0.836727 0.000000 0.547621 0.721188 0.721188 0.721188
7962.455078 0.000000 1789.427490 0.000000 0.150105 0.000000 -0.988670 1.284058 1.284058 1.284058
7965.531738 0.000000 1785.017090 0.000000 0.331171 0.000000 0.943571 0.537171 0.537171 0.537171
7964.345215 0.000000 1787.419800 0.000000 0.709483 0.000000 -0.704722 1.104445 1.104445 1.104445
7936.044434 0.000000 1759.853882 0.000000 0.237685 0.000000 0.971342 0.509708 0.509708 0.509708
7918.846680 0.000000 1791.595703 0.000000 0.458402 0.000000 -0.888745 1.192428 1.192428 1.192428
7919.887207 0.000000 1791.998535 0.000000 0.539576 0.000000 0.841937 0.602585 0.602585 0.602585
7917.245117 0.000000 1795.372681 0.000000 0.255924 0.000000 -0.966697 1.253621 1.253621 1.253621
7807.932129 0.000000 1992.823120 0.000000 0.616479 0.000000 0.787371 0.629137 0.629137 0.629137
7809.606934 0.000000 1989.099487 0.000000 0.135773 0.000000 -0.990740 1.288134 1.288134 1.288134
6020.184082 0.000000 2491.650391 0.000000 0.970013 0.000000 -0.243054 0.953422 0.953422 0.953422
6026.689941 0.000000 2487.897461 0.000000 0.982974 0.000000 -0.183745 0.936331 0.936331 0.936331
6046.568848 0.000000 2791.221924 0.000000 0.293621 0.000000 0.955922 0.526043 0.526043 0.526043
6059.952637 0.000000 2785.083496 0.000000 0.586879 0.000000 -0.809674 1.149923 1.149923 1.149923
6051.009277 0.000000 2792.653320 0.000000 0.896621 0.000000 0.442798 0.755191 0.755191 0.755191
5967.425293 0.000000 2965.917236 0.000000 0.871831 0.000000 -0.489806 1.028397 1.028397 1.028397
5970.764160 0.000000 3075.663330 0.000000 0.537838 0.000000 0.843048 0.602004 0.602004 0.602004
6066.744629 0.000000 3376.643066 0.000000 0.848991 0.000000 -0.528408 1.041024 1.041024 1.041024
6068.529785 0.000000 3391.316895 0.000000 0.979081 0.000000 0.203469 0.826637 0.826637 0.826637
6580.884277 0.000000 2216.302490 0.000000 0.984938 0.000000 -0.172909 0.933231 0.933231 0.933231
6173.164062 0.000000 2421.031738 0.000000 0.707682 0.000000 0.706531 0.663464 0.663464 0.663464
6176.522949 0.000000 2419.522949 0.000000 0.956598 0.000000 -0.291410 0.967549 0.967549 0.967549
6162.740723 0.000000 2435.819580 0.000000 0.410471 0.000000 -0.911874 1.207411 1.207411 1.207411
6168.481445 0.000000 2435.109619 0.000000 0.616058 0.000000 0.787701 0.628987 0.628987 0.628987
6157.872070 0.000000 2437.231689 0.000000 0.296348 0.000000 -0.955080 1.241781 1.241781 1.241781
6177.094238 0.000000 2434.285400 0.000000 0.772203 0.000000 0.635376 0.690512 0.690512 0.690512
6179.048340 0.000000 2437.513916 0.000000 0.483106 0.000000 0.875562 0.584082 0.584082 0.584082
6179.073242 0.000000 2434.591064 0.000000 0.862588 0.000000 0.505908 0.735004 0.735004 0.735004
6177.704590 0.000000 2445.626709 0.000000 0.769055 0.000000 0.639183 0.689122 0.689122 0.689122
7100.403809 0.000000 2071.510498 0.000000 0.431745 0.000000 0.901996 0.567820 0.567820 0.567820
7115.827637 0.000000 2072.797607 0.000000 0.185654 0.000000 0.982615 0.494721 0.494721 0.494721
7109.416016 0.000000 2072.042480 0.000000 0.933257 0.000000 0.359210 0.780890 0.780890 0.780890
6961.745117 0.000000 2236.129883 0.000000 0.656502 0.000000 0.754324 0.643749 0.643749 0.643749
6963.205566 0.000000 2220.398682 0.000000 0.295407 0.000000 0.955371 0.526569 0.526569 0.526569
6965.963867 0.000000 2236.428223 0.000000 0.995654 0.000000 0.093125 0.858063 0.858063 0.858063
6964.173340 0.000000 2237.983154 0.000000 0.813904 0.000000 -0.581000 1.058823 1.058823 1.058823
6673.923340 0.000000 2541.498779 0.000000 0.735879 0.000000 0.677113 0.674936 0.674936 0.674936
6679.448242 0.000000 2543.342285 0.000000 0.256733 0.000000 -0.966483 1.253386 1.253386 1.253386
6674.020996 0.000000 2542.722900 0.000000 0.870099 0.000000 0.492876 0.739238 0.739238 0.739238
6742.625000 0.000000 2535.213867 0.000000 0.861930 0.000000 0.507026 0.734639 0.734639 0.734639
6744.124512 0.000000 2539.859619 0.000000 0.395676 0.000000 -0.918390 1.211961 1.211961 1.211961
6752.743164 0.000000 2541.990479 0.000000 0.281581 0.000000 0.959537 0.522505 0.522505 0.522505
6752.775391 0.000000 2540.410645 0.000000 0.149337 0.000000 -0.988786 1.284277 1.284277 1.284277
6967.814941 0.000000 2496.593262 0.000000 0.997073 0.000000 -0.076453 0.905855 0.905855 0.905855
6961.553223 0.000000 2498.018311 0.000000 0.385656 0.000000 0.922642 0.553603 0.553603 0.553603
6966.734375 0.000000 2496.191162 0.000000 0.489656 0.000000 0.871916 0.586192 0.586192 0.586192
6382.847656 0.000000 2591.221191 0.000000 0.974440 0.000000 -0.224649 0.948094 0.948094 0.948094
6397.723145 0.000000 2584.821777 0.000000 0.782447 0.000000 -0.622717 1.073531 1.073531 1.073531
6374.079102 0.000000 2582.559082 0.000000 0.821156 0.000000 -0.570704 1.055278 1.055278 1.055278
6375.580078 0.000000 2582.246826 0.000000 0.955366 0.000000 0.295424 0.799896 0.799896 0.799896
6383.068359 0.000000 2590.152344 0.000000 0.952140 0.000000 0.305662 0.796875 0.796875 0.796875
6392.027344 0.000000 2584.212158 0.000000 0.670222 0.000000 -0.742160 1.119717 1.119717 1.119717
6393.594238 0.000000 2585.493652 0.000000 0.989362 0.000000 0.145472 0.843220 0.843220 0.843220
6384.748047 0.000000 2773.009766 0.000000 0.990909 0.000000 -0.134537 0.922299 0.922299 0.922299
6383.715332 0.000000 2767.004150 0.000000 0.479851 0.000000 0.877350 0.583036 0.583036 0.583036
6389.613770 0.000000 2774.516113 0.000000 0.172434 0.000000 0.985021 0.490938 0.490938 0.490938
6391.570312 0.000000 2768.281494 0.000000 0.433569 0.000000 0.901120 0.568389 0.568389 0.568389
6426.558594 0.000000 2777.348633 0.000000 0.849114 0.000000 -0.528210 1.040958 1.040958 1.040958
6426.120605 0.000000 2764.192871 0.000000 0.626864 0.000000 -0.779129 1.135758 1.135758 1.135758
6428.139648 0.000000 2773.977051 0.000000 0.027181 0.000000 0.999631 0.449809 0.449809 0.449809
6441.698242 0.000000 2780.851318 0.000000 0.151622 0.000000 -0.988439 1.283626 1.283626 1.283626
6445.677734 0.000000 2777.349609 0.000000 0.627602 0.000000 0.778535 0.633136 0.633136 0.633136
6433.030762 0.000000 2755.584717 0.000000 0.919458 0.000000 0.393188 0.770566 0.770566 0.770566
6441.706055 0.000000 2781.904297 0.000000 0.670240 0.000000 -0.742145 1.119710 1.119710 1.119710
6432.259766 0.000000 2769.779785 0.000000 0.707589 0.000000 -0.706625 1.105200 1.105200 1.105200
6238.677246 0.000000 2935.750488 0.000000 0.454706 0.000000 -0.890642 1.193598 1.193598 1.193598
6241.624512 0.000000 2935.172607 0.000000 0.788724 0.000000 -0.614747 1.070676 1.070676 1.070676
6242.781250 0.000000 2932.178223 0.000000 0.185626 0.000000 0.982620 0.494713 0.494713 0.494713
6240.520996 0.000000 2935.647705 0.000000 0.974266 0.000000 -0.225400 0.948310 0.948310 0.948310
6308.646484 0.000000 2989.895752 0.000000 0.982464 0.000000 0.186455 0.831520 0.831520 0.831520
6309.535645 0.000000 2980.985107 0.000000 0.999920 0.000000 -0.012613 0.887864 0.887864 0.887864
6318.237793 0.000000 2987.912109 0.000000 0.384538 0.000000 0.923109 0.553261 0.553261 0.553261
6318.445801 0.000000 2979.333984 0.000000 0.344135 0.000000 -0.938920 1.227580 1.227580 1.227580
6309.016602 0.000000 2988.741943 0.000000 0.717532 0.000000 -0.696526 1.101211 1.101211 1.101211
6319.033691 0.000000 2987.076416 0.000000 0.708335 0.000000 0.705876 0.663725 0.663725 0.663725
6309.027832 0.000000 2980.198975 0.000000 0.999619 0.000000 0.027614 0.876540 0.876540 0.876540
6346.363281 0.000000 2974.744385 0.000000 0.996772 0.000000 -0.080279 0.906936 0.906936 0.906936
6377.470215 0.000000 2946.671631 0.000000 0.813697 0.000000 0.581289 0.709705 0.709705 0.709705
6347.995605 0.000000 2983.191406 0.000000 0.737172 0.000000 0.675705 0.675474 0.675474 0.675474
6347.439453 0.000000 2982.378906 0.000000 0.896998 0.000000 -0.442035 1.013197 1.013197 1.013197
6347.106445 0.000000 2983.544434 0.000000 0.974283 0.000000 -0.225328 0.948290 0.948290 0.948290
6355.040039 0.000000 3068.428467 0.000000 0.070344 0.000000 0.997523 0.461974 0.461974 0.461974
6349.347168 0.000000 3054.725098 0.000000 0.442746 0.000000 0.896647 0.571263 0.571263 0.571263
6359.326660 0.000000 3052.080811 0.000000 0.939160 0.000000 0.343481 0.785619 0.785619 0.785619
6505.412598 0.000000 2920.083008 0.000000 0.901270 0.000000 -0.433258 1.010449 1.010449 1.010449
6589.620117 0.000000 3028.110596 0.000000 0.997726 0.000000 -0.067400 0.903300 0.903300 0.903300
6566.291504 0.000000 3047.374512 0.000000 0.988866 0.000000 0.148811 0.842270 0.842270 0.842270
6591.648438 0.000000 3030.740723 0.000000 0.979407 0.000000 0.201898 0.827089 0.827089 0.827089
6591.218262 0.000000 3033.453857 0.000000 0.202702 0.000000 -0.979240 1.269015 1.269015 1.269015
6878.445312 0.000000 2803.838623 0.000000 0.026908 0.000000 0.999638 0.449732 0.449732 0.449732
6870.746094 0.000000 2784.120850 0.000000 0.779518 0.000000 0.626380 0.693776 0.693776 0.693776
6883.085938 0.000000 2784.438721 0.000000 0.406085 0.000000 -0.913835 1.208763 1.208763 1.208763
6925.619141 0.000000 2617.388672 0.000000 0.582452 0.000000 0.812865 0.617169 0.617169 0.617169
6916.842285 0.000000 2620.239990 0.000000 0.666435 0.000000 -0.745563 1.121150 1.121150 1.121150
6969.638184 0.000000 2605.603271 0.000000 0.625259 0.000000 0.780417 0.632290 0.632290 0.632290
6963.146484 0.000000 2601.674316 0.000000 0.901442 0.000000 -0.432899 1.010337 1.010337 1.010337
6932.494629 0.000000 2635.167236 0.000000 0.960033 0.000000 -0.279888 0.964165 0.964165 0.964165
6925.917969 0.000000 2624.745361 0.000000 0.719559 0.000000 -0.694431 1.100390 1.100390 1.100390
6925.366211 0.000000 2627.169678 0.000000 0.307639 0.000000 -0.951503 1.238447 1.238447 1.238447
6949.457520 0.000000 2629.071045 0.000000 0.530046 0.000000 0.847969 0.599410 0.599410 0.599410
6946.345703 0.000000 2640.684326 0.000000 0.715736 0.000000 -0.698371 1.101936 1.101936 1.101936
7045.198242 0.000000 2685.138672 0.000000 0.803374 0.000000 0.595475 0.704766 0.704766 0.704766
7046.733887 0.000000 2682.675049 0.000000 0.934798 0.000000 0.355179 0.782105 0.782105 0.782105
7052.924316 0.000000 2680.272217 0.000000 0.789911 0.000000 -0.613221 1.070132 1.070132 1.070132
7044.826660 0.000000 2684.224365 0.000000 0.716396 0.000000 -0.697694 1.101670 1.101670 1.101670
7155.410645 0.000000 2672.248047 0.000000 0.446668 0.000000 0.894700 0.572496 0.572496 0.572496
6956.555176 0.000000 2740.690186 0.000000 0.394311 0.000000 0.918977 0.556248 0.556248 0.556248
6975.130859 0.000000 2812.045654 0.000000 0.015441 0.000000 0.999881 0.446504 0.446504 0.446504
6741.202637 0.000000 2822.068848 0.000000 0.918380 0.000000 0.395699 0.769797 0.769797 0.769797
6737.624023 0.000000 2827.569336 0.000000 0.820092 0.000000 -0.572232 1.055802 1.055802 1.055802
6737.016602 0.000000 2825.733154 0.000000 0.901303 0.000000 -0.433189 1.010427 1.010427 1.010427
6742.259277 0.000000 2815.332031 0.000000 0.733979 0.000000 0.679172 0.674147 0.674147 0.674147
6726.555176 0.000000 2837.016357 0.000000 0.186960 0.000000 -0.982368 1.273533 1.273533 1.273533
6737.501465 0.000000 2824.380859 0.000000 0.571334 0.000000 0.820717 0.613337 0.613337 0.613337
6740.060547 0.000000 2825.179932 0.000000 0.870290 0.000000 -0.492539 1.029280 1.029280 1.029280
6728.540527 0.000000 2819.250732 0.000000 0.295074 0.000000 -0.955474 1.242156 1.242156 1.242156
6732.333496 0.000000 2826.618164 0.000000 0.240594 0.000000 0.970626 0.510552 0.510552 0.510552
6756.469238 0.000000 2831.154053 0.000000 0.630719 0.000000 -0.776011 1.134362 1.134362 1.134362
6756.555664 0.000000 2833.797607 0.000000 0.080408 0.000000 0.996762 0.464815 0.464815 0.464815
6865.485840 0.000000 2856.373047 0.000000 0.956440 0.000000 0.291929 0.800926 0.800926 0.800926
6871.943359 0.000000 2855.768066 0.000000 0.311235 0.000000 -0.950333 1.237382 1.237382 1.237382
6861.300293 0.000000 2855.245117 0.000000 0.960886 0.000000 -0.276945 0.963302 0.963302 0.963302
6867.585938 0.000000 2855.873047 0.000000 0.996658 0.000000 0.081687 0.861294 0.861294 0.861294
6876.843262 0.000000 2863.453613 0.000000 0.044442 0.000000 -0.999012 1.313957 1.313957 1.313957
6864.043457 0.000000 2857.860107 0.000000 0.918109 0.000000 0.396329 0.769604 0.769604 0.769604
6900.041016 0.000000 2857.172119 0.000000 0.188616 0.000000 0.982051 0.495570 0.495570 0.495570
6892.500000 0.000000 2851.360596 0.000000 0.704161 0.000000 0.710041 0.662065 0.662065 0.662065
6901.459961 0.000000 2850.002930 0.000000 0.890126 0.000000 0.455715 0.751122 0.751122 0.751122
6902.112793 0.000000 2854.293945 0.000000 0.490840 0.000000 -0.871250 1.182053 1.182053 1.182053
6909.717285 0.000000 2863.850098 0.000000 0.997757 0.000000 -0.066947 0.903173 0.903173 0.903173
6913.213867 0.000000 2857.318604 0.000000 0.990920 0.000000 -0.134454 0.922276 0.922276 0.922276
6947.062012 0.000000 2988.318359 0.000000 0.187297 0.000000 0.982303 0.495192 0.495192 0.495192
7007.211914 0.000000 3066.595459 0.000000 0.981530 0.000000 0.191309 0.830129 0.830129 0.830129
7008.794922 0.000000 3060.353516 0.000000 0.584227 0.000000 -0.811590 1.150844 1.150844 1.150844
7566.697754 0.000000 2073.041748 0.000000 0.504497 0.000000 -0.863414 1.177621 1.177621 1.177621
7820.214355 0.000000 2082.425537 0.000000 0.613341 0.000000 0.789818 0.628017 0.628017 0.628017
7820.386719 0.000000 2083.548096 0.000000 0.833804 0.000000 0.552060 0.719691 0.719691 0.719691
7813.379395 0.000000 2089.850098 0.000000 0.747088 0.000000 -0.664725 1.088989 1.088989 1.088989
7854.076660 0.000000 2268.331787 0.000000 0.973545 0.000000 -0.228496 0.949205 0.949205 0.949205
7861.434082 0.000000 2262.641113 0.000000 0.583472 0.000000 -0.812133 1.151106 1.151106 1.151106
7991.832031 0.000000 2200.305908 0.000000 0.296424 0.000000 -0.955057 1.241759 1.241759 1.241759
7994.503906 0.000000 2211.268066 0.000000 0.999729 0.000000 -0.023283 0.890868 0.890868 0.890868
8019.849609 0.000000 2181.862305 0.000000 0.813651 0.000000 -0.581353 1.058945 1.058945 1.058945
8002.933105 0.000000 2188.513672 0.000000 0.434379 0.000000 0.900730 0.568642 0.568642 0.568642
8016.895996 0.000000 2209.092773 0.000000 0.584937 0.000000 -0.811079 1.150598 1.150598 1.150598
7744.337402 0.000000 2423.772705 0.000000 0.943241 0.000000 -0.332108 0.979607 0.979607 0.979607
7705.287109 0.000000 2481.831543 0.000000 0.343887 0.000000 -0.939011 1.227654 1.227654 1.227654
7751.428223 0.000000 2435.652832 0.000000 0.671013 0.000000 -0.741446 1.119417 1.119417 1.119417
7751.276367 0.000000 2437.821289 0.000000 0.677339 0.000000 -0.735671 1.117006 1.117006 1.117006
7837.075684 0.000000 2557.503174 0.000000 0.734061 0.000000 0.679083 0.674181 0.674181 0.674181
7841.138184 0.000000 2558.991211 0.000000 0.889992 0.000000 0.455975 0.751039 0.751039 0.751039
7394.561523 0.000000 2648.200439 0.000000 0.432199 0.000000 0.901778 0.567961 0.567961 0.567961
7395.647949 0.000000 2648.984375 0.000000 0.384207 0.000000 0.923247 0.553160 0.553160 0.553160
7367.323242 0.000000 2670.239746 0.000000 0.227072 0.000000 0.973878 0.506637 0.506637 0.506637
7389.097168 0.000000 2664.410400 0.000000 0.733736 0.000000 0.679434 0.674046 0.674046 0.674046
7389.875488 0.000000 2665.146484 0.000000 0.862434 0.000000 0.506169 0.734919 0.734919 0.734919
7198.302246 0.000000 2749.360840 0.000000 0.912595 0.000000 0.408865 0.765749 0.765749 0.765749
7203.510254 0.000000 2749.048340 0.000000 0.932510 0.000000 0.361145 0.780306 0.780306 0.780306
7201.379395 0.000000 2745.570801 0.000000 0.912586 0.000000 0.408884 0.765743 0.765743 0.765743
7212.911133 0.000000 2753.492432 0.000000 0.696363 0.000000 0.717690 0.658990 0.658990 0.658990
7343.500000 0.000000 2736.313965 0.000000 0.979239 0.000000 0.202708 0.826856 0.826856 0.826856
7348.760742 0.000000 2734.838135 0.000000 0.229229 0.000000 0.973373 0.507260 0.507260 0.507260
7340.884277 0.000000 2725.478760 0.000000 0.081250 0.000000 -0.996694 1.303575 1.303575 1.303575
7340.383789 0.000000 2738.829590 0.000000 0.379728 0.000000 0.925098 0.551796 0.551796 0.551796
7343.257324 0.000000 2741.971924 0.000000 0.771948 0.000000 0.635686 0.690399 0.690399 0.690399
7340.259277 0.000000 2730.641602 0.000000 0.743407 0.000000 -0.668839 1.090544 1.090544 1.090544
7351.866211 0.000000 2745.122314 0.000000 0.999920 0.000000 -0.012649 0.887874 0.887874 0.887874
7678.271484 0.000000 2595.274414 0.000000 0.966072 0.000000 0.258273 0.810780 0.810780 0.810780
7582.346191 0.000000 2630.156738 0.000000 0.960153 0.000000 -0.279473 0.964043 0.964043 0.964043
7572.733398 0.000000 2638.861572 0.000000 0.709179 0.000000 0.705028 0.664062 0.664062 0.664062
7578.603516 0.000000 2630.724365 0.000000 0.996543 0.000000 0.083077 0.860902 0.860902 0.860902
7583.306152 0.000000 2631.458740 0.000000 0.014649 0.000000 0.999893 0.446281 0.446281 0.446281
7583.959473 0.000000 2632.666748 0.000000 0.629389 0.000000 -0.777091 1.134845 1.134845 1.134845
7587.507812 0.000000 2625.602539 0.000000 0.981670 0.000000 -0.190589 0.938292 0.938292 0.938292
7541.393555 0.000000 2700.667236 0.000000 0.393887 0.000000 -0.919159 1.212509 1.212509 1.212509
7538.824707 0.000000 2698.507812 0.000000 0.149150 0.000000 -0.988815 1.284330 1.284330 1.284330
7548.175781 0.000000 2705.670654 0.000000 0.862644 0.000000 0.505812 0.735035 0.735035 0.735035
7540.040527 0.000000 2707.133789 0.000000 0.919068 0.000000 0.394098 0.770288 0.770288 0.770288
7539.819824 0.000000 2698.278809 0.000000 0.334193 0.000000 0.942505 0.538073 0.538073 0.538073
7547.450195 0.000000 2719.765869 0.000000 0.770547 0.000000 0.637384 0.689780 0.689780 0.689780
7552.511719 0.000000 2714.077881 0.000000 0.045312 0.000000 -0.998973 1.313712 1.313712 1.313712
7552.894043 0.000000 2723.592529 0.000000 0.955426 0.000000 0.295231 0.799953 0.799953 0.799953
7228.435059 0.000000 2907.146240 0.000000 0.657621 0.000000 0.753349 0.644167 0.644167 0.644167
7230.459961 0.000000 2891.481445 0.000000 0.951058 0.000000 0.309013 0.795884 0.795884 0.795884
7229.301758 0.000000 2906.064209 0.000000 0.656491 0.000000 0.754334 0.643745 0.643745 0.643745
7229.499023 0.000000 2903.487305 0.000000 0.902760 0.000000 -0.430144 1.009477 1.009477 1.009477
7233.127441 0.000000 2908.128906 0.000000 0.889056 0.000000 0.457798 0.750463 0.750463 0.750463
7282.596191 0.000000 2992.736816 0.000000 0.411893 0.000000 -0.911232 1.206971 1.206971 1.206971
7290.002930 0.000000 3009.583740 0.000000 0.569975 0.000000 0.821662 0.612871 0.612871 0.612871
7292.870117 0.000000 3007.332031 0.000000 0.617392 0.000000 0.786656 0.629464 0.629464 0.629464
7291.436035 0.000000 3008.694092 0.000000 0.912112 0.000000 0.409940 0.765417 0.765417 0.765417
7298.096680 0.000000 3003.529297 0.000000 0.743129 0.000000 -0.669149 1.090661 1.090661 1.090661
7297.204590 0.000000 3006.881836 0.000000 0.704178 0.000000 0.710023 0.662072 0.662072 0.662072
7299.096191 0.000000 3003.948242 0.000000 0.777075 0.000000 0.629408 0.692681 0.692681 0.692681
7697.541016 0.000000 2595.066406 0.000000 0.444592 0.000000 0.895733 0.571843 0.571843 0.571843
7683.650879 0.000000 2591.431885 0.000000 0.491652 0.000000 -0.870792 1.181791 1.181791 1.181791
7818.095215 0.000000 2559.476318 0.000000 0.709360 0.000000 -0.704846 1.104494 1.104494 1.104494
7844.271973 0.000000 2569.734863 0.000000 0.982789 0.000000 -0.184730 0.936613 0.936613 0.936613
6238.476562 0.000000 3148.896729 0.000000 0.719999 0.000000 -0.693975 1.100212 1.100212 1.100212
6642.220703 0.000000 3076.916016 0.000000 0.526783 0.000000 0.850000 0.598328 0.598328 0.598328
6642.491699 0.000000 3077.948242 0.000000 0.677903 0.000000 -0.735151 1.116790 1.116790 1.116790
6450.154297 0.000000 3582.455811 0.000000 0.030677 0.000000 -0.999529 1.317834 1.317834 1.317834
6754.488281 0.000000 3263.571533 0.000000 0.981980 0.000000 0.188984 0.830796 0.830796 0.830796
7014.652832 0.000000 3072.475342 0.000000 0.990852 0.000000 0.134957 0.846209 0.846209 0.846209
7066.666016 0.000000 3142.599365 0.000000 0.981540 0.000000 0.191258 0.830144 0.830144 0.830144
6327.331055 0.000000 3643.446533 0.000000 0.890343 0.000000 0.455290 0.751256 0.751256 0.751256
6326.811523 0.000000 3642.555176 0.000000 0.991499 0.000000 -0.130115 0.921044 0.921044 0.921044
6335.679688 0.000000 3638.592285 0.000000 0.997695 0.000000 -0.067853 0.903428 0.903428 0.903428
6345.265137 0.000000 3640.168945 0.000000 0.901724 0.000000 -0.432312 1.010154 1.010154 1.010154
6450.559082 0.000000 3583.350098 0.000000 0.679657 0.000000 -0.733530 1.116118 1.116118 1.116118
6442.531250 0.000000 3589.312012 0.000000 0.069338 0.000000 0.997593 0.461690 0.461690 0.461690
6481.582031 0.000000 3613.514404 0.000000 0.870231 0.000000 0.492645 0.739313 0.739313 0.739313
6494.992188 0.000000 3594.498779 0.000000 0.444076 0.000000 -0.895989 1.196947 1.196947 1.196947
6495.533203 0.000000 3595.234619 0.000000 0.491643 0.000000 0.870797 0.586834 0.586834 0.586834
7240.697754 0.000000 3306.295654 0.000000 0.627894 0.000000 -0.778299 1.135386 1.135386 1.135386
7200.771484 0.000000 3380.275391 0.000000 0.382573 0.000000 0.923925 0.552662 0.552662 0.552662
"}
object={
	name="rock_red_generator_1_3"
	clamp_to_water_level=no
	render_under_water=no
	generated_content=yes
	layer="rock_layer"
	pdxmesh="rock_S_red_mesh"
	count=1952
	transform="1687.291992 0.000000 1449.351562 0.000000 0.186828 0.000000 0.982393 0.323583 0.323583 0.323583
1686.672363 0.000000 1460.713135 0.000000 0.777833 0.000000 -0.628471 0.589242 0.589242 0.589242
1679.421509 0.000000 1471.494629 0.000000 0.806933 0.000000 0.590643 0.417657 0.417657 0.417657
1683.513306 0.000000 1470.209473 0.000000 0.234108 0.000000 -0.972211 0.676910 0.676910 0.676910
1697.640625 0.000000 1442.527588 0.000000 0.039511 0.000000 0.999219 0.301974 0.301974 0.301974
1704.733032 0.000000 1451.953125 0.000000 0.751958 0.000000 0.659211 0.406380 0.406380 0.406380
1732.177734 0.000000 1469.360718 0.000000 0.671019 0.000000 0.741440 0.390947 0.390947 0.390947
1743.413696 0.000000 1471.494629 0.000000 0.126904 0.000000 -0.991915 0.686682 0.686682 0.686682
1696.024536 0.000000 1479.739990 0.000000 0.991692 0.000000 -0.128635 0.516585 0.516585 0.516585
1740.051270 0.000000 1475.421387 0.000000 0.447174 0.000000 -0.894447 0.642078 0.642078 0.642078
1728.096558 0.000000 1490.698730 0.000000 0.777788 0.000000 0.628527 0.411427 0.411427 0.411427
1739.292725 0.000000 1480.768066 0.000000 0.740128 0.000000 -0.672466 0.598325 0.598325 0.598325
1736.729126 0.000000 1483.945312 0.000000 0.291428 0.000000 -0.956593 0.666804 0.666804 0.666804
1770.268311 0.000000 1501.163818 0.000000 0.174666 0.000000 -0.984628 0.680084 0.680084 0.680084
1763.909058 0.000000 1493.732300 0.000000 0.706751 0.000000 0.707463 0.397189 0.397189 0.397189
1729.636719 0.000000 1506.511963 0.000000 0.785697 0.000000 0.618612 0.411914 0.411914 0.411914
1731.519287 0.000000 1514.350952 0.000000 0.999526 0.000000 0.030793 0.495933 0.495933 0.495933
1731.591064 0.000000 1509.740601 0.000000 0.804482 0.000000 -0.593977 0.584311 0.584311 0.584311
1778.814087 0.000000 1509.298706 0.000000 0.341739 0.000000 0.939795 0.340745 0.340745 0.340745
1911.264648 0.000000 1289.390625 0.000000 0.662575 0.000000 0.748995 0.391369 0.391369 0.391369
1905.449463 0.000000 1306.797607 0.000000 0.935508 0.000000 -0.353306 0.546879 0.546879 0.546879
1909.633301 0.000000 1337.395874 0.000000 0.957979 0.000000 -0.286838 0.537986 0.537986 0.537986
1917.048096 0.000000 1344.902832 0.000000 0.816752 0.000000 -0.576989 0.579384 0.579384 0.579384
1912.180664 0.000000 1348.120483 0.000000 0.069855 0.000000 -0.997557 0.694471 0.694471 0.694471
1913.146362 0.000000 1343.738037 0.000000 0.131102 0.000000 0.991369 0.311351 0.311351 0.311351
1967.386353 0.000000 1311.533691 0.000000 0.936458 0.000000 -0.350780 0.546797 0.546797 0.546797
1981.075562 0.000000 1307.536987 0.000000 0.807036 0.000000 -0.590503 0.584371 0.584371 0.584371
2000.223877 0.000000 1298.583740 0.000000 0.352038 0.000000 -0.935986 0.656917 0.656917 0.656917
1992.849976 0.000000 1301.219116 0.000000 0.807489 0.000000 -0.589883 0.581906 0.581906 0.581906
1974.637207 0.000000 1364.736572 0.000000 0.999367 0.000000 -0.035582 0.504576 0.504576 0.504576
1960.853882 0.000000 1397.195679 0.000000 0.539388 0.000000 0.842058 0.369539 0.369539 0.369539
1981.040283 0.000000 1376.895020 0.000000 0.121329 0.000000 -0.992612 0.689217 0.689217 0.689217
1952.952148 0.000000 1381.176392 0.000000 0.739469 0.000000 0.673190 0.401176 0.401176 0.401176
2011.906494 0.000000 1392.912231 0.000000 0.892750 0.000000 -0.450552 0.560326 0.560326 0.560326
1983.989380 0.000000 1383.763428 0.000000 0.919250 0.000000 -0.393674 0.552428 0.552428 0.552428
2004.262329 0.000000 1390.322632 0.000000 0.959962 0.000000 0.280131 0.462927 0.462927 0.462927
2014.934937 0.000000 1405.688965 0.000000 0.939335 0.000000 0.343002 0.454548 0.454548 0.454548
2002.453857 0.000000 1398.437012 0.000000 0.996823 0.000000 -0.079643 0.510410 0.510410 0.510410
2020.142578 0.000000 1405.376343 0.000000 0.779174 0.000000 0.626808 0.412560 0.412560 0.412560
2014.934937 0.000000 1437.681152 0.000000 0.631639 0.000000 -0.775262 0.616054 0.616054 0.616054
2021.169312 0.000000 1422.278564 0.000000 0.673393 0.000000 0.739285 0.393650 0.393650 0.393650
2022.214355 0.000000 1407.953003 0.000000 0.958354 0.000000 -0.285582 0.537236 0.537236 0.537236
2016.061401 0.000000 1426.714355 0.000000 0.243634 0.000000 -0.969867 0.670979 0.670979 0.670979
2037.617676 0.000000 1433.372437 0.000000 0.815720 0.000000 0.578447 0.419462 0.419462 0.419462
2013.036377 0.000000 1440.879395 0.000000 0.304304 0.000000 0.952575 0.336535 0.336535 0.336535
1941.788086 0.000000 1478.397095 0.000000 0.131108 0.000000 -0.991368 0.692242 0.692242 0.692242
1962.244873 0.000000 1501.163818 0.000000 0.542041 0.000000 -0.840352 0.634535 0.634535 0.634535
1969.441650 0.000000 1498.750732 0.000000 0.256190 0.000000 0.966626 0.330040 0.330040 0.330040
1952.111816 0.000000 1485.124512 0.000000 0.990662 0.000000 -0.136338 0.517857 0.517857 0.517857
1955.885620 0.000000 1493.732300 0.000000 0.716877 0.000000 0.697200 0.397342 0.397342 0.397342
1973.625488 0.000000 1497.356812 0.000000 0.894248 0.000000 -0.447572 0.560706 0.560706 0.560706
1955.491943 0.000000 1482.358765 0.000000 0.577103 0.000000 0.816671 0.374032 0.374032 0.374032
1955.563721 0.000000 1477.748413 0.000000 0.665825 0.000000 -0.746108 0.613119 0.613119 0.613119
1955.178711 0.000000 1497.886719 0.000000 0.970193 0.000000 0.242335 0.467857 0.467857 0.467857
1965.999023 0.000000 1488.421387 0.000000 0.626740 0.000000 0.779228 0.381337 0.381337 0.381337
1952.703613 0.000000 1493.520264 0.000000 0.480205 0.000000 -0.877156 0.642101 0.642101 0.642101
1961.959839 0.000000 1478.155151 0.000000 0.955190 0.000000 -0.295994 0.540136 0.540136 0.540136
1958.127319 0.000000 1483.031006 0.000000 0.398552 0.000000 -0.917146 0.654761 0.654761 0.654761
2043.093506 0.000000 1497.661133 0.000000 0.771337 0.000000 -0.636427 0.588352 0.588352 0.588352
2046.931030 0.000000 1501.665527 0.000000 0.939040 0.000000 -0.343808 0.547491 0.547491 0.547491
2034.782837 0.000000 1509.298706 0.000000 0.015369 0.000000 -0.999882 0.701538 0.701538 0.701538
2032.205200 0.000000 1505.111206 0.000000 0.935639 0.000000 -0.352959 0.546830 0.546830 0.546830
1779.501587 0.000000 1566.186035 0.000000 0.999700 0.000000 0.024509 0.496769 0.496769 0.496769
1772.047363 0.000000 1571.397949 0.000000 0.971798 0.000000 0.235814 0.469571 0.469571 0.469571
1770.268311 0.000000 1629.132568 0.000000 0.349469 0.000000 0.936948 0.342728 0.342728 0.342728
1768.877319 0.000000 1621.140991 0.000000 0.776527 0.000000 -0.630084 0.587643 0.587643 0.587643
1764.173828 0.000000 1629.321655 0.000000 0.194170 0.000000 0.980968 0.320417 0.320417 0.320417
1766.245605 0.000000 1631.898315 0.000000 0.960176 0.000000 0.279397 0.462957 0.462957 0.462957
1776.236450 0.000000 1633.079956 0.000000 0.532114 0.000000 -0.846673 0.630828 0.630828 0.630828
1768.158447 0.000000 1635.848145 0.000000 0.992751 0.000000 0.120192 0.484238 0.484238 0.484238
1981.040283 0.000000 1536.855957 0.000000 0.580181 0.000000 0.814488 0.377857 0.377857 0.377857
1981.618652 0.000000 1547.275757 0.000000 0.755441 0.000000 0.655217 0.405820 0.405820 0.405820
1978.760498 0.000000 1544.651367 0.000000 0.593328 0.000000 0.804961 0.375502 0.375502 0.375502
2011.906494 0.000000 1616.857544 0.000000 0.343951 0.000000 0.938987 0.340139 0.340139 0.340139
2013.116943 0.000000 1606.037231 0.000000 0.958228 0.000000 0.286006 0.462055 0.462055 0.462055
2008.804443 0.000000 1613.513428 0.000000 0.136007 0.000000 -0.990708 0.686568 0.686568 0.686568
2022.845581 0.000000 1607.726074 0.000000 0.235382 0.000000 0.971903 0.328257 0.328257 0.328257
1796.269531 0.000000 1681.860596 0.000000 0.997404 0.000000 0.072002 0.490591 0.490591 0.490591
1802.264404 0.000000 1853.077881 0.000000 0.676644 0.000000 0.736311 0.393800 0.393800 0.393800
2128.208252 0.000000 1266.591553 0.000000 0.917539 0.000000 -0.397645 0.552988 0.552988 0.552988
2112.680420 0.000000 1276.213623 0.000000 0.714740 0.000000 0.699390 0.397321 0.397321 0.397321
2218.213623 0.000000 1277.218506 0.000000 0.479501 0.000000 -0.877541 0.638465 0.638465 0.638465
2225.410645 0.000000 1274.805420 0.000000 0.938846 0.000000 -0.344337 0.546075 0.546075 0.546075
2212.119385 0.000000 1277.407593 0.000000 0.667164 0.000000 0.744911 0.390269 0.390269 0.390269
2229.594482 0.000000 1273.411499 0.000000 0.137078 0.000000 0.990560 0.313930 0.313930 0.313930
2238.230713 0.000000 1273.142090 0.000000 0.873270 0.000000 0.487237 0.432534 0.432534 0.432534
2255.351318 0.000000 1279.541504 0.000000 0.850775 0.000000 0.525530 0.428304 0.428304 0.428304
2250.633301 0.000000 1273.593872 0.000000 0.452736 0.000000 0.891645 0.354049 0.354049 0.354049
2243.143799 0.000000 1273.941406 0.000000 0.707785 0.000000 -0.706428 0.604578 0.604578 0.604578
2288.188721 0.000000 1266.591553 0.000000 0.401524 0.000000 0.915848 0.351163 0.351163 0.351163
2285.560547 0.000000 1271.484375 0.000000 0.992005 0.000000 -0.126201 0.516775 0.516775 0.516775
2278.917480 0.000000 1273.548218 0.000000 0.706219 0.000000 0.707993 0.394145 0.394145 0.394145
2282.629395 0.000000 1273.593872 0.000000 0.638876 0.000000 0.769310 0.384515 0.384515 0.384515
2272.660889 0.000000 1276.213623 0.000000 0.247224 0.000000 0.968958 0.323563 0.323563 0.323563
2383.614502 0.000000 1258.339966 0.000000 0.848138 0.000000 -0.529775 0.571647 0.571647 0.571647
2376.803223 0.000000 1269.226929 0.000000 0.081780 0.000000 -0.996650 0.694408 0.694408 0.694408
2385.391113 0.000000 1274.805420 0.000000 0.030107 0.000000 -0.999547 0.701166 0.701166 0.701166
2386.406982 0.000000 1270.468262 0.000000 0.935842 0.000000 0.352420 0.452795 0.452795 0.452795
2372.199463 0.000000 1265.962158 0.000000 0.912029 0.000000 -0.410126 0.556444 0.556444 0.556444
2387.788330 0.000000 1266.443237 0.000000 0.489929 0.000000 -0.871762 0.642475 0.642475 0.642475
2390.663574 0.000000 1262.676392 0.000000 0.997493 0.000000 0.070763 0.490417 0.490417 0.490417
2423.202148 0.000000 1257.398438 0.000000 0.996735 0.000000 0.080743 0.489547 0.489547 0.489547
2415.610596 0.000000 1258.339966 0.000000 0.138123 0.000000 -0.990415 0.685933 0.685933 0.685933
2420.211670 0.000000 1262.353882 0.000000 0.124840 0.000000 -0.992177 0.686229 0.686229 0.686229
2408.647217 0.000000 1260.000000 0.000000 0.495825 0.000000 0.868423 0.362377 0.362377 0.362377
2401.840820 0.000000 1263.847534 0.000000 0.920831 0.000000 -0.389961 0.553905 0.553905 0.553905
2491.038818 0.000000 1241.723633 0.000000 0.573668 0.000000 -0.819088 0.622927 0.622927 0.622927
2474.182373 0.000000 1277.218506 0.000000 0.933110 0.000000 -0.359590 0.548211 0.548211 0.548211
2487.194336 0.000000 1257.398438 0.000000 0.704223 0.000000 -0.709979 0.601898 0.601898 0.601898
2472.791504 0.000000 1269.226929 0.000000 0.895196 0.000000 -0.445673 0.559391 0.559391 0.559391
2482.728271 0.000000 1253.361206 0.000000 0.988503 0.000000 -0.151203 0.519856 0.519856 0.519856
2468.088135 0.000000 1277.407593 0.000000 0.445892 0.000000 0.895087 0.354971 0.354971 0.354971
2480.150635 0.000000 1249.173706 0.000000 0.282269 0.000000 -0.959335 0.668376 0.668376 0.668376
2477.734131 0.000000 1276.130005 0.000000 0.863497 0.000000 -0.504354 0.569155 0.569155 0.569155
2545.371582 0.000000 1242.813232 0.000000 0.488384 0.000000 0.872629 0.361259 0.361259 0.361259
2543.316162 0.000000 1247.549316 0.000000 0.082891 0.000000 -0.996559 0.693148 0.693148 0.693148
2541.529297 0.000000 1239.492188 0.000000 0.500202 0.000000 -0.865909 0.635133 0.635133 0.635133
2549.555420 0.000000 1241.419312 0.000000 0.936704 0.000000 0.350122 0.453206 0.453206 0.453206
2552.102783 0.000000 1252.143921 0.000000 0.667110 0.000000 0.744959 0.391519 0.391519 0.391519
2544.142822 0.000000 1249.173706 0.000000 0.843825 0.000000 -0.536619 0.573534 0.573534 0.573534
2553.068359 0.000000 1247.761475 0.000000 0.958497 0.000000 0.285102 0.462179 0.462179 0.462179
2552.067871 0.000000 1267.094604 0.000000 0.788305 0.000000 0.615285 0.409991 0.409991 0.409991
2552.468262 0.000000 1269.538574 0.000000 0.536256 0.000000 0.844056 0.360525 0.360525 0.360525
2558.972412 0.000000 1268.213623 0.000000 0.999239 0.000000 -0.039007 0.505601 0.505601 0.505601
2092.008301 0.000000 1283.468262 0.000000 0.038372 0.000000 -0.999264 0.695878 0.695878 0.695878
2096.212158 0.000000 1298.583740 0.000000 0.130363 0.000000 -0.991466 0.687668 0.687668 0.687668
2100.250732 0.000000 1294.346069 0.000000 0.400840 0.000000 -0.916148 0.650090 0.650090 0.650090
2091.250000 0.000000 1288.814941 0.000000 0.996613 0.000000 0.082238 0.489271 0.489271 0.489271
2086.206787 0.000000 1311.976440 0.000000 0.918594 0.000000 -0.395203 0.553252 0.553252 0.553252
2173.595215 0.000000 1291.338257 0.000000 0.735084 0.000000 -0.677976 0.599321 0.599321 0.599321
2175.966064 0.000000 1287.786865 0.000000 0.719237 0.000000 0.694765 0.401436 0.401436 0.401436
2180.222900 0.000000 1297.954346 0.000000 0.094762 0.000000 0.995500 0.307294 0.307294 0.307294
2195.811768 0.000000 1298.435425 0.000000 0.956081 0.000000 -0.293104 0.539212 0.539212 0.539212
2208.038086 0.000000 1298.745605 0.000000 0.133786 0.000000 0.991010 0.314575 0.314575 0.314575
2231.225586 0.000000 1385.367188 0.000000 0.917186 0.000000 -0.398458 0.554126 0.554126 0.554126
2207.955566 0.000000 1400.764282 0.000000 0.175621 0.000000 -0.984458 0.679611 0.679611 0.679611
2214.822266 0.000000 1383.780762 0.000000 0.017534 0.000000 -0.999846 0.700870 0.700870 0.700870
2219.234375 0.000000 1384.791504 0.000000 0.978853 0.000000 -0.204566 0.526848 0.526848 0.526848
2237.644531 0.000000 1397.281616 0.000000 0.621798 0.000000 0.783178 0.382294 0.382294 0.382294
2231.152344 0.000000 1393.008911 0.000000 0.138971 0.000000 0.990296 0.311677 0.311677 0.311677
2250.209717 0.000000 1405.187256 0.000000 0.352326 0.000000 0.935878 0.343728 0.343728 0.343728
2243.850586 0.000000 1397.755737 0.000000 0.496076 0.000000 0.868279 0.363202 0.363202 0.363202
2299.062256 0.000000 1401.684570 0.000000 0.495513 0.000000 0.868600 0.362855 0.362855 0.362855
2295.552246 0.000000 1405.351318 0.000000 0.587280 0.000000 -0.809384 0.625730 0.625730 0.625730
2302.899902 0.000000 1405.688965 0.000000 0.067261 0.000000 -0.997735 0.701564 0.701564 0.701564
2278.917480 0.000000 1401.516968 0.000000 0.990175 0.000000 -0.139837 0.518354 0.518354 0.518354
2299.146240 0.000000 1405.521240 0.000000 0.999854 0.000000 -0.017097 0.502288 0.502288 0.502288
2060.012207 0.000000 1443.429199 0.000000 0.815474 0.000000 -0.578794 0.582443 0.582443 0.582443
2063.653320 0.000000 1450.293091 0.000000 0.065501 0.000000 -0.997853 0.702928 0.702928 0.702928
2066.778809 0.000000 1445.314331 0.000000 0.535905 0.000000 -0.844278 0.633007 0.633007 0.633007
2059.253662 0.000000 1448.775879 0.000000 0.893264 0.000000 0.449533 0.436329 0.436329 0.436329
2056.689941 0.000000 1451.953125 0.000000 0.022074 0.000000 0.999756 0.293918 0.293918 0.293918
2056.123291 0.000000 1443.895020 0.000000 0.997010 0.000000 -0.077278 0.510583 0.510583 0.510583
2060.343018 0.000000 1445.828003 0.000000 0.080981 0.000000 -0.996716 0.702323 0.702323 0.702323
2144.045898 0.000000 1426.714355 0.000000 0.407790 0.000000 0.913076 0.350320 0.350320 0.350320
2150.933105 0.000000 1433.509155 0.000000 0.991726 0.000000 -0.128376 0.516840 0.516840 0.516840
2157.773193 0.000000 1436.090942 0.000000 0.772285 0.000000 -0.635276 0.590395 0.590395 0.590395
2130.438232 0.000000 1462.421387 0.000000 0.863704 0.000000 -0.503999 0.569233 0.569233 0.569233
2139.165771 0.000000 1469.505615 0.000000 0.506214 0.000000 0.862408 0.361091 0.361091 0.361091
2154.221436 0.000000 1469.171631 0.000000 0.479658 0.000000 -0.877455 0.639779 0.639779 0.639779
2171.886963 0.000000 1456.896606 0.000000 0.938442 0.000000 0.345436 0.453860 0.453860 0.453860
2166.613770 0.000000 1460.713135 0.000000 0.331945 0.000000 -0.943299 0.660303 0.660303 0.660303
2150.198975 0.000000 1439.945190 0.000000 0.440504 0.000000 0.897751 0.354184 0.354184 0.354184
2148.127197 0.000000 1469.360718 0.000000 0.506165 0.000000 0.862437 0.364459 0.364459 0.364459
2147.468506 0.000000 1450.366577 0.000000 0.748877 0.000000 -0.662709 0.594227 0.594227 0.594227
2154.786621 0.000000 1439.749634 0.000000 0.354578 0.000000 0.935026 0.341022 0.341022 0.341022
2144.676514 0.000000 1468.166748 0.000000 0.969120 0.000000 -0.246589 0.532968 0.532968 0.532968
2075.089600 0.000000 1497.661133 0.000000 0.489540 0.000000 0.871981 0.361961 0.361961 0.361961
2064.216064 0.000000 1490.536865 0.000000 0.396638 0.000000 0.917975 0.348445 0.348445 0.348445
2072.161133 0.000000 1476.089233 0.000000 0.943027 0.000000 0.332715 0.455544 0.455544 0.455544
2061.587646 0.000000 1495.429688 0.000000 0.844284 0.000000 0.535896 0.424883 0.424883 0.424883
2077.109131 0.000000 1478.068481 0.000000 0.971198 0.000000 0.238274 0.468767 0.468767 0.468767
2051.166992 0.000000 1497.886719 0.000000 0.481806 0.000000 -0.876278 0.642392 0.642392 0.642392
2078.423584 0.000000 1487.259644 0.000000 0.934598 0.000000 -0.355707 0.548574 0.548574 0.548574
2075.968994 0.000000 1485.705322 0.000000 0.833883 0.000000 -0.551942 0.577365 0.577365 0.577365
2054.324707 0.000000 1500.006226 0.000000 0.349307 0.000000 0.937008 0.335735 0.335735 0.335735
2086.837891 0.000000 1479.757324 0.000000 0.036725 0.000000 0.999325 0.302379 0.302379 0.302379
2083.870117 0.000000 1493.732300 0.000000 0.678308 0.000000 0.734778 0.392442 0.392442 0.392442
2091.896729 0.000000 1490.829102 0.000000 0.065873 0.000000 -0.997828 0.697994 0.697994 0.697994
2081.879883 0.000000 1487.792847 0.000000 0.449205 0.000000 -0.893429 0.648407 0.648407 0.648407
2058.233154 0.000000 1533.156006 0.000000 0.034541 0.000000 0.999403 0.300563 0.300563 0.300563
2054.210449 0.000000 1503.929565 0.000000 0.991242 0.000000 0.132061 0.482376 0.482376 0.482376
2061.587646 0.000000 1527.421875 0.000000 0.872041 0.000000 -0.489433 0.566268 0.566268 0.566268
2059.253662 0.000000 1512.760254 0.000000 0.632540 0.000000 0.774527 0.384320 0.384320 0.384320
2062.555664 0.000000 1510.445068 0.000000 0.628732 0.000000 0.777622 0.383679 0.383679 0.383679
2109.024658 0.000000 1504.863770 0.000000 0.897596 0.000000 0.440818 0.440280 0.440280 0.440280
2133.010010 0.000000 1471.785522 0.000000 0.985004 0.000000 0.172533 0.477749 0.477749 0.477749
2116.131104 0.000000 1501.352905 0.000000 0.916375 0.000000 0.400321 0.446017 0.446017 0.446017
2112.562744 0.000000 1503.554932 0.000000 0.942248 0.000000 0.334915 0.455409 0.455409 0.455409
2137.119141 0.000000 1471.706787 0.000000 0.444900 0.000000 -0.895580 0.646006 0.646006 0.646006
2167.233398 0.000000 1481.343750 0.000000 0.024490 0.000000 -0.999700 0.698040 0.698040 0.698040
2150.830078 0.000000 1479.757324 0.000000 0.486609 0.000000 0.873620 0.357544 0.357544 0.357544
2155.242188 0.000000 1480.768066 0.000000 0.076201 0.000000 0.997092 0.304115 0.304115 0.304115
2163.409668 0.000000 1481.081421 0.000000 0.944079 0.000000 0.329719 0.456128 0.456128 0.456128
2154.786621 0.000000 1471.741821 0.000000 0.988521 0.000000 -0.151081 0.519802 0.519802 0.519802
2147.050537 0.000000 1472.009033 0.000000 0.996852 0.000000 -0.079291 0.510602 0.510602 0.510602
2120.115479 0.000000 1507.879395 0.000000 0.956245 0.000000 -0.292568 0.538916 0.538916 0.538916
2191.637939 0.000000 1418.300903 0.000000 0.895293 0.000000 -0.445479 0.559709 0.559709 0.559709
2205.093506 0.000000 1414.084106 0.000000 0.241061 0.000000 0.970510 0.325365 0.325365 0.325365
2206.818115 0.000000 1416.603882 0.000000 0.301043 0.000000 0.953611 0.331986 0.331986 0.331986
2219.992676 0.000000 1411.437012 0.000000 0.970230 0.000000 -0.242184 0.531695 0.531695 0.531695
2207.962158 0.000000 1415.755615 0.000000 0.844289 0.000000 0.535888 0.424743 0.424743 0.424743
2214.191162 0.000000 1407.953003 0.000000 0.999760 0.000000 -0.021903 0.502877 0.502877 0.502877
2209.578125 0.000000 1410.535400 0.000000 0.699951 0.000000 -0.714191 0.606644 0.606644 0.606644
2216.670654 0.000000 1419.960938 0.000000 0.187870 0.000000 0.982194 0.320269 0.320269 0.320269
2177.582031 0.000000 1442.527588 0.000000 0.577657 0.000000 -0.816280 0.624686 0.624686 0.624686
2184.674561 0.000000 1451.953125 0.000000 0.128775 0.000000 -0.991674 0.687517 0.687517 0.687517
2250.209717 0.000000 1437.179443 0.000000 0.485813 0.000000 -0.874063 0.639392 0.639392 0.639392
2256.192627 0.000000 1426.552490 0.000000 0.396576 0.000000 0.918002 0.344662 0.344662 0.344662
2248.818848 0.000000 1429.187866 0.000000 0.034338 0.000000 0.999410 0.298236 0.298236 0.298236
2257.406738 0.000000 1434.766357 0.000000 0.437670 0.000000 -0.899136 0.647345 0.647345 0.647345
2269.583496 0.000000 1419.307007 0.000000 0.787113 0.000000 0.616808 0.410060 0.410060 0.410060
2264.137939 0.000000 1412.104858 0.000000 0.229885 0.000000 -0.973218 0.674477 0.674477 0.674477
2270.903809 0.000000 1437.681152 0.000000 0.141770 0.000000 -0.989900 0.686881 0.686881 0.686881
2258.422607 0.000000 1430.429199 0.000000 0.576877 0.000000 -0.816831 0.625527 0.625527 0.625527
2248.666748 0.000000 1419.960938 0.000000 0.387354 0.000000 0.921931 0.346837 0.346837 0.346837
2251.877197 0.000000 1426.844727 0.000000 0.453128 0.000000 -0.891446 0.646443 0.646443 0.646443
2255.598145 0.000000 1429.341309 0.000000 0.744785 0.000000 0.667304 0.401507 0.401507 0.401507
2295.217773 0.000000 1417.359375 0.000000 0.148282 0.000000 0.988945 0.318595 0.318595 0.318595
2299.062256 0.000000 1433.676758 0.000000 0.733683 0.000000 -0.679492 0.596612 0.596612 0.596612
2271.947754 0.000000 1432.756470 0.000000 0.617898 0.000000 -0.786259 0.618130 0.618130 0.618130
2271.954346 0.000000 1415.755615 0.000000 0.891366 0.000000 -0.453284 0.562483 0.562483 0.562483
2301.001221 0.000000 1408.887207 0.000000 0.198400 0.000000 0.980121 0.318242 0.318242 0.318242
2294.598145 0.000000 1428.720947 0.000000 0.028628 0.000000 0.999590 0.294020 0.294020 0.294020
2272.030273 0.000000 1426.714355 0.000000 0.979895 0.000000 -0.199515 0.526327 0.526327 0.526327
2272.072998 0.000000 1421.140137 0.000000 0.951099 0.000000 -0.308886 0.542178 0.542178 0.542178
2296.769287 0.000000 1421.560303 0.000000 0.865753 0.000000 0.500471 0.431825 0.431825 0.431825
2275.452881 0.000000 1418.374390 0.000000 0.738739 0.000000 0.673992 0.401585 0.401585 0.401585
2297.099609 0.000000 1407.722412 0.000000 0.498148 0.000000 -0.867092 0.640679 0.640679 0.640679
2291.800049 0.000000 1426.404175 0.000000 0.841190 0.000000 -0.540739 0.576308 0.576308 0.576308
2296.468262 0.000000 1431.504517 0.000000 0.719135 0.000000 0.694870 0.398924 0.398924 0.398924
2267.066162 0.000000 1465.668945 0.000000 0.483003 0.000000 -0.875619 0.637150 0.637150 0.637150
2246.187256 0.000000 1439.945190 0.000000 0.997881 0.000000 0.065070 0.491465 0.491465 0.491465
2260.231201 0.000000 1454.307007 0.000000 0.075888 0.000000 0.997116 0.305193 0.305193 0.305193
2244.115479 0.000000 1469.360718 0.000000 0.866677 0.000000 -0.498869 0.568065 0.568065 0.568065
2269.085693 0.000000 1446.076294 0.000000 0.996950 0.000000 0.078037 0.489761 0.489761 0.489761
2246.921387 0.000000 1465.501343 0.000000 0.708921 0.000000 0.705288 0.397395 0.397395 0.397395
2264.773193 0.000000 1453.552490 0.000000 0.913227 0.000000 -0.407451 0.555005 0.555005 0.555005
2265.103516 0.000000 1439.714600 0.000000 0.844202 0.000000 0.536025 0.425852 0.425852 0.425852
2248.152832 0.000000 1457.335571 0.000000 0.897162 0.000000 0.441702 0.440379 0.440379 0.440379
2263.148438 0.000000 1456.993286 0.000000 0.296076 0.000000 -0.955164 0.666168 0.666168 0.666168
2246.187256 0.000000 1471.937378 0.000000 0.532905 0.000000 0.846175 0.369293 0.369293 0.369293
2299.871338 0.000000 1520.880981 0.000000 0.997507 0.000000 0.070569 0.490761 0.490761 0.490761
2292.227295 0.000000 1518.291382 0.000000 0.999547 0.000000 -0.030103 0.503879 0.503879 0.503879
2301.081787 0.000000 1510.060669 0.000000 0.992856 0.000000 0.119316 0.484533 0.484533 0.484533
2341.130371 0.000000 1294.309814 0.000000 0.995997 0.000000 0.089387 0.488559 0.488559 0.488559
2363.863525 0.000000 1296.935669 0.000000 0.969088 0.000000 -0.246716 0.532176 0.532176 0.532176
2351.618408 0.000000 1290.332153 0.000000 0.408900 0.000000 0.912579 0.352487 0.352487 0.352487
2365.571777 0.000000 1291.338257 0.000000 0.714109 0.000000 -0.700034 0.599894 0.599894 0.599894
2374.802734 0.000000 1287.804199 0.000000 0.298700 0.000000 0.954347 0.334508 0.334508 0.334508
2374.171631 0.000000 1279.984253 0.000000 0.671861 0.000000 -0.740677 0.608489 0.608489 0.608489
2378.759277 0.000000 1279.788696 0.000000 0.781828 0.000000 0.623494 0.411932 0.411932 0.411932
2400.057373 0.000000 1293.171387 0.000000 0.244933 0.000000 0.969540 0.328863 0.328863 0.328863
2312.811035 0.000000 1397.195679 0.000000 0.342876 0.000000 0.939381 0.342122 0.342122 0.342122
2319.343506 0.000000 1407.510254 0.000000 0.665683 0.000000 -0.746235 0.615458 0.615458 0.615458
2317.556641 0.000000 1399.453125 0.000000 0.403059 0.000000 0.915174 0.348493 0.348493 0.348493
2304.539307 0.000000 1407.578369 0.000000 0.408078 0.000000 0.912947 0.345766 0.345766 0.345766
2314.625488 0.000000 1401.562622 0.000000 0.773194 0.000000 -0.634169 0.592608 0.592608 0.592608
2307.135986 0.000000 1401.910156 0.000000 0.672556 0.000000 -0.740046 0.610654 0.610654 0.610654
2328.232910 0.000000 1402.489014 0.000000 0.970422 0.000000 0.241415 0.467312 0.467312 0.467312
2310.293701 0.000000 1404.029663 0.000000 0.990090 0.000000 -0.140432 0.519206 0.519206 0.519206
2353.395020 0.000000 1402.774170 0.000000 0.022576 0.000000 -0.999745 0.702923 0.702923 0.702923
2351.339600 0.000000 1407.510254 0.000000 0.445273 0.000000 0.895395 0.355157 0.355157 0.355157
2384.177002 0.000000 1394.560303 0.000000 0.192686 0.000000 0.981260 0.320563 0.320563 0.320563
2367.936035 0.000000 1400.764282 0.000000 0.340432 0.000000 0.940269 0.339648 0.339648 0.339648
2372.099854 0.000000 1405.376343 0.000000 0.622276 0.000000 -0.782798 0.618299 0.618299 0.618299
2371.834961 0.000000 1397.755737 0.000000 0.990834 0.000000 0.135087 0.482409 0.482409 0.482409
2387.788330 0.000000 1394.411987 0.000000 0.933269 0.000000 -0.359179 0.548245 0.548245 0.548245
2371.128174 0.000000 1401.910156 0.000000 0.293879 0.000000 -0.955843 0.669011 0.669011 0.669011
2423.202148 0.000000 1385.367188 0.000000 0.996344 0.000000 0.085427 0.488918 0.488918 0.488918
2405.122559 0.000000 1390.286377 0.000000 0.983714 0.000000 -0.179739 0.523822 0.523822 0.523822
2422.582520 0.000000 1396.728760 0.000000 0.737598 0.000000 -0.675240 0.595494 0.595494 0.595494
2400.014648 0.000000 1394.722168 0.000000 0.336694 0.000000 -0.941614 0.664550 0.664550 0.664550
2429.066162 0.000000 1382.091919 0.000000 0.301962 0.000000 0.953320 0.334954 0.334954 0.334954
2416.155029 0.000000 1390.115112 0.000000 0.351010 0.000000 -0.936372 0.660690 0.660690 0.660690
2404.195557 0.000000 1393.930908 0.000000 0.398335 0.000000 0.917240 0.344918 0.344918 0.344918
2423.128906 0.000000 1393.008911 0.000000 0.089720 0.000000 0.995967 0.306263 0.306263 0.306263
2400.648926 0.000000 1397.543701 0.000000 0.789020 0.000000 0.614368 0.411305 0.411305 0.411305
2406.257324 0.000000 1396.040039 0.000000 0.810982 0.000000 -0.585071 0.583318 0.583318 0.583318
2417.981934 0.000000 1392.256836 0.000000 0.918606 0.000000 0.395175 0.445941 0.445941 0.445941
2402.371826 0.000000 1395.674194 0.000000 0.702228 0.000000 -0.711952 0.606414 0.606414 0.606414
2484.967041 0.000000 1279.832397 0.000000 0.979601 0.000000 -0.200955 0.526065 0.526065 0.526065
2470.159912 0.000000 1279.984253 0.000000 0.580999 0.000000 -0.813904 0.624625 0.624625 0.624625
2442.186279 0.000000 1373.195068 0.000000 0.892676 0.000000 0.450699 0.438952 0.438952 0.438952
2459.042725 0.000000 1369.692383 0.000000 0.656904 0.000000 -0.753974 0.611092 0.611092 0.611092
2461.560059 0.000000 1355.322632 0.000000 0.670894 0.000000 0.741553 0.392176 0.392176 0.392176
2436.092041 0.000000 1373.384155 0.000000 0.774694 0.000000 0.632337 0.410275 0.410275 0.410275
2445.541016 0.000000 1367.460938 0.000000 0.089459 0.000000 -0.995991 0.692662 0.692662 0.692662
2463.924316 0.000000 1368.772095 0.000000 0.380888 0.000000 -0.924621 0.653193 0.653193 0.653193
2491.847900 0.000000 1360.920044 0.000000 0.541776 0.000000 0.840523 0.366669 0.366669 0.366669
2486.574707 0.000000 1364.736572 0.000000 0.999808 0.000000 -0.019603 0.502545 0.502545 0.502545
2484.203857 0.000000 1358.330444 0.000000 0.878023 0.000000 0.478618 0.432717 0.432717 0.432717
2467.823242 0.000000 1365.763550 0.000000 0.916739 0.000000 0.399487 0.445726 0.445726 0.445726
2488.745850 0.000000 1357.575928 0.000000 0.244550 0.000000 -0.969637 0.676806 0.676806 0.676806
2472.639404 0.000000 1355.976562 0.000000 0.125411 0.000000 -0.992105 0.687958 0.687958 0.687958
2468.187744 0.000000 1361.938721 0.000000 0.748892 0.000000 -0.662692 0.596213 0.596213 0.596213
2483.776611 0.000000 1362.419800 0.000000 0.990283 0.000000 0.139068 0.481504 0.481504 0.481504
2494.373047 0.000000 1359.290894 0.000000 0.132840 0.000000 -0.991138 0.693803 0.693803 0.693803
2431.934814 0.000000 1383.763428 0.000000 0.969353 0.000000 0.245672 0.467653 0.467653 0.467653
2461.062256 0.000000 1382.091919 0.000000 0.444270 0.000000 0.895893 0.354456 0.354456 0.354456
2433.550781 0.000000 1378.543213 0.000000 0.526988 0.000000 -0.849873 0.632625 0.632625 0.632625
2463.930908 0.000000 1383.763428 0.000000 0.147898 0.000000 0.989003 0.313574 0.313574 0.313574
2484.203857 0.000000 1390.322632 0.000000 0.038018 0.000000 0.999277 0.302163 0.302163 0.302163
2493.556152 0.000000 1387.314819 0.000000 0.996430 0.000000 0.084418 0.488986 0.488986 0.488986
2488.110596 0.000000 1380.112671 0.000000 0.389488 0.000000 0.921032 0.341294 0.341294 0.341294
2493.058350 0.000000 1382.091919 0.000000 0.735306 0.000000 -0.677735 0.599463 0.599463 0.599463
2464.049561 0.000000 1389.147949 0.000000 0.083899 0.000000 -0.996474 0.693388 0.693388 0.693388
2465.546875 0.000000 1378.543213 0.000000 0.999913 0.000000 0.013190 0.498291 0.498291 0.498291
2475.203125 0.000000 1384.791504 0.000000 0.967372 0.000000 -0.253358 0.534277 0.534277 0.534277
2483.370605 0.000000 1385.104858 0.000000 0.769387 0.000000 -0.638783 0.592723 0.592723 0.592723
2485.721680 0.000000 1382.420532 0.000000 0.018303 0.000000 0.999833 0.289928 0.289928 0.289928
2516.199951 0.000000 1358.330444 0.000000 0.864196 0.000000 -0.503155 0.570027 0.570027 0.570027
2519.524902 0.000000 1373.359131 0.000000 0.900209 0.000000 -0.435459 0.559840 0.559840 0.559840
2496.045654 0.000000 1357.155762 0.000000 0.030575 0.000000 -0.999532 0.706873 0.706873 0.706873
2525.609375 0.000000 1365.289429 0.000000 0.660641 0.000000 0.750702 0.389554 0.389554 0.389554
2520.741943 0.000000 1357.575928 0.000000 0.955168 0.000000 -0.296065 0.539921 0.539921 0.539921
2515.772705 0.000000 1362.419800 0.000000 0.191004 0.000000 -0.981589 0.680693 0.680693 0.680693
2526.195557 0.000000 1369.118652 0.000000 0.455093 0.000000 0.890444 0.354125 0.354125 0.354125
2517.033447 0.000000 1355.479736 0.000000 0.969935 0.000000 -0.243365 0.533080 0.533080 0.533080
2502.061035 0.000000 1355.062256 0.000000 0.709525 0.000000 0.704680 0.395360 0.395360 0.395360
2539.953613 0.000000 1347.452637 0.000000 0.999882 0.000000 0.015360 0.498033 0.498033 0.498033
2555.840088 0.000000 1360.920044 0.000000 0.745284 0.000000 -0.666747 0.598392 0.598392 0.598392
2532.080322 0.000000 1373.384155 0.000000 0.743220 0.000000 -0.669047 0.596796 0.596796 0.596796
2552.102783 0.000000 1348.120483 0.000000 0.031307 0.000000 -0.999510 0.699088 0.699088 0.699088
2558.868652 0.000000 1373.696777 0.000000 0.996098 0.000000 0.088257 0.488439 0.488439 0.488439
2534.886230 0.000000 1369.524780 0.000000 0.953654 0.000000 -0.300905 0.540365 0.540365 0.540365
2539.195312 0.000000 1352.799316 0.000000 0.585194 0.000000 0.810893 0.373926 0.373926 0.373926
2542.497314 0.000000 1350.484131 0.000000 0.546279 0.000000 0.837603 0.368129 0.368129 0.368129
2551.113281 0.000000 1361.016724 0.000000 0.022814 0.000000 -0.999740 0.707916 0.707916 0.707916
2541.726318 0.000000 1372.106567 0.000000 0.077004 0.000000 0.997031 0.304221 0.304221 0.304221
2554.064697 0.000000 1364.046631 0.000000 0.753252 0.000000 0.657732 0.404664 0.404664 0.404664
2547.407959 0.000000 1374.232910 0.000000 0.352264 0.000000 0.935901 0.341301 0.341301 0.341301
2528.629639 0.000000 1372.190186 0.000000 0.085842 0.000000 0.996309 0.303529 0.303529 0.303529
2558.365234 0.000000 1359.290894 0.000000 0.875238 0.000000 0.483692 0.432189 0.432189 0.432189
2541.928955 0.000000 1360.452637 0.000000 0.941375 0.000000 0.337363 0.454124 0.454124 0.454124
2553.617432 0.000000 1355.058716 0.000000 0.786230 0.000000 -0.617934 0.589468 0.589468 0.589468
2502.787109 0.000000 1383.780762 0.000000 0.999940 0.000000 0.010973 0.498592 0.498592 0.498592
2521.072266 0.000000 1375.730225 0.000000 0.967747 0.000000 -0.251924 0.533633 0.533633 0.533633
2499.497314 0.000000 1381.771851 0.000000 0.709585 0.000000 0.704620 0.397324 0.397324 0.397324
2548.959229 0.000000 1375.808960 0.000000 0.534476 0.000000 -0.845184 0.631974 0.631974 0.631974
2534.152100 0.000000 1375.960815 0.000000 0.981803 0.000000 -0.189901 0.525090 0.525090 0.525090
2324.986572 0.000000 1407.801147 0.000000 0.955943 0.000000 -0.293554 0.541208 0.541208 0.541208
2332.997314 0.000000 1408.887207 0.000000 0.997930 0.000000 0.064313 0.491292 0.491292 0.491292
2310.179443 0.000000 1407.953003 0.000000 0.898289 0.000000 0.439406 0.438895 0.438895 0.438895
2322.747803 0.000000 1413.322144 0.000000 0.333724 0.000000 -0.942671 0.659135 0.659135 0.659135
2328.130127 0.000000 1412.104858 0.000000 0.811162 0.000000 0.584822 0.417659 0.417659 0.417659
2304.069092 0.000000 1421.140137 0.000000 0.546922 0.000000 0.837183 0.371203 0.371203 0.371203
2322.897705 0.000000 1409.459106 0.000000 0.487298 0.000000 0.873236 0.356059 0.356059 0.356059
2359.209961 0.000000 1417.359375 0.000000 0.874481 0.000000 0.485059 0.433623 0.433623 0.433623
2335.946533 0.000000 1415.755615 0.000000 0.744410 0.000000 -0.667723 0.596378 0.596378 0.596378
2347.340576 0.000000 1423.025635 0.000000 0.937441 0.000000 -0.348143 0.545719 0.545719 0.545719
2352.166260 0.000000 1409.134644 0.000000 0.970548 0.000000 0.240909 0.468414 0.468414 0.468414
2346.763184 0.000000 1407.757446 0.000000 0.969545 0.000000 -0.244912 0.532616 0.532616 0.532616
2373.126465 0.000000 1422.278564 0.000000 0.941311 0.000000 0.337540 0.455302 0.455302 0.455302
2374.802734 0.000000 1415.772949 0.000000 0.526454 0.000000 -0.850204 0.631438 0.631438 0.631438
2374.171631 0.000000 1407.953003 0.000000 0.836104 0.000000 -0.548571 0.575381 0.575381 0.575381
2379.336670 0.000000 1423.025635 0.000000 0.999817 0.000000 -0.019133 0.502484 0.502484 0.502484
2303.943848 0.000000 1528.733032 0.000000 0.954535 0.000000 0.298099 0.461232 0.461232 0.461232
2304.026367 0.000000 1522.690918 0.000000 0.089451 0.000000 0.995991 0.307707 0.307707 0.307707
2559.995117 0.000000 1234.761230 0.000000 0.842531 0.000000 -0.538647 0.573136 0.573136 0.573136
2573.722412 0.000000 1244.137817 0.000000 0.874420 0.000000 0.485169 0.433733 0.433733 0.433733
2583.182617 0.000000 1257.398438 0.000000 0.810815 0.000000 -0.585303 0.580390 0.580390 0.580390
2559.912598 0.000000 1272.795532 0.000000 0.950858 0.000000 -0.309628 0.542911 0.542911 0.542911
2559.919189 0.000000 1255.794678 0.000000 0.021851 0.000000 -0.999761 0.699538 0.699538 0.699538
2568.779785 0.000000 1269.226929 0.000000 0.751024 0.000000 0.660274 0.406015 0.406015 0.406015
2578.716553 0.000000 1253.361206 0.000000 0.984009 0.000000 -0.178119 0.523292 0.523292 0.523292
2564.076416 0.000000 1277.407593 0.000000 0.076920 0.000000 -0.997037 0.697655 0.697655 0.697655
2563.811523 0.000000 1269.786987 0.000000 0.661121 0.000000 -0.750279 0.622649 0.622649 0.622649
2563.104736 0.000000 1273.941406 0.000000 0.591382 0.000000 -0.806392 0.635357 0.635357 0.635357
2560.629395 0.000000 1269.574951 0.000000 0.784903 0.000000 0.619618 0.403237 0.403237 0.403237
2562.352295 0.000000 1267.705444 0.000000 0.253776 0.000000 0.967263 0.320529 0.320529 0.320529
2568.893555 0.000000 1271.861450 0.000000 0.488105 0.000000 0.872785 0.356449 0.356449 0.356449
2564.486084 0.000000 1271.996216 0.000000 0.524781 0.000000 -0.851238 0.648981 0.648981 0.648981
2564.385742 0.000000 1268.029053 0.000000 0.411165 0.000000 0.911561 0.338487 0.338487 0.338487
2938.984131 0.000000 1241.723633 0.000000 0.092027 0.000000 -0.995757 0.693803 0.693803 0.693803
2928.110596 0.000000 1234.599365 0.000000 0.873001 0.000000 -0.487718 0.565886 0.565886 0.565886
2929.324707 0.000000 1242.813232 0.000000 0.996626 0.000000 0.082075 0.489230 0.489230 0.489230
2927.269287 0.000000 1247.549316 0.000000 0.292710 0.000000 0.956201 0.333371 0.333371 0.333371
2935.474121 0.000000 1245.390381 0.000000 0.702748 0.000000 0.711439 0.396649 0.396649 0.396649
2941.558594 0.000000 1237.320679 0.000000 0.778232 0.000000 0.627977 0.411011 0.411011 0.411011
2918.105225 0.000000 1247.992065 0.000000 0.133369 0.000000 0.991067 0.314520 0.314520 0.314520
2984.729004 0.000000 1205.242554 0.000000 0.968642 0.000000 0.248462 0.467591 0.467591 0.467591
2993.316895 0.000000 1210.821045 0.000000 0.530052 0.000000 -0.847965 0.630132 0.630132 0.630132
2994.665771 0.000000 1189.376831 0.000000 0.982594 0.000000 0.185765 0.475836 0.475836 0.475836
3005.493652 0.000000 1195.361694 0.000000 0.497152 0.000000 0.867663 0.363626 0.363626 0.363626
3004.995850 0.000000 1190.138794 0.000000 0.991899 0.000000 -0.127031 0.516472 0.516472 0.516472
3007.864502 0.000000 1191.810303 0.000000 0.779121 0.000000 0.626874 0.412719 0.412719 0.412719
2952.732910 0.000000 1237.234741 0.000000 0.490503 0.000000 0.871439 0.363954 0.363954 0.363954
2960.106689 0.000000 1266.591553 0.000000 0.303407 0.000000 0.952861 0.336098 0.336098 0.336098
2964.145264 0.000000 1262.353882 0.000000 0.778697 0.000000 -0.627401 0.588723 0.588723 0.588723
2974.817871 0.000000 1277.720215 0.000000 0.935404 0.000000 -0.353581 0.546917 0.546917 0.546917
2968.687256 0.000000 1261.599365 0.000000 0.705129 0.000000 0.709079 0.397283 0.397283 0.397283
2998.512207 0.000000 1268.760010 0.000000 0.545157 0.000000 0.838334 0.371426 0.371426 0.371426
2987.262451 0.000000 1263.064697 0.000000 0.036104 0.000000 -0.999348 0.697318 0.697318 0.697318
2975.987061 0.000000 1261.179199 0.000000 0.587672 0.000000 -0.809099 0.622607 0.622607 0.622607
2979.760742 0.000000 1269.786987 0.000000 0.031099 0.000000 -0.999516 0.703343 0.703343 0.703343
2980.125244 0.000000 1265.962158 0.000000 0.778748 0.000000 0.627337 0.411457 0.411457 0.411457
2566.148193 0.000000 1279.984253 0.000000 0.629844 0.000000 -0.776722 0.614358 0.614358 0.614358
2678.551270 0.000000 1332.744385 0.000000 0.595666 0.000000 0.803232 0.379848 0.379848 0.379848
2587.027100 0.000000 1369.692383 0.000000 0.954117 0.000000 0.299434 0.461053 0.461053 0.461053
2559.919189 0.000000 1351.771240 0.000000 0.491465 0.000000 -0.870897 0.636432 0.636432 0.636432
2580.192139 0.000000 1358.330444 0.000000 0.979665 0.000000 -0.200642 0.526629 0.526629 0.526629
2571.191406 0.000000 1352.799316 0.000000 0.997666 0.000000 0.068278 0.491078 0.491078 0.491078
2589.601562 0.000000 1365.289429 0.000000 0.624701 0.000000 -0.780864 0.616325 0.616325 0.616325
2584.734131 0.000000 1357.575928 0.000000 0.704572 0.000000 -0.709632 0.604592 0.604592 0.604592
2578.383545 0.000000 1366.444824 0.000000 0.198464 0.000000 -0.980108 0.677985 0.677985 0.677985
2579.764893 0.000000 1362.419800 0.000000 0.618672 0.000000 -0.785649 0.618678 0.618678 0.618678
2563.104736 0.000000 1369.917969 0.000000 0.973546 0.000000 0.228490 0.469613 0.469613 0.469613
2602.166748 0.000000 1373.195068 0.000000 0.018040 0.000000 -0.999837 0.698091 0.698091 0.698091
2591.991211 0.000000 1362.729980 0.000000 0.079401 0.000000 -0.996843 0.693603 0.693603 0.693603
2621.042725 0.000000 1350.099731 0.000000 0.902391 0.000000 0.430919 0.442052 0.442052 0.442052
2566.148193 0.000000 1375.960815 0.000000 0.938782 0.000000 0.344512 0.453901 0.453901 0.453901
2584.098877 0.000000 1380.112671 0.000000 0.629638 0.000000 -0.776889 0.615280 0.615280 0.615280
2570.735840 0.000000 1375.765259 0.000000 0.494966 0.000000 0.868912 0.361985 0.361985 0.361985
2593.531250 0.000000 1378.543213 0.000000 0.695632 0.000000 -0.718398 0.605051 0.605051 0.605051
2635.305420 0.000000 1359.041260 0.000000 0.443101 0.000000 0.896472 0.356506 0.356506 0.356506
2655.907471 0.000000 1351.771240 0.000000 0.032378 0.000000 -0.999476 0.697029 0.697029 0.697029
2671.579346 0.000000 1354.316528 0.000000 0.574025 0.000000 -0.818838 0.626224 0.626224 0.626224
2678.551270 0.000000 1364.736572 0.000000 0.492138 0.000000 0.870517 0.357867 0.357867 0.357867
2667.301514 0.000000 1359.041260 0.000000 0.704652 0.000000 -0.709553 0.604183 0.604183 0.604183
2656.026123 0.000000 1357.155762 0.000000 0.085858 0.000000 0.996307 0.305014 0.305014 0.305014
2664.615967 0.000000 1355.976562 0.000000 0.700074 0.000000 -0.714070 0.605033 0.605033 0.605033
2672.123779 0.000000 1358.122925 0.000000 0.876951 0.000000 0.480579 0.433417 0.433417 0.433417
2679.097656 0.000000 1361.016724 0.000000 0.631647 0.000000 -0.775257 0.617603 0.617603 0.617603
2683.099365 0.000000 1373.529053 0.000000 0.996493 0.000000 -0.083681 0.511106 0.511106 0.511106
2680.421387 0.000000 1367.520142 0.000000 0.279910 0.000000 -0.960026 0.674482 0.674482 0.674482
2686.176025 0.000000 1369.118652 0.000000 0.130587 0.000000 -0.991437 0.695907 0.695907 0.695907
2669.913330 0.000000 1360.452637 0.000000 0.080500 0.000000 0.996755 0.302820 0.302820 0.302820
2680.189941 0.000000 1370.496826 0.000000 0.888882 0.000000 -0.458136 0.563920 0.563920 0.563920
2687.896973 0.000000 1336.779907 0.000000 0.877153 0.000000 0.480211 0.434348 0.434348 0.434348
2687.979492 0.000000 1330.737793 0.000000 0.195980 0.000000 0.980608 0.321001 0.321001 0.321001
2747.007568 0.000000 1337.700195 0.000000 0.439829 0.000000 0.898081 0.355200 0.355200 0.355200
2737.348145 0.000000 1338.789795 0.000000 0.382979 0.000000 -0.923757 0.653782 0.653782 0.653782
2750.845215 0.000000 1341.704590 0.000000 0.672032 0.000000 -0.740522 0.609083 0.609083 0.609083
2699.934082 0.000000 1347.452637 0.000000 0.498917 0.000000 -0.866650 0.636895 0.636895 0.636895
2696.764160 0.000000 1365.203491 0.000000 0.706375 0.000000 -0.707837 0.602684 0.602684 0.602684
2706.700928 0.000000 1349.337769 0.000000 0.996379 0.000000 0.085028 0.488884 0.488884 0.488884
2708.176514 0.000000 1358.330444 0.000000 0.456399 0.000000 0.889775 0.356785 0.356785 0.356785
2717.528809 0.000000 1355.322632 0.000000 0.401758 0.000000 0.915746 0.349173 0.349173 0.349173
2692.060791 0.000000 1373.384155 0.000000 0.973799 0.000000 0.227411 0.469701 0.469701 0.469701
2701.509766 0.000000 1367.460938 0.000000 0.704082 0.000000 0.710118 0.396697 0.396697 0.396697
2718.849121 0.000000 1373.696777 0.000000 0.845398 0.000000 0.534137 0.424456 0.424456 0.424456
2694.866699 0.000000 1369.524780 0.000000 0.199638 0.000000 -0.979870 0.678855 0.678855 0.678855
2712.718506 0.000000 1357.575928 0.000000 0.238109 0.000000 -0.971238 0.674703 0.674703 0.674703
2701.706787 0.000000 1372.106567 0.000000 0.458421 0.000000 0.888735 0.356535 0.356535 0.356535
2715.095459 0.000000 1373.529053 0.000000 0.232343 0.000000 0.972634 0.320848 0.320848 0.320848
2730.151123 0.000000 1373.195068 0.000000 0.847364 0.000000 -0.531013 0.572254 0.572254 0.572254
2736.134033 0.000000 1362.568115 0.000000 0.996848 0.000000 0.079338 0.489610 0.489610 0.489610
2747.816650 0.000000 1360.920044 0.000000 0.997620 0.000000 0.068950 0.491128 0.491128 0.491128
2719.899658 0.000000 1351.771240 0.000000 0.968604 0.000000 -0.248608 0.532177 0.532177 0.532177
2742.543457 0.000000 1364.736572 0.000000 0.897700 0.000000 0.440607 0.440197 0.440197 0.440197
2719.975586 0.000000 1362.729980 0.000000 0.237101 0.000000 -0.971485 0.675504 0.675504 0.675504
2750.845215 0.000000 1373.696777 0.000000 0.672187 0.000000 0.740382 0.391777 0.391777 0.391777
2745.044922 0.000000 1343.738037 0.000000 0.235093 0.000000 0.971973 0.326554 0.326554 0.326554
2724.156494 0.000000 1361.938721 0.000000 0.900245 0.000000 0.435384 0.441183 0.441183 0.441183
2720.606201 0.000000 1372.190186 0.000000 0.891100 0.000000 -0.453807 0.562796 0.562796 0.562796
2693.087402 0.000000 1390.286377 0.000000 0.086528 0.000000 -0.996249 0.689710 0.689710 0.689710
2699.934082 0.000000 1379.444824 0.000000 0.239100 0.000000 -0.970995 0.672578 0.672578 0.672578
2704.137939 0.000000 1394.560303 0.000000 0.588522 0.000000 -0.808481 0.621530 0.621530 0.621530
2716.950439 0.000000 1376.895020 0.000000 0.997494 0.000000 0.070752 0.490595 0.490595 0.490595
2710.547363 0.000000 1396.728760 0.000000 0.954196 0.000000 -0.299183 0.539368 0.539368 0.539368
2694.132568 0.000000 1375.960815 0.000000 0.943901 0.000000 0.330229 0.455805 0.455805 0.455805
2699.297607 0.000000 1391.033447 0.000000 0.494032 0.000000 -0.869443 0.636577 0.636577 0.636577
2699.175781 0.000000 1384.791504 0.000000 0.288280 0.000000 0.957546 0.332446 0.332446 0.332446
2702.477783 0.000000 1382.476318 0.000000 0.752371 0.000000 0.658739 0.406102 0.406102 0.406102
2725.083496 0.000000 1390.286377 0.000000 0.814512 0.000000 0.580147 0.419653 0.419653 0.419653
2731.930176 0.000000 1379.444824 0.000000 0.845785 0.000000 -0.533523 0.574603 0.574603 0.574603
2736.134033 0.000000 1394.560303 0.000000 0.749405 0.000000 0.662112 0.404974 0.404974 0.404974
2719.899658 0.000000 1383.763428 0.000000 0.140266 0.000000 -0.990114 0.683510 0.683510 0.683510
2735.571533 0.000000 1386.308716 0.000000 0.234582 0.000000 0.972096 0.324487 0.324487 0.324487
2728.760254 0.000000 1397.195679 0.000000 0.356392 0.000000 0.934337 0.341880 0.341880 0.341880
2742.543457 0.000000 1396.728760 0.000000 0.337567 0.000000 -0.941302 0.661058 0.661058 0.661058
2738.697021 0.000000 1381.329956 0.000000 0.897000 0.000000 0.442030 0.439989 0.439989 0.439989
2749.524902 0.000000 1387.314819 0.000000 0.995493 0.000000 -0.094831 0.512448 0.512448 0.512448
2743.497559 0.000000 1405.351318 0.000000 0.500368 0.000000 -0.865813 0.637199 0.637199 0.637199
2749.027100 0.000000 1382.091919 0.000000 0.897836 0.000000 0.440330 0.440351 0.440351 0.440351
2736.119385 0.000000 1377.142456 0.000000 0.191518 0.000000 0.981489 0.320752 0.320752 0.320752
2726.862793 0.000000 1401.516968 0.000000 0.817562 0.000000 -0.575841 0.580122 0.580122 0.580122
2731.171875 0.000000 1384.791504 0.000000 0.024085 0.000000 0.999710 0.296116 0.296116 0.296116
2749.582031 0.000000 1397.281616 0.000000 0.637781 0.000000 0.770218 0.384767 0.384767 0.384767
2741.531982 0.000000 1401.380249 0.000000 0.999796 0.000000 0.020211 0.497351 0.497351 0.497351
2728.094238 0.000000 1393.351196 0.000000 0.996543 0.000000 -0.083079 0.510860 0.510860 0.510860
2724.156494 0.000000 1393.930908 0.000000 0.044108 0.000000 0.999027 0.300282 0.300282 0.300282
2743.089844 0.000000 1393.008911 0.000000 0.814662 0.000000 0.579936 0.418760 0.418760 0.418760
2731.818604 0.000000 1394.852539 0.000000 0.534849 0.000000 0.844948 0.368335 0.368335 0.368335
2730.574707 0.000000 1401.562622 0.000000 0.814707 0.000000 -0.579873 0.581076 0.581076 0.581076
2758.755859 0.000000 1351.788574 0.000000 0.996733 0.000000 -0.080766 0.510396 0.510396 0.510396
2751.971680 0.000000 1362.729980 0.000000 0.203724 0.000000 0.979028 0.324417 0.324417 0.324417
2794.143311 0.000000 1373.195068 0.000000 0.668934 0.000000 -0.743322 0.608374 0.608374 0.608374
2783.885254 0.000000 1368.772095 0.000000 0.346560 0.000000 0.938028 0.344149 0.344149 0.344149
2792.752441 0.000000 1365.203491 0.000000 0.833863 0.000000 -0.551972 0.576347 0.576347 0.576347
2783.967773 0.000000 1362.729980 0.000000 0.236168 0.000000 -0.971712 0.672637 0.672637 0.672637
2790.854980 0.000000 1369.524780 0.000000 0.776288 0.000000 0.630378 0.411457 0.411457 0.411457
2805.524170 0.000000 1369.388062 0.000000 0.664208 0.000000 -0.747548 0.609826 0.609826 0.609826
2757.079590 0.000000 1390.286377 0.000000 0.291160 0.000000 -0.956674 0.666841 0.666841 0.666841
2768.130127 0.000000 1394.560303 0.000000 0.980729 0.000000 -0.195372 0.525724 0.525724 0.525724
2760.756348 0.000000 1397.195679 0.000000 0.587338 0.000000 -0.809342 0.623366 0.623366 0.623366
2758.755859 0.000000 1383.780762 0.000000 0.937662 0.000000 -0.347548 0.545726 0.545726 0.545726
2751.971680 0.000000 1394.722168 0.000000 0.774556 0.000000 -0.632505 0.589754 0.589754 0.589754
2763.289795 0.000000 1391.033447 0.000000 0.983966 0.000000 0.178356 0.476497 0.476497 0.476497
2772.168701 0.000000 1390.322632 0.000000 0.119312 0.000000 -0.992857 0.688033 0.688033 0.688033
2752.014404 0.000000 1389.147949 0.000000 0.490182 0.000000 -0.871620 0.637679 0.637679 0.637679
2755.788086 0.000000 1397.755737 0.000000 0.024047 0.000000 -0.999711 0.702730 0.702730 0.702730
2755.394287 0.000000 1386.382202 0.000000 0.898109 0.000000 0.439774 0.440432 0.440432 0.440432
2760.604248 0.000000 1387.968750 0.000000 0.527839 0.000000 -0.849344 0.632241 0.632241 0.632241
2760.090332 0.000000 1393.351196 0.000000 0.781517 0.000000 0.623884 0.411867 0.411867 0.411867
2788.049072 0.000000 1405.376343 0.000000 0.550888 0.000000 0.834579 0.371819 0.371819 0.371819
2726.862793 0.000000 1433.509155 0.000000 0.972693 0.000000 0.232094 0.469475 0.469475 0.469475
2730.574707 0.000000 1433.554810 0.000000 0.967483 0.000000 -0.252936 0.533516 0.533516 0.533516
2737.348145 0.000000 1466.758545 0.000000 0.597462 0.000000 0.801897 0.378510 0.378510 0.378510
2736.119385 0.000000 1441.126831 0.000000 0.969665 0.000000 -0.244437 0.532489 0.532489 0.532489
2739.339355 0.000000 1449.089233 0.000000 0.847103 0.000000 0.531428 0.426704 0.426704 0.426704
2732.558594 0.000000 1451.914062 0.000000 0.280313 0.000000 -0.959909 0.669286 0.669286 0.669286
2779.812744 0.000000 1424.904419 0.000000 0.935552 0.000000 -0.353189 0.547223 0.547223 0.547223
2772.168701 0.000000 1422.314819 0.000000 0.619337 0.000000 0.785125 0.381884 0.381884 0.381884
2781.578125 0.000000 1429.273804 0.000000 0.969022 0.000000 0.246975 0.467415 0.467415 0.467415
2775.159180 0.000000 1449.351562 0.000000 0.621262 0.000000 0.783603 0.381980 0.381980 0.381980
2757.079590 0.000000 1454.270752 0.000000 0.298784 0.000000 0.954321 0.335785 0.335785 0.335785
2768.130127 0.000000 1458.544678 0.000000 0.200722 0.000000 0.979648 0.321973 0.321973 0.321973
2767.567627 0.000000 1450.293091 0.000000 0.582379 0.000000 0.812918 0.377966 0.377966 0.377966
2769.344238 0.000000 1466.758545 0.000000 0.389401 0.000000 0.921069 0.348004 0.348004 0.348004
2770.693115 0.000000 1445.314331 0.000000 0.959831 0.000000 0.280578 0.463222 0.463222 0.463222
2772.168701 0.000000 1454.307007 0.000000 0.955496 0.000000 -0.295005 0.538876 0.538876 0.538876
2781.520996 0.000000 1451.299194 0.000000 0.991513 0.000000 0.130004 0.482912 0.482912 0.482912
2767.288818 0.000000 1471.494629 0.000000 0.873560 0.000000 -0.486717 0.566499 0.566499 0.566499
2775.493652 0.000000 1469.335693 0.000000 0.666096 0.000000 0.745866 0.388821 0.388821 0.388821
2781.023193 0.000000 1446.076294 0.000000 0.748937 0.000000 -0.662641 0.594215 0.594215 0.594215
2758.858887 0.000000 1465.501343 0.000000 0.580267 0.000000 -0.814426 0.623318 0.623318 0.623318
2773.528076 0.000000 1465.364624 0.000000 0.306403 0.000000 0.951902 0.334934 0.334934 0.334934
2776.710693 0.000000 1453.552490 0.000000 0.334484 0.000000 -0.942401 0.661180 0.661180 0.661180
2763.814697 0.000000 1458.836914 0.000000 0.838061 0.000000 0.545576 0.424363 0.424363 0.424363
2776.409668 0.000000 1463.496704 0.000000 0.821333 0.000000 0.570449 0.419525 0.419525 0.419525
2776.178223 0.000000 1466.473389 0.000000 0.815864 0.000000 -0.578244 0.582045 0.582045 0.582045
2794.143311 0.000000 1469.171631 0.000000 0.958763 0.000000 0.284207 0.462229 0.462229 0.462229
2795.922363 0.000000 1443.429199 0.000000 0.775818 0.000000 -0.630957 0.589492 0.589492 0.589492
2800.126221 0.000000 1458.544678 0.000000 0.596623 0.000000 0.802522 0.379071 0.379071 0.379071
2783.885254 0.000000 1464.748657 0.000000 0.896687 0.000000 -0.442665 0.561478 0.561478 0.561478
2799.563721 0.000000 1450.293091 0.000000 0.921866 0.000000 -0.387510 0.552057 0.552057 0.552057
2787.784180 0.000000 1461.740112 0.000000 0.507191 0.000000 0.861834 0.364614 0.364614 0.364614
2790.854980 0.000000 1465.501343 0.000000 0.348902 0.000000 0.937159 0.341134 0.341134 0.341134
2795.164062 0.000000 1448.775879 0.000000 0.806914 0.000000 -0.590669 0.582347 0.582347 0.582347
2792.033447 0.000000 1443.895020 0.000000 0.656974 0.000000 -0.753913 0.611933 0.611933 0.611933
2800.108154 0.000000 1454.099487 0.000000 0.984263 0.000000 0.176710 0.476717 0.476717 0.476717
2797.695068 0.000000 1468.083130 0.000000 0.937437 0.000000 0.348154 0.453392 0.453392 0.453392
2787.077393 0.000000 1465.894531 0.000000 0.902613 0.000000 0.430453 0.441342 0.441342 0.441342
2763.926270 0.000000 1475.421387 0.000000 0.537949 0.000000 -0.842977 0.629182 0.629182 0.629182
2772.931885 0.000000 1471.785522 0.000000 0.971410 0.000000 0.237407 0.468823 0.468823 0.468823
2779.812744 0.000000 1488.888794 0.000000 0.991949 0.000000 0.126637 0.483484 0.483484 0.483484
2780.942627 0.000000 1472.871582 0.000000 0.297632 0.000000 -0.954681 0.671023 0.671023 0.671023
2776.075439 0.000000 1476.089233 0.000000 0.629272 0.000000 -0.777185 0.616008 0.616008 0.616008
2771.335449 0.000000 1481.081421 0.000000 0.193238 0.000000 0.981152 0.319606 0.319606 0.319606
2783.609863 0.000000 1476.705811 0.000000 0.988410 0.000000 -0.151805 0.520507 0.520507 0.520507
2794.143311 0.000000 1501.163818 0.000000 0.704758 0.000000 0.709448 0.398790 0.398790 0.398790
2792.752441 0.000000 1493.172241 0.000000 0.453777 0.000000 -0.891115 0.644149 0.644149 0.644149
2806.535645 0.000000 1492.705322 0.000000 0.023316 0.000000 0.999728 0.297560 0.297560 0.297560
2790.120850 0.000000 1471.937378 0.000000 0.306455 0.000000 0.951885 0.337142 0.337142 0.337142
2785.507812 0.000000 1474.519775 0.000000 0.940489 0.000000 -0.339823 0.546398 0.546398 0.546398
2787.390381 0.000000 1482.358765 0.000000 0.528357 0.000000 -0.849023 0.634947 0.634947 0.634947
2786.367188 0.000000 1479.997437 0.000000 0.230898 0.000000 -0.972978 0.680353 0.680353 0.680353
2935.139648 0.000000 1353.375000 0.000000 0.990372 0.000000 0.138433 0.482179 0.482179 0.482179
2941.501465 0.000000 1355.322632 0.000000 0.776023 0.000000 -0.630705 0.588427 0.588427 0.588427
2987.898926 0.000000 1283.468262 0.000000 0.785070 0.000000 0.619407 0.413949 0.413949 0.413949
3004.915283 0.000000 1280.918457 0.000000 0.997393 0.000000 0.072164 0.490642 0.490642 0.490642
2992.088135 0.000000 1281.165894 0.000000 0.778134 0.000000 -0.628098 0.588162 0.588162 0.588162
2967.470215 0.000000 1341.366943 0.000000 0.081352 0.000000 0.996685 0.305536 0.305536 0.305536
2986.119873 0.000000 1341.202881 0.000000 0.915555 0.000000 0.402192 0.446989 0.446989 0.446989
2981.052246 0.000000 1326.302002 0.000000 0.139675 0.000000 -0.990197 0.682515 0.682515 0.682515
3002.976318 0.000000 1337.700195 0.000000 0.186615 0.000000 0.982433 0.321829 0.321829 0.321829
3003.785400 0.000000 1328.927856 0.000000 0.237483 0.000000 0.971392 0.328203 0.328203 0.328203
2993.316895 0.000000 1338.789795 0.000000 0.941838 0.000000 -0.336068 0.544323 0.544323 0.544323
2989.474609 0.000000 1335.468750 0.000000 0.628188 0.000000 -0.778062 0.615745 0.615745 0.615745
2964.908447 0.000000 1343.816772 0.000000 0.025582 0.000000 -0.999673 0.702529 0.702529 0.702529
2968.052002 0.000000 1348.120483 0.000000 0.981342 0.000000 -0.192270 0.525117 0.525117 0.525117
2945.488281 0.000000 1346.551025 0.000000 0.586118 0.000000 0.810226 0.374314 0.374314 0.374314
2955.144531 0.000000 1352.799316 0.000000 0.290867 0.000000 -0.956763 0.667200 0.667200 0.667200
2952.580811 0.000000 1355.976562 0.000000 0.575511 0.000000 0.817794 0.374971 0.374971 0.374971
2947.442627 0.000000 1349.779663 0.000000 0.999647 0.000000 0.026576 0.496450 0.496450 0.496450
2967.135742 0.000000 1385.367188 0.000000 0.579511 0.000000 -0.814964 0.622962 0.622962 0.622962
2955.266357 0.000000 1391.033447 0.000000 0.184218 0.000000 0.982885 0.320477 0.320477 0.320477
2948.029541 0.000000 1405.376343 0.000000 0.018422 0.000000 -0.999830 0.702693 0.702693 0.702693
2957.478516 0.000000 1399.453125 0.000000 0.991898 0.000000 -0.127038 0.516791 0.516791 0.516791
2974.817871 0.000000 1405.688965 0.000000 0.935488 0.000000 -0.353358 0.547517 0.547517 0.547517
2955.791260 0.000000 1394.852539 0.000000 0.922231 0.000000 -0.386638 0.551933 0.551933 0.551933
2963.718018 0.000000 1394.411987 0.000000 0.918292 0.000000 -0.395904 0.553758 0.553758 0.553758
2970.013916 0.000000 1396.038818 0.000000 0.545324 0.000000 0.838225 0.369467 0.369467 0.369467
2963.357178 0.000000 1406.225098 0.000000 0.990531 0.000000 -0.137288 0.518086 0.518086 0.518086
2971.064209 0.000000 1405.521240 0.000000 0.773394 0.000000 0.633925 0.409492 0.409492 0.409492
2975.861816 0.000000 1400.764282 0.000000 0.788589 0.000000 0.614921 0.412864 0.412864 0.412864
2989.474609 0.000000 1399.453125 0.000000 0.787994 0.000000 0.615683 0.413896 0.413896 0.413896
2999.466309 0.000000 1405.351318 0.000000 0.037737 0.000000 -0.999288 0.697873 0.697873 0.697873
2843.804932 0.000000 1456.896606 0.000000 0.431445 0.000000 -0.902139 0.644325 0.644325 0.644325
2865.332520 0.000000 1466.758545 0.000000 0.090182 0.000000 0.995925 0.302258 0.302258 0.302258
2847.959961 0.000000 1458.706543 0.000000 0.145760 0.000000 0.989320 0.314713 0.314713 0.314713
2861.490234 0.000000 1463.437500 0.000000 0.981569 0.000000 -0.191109 0.525684 0.525684 0.525684
2851.776367 0.000000 1461.740112 0.000000 0.491476 0.000000 -0.870891 0.638541 0.638541 0.638541
2866.348389 0.000000 1462.421387 0.000000 0.918280 0.000000 0.395931 0.445526 0.445526 0.445526
2851.382568 0.000000 1450.366577 0.000000 0.226393 0.000000 -0.974036 0.675950 0.675950 0.675950
2867.368896 0.000000 1470.209473 0.000000 0.838901 0.000000 0.544283 0.423703 0.423703 0.423703
2863.523926 0.000000 1461.333496 0.000000 0.982673 0.000000 0.185350 0.475053 0.475053 0.475053
2867.892334 0.000000 1467.575195 0.000000 0.547470 0.000000 -0.836825 0.633415 0.633415 0.633415
2879.873535 0.000000 1464.748657 0.000000 0.663993 0.000000 0.747739 0.391612 0.391612 0.391612
2895.552002 0.000000 1450.293091 0.000000 0.843357 0.000000 0.537354 0.427203 0.427203 0.427203
2897.328613 0.000000 1466.758545 0.000000 0.705339 0.000000 0.708870 0.398305 0.398305 0.398305
2895.273193 0.000000 1471.494629 0.000000 0.232098 0.000000 -0.972692 0.673180 0.673180 0.673180
2901.512451 0.000000 1465.364624 0.000000 0.178633 0.000000 -0.983916 0.680954 0.680954 0.680954
2880.468994 0.000000 1471.562744 0.000000 0.485994 0.000000 -0.873962 0.639896 0.639896 0.639896
2911.869629 0.000000 1464.748657 0.000000 0.953970 0.000000 -0.299901 0.539390 0.539390 0.539390
2939.793213 0.000000 1456.896606 0.000000 0.781779 0.000000 0.623556 0.411754 0.411754 0.411754
2911.876221 0.000000 1447.747803 0.000000 0.997425 0.000000 -0.071716 0.509193 0.509193 0.509193
2927.548096 0.000000 1450.293091 0.000000 0.808715 0.000000 -0.588201 0.581164 0.581164 0.581164
2915.768555 0.000000 1461.740112 0.000000 0.971275 0.000000 -0.237960 0.531911 0.531911 0.531911
2935.066406 0.000000 1456.993286 0.000000 0.817545 0.000000 -0.575865 0.580432 0.580432 0.580432
2923.795166 0.000000 1458.836914 0.000000 0.719369 0.000000 0.694628 0.397818 0.397818 0.397818
2843.804932 0.000000 1488.888794 0.000000 0.992832 0.000000 0.119516 0.484507 0.484507 0.484507
2838.531738 0.000000 1492.705322 0.000000 0.070034 0.000000 -0.997545 0.696696 0.696696 0.696696
2846.833496 0.000000 1501.665527 0.000000 0.233045 0.000000 -0.972466 0.673053 0.673053 0.673053
2868.920166 0.000000 1471.785522 0.000000 0.714303 0.000000 -0.699836 0.603729 0.603729 0.603729
2856.744629 0.000000 1493.172241 0.000000 0.901908 0.000000 0.431929 0.442576 0.442576 0.442576
2854.113037 0.000000 1471.937378 0.000000 0.940488 0.000000 -0.339828 0.545446 0.545446 0.545446
2866.681396 0.000000 1477.306519 0.000000 0.300700 0.000000 -0.953719 0.666166 0.666166 0.666166
2852.041260 0.000000 1501.352905 0.000000 0.198879 0.000000 0.980024 0.321044 0.321044 0.321044
2861.490234 0.000000 1495.429688 0.000000 0.194466 0.000000 -0.980909 0.678171 0.678171 0.678171
2864.103760 0.000000 1473.119019 0.000000 0.953844 0.000000 -0.300301 0.539901 0.539901 0.539901
2873.029297 0.000000 1471.706787 0.000000 0.954879 0.000000 0.296994 0.459348 0.459348 0.459348
2856.025635 0.000000 1475.887207 0.000000 0.543624 0.000000 -0.839329 0.632291 0.632291 0.632291
2874.651367 0.000000 1480.666992 0.000000 0.890306 0.000000 -0.455363 0.562793 0.562793 0.562793
2879.029053 0.000000 1474.190308 0.000000 0.999405 0.000000 0.034481 0.495359 0.495359 0.495359
2845.015381 0.000000 1510.060669 0.000000 0.912864 0.000000 -0.408264 0.554701 0.554701 0.554701
2853.067871 0.000000 1518.255127 0.000000 0.287673 0.000000 -0.957729 0.666360 0.666360 0.666360
2875.801025 0.000000 1520.880981 0.000000 0.293252 0.000000 -0.956035 0.665919 0.665919 0.665919
2865.332520 0.000000 1530.742920 0.000000 0.899705 0.000000 -0.436499 0.557964 0.557964 0.557964
2854.744141 0.000000 1511.749512 0.000000 0.922960 0.000000 0.384897 0.448215 0.448215 0.448215
2868.156982 0.000000 1518.291382 0.000000 0.590991 0.000000 -0.806678 0.620901 0.620901 0.620901
2872.063721 0.000000 1508.081421 0.000000 0.283608 0.000000 -0.958940 0.666911 0.666911 0.666911
2878.829590 0.000000 1533.657715 0.000000 0.629159 0.000000 0.777276 0.381972 0.381972 0.381972
2877.566406 0.000000 1525.250366 0.000000 0.337393 0.000000 -0.941364 0.663532 0.663532 0.663532
2851.382568 0.000000 1514.350952 0.000000 0.343728 0.000000 -0.939069 0.659892 0.659892 0.659892
2867.729736 0.000000 1522.380737 0.000000 0.706330 0.000000 0.707883 0.396915 0.396915 0.396915
2900.916260 0.000000 1471.785522 0.000000 0.032082 0.000000 -0.999485 0.701293 0.701293 0.701293
2895.552002 0.000000 1482.285278 0.000000 0.816135 0.000000 0.577862 0.417094 0.417094 0.417094
2886.740234 0.000000 1479.757324 0.000000 0.593786 0.000000 0.804623 0.374644 0.374644 0.374644
2891.274170 0.000000 1487.010010 0.000000 0.936191 0.000000 -0.351490 0.548420 0.548420 0.548420
2909.505371 0.000000 1483.291382 0.000000 0.751805 0.000000 0.659386 0.407248 0.407248 0.407248
2891.152344 0.000000 1480.768066 0.000000 0.834378 0.000000 -0.551193 0.579141 0.579141 0.579141
2898.344482 0.000000 1494.413574 0.000000 0.954199 0.000000 -0.299172 0.541263 0.541263 0.541263
2888.588623 0.000000 1483.945312 0.000000 0.898650 0.000000 -0.438666 0.561334 0.561334 0.561334
2906.021729 0.000000 1492.015381 0.000000 0.345714 0.000000 0.938340 0.338865 0.338865 0.338865
2882.601318 0.000000 1485.021118 0.000000 0.806879 0.000000 0.590717 0.415436 0.415436 0.415436
2911.869629 0.000000 1496.740845 0.000000 0.405523 0.000000 0.914085 0.350285 0.350285 0.350285
2929.324707 0.000000 1498.750732 0.000000 0.282144 0.000000 -0.959372 0.664865 0.664865 0.664865
2911.952148 0.000000 1490.698730 0.000000 0.136354 0.000000 -0.990660 0.688671 0.688671 0.688671
2915.768555 0.000000 1493.732300 0.000000 0.996831 0.000000 -0.079551 0.510438 0.510438 0.510438
2918.839355 0.000000 1497.493530 0.000000 0.989627 0.000000 0.143660 0.481105 0.481105 0.481105
2925.679443 0.000000 1500.075317 0.000000 0.446784 0.000000 0.894642 0.355101 0.355101 0.355101
2879.873535 0.000000 1528.733032 0.000000 0.077335 0.000000 0.997005 0.298672 0.298672 0.298672
2883.772461 0.000000 1525.724487 0.000000 0.198462 0.000000 -0.980108 0.679012 0.679012 0.679012
2886.843262 0.000000 1529.485718 0.000000 0.999731 0.000000 0.023211 0.496981 0.496981 0.496981
2923.906738 0.000000 1507.413574 0.000000 0.704511 0.000000 -0.709693 0.602239 0.602239 0.602239
2927.548096 0.000000 1514.277466 0.000000 0.991887 0.000000 0.127124 0.483611 0.483611 0.483611
2930.673584 0.000000 1509.298706 0.000000 0.916524 0.000000 -0.399981 0.553934 0.553934 0.553934
2967.135742 0.000000 1417.359375 0.000000 0.967789 0.000000 -0.251762 0.532912 0.532912 0.532912
2964.908447 0.000000 1407.801147 0.000000 0.394026 0.000000 -0.919099 0.653672 0.653672 0.653672
2972.919189 0.000000 1408.887207 0.000000 0.810549 0.000000 -0.585670 0.582011 0.582011 0.582011
2950.101318 0.000000 1407.953003 0.000000 0.780921 0.000000 0.624630 0.412079 0.412079 0.412079
2968.052002 0.000000 1412.104858 0.000000 0.851740 0.000000 0.523964 0.427991 0.427991 0.427991
2972.999756 0.000000 1414.084106 0.000000 0.495693 0.000000 0.868498 0.363933 0.363933 0.363933
2960.092041 0.000000 1409.134644 0.000000 0.783339 0.000000 -0.621595 0.587751 0.587751 0.587751
2987.898926 0.000000 1411.437012 0.000000 0.431623 0.000000 -0.902054 0.647949 0.647949 0.647949
3003.785400 0.000000 1424.904419 0.000000 0.983279 0.000000 0.182106 0.476089 0.476089 0.476089
2975.868408 0.000000 1415.755615 0.000000 0.182193 0.000000 -0.983263 0.678751 0.678751 0.678751
2977.484375 0.000000 1410.535400 0.000000 0.659363 0.000000 -0.751825 0.610455 0.610455 0.610455
3005.550781 0.000000 1429.273804 0.000000 0.666539 0.000000 0.745470 0.390790 0.390790 0.390790
2995.308105 0.000000 1417.097046 0.000000 0.745583 0.000000 -0.666413 0.595964 0.595964 0.595964
2986.685059 0.000000 1407.757446 0.000000 0.036563 0.000000 0.999331 0.298528 0.298528 0.298528
2949.056152 0.000000 1454.270752 0.000000 0.812177 0.000000 -0.583411 0.579624 0.579624 0.579624
2943.865723 0.000000 1464.748657 0.000000 0.846832 0.000000 0.531861 0.427617 0.427617 0.427617
3003.785400 0.000000 1456.896606 0.000000 0.897282 0.000000 -0.441457 0.559585 0.559585 0.559585
3007.857910 0.000000 1432.756470 0.000000 0.933386 0.000000 -0.358873 0.547285 0.547285 0.547285
3030.508301 0.000000 1428.720947 0.000000 0.917234 0.000000 0.398349 0.446606 0.446606 0.446606
3031.462402 0.000000 1437.343506 0.000000 0.940887 0.000000 -0.338719 0.544688 0.544688 0.544688
3016.059082 0.000000 1425.343384 0.000000 0.591906 0.000000 -0.806007 0.622627 0.622627 0.622627
3063.124023 0.000000 1417.359375 0.000000 0.866400 0.000000 0.499351 0.433298 0.433298 0.433298
3062.504395 0.000000 1428.720947 0.000000 0.996144 0.000000 -0.087731 0.511382 0.511382 0.511382
3070.806152 0.000000 1437.681152 0.000000 0.997761 0.000000 0.066873 0.491345 0.491345 0.491345
3069.542969 0.000000 1429.273804 0.000000 0.937596 0.000000 -0.347726 0.546548 0.546548 0.546548
3013.048340 0.000000 1454.270752 0.000000 0.966649 0.000000 -0.256106 0.533881 0.533881 0.533881
3034.972412 0.000000 1465.668945 0.000000 0.999472 0.000000 0.032490 0.495838 0.495838 0.495838
3007.940430 0.000000 1458.706543 0.000000 0.940853 0.000000 -0.338814 0.544787 0.544787 0.544787
3019.136719 0.000000 1448.775879 0.000000 0.867532 0.000000 -0.497381 0.567712 0.567712 0.567712
3008.453369 0.000000 1471.562744 0.000000 0.445874 0.000000 -0.895096 0.645032 0.645032 0.645032
3060.896729 0.000000 1439.793335 0.000000 0.980862 0.000000 0.194703 0.474561 0.474561 0.474561
3051.132812 0.000000 1448.775879 0.000000 0.285674 0.000000 0.958327 0.332090 0.332090 0.332090
3065.005859 0.000000 1439.714600 0.000000 0.080109 0.000000 0.996786 0.306117 0.306117 0.306117
3054.434814 0.000000 1446.460693 0.000000 0.017853 0.000000 -0.999841 0.703542 0.703542 0.703542
3004.915283 0.000000 1472.871582 0.000000 0.339203 0.000000 -0.940713 0.659912 0.659912 0.659912
3000.048096 0.000000 1476.089233 0.000000 0.307866 0.000000 0.951430 0.337648 0.337648 0.337648
3019.895020 0.000000 1475.421387 0.000000 0.999578 0.000000 -0.029041 0.503734 0.503734 0.503734
3009.480469 0.000000 1474.519775 0.000000 0.132421 0.000000 -0.991194 0.688475 0.688475 0.688475
2069.017578 0.000000 1535.769897 0.000000 0.819340 0.000000 0.573308 0.419978 0.419978 0.419978
2075.898682 0.000000 1552.873169 0.000000 0.708077 0.000000 0.706135 0.395673 0.395673 0.395673
2077.606934 0.000000 1547.275757 0.000000 0.699311 0.000000 -0.714818 0.604577 0.604577 0.604577
2078.927002 0.000000 1565.649902 0.000000 0.982864 0.000000 0.184334 0.475793 0.475793 0.475793
2064.201172 0.000000 1537.103394 0.000000 0.778925 0.000000 0.627117 0.411155 0.411155 0.411155
2056.123291 0.000000 1539.871582 0.000000 0.193704 0.000000 -0.981060 0.680332 0.680332 0.680332
2078.423584 0.000000 1551.244019 0.000000 0.706779 0.000000 0.707435 0.396017 0.396017 0.396017
2078.399414 0.000000 1554.484131 0.000000 0.999864 0.000000 -0.016514 0.502202 0.502202 0.502202
2079.971191 0.000000 1560.725220 0.000000 0.813955 0.000000 -0.580928 0.581555 0.581555 0.581555
2096.194092 0.000000 1550.076050 0.000000 0.297970 0.000000 0.954575 0.333775 0.333775 0.333775
2083.548096 0.000000 1541.732788 0.000000 0.999382 0.000000 0.035163 0.495390 0.495390 0.495390
2083.163330 0.000000 1561.871094 0.000000 0.382292 0.000000 -0.924041 0.657409 0.657409 0.657409
2080.687988 0.000000 1557.504639 0.000000 0.872300 0.000000 -0.488971 0.568367 0.568367 0.568367
2077.028564 0.000000 1568.848145 0.000000 0.701408 0.000000 -0.712760 0.603597 0.603597 0.603597
2073.126953 0.000000 1567.683350 0.000000 0.813569 0.000000 -0.581469 0.580713 0.580713 0.580713
2079.977783 0.000000 1575.716553 0.000000 0.195304 0.000000 -0.980743 0.676001 0.676001 0.676001
2081.593750 0.000000 1570.496338 0.000000 0.839271 0.000000 0.543713 0.425085 0.425085 0.425085
2090.229248 0.000000 1629.132568 0.000000 0.899271 0.000000 0.437392 0.442135 0.442135 0.442135
2084.135010 0.000000 1629.321655 0.000000 0.992436 0.000000 0.122766 0.484145 0.484145 0.484145
2098.442139 0.000000 1622.382324 0.000000 0.192268 0.000000 -0.981343 0.679836 0.679836 0.679836
2103.241211 0.000000 1641.304688 0.000000 0.087670 0.000000 -0.996150 0.689193 0.689193 0.689193
2101.013916 0.000000 1631.746460 0.000000 0.864919 0.000000 -0.501912 0.568786 0.568786 0.568786
2079.977783 0.000000 1639.700928 0.000000 0.585697 0.000000 0.810530 0.378492 0.378492 0.378492
2109.024658 0.000000 1632.832520 0.000000 0.663350 0.000000 0.748309 0.389602 0.389602 0.389602
2086.206787 0.000000 1631.898315 0.000000 0.173405 0.000000 -0.984851 0.680598 0.680598 0.680598
2081.593750 0.000000 1634.480713 0.000000 0.675893 0.000000 -0.737000 0.608399 0.608399 0.608399
2120.168457 0.000000 1649.288696 0.000000 0.451637 0.000000 -0.892202 0.644188 0.644188 0.644188
2301.636719 0.000000 1557.242554 0.000000 0.971896 0.000000 -0.235412 0.531147 0.531147 0.531147
2296.769287 0.000000 1549.529053 0.000000 0.970930 0.000000 0.239363 0.468500 0.468500 0.468500
2298.095947 0.000000 1555.999756 0.000000 0.679676 0.000000 0.733513 0.392068 0.392068 0.392068
2292.990479 0.000000 1567.762085 0.000000 0.576667 0.000000 0.816979 0.377065 0.377065 0.377065
2301.001221 0.000000 1568.848145 0.000000 0.983037 0.000000 -0.183407 0.523946 0.523946 0.523946
2289.402832 0.000000 1594.727295 0.000000 0.996299 0.000000 -0.085958 0.511065 0.511065 0.511065
2294.598145 0.000000 1588.681885 0.000000 0.900087 0.000000 0.435709 0.441023 0.441023 0.441023
2292.227295 0.000000 1582.275757 0.000000 0.027663 0.000000 0.999617 0.299670 0.299670 0.299670
2296.134033 0.000000 1572.065796 0.000000 0.777816 0.000000 0.628492 0.411433 0.411433 0.411433
2302.899902 0.000000 1597.642090 0.000000 0.950883 0.000000 -0.309549 0.541407 0.541407 0.541407
2302.222900 0.000000 1593.063965 0.000000 0.865814 0.000000 0.500365 0.431056 0.431056 0.431056
2270.903809 0.000000 1629.634277 0.000000 0.506084 0.000000 0.862484 0.364447 0.364447 0.364447
2292.990479 0.000000 1599.754272 0.000000 0.981537 0.000000 -0.191270 0.524985 0.524985 0.524985
2301.001221 0.000000 1600.840332 0.000000 0.244436 0.000000 0.969665 0.325822 0.325822 0.325822
2292.227295 0.000000 1614.267944 0.000000 0.888982 0.000000 -0.457942 0.562228 0.562228 0.562228
2260.994385 0.000000 1631.746460 0.000000 0.778401 0.000000 0.627768 0.412571 0.412571 0.412571
2264.137939 0.000000 1636.050171 0.000000 0.991271 0.000000 -0.131841 0.517298 0.517298 0.517298
2295.217773 0.000000 1641.304688 0.000000 0.999946 0.000000 0.010369 0.498641 0.498641 0.498641
2299.871338 0.000000 1648.849731 0.000000 0.969057 0.000000 -0.246836 0.532130 0.532130 0.532130
2287.626221 0.000000 1642.246216 0.000000 0.589859 0.000000 -0.807506 0.621316 0.621316 0.621316
2301.001221 0.000000 1632.832520 0.000000 0.935986 0.000000 0.352038 0.453657 0.453657 0.453657
2301.081787 0.000000 1638.029419 0.000000 0.361624 0.000000 0.932324 0.343514 0.343514 0.343514
2296.769287 0.000000 1645.505615 0.000000 0.587914 0.000000 0.808923 0.377197 0.377197 0.377197
2298.721680 0.000000 1640.627930 0.000000 0.662567 0.000000 0.749003 0.389043 0.389043 0.389043
2174.915527 0.000000 1693.618652 0.000000 0.478964 0.000000 -0.877834 0.640952 0.640952 0.640952
2170.111572 0.000000 1683.968506 0.000000 0.294216 0.000000 0.955739 0.333259 0.333259 0.333259
2186.217529 0.000000 1693.116943 0.000000 0.838790 0.000000 -0.544456 0.573449 0.573449 0.573449
2176.041992 0.000000 1682.651855 0.000000 0.179348 0.000000 -0.983786 0.678776 0.678776 0.678776
2180.123291 0.000000 1693.306030 0.000000 0.782194 0.000000 0.623035 0.412009 0.412009 0.412009
2176.554932 0.000000 1695.508057 0.000000 0.939424 0.000000 0.342758 0.453272 0.453272 0.453272
2175.966064 0.000000 1703.685303 0.000000 0.706406 0.000000 0.707806 0.398500 0.398500 0.398500
2182.195068 0.000000 1695.882690 0.000000 0.458240 0.000000 0.888828 0.357055 0.357055 0.357055
2187.360107 0.000000 1710.955322 0.000000 0.778031 0.000000 -0.628226 0.588522 0.588522 0.588522
2184.107666 0.000000 1699.832520 0.000000 0.862688 0.000000 -0.505737 0.569895 0.569895 0.569895
2179.536377 0.000000 1701.693726 0.000000 0.866190 0.000000 0.499715 0.430240 0.430240 0.430240
2179.046631 0.000000 1695.954346 0.000000 0.590562 0.000000 0.806992 0.374811 0.374811 0.374811
2269.583496 0.000000 1707.236694 0.000000 0.336830 0.000000 -0.941566 0.659322 0.659322 0.659322
2269.085693 0.000000 1702.013794 0.000000 0.776338 0.000000 -0.630317 0.588873 0.588873 0.588873
2277.138184 0.000000 1710.208252 0.000000 0.031713 0.000000 -0.999497 0.701725 0.701725 0.701725
2278.814453 0.000000 1703.702637 0.000000 0.309110 0.000000 0.951026 0.337503 0.337503 0.337503
2273.570312 0.000000 1698.465088 0.000000 0.384056 0.000000 -0.923310 0.653923 0.653923 0.653923
2309.134277 0.000000 1582.239502 0.000000 0.999655 0.000000 0.026254 0.496591 0.496591 0.496591
2304.539307 0.000000 1599.531494 0.000000 0.953529 0.000000 -0.301302 0.540267 0.540267 0.540267
2308.207275 0.000000 1585.884033 0.000000 0.022390 0.000000 -0.999749 0.702174 0.702174 0.702174
2304.656982 0.000000 1596.135498 0.000000 0.807484 0.000000 -0.589889 0.583009 0.583009 0.583009
2309.134277 0.000000 1614.231689 0.000000 0.701263 0.000000 -0.712903 0.601642 0.601642 0.601642
2303.950439 0.000000 1607.708740 0.000000 0.781467 0.000000 0.623946 0.412193 0.412193 0.412193
2310.810547 0.000000 1607.726074 0.000000 0.021395 0.000000 -0.999771 0.702304 0.702304 0.702304
2310.179443 0.000000 1599.906128 0.000000 0.529922 0.000000 -0.848046 0.632679 0.632679 0.632679
2315.222656 0.000000 1608.736816 0.000000 0.709742 0.000000 0.704461 0.397548 0.397548 0.397548
2331.058350 0.000000 1689.614258 0.000000 0.968530 0.000000 -0.248896 0.532592 0.532592 0.532592
2315.980957 0.000000 1667.374512 0.000000 0.952882 0.000000 -0.303341 0.539703 0.539703 0.539703
2324.986572 0.000000 1663.738647 0.000000 0.955998 0.000000 0.293373 0.461643 0.461643 0.461643
2319.622314 0.000000 1674.238403 0.000000 0.619355 0.000000 -0.785111 0.617212 0.617212 0.617212
2321.398926 0.000000 1690.703857 0.000000 0.338627 0.000000 0.940921 0.342150 0.342150 0.342150
2322.747803 0.000000 1669.259644 0.000000 0.304105 0.000000 0.952638 0.334618 0.334618 0.334618
2320.170166 0.000000 1665.072144 0.000000 0.579592 0.000000 -0.814907 0.623663 0.623663 0.623663
2323.390137 0.000000 1673.034546 0.000000 0.453366 0.000000 -0.891324 0.644209 0.644209 0.644209
2430.884277 0.000000 1693.618652 0.000000 0.623668 0.000000 0.781690 0.383951 0.383951 0.383951
2427.046631 0.000000 1721.606445 0.000000 0.997284 0.000000 0.073650 0.490485 0.490485 0.490485
2430.884277 0.000000 1725.610840 0.000000 0.234601 0.000000 0.972092 0.325156 0.325156 0.325156
2423.202148 0.000000 1737.281250 0.000000 0.840723 0.000000 -0.541465 0.573281 0.573281 0.573281
2429.563965 0.000000 1739.228882 0.000000 0.291291 0.000000 0.956634 0.335724 0.335724 0.335724
2435.827148 0.000000 1685.685425 0.000000 0.957546 0.000000 -0.288280 0.537890 0.537890 0.537890
2437.118652 0.000000 1710.208252 0.000000 0.392164 0.000000 -0.919895 0.650148 0.650148 0.650148
2433.550781 0.000000 1730.457275 0.000000 0.147888 0.000000 0.989004 0.315348 0.315348 0.315348
2218.213623 0.000000 1821.085693 0.000000 0.532056 0.000000 -0.846709 0.636131 0.636131 0.636131
2213.145996 0.000000 1806.184814 0.000000 0.620390 0.000000 -0.784293 0.615240 0.615240 0.615240
2223.634033 0.000000 1802.207153 0.000000 0.592982 0.000000 0.805216 0.378717 0.378717 0.378717
2219.356201 0.000000 1806.931885 0.000000 0.776825 0.000000 0.629716 0.412078 0.412078 0.412078
2228.235107 0.000000 1806.221069 0.000000 0.449349 0.000000 -0.893357 0.643421 0.643421 0.643421
2212.119385 0.000000 1821.274780 0.000000 0.576491 0.000000 -0.817104 0.624634 0.624634 0.624634
2214.925293 0.000000 1817.415405 0.000000 0.532366 0.000000 0.846514 0.367447 0.367447 0.367447
2219.881104 0.000000 1810.750977 0.000000 0.821144 0.000000 0.570720 0.420239 0.420239 0.420239
2223.634033 0.000000 1834.199341 0.000000 0.955083 0.000000 0.296339 0.461468 0.461468 0.461468
2232.141846 0.000000 1828.003296 0.000000 0.991085 0.000000 -0.133234 0.517281 0.517281 0.517281
2216.103760 0.000000 1827.801270 0.000000 0.680069 0.000000 0.733148 0.392755 0.392755 0.392755
2229.752930 0.000000 1830.311157 0.000000 0.136107 0.000000 0.990694 0.310938 0.310938 0.310938
2282.205811 0.000000 1821.085693 0.000000 0.979913 0.000000 -0.199424 0.526315 0.526315 0.526315
2276.111572 0.000000 1821.274780 0.000000 0.968665 0.000000 -0.248372 0.532710 0.532710 0.532710
2295.552246 0.000000 1821.249756 0.000000 0.306680 0.000000 0.951813 0.336230 0.336230 0.336230
2292.990479 0.000000 1823.699585 0.000000 0.389729 0.000000 -0.920929 0.653118 0.653118 0.653118
2331.058350 0.000000 1817.583008 0.000000 0.999705 0.000000 -0.024306 0.503119 0.503119 0.503119
2321.398926 0.000000 1818.672607 0.000000 0.742095 0.000000 -0.670295 0.596284 0.596284 0.596284
2319.343506 0.000000 1823.408691 0.000000 0.999196 0.000000 -0.040088 0.505186 0.505186 0.505186
2327.548340 0.000000 1821.249756 0.000000 0.969442 0.000000 -0.245320 0.531990 0.531990 0.531990
2334.895996 0.000000 1821.587402 0.000000 0.174848 0.000000 -0.984595 0.682847 0.682847 0.682847
2325.582764 0.000000 1817.278687 0.000000 0.027757 0.000000 0.999615 0.299682 0.299682 0.299682
2335.939941 0.000000 1816.662720 0.000000 0.451731 0.000000 -0.892154 0.642249 0.642249 0.642249
2366.892090 0.000000 1821.587402 0.000000 0.231742 0.000000 -0.972777 0.675230 0.675230 0.675230
2336.535400 0.000000 1823.476807 0.000000 0.999827 0.000000 0.018614 0.497565 0.497565 0.497565
2324.986572 0.000000 1823.699585 0.000000 0.836094 0.000000 -0.548587 0.574948 0.574948 0.574948
2333.077881 0.000000 1829.982544 0.000000 0.398790 0.000000 0.917042 0.347302 0.347302 0.347302
2330.717773 0.000000 1832.581055 0.000000 0.493568 0.000000 0.869707 0.360984 0.360984 0.360984
2346.197998 0.000000 1853.077881 0.000000 0.872264 0.000000 -0.489035 0.565315 0.565315 0.565315
2359.209961 0.000000 1833.257812 0.000000 0.140891 0.000000 -0.990025 0.688782 0.688782 0.688782
2344.807129 0.000000 1845.086304 0.000000 0.957788 0.000000 0.287476 0.461709 0.461709 0.461709
2364.993408 0.000000 1824.785645 0.000000 0.592660 0.000000 0.805452 0.377262 0.377262 0.377262
2358.590332 0.000000 1844.619385 0.000000 0.544143 0.000000 0.838993 0.369530 0.369530 0.369530
2349.552734 0.000000 1847.343750 0.000000 0.391705 0.000000 -0.920091 0.653421 0.653421 0.653421
2365.073975 0.000000 1829.982544 0.000000 0.237680 0.000000 0.971344 0.325903 0.325903 0.325903
2344.141113 0.000000 1841.241821 0.000000 0.874361 0.000000 0.485275 0.433970 0.433970 0.433970
2355.386230 0.000000 1832.995483 0.000000 0.288819 0.000000 0.957384 0.333158 0.333158 0.333158
2367.936035 0.000000 1816.662720 0.000000 0.996224 0.000000 0.086816 0.488628 0.488628 0.488628
2368.018555 0.000000 1810.620605 0.000000 0.877361 0.000000 0.479831 0.434905 0.434905 0.434905
2373.126465 0.000000 1838.177002 0.000000 0.862760 0.000000 -0.505613 0.568287 0.568287 0.568287
2367.942627 0.000000 1831.654053 0.000000 0.142349 0.000000 0.989816 0.314978 0.314978 0.314978
2371.834961 0.000000 1845.646362 0.000000 0.776222 0.000000 0.630460 0.410592 0.410592 0.410592
2743.163086 0.000000 1577.320312 0.000000 0.939757 0.000000 0.341842 0.453402 0.453402 0.453402
2737.348145 0.000000 1594.727295 0.000000 0.989208 0.000000 -0.146519 0.519274 0.519274 0.519274
2740.172607 0.000000 1582.275757 0.000000 0.999713 0.000000 0.023947 0.496849 0.496849 0.496849
2731.818604 0.000000 1586.805664 0.000000 0.869065 0.000000 -0.494698 0.567826 0.567826 0.567826
2779.003662 0.000000 1561.645508 0.000000 0.709456 0.000000 0.704750 0.399057 0.399057 0.399057
2767.288818 0.000000 1567.471191 0.000000 0.744150 0.000000 -0.668012 0.595881 0.595881 0.595881
2775.493652 0.000000 1565.312256 0.000000 0.995829 0.000000 0.091239 0.488048 0.488048 0.488048
2751.889160 0.000000 1592.717407 0.000000 0.850896 0.000000 0.525334 0.429024 0.429024 0.429024
2751.895752 0.000000 1575.716553 0.000000 0.544123 0.000000 -0.839005 0.633952 0.633952 0.633952
2780.942627 0.000000 1568.848145 0.000000 0.280432 0.000000 -0.959874 0.667984 0.667984 0.667984
2751.971680 0.000000 1586.675293 0.000000 0.669514 0.000000 0.742800 0.390891 0.390891 0.390891
2756.052979 0.000000 1597.329468 0.000000 0.290036 0.000000 0.957016 0.334917 0.334917 0.334917
2752.014404 0.000000 1581.101074 0.000000 0.784251 0.000000 -0.620444 0.588561 0.588561 0.588561
2752.484619 0.000000 1599.531494 0.000000 0.447730 0.000000 -0.894169 0.646694 0.646694 0.646694
2760.037354 0.000000 1571.863770 0.000000 0.353208 0.000000 0.935545 0.340829 0.340829 0.340829
2760.090332 0.000000 1585.304321 0.000000 0.452345 0.000000 -0.891843 0.644085 0.644085 0.644085
2752.854492 0.000000 1573.129517 0.000000 0.433154 0.000000 -0.901320 0.651370 0.651370 0.651370
2705.352051 0.000000 1626.719482 0.000000 0.280436 0.000000 -0.959873 0.668305 0.668305 0.668305
2717.528809 0.000000 1611.260132 0.000000 0.919529 0.000000 -0.393023 0.552739 0.552739 0.552739
2718.849121 0.000000 1629.634277 0.000000 0.846930 0.000000 0.531704 0.425402 0.425402 0.425402
2717.585938 0.000000 1621.226929 0.000000 0.437961 0.000000 -0.898994 0.650650 0.650650 0.650650
2743.163086 0.000000 1609.312500 0.000000 0.301788 0.000000 0.953375 0.330512 0.330512 0.330512
2736.134033 0.000000 1618.505615 0.000000 0.346045 0.000000 0.938218 0.342863 0.342863 0.342863
2719.899658 0.000000 1607.708740 0.000000 0.142965 0.000000 0.989728 0.316484 0.316484 0.316484
2735.571533 0.000000 1610.254028 0.000000 0.246046 0.000000 0.969258 0.322080 0.322080 0.322080
2726.759766 0.000000 1607.726074 0.000000 0.999654 0.000000 0.026310 0.496545 0.496545 0.496545
2738.697021 0.000000 1605.275269 0.000000 0.970495 0.000000 0.241120 0.467778 0.467778 0.467778
2740.172607 0.000000 1614.267944 0.000000 0.789383 0.000000 0.613901 0.414355 0.414355 0.414355
2749.524902 0.000000 1611.260132 0.000000 0.501184 0.000000 -0.865341 0.634987 0.634987 0.634987
2723.791992 0.000000 1621.701050 0.000000 0.127877 0.000000 -0.991790 0.695198 0.695198 0.695198
2736.119385 0.000000 1601.087769 0.000000 0.082480 0.000000 -0.996593 0.693573 0.693573 0.693573
2720.488525 0.000000 1631.523682 0.000000 0.990479 0.000000 -0.137663 0.517963 0.517963 0.517963
2728.608154 0.000000 1611.914062 0.000000 0.865207 0.000000 -0.501415 0.569891 0.569891 0.569891
2739.339355 0.000000 1609.050171 0.000000 0.969867 0.000000 0.243637 0.466820 0.466820 0.466820
2723.085205 0.000000 1625.855469 0.000000 0.536530 0.000000 -0.843881 0.633662 0.633662 0.633662
2741.006104 0.000000 1611.417236 0.000000 0.990554 0.000000 0.137123 0.481662 0.481662 0.481662
2722.332764 0.000000 1619.619507 0.000000 0.440224 0.000000 0.897888 0.348855 0.348855 0.348855
2699.934082 0.000000 1635.382324 0.000000 0.898340 0.000000 -0.439301 0.558932 0.558932 0.558932
2704.137939 0.000000 1650.497803 0.000000 0.870791 0.000000 -0.491654 0.566854 0.566854 0.566854
2696.764160 0.000000 1653.133179 0.000000 0.936682 0.000000 -0.350182 0.546535 0.546535 0.546535
2694.763672 0.000000 1639.718262 0.000000 0.956883 0.000000 -0.290475 0.537820 0.537820 0.537820
2706.700928 0.000000 1637.267456 0.000000 0.548612 0.000000 0.836077 0.367263 0.367263 0.367263
2708.176514 0.000000 1646.260132 0.000000 0.990973 0.000000 0.134062 0.482577 0.482577 0.482577
2709.535889 0.000000 1657.317749 0.000000 0.615781 0.000000 -0.787917 0.618934 0.618934 0.618934
2702.477783 0.000000 1638.413818 0.000000 0.360464 0.000000 0.932773 0.338550 0.338550 0.338550
2700.562500 0.000000 1643.867188 0.000000 0.773163 0.000000 -0.634208 0.590728 0.590728 0.590728
2751.895752 0.000000 1607.708740 0.000000 0.392104 0.000000 0.919921 0.345470 0.345470 0.345470
2758.755859 0.000000 1607.726074 0.000000 0.664932 0.000000 0.746904 0.390931 0.390931 0.390931
2758.124756 0.000000 1599.906128 0.000000 0.982948 0.000000 -0.183884 0.523870 0.523870 0.523870
2651.828369 0.000000 1712.834106 0.000000 0.621623 0.000000 0.783316 0.383838 0.383838 0.383838
2647.509277 0.000000 1725.273193 0.000000 0.405479 0.000000 0.914105 0.348839 0.348839 0.348839
2672.141846 0.000000 1714.482178 0.000000 0.072350 0.000000 -0.997379 0.695643 0.695643 0.695643
2673.355957 0.000000 1722.696045 0.000000 0.997018 0.000000 -0.077171 0.510028 0.510028 0.510028
2669.513672 0.000000 1719.375000 0.000000 0.531684 0.000000 0.846943 0.367593 0.367593 0.367593
2644.947510 0.000000 1727.723022 0.000000 0.968792 0.000000 -0.247873 0.532768 0.532768 0.532768
2642.708740 0.000000 1733.244019 0.000000 0.997261 0.000000 0.073968 0.490296 0.490296 0.490296
2653.536621 0.000000 1739.228882 0.000000 0.553291 0.000000 0.832988 0.372931 0.372931 0.372931
2648.091064 0.000000 1732.026733 0.000000 0.299413 0.000000 0.954124 0.336503 0.336503 0.336503
2649.056641 0.000000 1727.644287 0.000000 0.027652 0.000000 -0.999618 0.701487 0.701487 0.701487
2662.767578 0.000000 1735.694824 0.000000 0.483264 0.000000 -0.875475 0.637378 0.637378 0.637378
2868.920166 0.000000 1535.769897 0.000000 0.032314 0.000000 -0.999478 0.697037 0.697037 0.697037
2876.930908 0.000000 1536.855957 0.000000 0.535255 0.000000 -0.844691 0.629593 0.629593 0.629593
2886.109131 0.000000 1535.921753 0.000000 0.396327 0.000000 0.918109 0.348111 0.348111 0.348111
3077.040527 0.000000 1422.278564 0.000000 0.018627 0.000000 0.999826 0.298884 0.298884 0.298884
3089.305176 0.000000 1434.766357 0.000000 0.019493 0.000000 0.999810 0.299771 0.299771 0.299771
3085.462891 0.000000 1431.445312 0.000000 0.147792 0.000000 0.989018 0.313915 0.313915 0.313915
3071.975342 0.000000 1421.140137 0.000000 0.918542 0.000000 0.395324 0.447441 0.447441 0.447441
3078.085693 0.000000 1439.945190 0.000000 0.289182 0.000000 0.957274 0.335440 0.335440 0.335440
1983.707275 0.000000 2788.385498 0.000000 0.938208 0.000000 0.346072 0.450683 0.450683 0.450683
1988.556152 0.000000 2775.629150 0.000000 0.996950 0.000000 0.078038 0.489001 0.489001 0.489001
1989.549927 0.000000 2773.277100 0.000000 0.873990 0.000000 0.485944 0.573781 0.573781 0.573781
1964.652344 0.000000 2827.578125 0.000000 0.177958 0.000000 -0.984038 0.683475 0.683475 0.683475
1966.768799 0.000000 2827.951172 0.000000 0.992496 0.000000 0.122274 0.482220 0.482220 0.482220
6023.477051 0.000000 1833.508667 0.000000 0.875377 0.000000 -0.483441 1.026346 1.026346 1.026346
7090.853516 0.000000 350.482910 0.000000 0.960186 0.000000 0.279362 0.804617 0.804617 0.804617
7076.469238 0.000000 346.705688 0.000000 0.037994 0.000000 -0.999278 1.315773 1.315773 1.315773
7091.571289 0.000000 346.374939 0.000000 0.709534 0.000000 0.704672 0.664203 0.664203 0.664203
7075.525879 0.000000 381.626343 0.000000 0.842627 0.000000 0.538498 0.724246 0.724246 0.724246
7065.177734 0.000000 388.671173 0.000000 0.942212 0.000000 0.335018 0.788151 0.788151 0.788151
7066.030273 0.000000 386.224304 0.000000 0.344578 0.000000 -0.938758 1.227447 1.227447 1.227447
7068.662109 0.000000 389.227997 0.000000 0.283755 0.000000 -0.958897 1.245485 1.245485 1.245485
7070.921875 0.000000 395.280151 0.000000 0.661602 0.000000 -0.749856 1.122970 1.122970 1.122970
7071.612305 0.000000 394.708191 0.000000 0.500492 0.000000 -0.865741 1.178925 1.178925 1.178925
7073.844238 0.000000 392.263000 0.000000 0.748431 0.000000 -0.663212 1.088420 1.088420 1.088420
7073.194336 0.000000 393.920135 0.000000 0.918018 0.000000 -0.396540 0.999088 0.999088 0.999088
7075.192383 0.000000 391.631287 0.000000 0.347310 0.000000 -0.937750 1.226627 1.226627 1.226627
7072.021973 0.000000 393.213684 0.000000 0.837180 0.000000 -0.546927 1.047207 1.047207 1.047207
7074.884277 0.000000 393.239258 0.000000 0.714830 0.000000 0.699298 0.666327 0.666327 0.666327
7093.674805 0.000000 400.305786 0.000000 0.286271 0.000000 0.958149 0.523881 0.523881 0.523881
7075.587402 0.000000 390.693878 0.000000 0.634882 0.000000 0.772609 0.635778 0.635778 0.635778
7075.738770 0.000000 393.565216 0.000000 0.894563 0.000000 -0.446942 1.014739 1.014739 1.014739
7052.978516 0.000000 471.679626 0.000000 0.846181 0.000000 -0.532895 1.042514 1.042514 1.042514
7053.175781 0.000000 476.325317 0.000000 0.971865 0.000000 0.235537 0.817385 0.817385 0.817385
7043.939453 0.000000 472.191559 0.000000 0.743451 0.000000 -0.668790 1.090525 1.090525 1.090525
7062.037598 0.000000 472.113861 0.000000 0.243640 0.000000 0.969866 0.511435 0.511435 0.511435
7051.541504 0.000000 464.885223 0.000000 0.835043 0.000000 -0.550184 1.048303 1.048303 1.048303
7050.277344 0.000000 479.353760 0.000000 0.891788 0.000000 0.452453 0.752152 0.752152 0.752152
7053.530273 0.000000 470.268585 0.000000 0.785012 0.000000 -0.619480 1.072369 1.072369 1.072369
7053.055664 0.000000 477.738770 0.000000 0.980474 0.000000 0.196650 0.828597 0.828597 0.828597
7052.076172 0.000000 476.275513 0.000000 0.734796 0.000000 -0.678288 1.094142 1.094142 1.094142
7043.678711 0.000000 470.919495 0.000000 0.981195 0.000000 -0.193019 0.938989 0.938989 0.938989
7042.340820 0.000000 470.267365 0.000000 0.144146 0.000000 -0.989556 1.285754 1.285754 1.285754
7044.431641 0.000000 472.958344 0.000000 0.486362 0.000000 0.873758 0.585129 0.585129 0.585129
7054.935547 0.000000 468.667694 0.000000 0.481178 0.000000 -0.876623 1.185165 1.185165 1.185165
7047.988281 0.000000 481.503296 0.000000 0.532987 0.000000 0.846124 0.600388 0.600388 0.600388
7073.801758 0.000000 659.853943 0.000000 0.441128 0.000000 -0.897444 1.197873 1.197873 1.197873
7072.413574 0.000000 659.952637 0.000000 0.837598 0.000000 0.546287 0.721636 0.721636 0.721636
7072.173828 0.000000 665.637939 0.000000 0.817138 0.000000 -0.576442 1.057250 1.057250 1.057250
7072.181641 0.000000 658.295471 0.000000 0.633330 0.000000 -0.773882 1.133414 1.133414 1.133414
7143.350586 0.000000 646.258789 0.000000 0.701467 0.000000 -0.712702 1.107628 1.107628 1.107628
7153.607910 0.000000 647.287354 0.000000 0.807420 0.000000 0.589977 0.706688 0.706688 0.706688
7152.193359 0.000000 918.981323 0.000000 0.845584 0.000000 -0.533842 1.042829 1.042829 1.042829
7150.788086 0.000000 915.671204 0.000000 0.701221 0.000000 0.712944 0.660902 0.660902 0.660902
7153.143066 0.000000 919.310242 0.000000 0.543224 0.000000 -0.839588 1.164821 1.164821 1.164821
7150.503418 0.000000 914.748352 0.000000 0.838147 0.000000 -0.545444 1.046708 1.046708 1.046708
7152.849609 0.000000 918.347229 0.000000 0.867447 0.000000 0.497530 0.737730 0.737730 0.737730
7125.332520 0.000000 945.491211 0.000000 0.185240 0.000000 0.982693 0.494602 0.494602 0.494602
7124.168457 0.000000 945.819641 0.000000 0.589356 0.000000 0.807873 0.619567 0.619567 0.619567
7128.878418 0.000000 952.006042 0.000000 0.748895 0.000000 0.662688 0.680405 0.680405 0.680405
7132.812012 0.000000 943.922241 0.000000 0.305525 0.000000 0.952184 0.529555 0.529555 0.529555
7130.696777 0.000000 950.030457 0.000000 0.922392 0.000000 0.386255 0.772685 0.772685 0.772685
7127.893555 0.000000 953.559937 0.000000 0.743866 0.000000 -0.668329 1.090350 1.090350 1.090350
7161.298828 0.000000 1018.857239 0.000000 0.667542 0.000000 0.744572 0.647896 0.647896 0.647896
7161.899414 0.000000 1020.713379 0.000000 0.018914 0.000000 -0.999821 1.321146 1.321146 1.321146
7160.548340 0.000000 1018.177795 0.000000 0.068916 0.000000 -0.997622 1.307056 1.307056 1.307056
7285.029785 0.000000 500.333008 0.000000 0.743006 0.000000 -0.669285 1.090712 1.090712 1.090712
7445.672363 0.000000 382.031525 0.000000 0.502961 0.000000 0.864309 0.590506 0.590506 0.590506
7509.614258 0.000000 379.727661 0.000000 0.246812 0.000000 0.969063 0.512356 0.512356 0.512356
7511.846680 0.000000 377.700562 0.000000 0.239240 0.000000 -0.970960 1.258469 1.258469 1.258469
7449.020020 0.000000 395.293121 0.000000 0.075573 0.000000 0.997140 0.463450 0.463450 0.463450
7449.983398 0.000000 386.224304 0.000000 0.393690 0.000000 0.919243 0.556058 0.556058 0.556058
7442.385742 0.000000 392.213806 0.000000 0.999782 0.000000 -0.020890 0.890194 0.890194 0.890194
7443.515625 0.000000 392.474548 0.000000 0.942707 0.000000 0.333621 0.788569 0.788569 0.788569
7446.669922 0.000000 388.949432 0.000000 0.173611 0.000000 -0.984814 1.277353 1.277353 1.277353
7438.729492 0.000000 384.871399 0.000000 0.922865 0.000000 0.385124 0.773031 0.773031 0.773031
7472.261719 0.000000 401.815033 0.000000 0.452022 0.000000 0.892007 0.574182 0.574182 0.574182
7467.780762 0.000000 417.661652 0.000000 0.141326 0.000000 -0.989963 1.286556 1.286556 1.286556
7473.568359 0.000000 419.597565 0.000000 0.507276 0.000000 0.861784 0.591913 0.591913 0.591913
7473.015625 0.000000 416.064514 0.000000 0.869752 0.000000 -0.493489 1.029588 1.029588 1.029588
7470.671875 0.000000 424.526703 0.000000 0.996351 0.000000 -0.085351 0.908368 0.908368 0.908368
7466.177246 0.000000 417.912842 0.000000 0.841950 0.000000 0.539555 0.723893 0.723893 0.723893
7470.114746 0.000000 425.747345 0.000000 0.027876 0.000000 0.999611 0.450004 0.450004 0.450004
7466.904297 0.000000 416.939758 0.000000 0.737890 0.000000 0.674921 0.675773 0.675773 0.675773
7476.745117 0.000000 421.530121 0.000000 0.621732 0.000000 -0.783230 1.137607 1.137607 1.137607
7468.393555 0.000000 422.936676 0.000000 0.665247 0.000000 0.746623 0.647029 0.647029 0.647029
7477.838379 0.000000 421.947113 0.000000 0.534393 0.000000 0.845236 0.600856 0.600856 0.600856
7469.299805 0.000000 419.708618 0.000000 0.811242 0.000000 0.584710 0.708520 0.708520 0.708520
7501.088867 0.000000 393.144775 0.000000 0.999491 0.000000 -0.031902 0.893295 0.893295 0.893295
7511.748535 0.000000 385.108765 0.000000 0.227123 0.000000 -0.973866 1.261976 1.261976 1.261976
7510.667969 0.000000 384.706909 0.000000 0.996874 0.000000 0.079012 0.862050 0.862050 0.862050
7526.750977 0.000000 510.559113 0.000000 0.743424 0.000000 -0.668821 1.090536 1.090536 1.090536
7538.961914 0.000000 503.706177 0.000000 0.974141 0.000000 0.225940 0.820161 0.820161 0.820161
7539.236328 0.000000 502.334778 0.000000 0.043321 0.000000 0.999061 0.454355 0.454355 0.454355
7527.703125 0.000000 511.356018 0.000000 0.902143 0.000000 0.431438 0.758747 0.758747 0.758747
7526.045898 0.000000 511.447510 0.000000 0.940068 0.000000 0.340987 0.786366 0.786366 0.786366
7535.708008 0.000000 507.233276 0.000000 0.501509 0.000000 -0.865152 1.178594 1.178594 1.178594
7626.207031 0.000000 511.345947 0.000000 0.785314 0.000000 0.619097 0.696396 0.696396 0.696396
7622.663574 0.000000 507.206329 0.000000 0.551712 0.000000 0.834035 0.606662 0.606662 0.606662
7621.562988 0.000000 506.710815 0.000000 0.991362 0.000000 0.131153 0.847289 0.847289 0.847289
7623.194824 0.000000 506.267365 0.000000 0.845295 0.000000 0.534301 0.725646 0.725646 0.725646
7270.504883 0.000000 515.613770 0.000000 0.252837 0.000000 0.967509 0.514108 0.514108 0.514108
7381.977539 0.000000 564.931885 0.000000 0.970354 0.000000 -0.241687 0.953026 0.953026 0.953026
7381.008789 0.000000 575.147034 0.000000 0.745219 0.000000 -0.666819 1.089779 1.089779 1.089779
7390.335938 0.000000 557.529663 0.000000 0.999504 0.000000 0.031484 0.875450 0.875450 0.875450
7375.066895 0.000000 572.061401 0.000000 0.916320 0.000000 -0.400446 1.000287 1.000287 1.000287
7386.003418 0.000000 556.731934 0.000000 0.900385 0.000000 0.435095 0.757605 0.757605 0.757605
7388.140137 0.000000 564.691223 0.000000 0.193638 0.000000 0.981073 0.497010 0.497010 0.497010
7380.122559 0.000000 574.389282 0.000000 0.500943 0.000000 -0.865480 1.178779 1.178779 1.178779
7381.018066 0.000000 564.317383 0.000000 0.020374 0.000000 -0.999792 1.320735 1.320735 1.320735
7375.221191 0.000000 573.256897 0.000000 0.898201 0.000000 0.439586 0.756199 0.756199 0.756199
7384.520996 0.000000 570.287170 0.000000 0.490474 0.000000 0.871456 0.586456 0.586456 0.586456
7385.541504 0.000000 571.947815 0.000000 0.968626 0.000000 0.248521 0.813618 0.813618 0.813618
7377.175293 0.000000 573.286499 0.000000 0.246092 0.000000 0.969247 0.512147 0.512147 0.512147
7391.448242 0.000000 557.351135 0.000000 0.980035 0.000000 -0.198826 0.940656 0.940656 0.940656
7396.640625 0.000000 567.087158 0.000000 0.750729 0.000000 0.660610 0.681185 0.681185 0.681185
7392.897461 0.000000 566.667358 0.000000 0.443877 0.000000 0.896088 0.571618 0.571618 0.571618
7340.247559 0.000000 623.613281 0.000000 0.973173 0.000000 0.230072 0.818966 0.818966 0.818966
7343.598145 0.000000 623.527527 0.000000 0.443781 0.000000 -0.896135 1.197040 1.197040 1.197040
7349.091797 0.000000 622.279724 0.000000 0.678217 0.000000 0.734862 0.651958 0.651958 0.651958
7341.226074 0.000000 623.318848 0.000000 0.537667 0.000000 0.843157 0.601947 0.601947 0.601947
7391.047363 0.000000 580.924561 0.000000 0.999727 0.000000 -0.023370 0.890893 0.890893 0.890893
7388.858398 0.000000 575.925720 0.000000 0.741867 0.000000 -0.670547 1.091191 1.091191 1.091191
7390.539551 0.000000 581.751404 0.000000 0.805741 0.000000 -0.592268 1.062739 1.062739 1.062739
7394.496582 0.000000 577.947205 0.000000 0.655692 0.000000 -0.755029 1.125181 1.125181 1.125181
7395.023438 0.000000 576.977722 0.000000 0.981025 0.000000 0.193881 0.829391 0.829391 0.829391
7453.122559 0.000000 573.987610 0.000000 0.291848 0.000000 -0.956465 1.243106 1.243106 1.243106
7464.182129 0.000000 565.398865 0.000000 0.243066 0.000000 0.970010 0.511269 0.511269 0.511269
7470.714844 0.000000 575.713318 0.000000 0.485218 0.000000 -0.874393 1.183867 1.183867 1.183867
7455.542969 0.000000 567.342285 0.000000 0.671161 0.000000 -0.741311 1.119361 1.119361 1.119361
7466.226562 0.000000 575.330322 0.000000 0.337040 0.000000 0.941490 0.538924 0.538924 0.538924
7469.004883 0.000000 573.715332 0.000000 0.717516 0.000000 0.696542 0.667410 0.667410 0.667410
7465.358398 0.000000 565.620544 0.000000 0.435677 0.000000 0.900103 0.569048 0.569048 0.569048
7470.123535 0.000000 572.745728 0.000000 0.982056 0.000000 -0.188591 0.937719 0.937719 0.937719
7459.698730 0.000000 563.159912 0.000000 0.126051 0.000000 -0.992024 1.290895 1.290895 1.290895
7469.100586 0.000000 571.297729 0.000000 0.954728 0.000000 -0.297480 0.969337 0.969337 0.969337
7541.958008 0.000000 532.939697 0.000000 0.869174 0.000000 0.494507 0.738710 0.738710 0.738710
7536.250488 0.000000 520.073303 0.000000 0.582236 0.000000 -0.813020 1.151534 1.151534 1.151534
7527.383789 0.000000 511.921936 0.000000 0.655743 0.000000 -0.754984 1.125162 1.125162 1.125162
7548.948730 0.000000 519.796448 0.000000 0.251383 0.000000 0.967888 0.513685 0.513685 0.513685
7540.784180 0.000000 533.715759 0.000000 0.138917 0.000000 0.990304 0.481387 0.481387 0.481387
7542.287109 0.000000 531.679749 0.000000 0.999536 0.000000 -0.030458 0.892889 0.892889 0.892889
7542.354492 0.000000 530.464111 0.000000 0.954851 0.000000 -0.297085 0.969221 0.969221 0.969221
7543.256836 0.000000 526.621765 0.000000 0.441570 0.000000 -0.897227 1.197734 1.197734 1.197734
7528.403320 0.000000 526.671082 0.000000 0.675552 0.000000 -0.737312 1.117689 1.117689 1.117689
7542.400879 0.000000 527.760437 0.000000 0.813739 0.000000 -0.581230 1.058902 1.058902 1.058902
7548.157715 0.000000 519.201721 0.000000 0.341179 0.000000 0.939998 0.540162 0.540162 0.540162
7452.174316 0.000000 584.487427 0.000000 0.247150 0.000000 0.968977 0.512455 0.512455 0.512455
7466.138184 0.000000 575.960571 0.000000 0.991012 0.000000 0.133776 0.846545 0.846545 0.846545
7470.901367 0.000000 575.892578 0.000000 0.982391 0.000000 0.186835 0.831412 0.831412 0.831412
7458.837402 0.000000 585.192383 0.000000 0.536228 0.000000 0.844073 0.601467 0.601467 0.601467
7461.948242 0.000000 582.728027 0.000000 0.074283 0.000000 0.997237 0.463086 0.463086 0.463086
7460.080566 0.000000 581.887146 0.000000 0.940768 0.000000 0.339050 0.786946 0.786946 0.786946
7461.265137 0.000000 588.303223 0.000000 0.745489 0.000000 -0.666518 1.089666 1.089666 1.089666
7458.164062 0.000000 585.862793 0.000000 0.996047 0.000000 0.088827 0.859277 0.859277 0.859277
7459.514160 0.000000 579.784973 0.000000 0.999803 0.000000 0.019872 0.878720 0.878720 0.878720
7514.425781 0.000000 601.879944 0.000000 0.487240 0.000000 0.873268 0.585413 0.585413 0.585413
7551.385742 0.000000 530.933044 0.000000 0.952875 0.000000 -0.303364 0.971074 0.971074 0.971074
7622.079102 0.000000 514.544189 0.000000 0.578611 0.000000 0.815603 0.615841 0.615841 0.615841
7627.501465 0.000000 511.953644 0.000000 0.489918 0.000000 0.871769 0.586276 0.586276 0.586276
7616.886230 0.000000 516.131531 0.000000 0.295039 0.000000 0.955485 0.526461 0.526461 0.526461
7632.193359 0.000000 523.340149 0.000000 0.996798 0.000000 -0.079956 0.906844 0.906844 0.906844
7622.461914 0.000000 515.613770 0.000000 0.996987 0.000000 0.077567 0.862458 0.862458 0.862458
7630.235840 0.000000 519.598572 0.000000 0.667428 0.000000 -0.744675 1.120775 1.120775 1.120775
7644.349121 0.000000 705.059143 0.000000 0.981990 0.000000 -0.188935 0.937818 0.937818 0.937818
7645.609375 0.000000 705.387268 0.000000 0.579178 0.000000 -0.815201 1.152591 1.152591 1.152591
7646.373535 0.000000 711.729675 0.000000 0.996473 0.000000 -0.083910 0.907961 0.907961 0.907961
7647.541992 0.000000 714.630066 0.000000 0.863767 0.000000 -0.503892 1.032966 1.032966 1.032966
7652.058594 0.000000 712.652527 0.000000 0.841307 0.000000 -0.540558 1.045071 1.045071 1.045071
7648.633789 0.000000 718.435852 0.000000 0.939054 0.000000 0.343771 0.785532 0.785532 0.785532
7648.087891 0.000000 719.525635 0.000000 0.091931 0.000000 0.995765 0.468071 0.468071 0.468071
7250.874023 0.000000 943.866943 0.000000 0.839879 0.000000 0.542774 0.722815 0.722815 0.722815
7251.539062 0.000000 936.341736 0.000000 0.983976 0.000000 -0.178301 0.934773 0.934773 0.934773
7250.821777 0.000000 942.839905 0.000000 0.291813 0.000000 0.956475 0.525511 0.525511 0.525511
7513.525879 0.000000 795.893127 0.000000 0.028042 0.000000 0.999607 0.450051 0.450051 0.450051
7535.500000 0.000000 792.522583 0.000000 0.991334 0.000000 0.131369 0.847228 0.847228 0.847228
7529.721680 0.000000 785.242126 0.000000 0.440821 0.000000 0.897595 0.570659 0.570659 0.570659
7528.940430 0.000000 790.682983 0.000000 0.080360 0.000000 -0.996766 1.303826 1.303826 1.303826
7534.004395 0.000000 792.532959 0.000000 0.869951 0.000000 -0.493139 1.029474 1.029474 1.029474
7523.797363 0.000000 798.620728 0.000000 0.132117 0.000000 -0.991234 1.289173 1.289173 1.289173
7536.794922 0.000000 798.835449 0.000000 0.984408 0.000000 0.175902 0.834541 0.834541 0.834541
7537.007812 0.000000 799.970764 0.000000 0.136383 0.000000 -0.990656 1.287961 1.287961 1.287961
7523.929688 0.000000 804.580750 0.000000 0.744841 0.000000 -0.667242 1.089939 1.089939 1.089939
7523.670410 0.000000 799.869324 0.000000 0.535987 0.000000 0.844226 0.601387 0.601387 0.601387
7641.240234 0.000000 794.911926 0.000000 0.995249 0.000000 -0.097365 0.911764 0.911764 0.911764
7640.150391 0.000000 795.552063 0.000000 0.786154 0.000000 -0.618031 1.071850 1.071850 1.071850
7700.319824 0.000000 784.592285 0.000000 0.633362 0.000000 -0.773856 1.133402 1.133402 1.133402
7707.663574 0.000000 787.552124 0.000000 0.999893 0.000000 0.014659 0.880187 0.880187 0.880187
7707.394043 0.000000 775.726135 0.000000 0.972875 0.000000 -0.231331 0.950026 0.950026 0.950026
7698.805176 0.000000 778.976440 0.000000 0.634885 0.000000 -0.772607 1.132848 1.132848 1.132848
7705.548340 0.000000 782.048523 0.000000 0.780046 0.000000 -0.625723 1.074615 1.074615 1.074615
7699.216797 0.000000 790.264465 0.000000 0.541968 0.000000 0.840399 0.603386 0.603386 0.603386
7701.262207 0.000000 785.530273 0.000000 0.782630 0.000000 -0.622487 1.073449 1.073449 1.073449
7709.055664 0.000000 778.224182 0.000000 0.359619 0.000000 0.933099 0.545704 0.545704 0.545704
7700.312988 0.000000 775.537292 0.000000 0.950891 0.000000 -0.309527 0.972896 0.972896 0.972896
7701.357910 0.000000 775.728149 0.000000 0.872144 0.000000 0.489250 0.740410 0.740410 0.740410
7714.608887 0.000000 791.060608 0.000000 0.665650 0.000000 0.746264 0.647181 0.647181 0.647181
6383.345703 0.000000 1382.938599 0.000000 0.085134 0.000000 0.996369 0.466150 0.466150 0.466150
6381.358887 0.000000 1383.604370 0.000000 0.625542 0.000000 0.780190 0.632392 0.632392 0.632392
6374.081055 0.000000 1382.532715 0.000000 0.814050 0.000000 0.580795 0.709876 0.709876 0.709876
6375.295898 0.000000 1383.361450 0.000000 0.995550 0.000000 -0.094233 0.910878 0.910878 0.910878
6380.526367 0.000000 1382.702271 0.000000 0.970324 0.000000 -0.241809 0.953061 0.953061 0.953061
6382.388184 0.000000 1383.387573 0.000000 0.666423 0.000000 -0.745574 1.121155 1.121155 1.121155
6166.858887 0.000000 1438.842529 0.000000 0.348110 0.000000 0.937454 0.542240 0.542240 0.542240
6159.697266 0.000000 1443.970337 0.000000 0.625813 0.000000 -0.779973 1.136137 1.136137 1.136137
6168.906250 0.000000 1442.036011 0.000000 0.245856 0.000000 -0.969306 1.256549 1.256549 1.256549
6159.141113 0.000000 1442.453613 0.000000 0.697683 0.000000 -0.716407 1.109119 1.109119 1.109119
6169.546387 0.000000 1443.114624 0.000000 0.145412 0.000000 0.989371 0.483234 0.483234 0.483234
6167.528320 0.000000 1439.818115 0.000000 0.941252 0.000000 0.337705 0.787348 0.787348 0.787348
6476.554199 0.000000 1329.906494 0.000000 0.894327 0.000000 0.447415 0.753740 0.753740 0.753740
6491.426758 0.000000 1327.856567 0.000000 0.304648 0.000000 0.952465 0.529296 0.529296 0.529296
6477.477539 0.000000 1329.417969 0.000000 0.891881 0.000000 -0.452271 1.016418 1.016418 1.016418
6566.498535 0.000000 1289.547607 0.000000 0.842131 0.000000 0.539272 0.723987 0.723987 0.723987
6564.563965 0.000000 1286.826660 0.000000 0.918900 0.000000 0.394491 0.770167 0.770167 0.770167
6567.556641 0.000000 1302.559448 0.000000 0.920366 0.000000 0.391058 0.771218 0.771218 0.771218
6566.738281 0.000000 1284.949341 0.000000 0.872514 0.000000 0.488589 0.740623 0.740623 0.740623
6571.645508 0.000000 1300.150635 0.000000 0.442394 0.000000 -0.896821 1.197475 1.197475 1.197475
6568.613770 0.000000 1296.603394 0.000000 0.187859 0.000000 -0.982196 1.273275 1.273275 1.273275
6579.621094 0.000000 1288.255737 0.000000 0.956190 0.000000 -0.292748 0.967943 0.967943 0.967943
6571.068848 0.000000 1301.684082 0.000000 0.995778 0.000000 -0.091790 0.910188 0.910188 0.910188
6569.449707 0.000000 1284.134888 0.000000 0.867412 0.000000 0.497591 0.737711 0.737711 0.737711
6571.753906 0.000000 1294.625610 0.000000 0.539031 0.000000 -0.842286 1.166225 1.166225 1.166225
6575.205566 0.000000 1285.961792 0.000000 0.980881 0.000000 0.194611 0.829182 0.829182 0.829182
6570.678223 0.000000 1294.114380 0.000000 0.844869 0.000000 0.534974 0.725422 0.725422 0.725422
6418.158203 0.000000 1438.979248 0.000000 0.982815 0.000000 0.184592 0.832054 0.832054 0.832054
6422.952148 0.000000 1445.828125 0.000000 0.989408 0.000000 0.145159 0.843309 0.843309 0.843309
6416.489258 0.000000 1442.440674 0.000000 0.865946 0.000000 -0.500138 1.031744 1.031744 1.031744
6415.341797 0.000000 1446.922974 0.000000 0.632776 0.000000 0.774335 0.635012 0.635012 0.635012
6418.562988 0.000000 1439.873535 0.000000 0.968312 0.000000 0.249743 0.813263 0.813263 0.813263
6430.722168 0.000000 1440.849731 0.000000 0.956151 0.000000 -0.292875 0.967980 0.967980 0.967980
6414.384277 0.000000 1447.371948 0.000000 0.535991 0.000000 -0.844224 1.167240 1.167240 1.167240
6728.012207 0.000000 1118.074341 0.000000 0.457811 0.000000 0.889050 0.576012 0.576012 0.576012
6731.580566 0.000000 1136.721191 0.000000 0.128998 0.000000 0.991645 0.478570 0.478570 0.478570
6735.948242 0.000000 1129.218994 0.000000 0.297184 0.000000 0.954820 0.527093 0.527093 0.527093
6730.954102 0.000000 1137.667480 0.000000 0.135218 0.000000 0.990816 0.480336 0.480336 0.480336
6735.045898 0.000000 1129.228638 0.000000 0.980607 0.000000 0.195983 0.828788 0.828788 0.828788
6685.642578 0.000000 1180.478516 0.000000 0.788064 0.000000 0.615593 0.697650 0.697650 0.697650
6697.762695 0.000000 1166.397461 0.000000 0.383611 0.000000 -0.923495 1.215649 1.215649 1.215649
6696.504883 0.000000 1166.514893 0.000000 0.710718 0.000000 -0.703477 1.103951 1.103951 1.103951
7038.412598 0.000000 1126.523926 0.000000 0.959839 0.000000 0.280551 0.804268 0.804268 0.804268
7038.447754 0.000000 1127.628174 0.000000 0.933188 0.000000 -0.359389 0.987792 0.987792 0.987792
7161.633301 0.000000 1031.286255 0.000000 0.629632 0.000000 -0.776893 1.134756 1.134756 1.134756
7165.667969 0.000000 1025.309082 0.000000 0.995922 0.000000 -0.090218 0.909744 0.909744 0.909744
7157.590820 0.000000 1035.716675 0.000000 0.939063 0.000000 0.343744 0.785540 0.785540 0.785540
7160.360352 0.000000 1027.453369 0.000000 0.843592 0.000000 -0.536984 1.043876 1.043876 1.043876
7120.845703 0.000000 1086.765137 0.000000 0.997502 0.000000 -0.070639 0.904214 0.904214 0.904214
7112.197266 0.000000 1084.135254 0.000000 0.133921 0.000000 0.990992 0.479967 0.479967 0.479967
7111.980469 0.000000 1089.354858 0.000000 0.404628 0.000000 -0.914482 1.209212 1.209212 1.209212
7115.823730 0.000000 1089.497559 0.000000 0.920619 0.000000 0.390462 0.771400 0.771400 0.771400
7114.947266 0.000000 1088.775635 0.000000 0.294689 0.000000 -0.955593 1.242270 1.242270 1.242270
7126.906250 0.000000 1096.437134 0.000000 0.955584 0.000000 0.294718 0.800104 0.800104 0.800104
7126.714844 0.000000 1088.535034 0.000000 0.997487 0.000000 -0.070847 0.904273 0.904273 0.904273
7088.495605 0.000000 1273.470459 0.000000 0.634266 0.000000 0.773115 0.635554 0.635554 0.635554
7081.149414 0.000000 1276.073975 0.000000 0.843744 0.000000 0.536746 0.724831 0.724831 0.724831
7160.734863 0.000000 1241.118896 0.000000 0.670458 0.000000 -0.741948 1.119628 1.119628 1.119628
7154.257324 0.000000 1237.156006 0.000000 0.132821 0.000000 -0.991140 1.288973 1.288973 1.288973
7161.500488 0.000000 1241.821777 0.000000 0.783727 0.000000 -0.621106 1.072952 1.072952 1.072952
7162.244141 0.000000 1253.945068 0.000000 0.984037 0.000000 0.177966 0.833951 0.833951 0.833951
7159.218262 0.000000 1254.744995 0.000000 0.087019 0.000000 -0.996207 1.301945 1.301945 1.301945
6666.274902 0.000000 1313.694092 0.000000 0.397583 0.000000 0.917566 0.557251 0.557251 0.557251
6668.329590 0.000000 1327.441406 0.000000 0.701896 0.000000 -0.712279 1.107459 1.107459 1.107459
6673.509277 0.000000 1320.748169 0.000000 0.942127 0.000000 -0.335255 0.980547 0.980547 0.980547
6665.393066 0.000000 1320.473633 0.000000 0.194693 0.000000 -0.980864 1.271315 1.271315 1.271315
6668.354980 0.000000 1314.613037 0.000000 0.969928 0.000000 0.243391 0.815108 0.815108 0.815108
6667.850586 0.000000 1316.608521 0.000000 0.805388 0.000000 -0.592748 1.062907 1.062907 1.062907
6666.013184 0.000000 1327.915405 0.000000 0.740516 0.000000 0.672039 0.676871 0.676871 0.676871
6667.001953 0.000000 1312.720947 0.000000 0.999782 0.000000 0.020887 0.878434 0.878434 0.878434
6672.631348 0.000000 1318.867798 0.000000 0.399881 0.000000 -0.916567 1.210671 1.210671 1.210671
6667.099121 0.000000 1317.156860 0.000000 0.238888 0.000000 0.971047 0.510057 0.510057 0.510057
6666.666504 0.000000 1326.106567 0.000000 0.989465 0.000000 0.144773 0.843419 0.843419 0.843419
6706.570801 0.000000 1464.925415 0.000000 0.891188 0.000000 -0.453635 1.016849 1.016849 1.016849
6714.085449 0.000000 1452.513184 0.000000 0.401176 0.000000 -0.916001 1.210273 1.210273 1.210273
6718.779785 0.000000 1454.516357 0.000000 0.671148 0.000000 0.741324 0.649262 0.649262 0.649262
6716.222168 0.000000 1460.472412 0.000000 0.937769 0.000000 -0.347260 0.984142 0.984142 0.984142
6714.522949 0.000000 1453.343018 0.000000 0.871686 0.000000 -0.490065 1.028481 1.028481 1.028481
6712.987793 0.000000 1461.333130 0.000000 0.704364 0.000000 -0.709839 1.106482 1.106482 1.106482
6720.122070 0.000000 1461.528076 0.000000 0.073966 0.000000 0.997261 0.462996 0.462996 0.462996
6719.192871 0.000000 1455.978516 0.000000 0.839096 0.000000 0.543983 0.722410 0.722410 0.722410
6726.772949 0.000000 1466.971924 0.000000 0.290660 0.000000 -0.956826 1.243456 1.243456 1.243456
6719.258301 0.000000 1454.500977 0.000000 0.839653 0.000000 -0.543123 1.045930 1.045930 1.045930
6711.579590 0.000000 1474.586792 0.000000 0.125940 0.000000 0.992038 0.477702 0.477702 0.477702
6706.674316 0.000000 1476.053955 0.000000 0.840924 0.000000 -0.541153 1.045270 1.045270 1.045270
6714.178223 0.000000 1483.415405 0.000000 0.921859 0.000000 0.387525 0.772298 0.772298 0.772298
6703.693359 0.000000 1477.039307 0.000000 0.996500 0.000000 0.083590 0.860757 0.860757 0.860757
6703.189941 0.000000 1477.914917 0.000000 0.627571 0.000000 -0.778560 1.135503 1.135503 1.135503
6707.133301 0.000000 1477.582153 0.000000 0.587565 0.000000 0.809177 0.618943 0.618943 0.618943
6719.243652 0.000000 1472.208862 0.000000 0.096426 0.000000 0.995340 0.469342 0.469342 0.469342
6722.578613 0.000000 1505.720581 0.000000 0.191692 0.000000 -0.981455 1.272176 1.272176 1.272176
6723.613281 0.000000 1505.875977 0.000000 0.999540 0.000000 0.030313 0.875780 0.875780 0.875780
6752.458496 0.000000 1527.991455 0.000000 0.359034 0.000000 0.933324 0.545528 0.545528 0.545528
6759.714844 0.000000 1528.599365 0.000000 0.288324 0.000000 0.957533 0.524485 0.524485 0.524485
6876.084961 0.000000 1526.281738 0.000000 0.193133 0.000000 0.981173 0.496865 0.496865 0.496865
6905.533691 0.000000 1524.007568 0.000000 0.749695 0.000000 -0.661783 1.087883 1.087883 1.087883
6899.400391 0.000000 1531.559570 0.000000 0.675107 0.000000 0.737720 0.650769 0.650769 0.650769
6905.384766 0.000000 1522.065918 0.000000 0.997782 0.000000 0.066565 0.865563 0.865563 0.865563
6882.624023 0.000000 1528.473877 0.000000 0.232177 0.000000 0.972674 0.508113 0.508113 0.508113
6898.643066 0.000000 1521.096069 0.000000 0.996031 0.000000 -0.089009 0.909402 0.909402 0.909402
6888.790527 0.000000 1521.867432 0.000000 0.185378 0.000000 -0.982667 1.273986 1.273986 1.273986
6880.197266 0.000000 1529.427002 0.000000 0.250743 0.000000 -0.968054 1.255129 1.255129 1.255129
6884.846191 0.000000 1532.505493 0.000000 0.712787 0.000000 0.701380 0.665506 0.665506 0.665506
6881.418457 0.000000 1529.867554 0.000000 0.943664 0.000000 0.330905 0.789379 0.789379 0.789379
7100.226074 0.000000 1293.976929 0.000000 0.803482 0.000000 -0.595330 1.063810 1.063810 1.063810
7113.067871 0.000000 1299.188599 0.000000 0.197624 0.000000 0.980278 0.498154 0.498154 0.498154
7109.410645 0.000000 1298.248535 0.000000 0.308931 0.000000 0.951085 0.530563 0.530563 0.530563
7105.687012 0.000000 1301.394775 0.000000 0.076574 0.000000 -0.997064 1.304895 1.304895 1.304895
7110.508301 0.000000 1301.391357 0.000000 0.969877 0.000000 -0.243596 0.953580 0.953580 0.953580
7113.270996 0.000000 1300.311401 0.000000 0.669891 0.000000 0.742459 0.648785 0.648785 0.648785
7108.423828 0.000000 1304.755249 0.000000 0.591331 0.000000 -0.806429 1.148372 1.148372 1.148372
7118.927734 0.000000 1300.464600 0.000000 0.675345 0.000000 -0.737502 1.117768 1.117768 1.117768
7148.472168 0.000000 1297.914307 0.000000 0.941976 0.000000 0.335681 0.787953 0.787953 0.787953
7148.270996 0.000000 1295.449219 0.000000 0.279606 0.000000 -0.960115 1.246702 1.246702 1.246702
7151.897461 0.000000 1289.179932 0.000000 0.716085 0.000000 0.698013 0.666833 0.666833 0.666833
7154.736816 0.000000 1299.661377 0.000000 0.872125 0.000000 -0.489284 1.028229 1.028229 1.028229
7156.379395 0.000000 1287.412354 0.000000 0.194552 0.000000 0.980892 0.497272 0.497272 0.497272
7150.153809 0.000000 1289.536377 0.000000 0.783800 0.000000 -0.621013 1.072919 1.072919 1.072919
7149.249512 0.000000 1295.154785 0.000000 0.968434 0.000000 0.249271 0.813400 0.813400 0.813400
7148.477051 0.000000 1296.837769 0.000000 0.673902 0.000000 -0.738821 1.118318 1.118318 1.118318
7161.568848 0.000000 1307.768066 0.000000 0.583293 0.000000 -0.812262 1.151168 1.151168 1.151168
7157.440430 0.000000 1388.987549 0.000000 0.878712 0.000000 0.477352 0.744236 0.744236 0.744236
7158.574219 0.000000 1383.494995 0.000000 0.492718 0.000000 0.870189 0.587181 0.587181 0.587181
7157.162109 0.000000 1386.051147 0.000000 0.983074 0.000000 -0.183209 0.936178 0.936178 0.936178
6513.586914 0.000000 1715.894531 0.000000 0.297700 0.000000 -0.954659 1.241382 1.241382 1.241382
6516.464355 0.000000 1712.365723 0.000000 0.500297 0.000000 -0.865854 1.178989 1.178989 1.178989
6512.086426 0.000000 1715.908569 0.000000 0.738631 0.000000 0.674110 0.676082 0.676082 0.676082
6512.765137 0.000000 1714.906250 0.000000 0.097195 0.000000 0.995265 0.469559 0.469559 0.469559
6523.903809 0.000000 1731.049805 0.000000 0.141905 0.000000 0.989880 0.482236 0.482236 0.482236
6572.712891 0.000000 1705.735229 0.000000 0.506643 0.000000 0.862156 0.591707 0.591707 0.591707
6572.500488 0.000000 1704.222900 0.000000 0.043293 0.000000 0.999062 0.454347 0.454347 0.454347
6568.560059 0.000000 2019.446045 0.000000 0.967312 0.000000 -0.253589 0.956483 0.956483 0.956483
6709.169922 0.000000 1550.053223 0.000000 0.497689 0.000000 0.867356 0.588792 0.588792 0.588792
6728.386230 0.000000 1559.791138 0.000000 0.844338 0.000000 0.535811 0.725143 0.725143 0.725143
6731.799316 0.000000 1559.530151 0.000000 0.982461 0.000000 0.186469 0.831516 0.831516 0.831516
6689.185547 0.000000 1631.651978 0.000000 0.341902 0.000000 -0.939736 1.228249 1.228249 1.228249
6801.868164 0.000000 1558.397949 0.000000 0.453153 0.000000 0.891433 0.574540 0.574540 0.574540
6790.765137 0.000000 1562.948486 0.000000 0.790210 0.000000 0.612837 0.698633 0.698633 0.698633
6795.791504 0.000000 1559.530151 0.000000 0.591658 0.000000 0.806189 0.620370 0.620370 0.620370
6797.006348 0.000000 1556.023804 0.000000 0.900587 0.000000 0.434675 0.757736 0.757736 0.757736
6799.017578 0.000000 1566.402344 0.000000 0.134607 0.000000 0.990899 0.480162 0.480162 0.480162
6794.488281 0.000000 1573.804199 0.000000 0.670262 0.000000 -0.742124 1.119702 1.119702 1.119702
6908.839355 0.000000 1583.765991 0.000000 0.023131 0.000000 0.999732 0.448669 0.448669 0.448669
6905.490234 0.000000 1583.351440 0.000000 0.399723 0.000000 0.916636 0.557908 0.557908 0.557908
6906.724121 0.000000 1589.874146 0.000000 0.495366 0.000000 0.868684 0.588039 0.588039 0.588039
6867.668945 0.000000 1614.267944 0.000000 0.701926 0.000000 0.712250 0.661181 0.661181 0.661181
6868.421387 0.000000 1616.389160 0.000000 0.920092 0.000000 0.391703 0.771021 0.771021 0.771021
6869.293945 0.000000 1618.674194 0.000000 0.916351 0.000000 0.400376 0.768362 0.768362 0.768362
6872.679199 0.000000 1630.713135 0.000000 0.708517 0.000000 -0.705694 1.104831 1.104831 1.104831
6866.292480 0.000000 1621.062256 0.000000 0.780132 0.000000 -0.625615 1.074576 1.074576 1.074576
6873.994141 0.000000 1630.536987 0.000000 0.999503 0.000000 -0.031537 0.893193 0.893193 0.893193
6868.199707 0.000000 1617.655640 0.000000 0.295047 0.000000 0.955483 0.526463 0.526463 0.526463
6853.773926 0.000000 1630.227173 0.000000 0.083999 0.000000 -0.996466 1.302798 1.302798 1.302798
6879.227539 0.000000 1626.947021 0.000000 0.750292 0.000000 -0.661107 1.087629 1.087629 1.087629
6882.893555 0.000000 1619.362915 0.000000 0.810678 0.000000 -0.585493 1.060380 1.060380 1.060380
6859.757324 0.000000 1637.781128 0.000000 0.738451 0.000000 0.674307 0.676007 0.676007 0.676007
6853.512695 0.000000 1635.750244 0.000000 0.241036 0.000000 -0.970516 1.257948 1.257948 1.257948
6850.991211 0.000000 1634.786499 0.000000 0.237005 0.000000 -0.971508 1.259116 1.259116 1.259116
6851.588379 0.000000 1635.527100 0.000000 0.662164 0.000000 -0.749359 1.122759 1.122759 1.122759
6901.024414 0.000000 1657.317749 0.000000 0.669606 0.000000 0.742716 0.648677 0.648677 0.648677
6905.970215 0.000000 1656.127197 0.000000 0.996376 0.000000 -0.085053 0.908284 0.908284 0.908284
6899.314453 0.000000 1654.053589 0.000000 0.895269 0.000000 -0.445526 1.014293 1.014293 1.014293
6905.262207 0.000000 1661.485107 0.000000 0.065770 0.000000 -0.997835 1.307944 1.307944 1.307944
6908.581543 0.000000 1656.743042 0.000000 0.670510 0.000000 0.741901 0.649020 0.649020 0.649020
6898.072754 0.000000 1655.705322 0.000000 0.352484 0.000000 -0.935818 1.225073 1.225073 1.225073
6907.500000 0.000000 1659.464355 0.000000 0.924219 0.000000 0.381863 0.774025 0.774025 0.774025
6899.919922 0.000000 1655.593140 0.000000 0.781677 0.000000 0.623683 0.694749 0.694749 0.694749
6734.804688 0.000000 1695.439941 0.000000 0.981464 0.000000 0.191646 0.830032 0.830032 0.830032
6732.358887 0.000000 1690.554688 0.000000 0.137898 0.000000 0.990446 0.481097 0.481097 0.481097
6733.569336 0.000000 1685.971680 0.000000 0.747608 0.000000 0.664140 0.679859 0.679859 0.679859
6735.991211 0.000000 1694.733032 0.000000 0.406767 0.000000 0.913532 0.560075 0.560075 0.560075
6728.319824 0.000000 1683.817261 0.000000 0.031069 0.000000 0.999517 0.450904 0.450904 0.450904
6735.025391 0.000000 1694.371094 0.000000 0.307006 0.000000 0.951708 0.529993 0.529993 0.529993
6733.190430 0.000000 1691.024292 0.000000 0.971827 0.000000 0.235695 0.817339 0.817339 0.817339
6904.476562 0.000000 1673.312012 0.000000 0.942314 0.000000 -0.334730 0.980390 0.980390 0.980390
6890.481445 0.000000 1666.767334 0.000000 0.959151 0.000000 0.282893 0.803581 0.803581 0.803581
6891.213867 0.000000 1666.113647 0.000000 0.065321 0.000000 -0.997864 1.308071 1.308071 1.308071
6851.879395 0.000000 1726.394165 0.000000 0.500230 0.000000 -0.865893 1.179010 1.179010 1.179010
6856.556641 0.000000 1741.348267 0.000000 0.350313 0.000000 -0.936633 1.225726 1.225726 1.225726
6856.794434 0.000000 1745.812744 0.000000 0.992513 0.000000 0.122142 0.849847 0.849847 0.849847
6851.885742 0.000000 1739.010376 0.000000 0.670195 0.000000 0.742185 0.648900 0.648900 0.648900
6849.844238 0.000000 1740.065308 0.000000 0.940335 0.000000 -0.340249 0.982041 0.982041 0.982041
6926.290039 0.000000 1583.072632 0.000000 0.813897 0.000000 0.581009 0.709802 0.709802 0.709802
6927.648926 0.000000 1583.293091 0.000000 0.449786 0.000000 -0.893137 1.195150 1.195150 1.195150
6912.668457 0.000000 1575.934326 0.000000 0.966560 0.000000 -0.256441 0.957314 0.957314 0.957314
6916.745605 0.000000 1588.527832 0.000000 0.995223 0.000000 -0.097630 0.911839 0.911839 0.911839
6917.686523 0.000000 1588.901855 0.000000 0.628438 0.000000 0.777859 0.633439 0.633439 0.633439
6919.975098 0.000000 1647.430298 0.000000 0.983149 0.000000 -0.182804 0.936062 0.936062 0.936062
6927.782227 0.000000 1658.952026 0.000000 0.968531 0.000000 -0.248894 0.955118 0.955118 0.955118
6937.082520 0.000000 1738.964966 0.000000 0.551211 0.000000 0.834366 0.606493 0.606493 0.606493
6932.730469 0.000000 1740.320190 0.000000 0.234463 0.000000 -0.972125 1.259853 1.259853 1.259853
6936.517578 0.000000 1738.214355 0.000000 0.973696 0.000000 0.227850 0.819609 0.819609 0.819609
6937.304199 0.000000 1739.855347 0.000000 0.971818 0.000000 0.235733 0.817328 0.817328 0.817328
6950.244629 0.000000 1735.694824 0.000000 0.387250 0.000000 -0.921975 1.214539 1.214539 1.214539
6951.525879 0.000000 1731.824707 0.000000 0.786871 0.000000 0.617118 0.697105 0.697105 0.697105
6957.958496 0.000000 1734.390381 0.000000 0.447841 0.000000 -0.894113 1.195763 1.195763 1.195763
6951.374023 0.000000 1742.466309 0.000000 0.628750 0.000000 -0.777608 1.135076 1.135076 1.135076
6944.037598 0.000000 1736.885620 0.000000 0.989625 0.000000 -0.143672 0.924896 0.924896 0.924896
6951.971191 0.000000 1743.406860 0.000000 0.777472 0.000000 -0.628917 1.075769 1.075769 1.075769
6946.984863 0.000000 1732.649536 0.000000 0.533204 0.000000 0.845986 0.600460 0.600460 0.600460
6956.456055 0.000000 1734.616333 0.000000 0.387015 0.000000 -0.922073 1.214610 1.214610 1.214610
7183.248047 0.000000 1095.008911 0.000000 0.634195 0.000000 0.773173 0.635528 0.635528 0.635528
7182.290527 0.000000 1095.457886 0.000000 0.623979 0.000000 0.781441 0.631829 0.631829 0.631829
7613.748047 0.000000 1071.361206 0.000000 0.257001 0.000000 0.966411 0.515320 0.515320 0.515320
7602.991699 0.000000 1058.964111 0.000000 0.815478 0.000000 0.578789 0.710569 0.710569 0.710569
7613.067383 0.000000 1066.153809 0.000000 0.240316 0.000000 -0.970695 1.258157 1.258157 1.258157
7610.652832 0.000000 1076.102417 0.000000 0.281765 0.000000 -0.959484 1.246069 1.246069 1.246069
7603.732422 0.000000 1058.077393 0.000000 0.755493 0.000000 0.655157 0.683223 0.683223 0.683223
7612.163574 0.000000 1070.031616 0.000000 0.039412 0.000000 0.999223 0.453254 0.453254 0.453254
7607.834961 0.000000 1081.528687 0.000000 0.918872 0.000000 0.394555 0.770148 0.770148 0.770148
7623.281738 0.000000 1065.696167 0.000000 0.940704 0.000000 0.339228 0.786893 0.786893 0.786893
7666.095703 0.000000 1253.361206 0.000000 0.990655 0.000000 -0.136391 0.922826 0.922826 0.922826
7658.570312 0.000000 1256.822754 0.000000 0.967944 0.000000 -0.251166 0.955779 0.955779 0.955779
7675.285645 0.000000 1261.760010 0.000000 0.346181 0.000000 -0.938168 1.226966 1.226966 1.226966
7667.764648 0.000000 1252.836060 0.000000 0.751725 0.000000 0.659477 0.681610 0.681610 0.681610
7668.024902 0.000000 1267.485474 0.000000 0.183102 0.000000 0.983094 0.493990 0.493990 0.493990
7661.202637 0.000000 1255.635620 0.000000 0.980301 0.000000 -0.197507 0.940277 0.940277 0.940277
7669.538574 0.000000 1248.650146 0.000000 0.661215 0.000000 0.750197 0.645513 0.645513 0.645513
7666.437500 0.000000 1259.737915 0.000000 0.230425 0.000000 -0.973090 1.261021 1.261021 1.261021
7382.523926 0.000000 1488.985474 0.000000 0.939184 0.000000 0.343414 0.785639 0.785639 0.785639
7378.843750 0.000000 1485.609985 0.000000 0.958239 0.000000 0.285968 0.802678 0.802678 0.802678
7408.456543 0.000000 1529.407959 0.000000 0.841822 0.000000 -0.539756 1.044802 1.044802 1.044802
7546.081055 0.000000 1352.698242 0.000000 0.309797 0.000000 0.950803 0.530819 0.530819 0.530819
7572.099121 0.000000 1310.209595 0.000000 0.675529 0.000000 -0.737334 1.117698 1.117698 1.117698
7581.025879 0.000000 1331.733398 0.000000 0.360579 0.000000 0.932729 0.545994 0.545994 0.545994
7578.218750 0.000000 1316.753418 0.000000 0.869060 0.000000 -0.494707 1.029982 1.029982 1.029982
7580.458008 0.000000 1330.907349 0.000000 0.996381 0.000000 -0.084997 0.908268 0.908268 0.908268
7630.974121 0.000000 1354.316528 0.000000 0.094208 0.000000 0.995553 0.468715 0.468715 0.468715
7635.575195 0.000000 1358.330444 0.000000 0.018664 0.000000 -0.999826 1.321217 1.321217 1.321217
7622.265137 0.000000 1369.524780 0.000000 0.532157 0.000000 -0.846646 1.168516 1.168516 1.168516
7618.800781 0.000000 1354.390015 0.000000 0.984043 0.000000 -0.177930 0.934667 0.934667 0.934667
7642.069336 0.000000 1352.698242 0.000000 0.675107 0.000000 -0.737720 1.117859 1.117859 1.117859
7619.153320 0.000000 1359.765259 0.000000 0.874260 0.000000 0.485459 0.741632 0.741632 0.741632
7634.827148 0.000000 1359.765381 0.000000 0.583817 0.000000 -0.811885 1.150986 1.150986 1.150986
7624.462891 0.000000 1357.442017 0.000000 0.935603 0.000000 -0.353055 0.985883 0.985883 0.985883
7636.725586 0.000000 1359.173950 0.000000 0.345460 0.000000 0.938433 0.541445 0.541445 0.541445
7627.689941 0.000000 1367.577026 0.000000 0.445295 0.000000 -0.895384 1.196564 1.196564 1.196564
7638.342773 0.000000 1362.260986 0.000000 0.591835 0.000000 0.806059 0.620431 0.620431 0.620431
7619.511719 0.000000 1358.757690 0.000000 0.011268 0.000000 -0.999937 1.323299 1.323299 1.323299
7622.154297 0.000000 1363.192627 0.000000 0.504423 0.000000 0.863457 0.590982 0.590982 0.590982
7632.514160 0.000000 1350.859985 0.000000 0.981031 0.000000 0.193849 0.829400 0.829400 0.829400
7627.625000 0.000000 1358.609985 0.000000 0.301365 0.000000 -0.953509 1.240301 1.240301 1.240301
7635.787109 0.000000 1359.500366 0.000000 0.969834 0.000000 0.243765 0.814999 0.814999 0.814999
7633.479004 0.000000 1354.936279 0.000000 0.959623 0.000000 0.281289 0.804052 0.804052 0.804052
7465.996582 0.000000 1433.554810 0.000000 0.585562 0.000000 0.810627 0.618247 0.618247 0.618247
7474.806641 0.000000 1438.217285 0.000000 0.698371 0.000000 -0.715736 1.108849 1.108849 1.108849
7473.102051 0.000000 1439.531738 0.000000 0.999729 0.000000 0.023287 0.877758 0.877758 0.877758
7465.128418 0.000000 1432.708130 0.000000 0.956290 0.000000 0.292420 0.800781 0.800781 0.800781
7472.802734 0.000000 1438.679199 0.000000 0.735761 0.000000 -0.677241 1.093741 1.093741 1.093741
7474.390137 0.000000 1446.346558 0.000000 0.399585 0.000000 -0.916696 1.210762 1.210762 1.210762
7471.556152 0.000000 1490.536865 0.000000 0.954531 0.000000 0.298111 0.799104 0.799104 0.799104
7470.993652 0.000000 1482.285278 0.000000 0.306221 0.000000 0.951960 0.529761 0.529761 0.529761
7471.538086 0.000000 1486.091675 0.000000 0.999481 0.000000 0.032202 0.875248 0.875248 0.875248
7459.578613 0.000000 1489.907471 0.000000 0.992727 0.000000 0.120388 0.850344 0.850344 0.850344
7469.092773 0.000000 1480.879150 0.000000 0.121573 0.000000 -0.992582 1.292165 1.292165 1.292165
7467.490723 0.000000 1488.635254 0.000000 0.435938 0.000000 0.899977 0.569129 0.569129 0.569129
7458.283203 0.000000 1488.965454 0.000000 0.447764 0.000000 0.894152 0.572840 0.572840 0.572840
7462.976074 0.000000 1487.925903 0.000000 0.021569 0.000000 0.999767 0.448229 0.448229 0.448229
7466.864258 0.000000 1489.581543 0.000000 0.752530 0.000000 0.658558 0.681953 0.681953 0.681953
7463.163086 0.000000 1479.338013 0.000000 0.192162 0.000000 0.981363 0.496586 0.496586 0.496586
7470.255371 0.000000 1479.364136 0.000000 0.966703 0.000000 -0.255901 0.957156 0.957156 0.957156
7460.469727 0.000000 1490.125732 0.000000 0.991379 0.000000 -0.131023 0.921301 0.921301 0.921301
7617.165527 0.000000 1535.241333 0.000000 0.922304 0.000000 0.386465 0.772621 0.772621 0.772621
7829.033203 0.000000 1038.178223 0.000000 0.871072 0.000000 0.491156 0.739794 0.739794 0.739794
7706.486328 0.000000 1341.536865 0.000000 0.017472 0.000000 -0.999847 1.321552 1.321552 1.321552
7684.854980 0.000000 1333.628662 0.000000 0.281223 0.000000 -0.959642 1.246228 1.246228 1.246228
7693.452148 0.000000 1334.057617 0.000000 0.536003 0.000000 0.844216 0.601392 0.601392 0.601392
7700.020996 0.000000 1331.469849 0.000000 0.678515 0.000000 0.734586 0.652072 0.652072 0.652072
7707.148438 0.000000 1340.593750 0.000000 0.943314 0.000000 0.331903 0.789082 0.789082 0.789082
7740.438477 0.000000 1522.860474 0.000000 0.937252 0.000000 -0.348651 0.984560 0.984560 0.984560
7745.010742 0.000000 1522.838501 0.000000 0.673194 0.000000 -0.739466 1.118588 1.118588 1.118588
7336.564453 0.000000 1565.202637 0.000000 0.591554 0.000000 0.806266 0.620333 0.620333 0.620333
7376.781738 0.000000 1562.735107 0.000000 0.618736 0.000000 0.785599 0.629945 0.629945 0.629945
7380.883789 0.000000 1559.926636 0.000000 0.142794 0.000000 0.989752 0.482489 0.482489 0.482489
7374.947266 0.000000 1566.402344 0.000000 0.134639 0.000000 -0.990895 1.288456 1.288456 1.288456
7406.909180 0.000000 1535.658203 0.000000 0.739487 0.000000 -0.673171 1.092188 1.092188 1.092188
7374.913086 0.000000 1567.650391 0.000000 0.634526 0.000000 0.772902 0.635649 0.635649 0.635649
7372.760254 0.000000 1568.813477 0.000000 0.839513 0.000000 -0.543339 1.046002 1.046002 1.046002
7476.428223 0.000000 1547.432861 0.000000 0.969157 0.000000 -0.246446 0.954407 0.954407 0.954407
7480.890137 0.000000 1552.147827 0.000000 0.892295 0.000000 0.451454 0.752468 0.752468 0.752468
7475.143066 0.000000 1548.562744 0.000000 0.866386 0.000000 0.499375 0.737131 0.737131 0.737131
7472.819824 0.000000 1540.541870 0.000000 0.184488 0.000000 -0.982835 1.274241 1.274241 1.274241
7474.832031 0.000000 1549.594360 0.000000 0.996237 0.000000 0.086666 0.859888 0.859888 0.859888
7475.806641 0.000000 1551.453491 0.000000 0.494579 0.000000 -0.869133 1.180844 1.180844 1.180844
7473.711426 0.000000 1540.477051 0.000000 0.982733 0.000000 -0.185027 0.936698 0.936698 0.936698
7451.312988 0.000000 1645.666260 0.000000 0.495855 0.000000 0.868405 0.588197 0.588197 0.588197
7437.556641 0.000000 1657.623169 0.000000 0.533717 0.000000 0.845663 0.600631 0.600631 0.600631
7435.540039 0.000000 1652.064697 0.000000 0.955297 0.000000 -0.295648 0.968797 0.968797 0.968797
7434.963379 0.000000 1653.598145 0.000000 0.351858 0.000000 0.936054 0.543366 0.543366 0.543366
7436.877441 0.000000 1656.522095 0.000000 0.996000 0.000000 0.089351 0.859129 0.859129 0.859129
7436.572754 0.000000 1657.484253 0.000000 0.291971 0.000000 -0.956427 1.243070 1.243070 1.243070
7489.023438 0.000000 1624.942993 0.000000 0.670449 0.000000 0.741956 0.648997 0.648997 0.648997
7494.679199 0.000000 1626.932861 0.000000 0.078359 0.000000 0.996925 0.464237 0.464237 0.464237
7506.899414 0.000000 1628.779907 0.000000 0.296380 0.000000 0.955070 0.526856 0.526856 0.526856
7494.169922 0.000000 1619.130127 0.000000 0.442111 0.000000 -0.896960 1.197564 1.197564 1.197564
7495.827637 0.000000 1618.344971 0.000000 0.031903 0.000000 0.999491 0.451139 0.451139 0.451139
7507.744141 0.000000 1628.431152 0.000000 0.498202 0.000000 -0.867061 1.179669 1.179669 1.179669
7489.916016 0.000000 1625.080933 0.000000 0.444211 0.000000 0.895922 0.571723 0.571723 0.571723
7493.272461 0.000000 1633.203613 0.000000 0.494560 0.000000 -0.869144 1.180850 1.180850 1.180850
7492.557129 0.000000 1632.104248 0.000000 0.954055 0.000000 -0.299632 0.969972 0.969972 0.969972
7599.492188 0.000000 1560.335083 0.000000 0.713875 0.000000 -0.700273 1.102685 1.102685 1.102685
7590.667480 0.000000 1562.948486 0.000000 0.779394 0.000000 0.626534 0.693720 0.693720 0.693720
7598.693848 0.000000 1561.166748 0.000000 0.869098 0.000000 -0.494640 1.029960 1.029960 1.029960
7609.445801 0.000000 1561.743652 0.000000 0.437302 0.000000 0.899315 0.569556 0.569556 0.569556
7553.015625 0.000000 1592.950806 0.000000 0.991584 0.000000 -0.129461 0.920858 0.920858 0.920858
7553.336426 0.000000 1593.851929 0.000000 0.932854 0.000000 -0.360255 0.988053 0.988053 0.988053
7604.518555 0.000000 1571.071777 0.000000 0.807883 0.000000 0.589344 0.706908 0.706908 0.706908
7607.470215 0.000000 1570.563354 0.000000 0.349348 0.000000 0.936993 0.542612 0.542612 0.542612
7616.083496 0.000000 1535.908569 0.000000 0.130472 0.000000 -0.991452 1.289640 1.289640 1.289640
7670.666016 0.000000 1547.610474 0.000000 0.999580 0.000000 0.028989 0.876153 0.876153 0.876153
7671.471680 0.000000 1545.109497 0.000000 0.701104 0.000000 -0.713059 1.107772 1.107772 1.107772
7646.154297 0.000000 1576.564819 0.000000 0.819457 0.000000 0.573140 0.712514 0.712514 0.712514
7646.929688 0.000000 1577.351562 0.000000 0.298438 0.000000 0.954429 0.527463 0.527463 0.527463
7659.352539 0.000000 1581.597046 0.000000 0.342643 0.000000 -0.939466 1.228027 1.228027 1.228027
7647.145020 0.000000 1582.469727 0.000000 0.339738 0.000000 -0.940520 1.228897 1.228897 1.228897
7662.158691 0.000000 1581.653564 0.000000 0.896992 0.000000 -0.442047 1.013201 1.013201 1.013201
7662.991699 0.000000 1580.993530 0.000000 0.386376 0.000000 0.922341 0.553822 0.553822 0.553822
7652.871582 0.000000 1585.256104 0.000000 0.865775 0.000000 -0.500433 1.031840 1.031840 1.031840
7659.385254 0.000000 1580.606934 0.000000 0.969326 0.000000 0.245779 0.814414 0.814414 0.814414
7598.699219 0.000000 1631.455566 0.000000 0.878387 0.000000 0.477951 0.744044 0.744044 0.744044
7599.492188 0.000000 1624.319458 0.000000 0.619384 0.000000 -0.785088 1.138450 1.138450 1.138450
7592.280762 0.000000 1623.775513 0.000000 0.286595 0.000000 -0.958052 1.244651 1.244651 1.244651
7601.454102 0.000000 1619.917969 0.000000 0.736864 0.000000 -0.676041 1.093282 1.093282 1.093282
7598.253906 0.000000 1629.615967 0.000000 0.622918 0.000000 0.782287 0.631447 0.631447 0.631447
7594.498535 0.000000 1624.108398 0.000000 0.789537 0.000000 0.613703 0.698324 0.698324 0.698324
7603.228516 0.000000 1622.061401 0.000000 0.771210 0.000000 -0.636581 1.078555 1.078555 1.078555
7600.632324 0.000000 1618.929688 0.000000 0.238667 0.000000 0.971101 0.509993 0.509993 0.509993
7599.193848 0.000000 1628.999023 0.000000 0.996787 0.000000 -0.080103 0.906886 0.906886 0.906886
7598.107910 0.000000 1628.487915 0.000000 0.128111 0.000000 -0.991760 1.290310 1.290310 1.290310
7599.226074 0.000000 1622.245239 0.000000 0.187602 0.000000 0.982245 0.495279 0.495279 0.495279
7599.770508 0.000000 1620.853271 0.000000 0.633457 0.000000 -0.773778 1.133368 1.133368 1.133368
7594.884277 0.000000 1625.226196 0.000000 0.810868 0.000000 -0.585229 1.060288 1.060288 1.060288
7600.762207 0.000000 1612.364258 0.000000 0.129318 0.000000 -0.991603 1.289967 1.289967 1.289967
7598.869141 0.000000 1620.386475 0.000000 0.899886 0.000000 0.436126 0.757282 0.757282 0.757282
7526.621094 0.000000 1668.855591 0.000000 0.308942 0.000000 0.951081 0.530566 0.530566 0.530566
7547.179199 0.000000 1678.684692 0.000000 0.971729 0.000000 -0.236101 0.951406 0.951406 0.951406
7641.443848 0.000000 1715.960693 0.000000 0.937873 0.000000 -0.346979 0.984058 0.984058 0.984058
7645.570801 0.000000 1721.032715 0.000000 0.447222 0.000000 0.894423 0.572670 0.572670 0.572670
7630.941895 0.000000 1717.270996 0.000000 0.782790 0.000000 -0.622285 1.073376 1.073376 1.073376
7622.076660 0.000000 1708.896729 0.000000 0.991552 0.000000 -0.129707 0.920928 0.920928 0.920928
7637.381836 0.000000 1708.909424 0.000000 0.089068 0.000000 -0.996026 1.301366 1.301366 1.301366
7622.369629 0.000000 1705.446045 0.000000 0.142218 0.000000 -0.989835 1.286302 1.286302 1.286302
7632.429199 0.000000 1721.361084 0.000000 0.347738 0.000000 -0.937592 1.226499 1.226499 1.226499
7634.561035 0.000000 1699.999268 0.000000 0.124859 0.000000 -0.992175 1.291233 1.291233 1.291233
7632.193359 0.000000 1707.051147 0.000000 0.535017 0.000000 -0.844842 1.167564 1.167564 1.167564
7630.873535 0.000000 1707.389038 0.000000 0.714608 0.000000 0.699526 0.666237 0.666237 0.666237
7633.501465 0.000000 1721.467163 0.000000 0.970625 0.000000 0.240597 0.815918 0.815918 0.815918
7619.511719 0.000000 1710.671753 0.000000 0.932818 0.000000 -0.360347 0.988081 0.988081 0.988081
7641.849609 0.000000 1714.963623 0.000000 0.981069 0.000000 -0.193657 0.939172 0.939172 0.939172
7639.417969 0.000000 1712.539307 0.000000 0.394912 0.000000 0.918719 0.556432 0.556432 0.556432
7631.766602 0.000000 1716.829834 0.000000 0.150567 0.000000 0.988600 0.484701 0.484701 0.484701
7630.128906 0.000000 1706.783081 0.000000 0.458860 0.000000 0.888509 0.576344 0.576344 0.576344
7636.644531 0.000000 1708.328003 0.000000 0.404932 0.000000 0.914347 0.559510 0.559510 0.559510
7644.159668 0.000000 1709.875366 0.000000 0.995190 0.000000 -0.097965 0.911934 0.911934 0.911934
7630.865234 0.000000 1716.363037 0.000000 0.981793 0.000000 0.189955 0.830517 0.830517 0.830517
7614.670410 0.000000 1742.446045 0.000000 0.990076 0.000000 0.140536 0.844623 0.844623 0.844623
7607.174316 0.000000 1740.401123 0.000000 0.029377 0.000000 -0.999568 1.318200 1.318200 1.318200
7625.962891 0.000000 1740.932495 0.000000 0.630122 0.000000 -0.776496 1.134579 1.134579 1.134579
7619.153320 0.000000 1743.671509 0.000000 0.403031 0.000000 -0.915186 1.209703 1.209703 1.209703
7615.148926 0.000000 1742.430664 0.000000 0.350367 0.000000 -0.936612 1.225709 1.225709 1.225709
7616.669922 0.000000 1740.605957 0.000000 0.451752 0.000000 -0.892143 1.194530 1.194530 1.194530
7620.645508 0.000000 1747.094360 0.000000 0.019365 0.000000 -0.999812 1.321019 1.321019 1.321019
7619.511719 0.000000 1742.663940 0.000000 0.782086 0.000000 -0.623171 1.073695 1.073695 1.073695
7202.798828 0.000000 1822.952393 0.000000 0.196131 0.000000 0.980578 0.497725 0.497725 0.497725
7195.821777 0.000000 1827.026367 0.000000 0.999525 0.000000 -0.030810 0.892988 0.892988 0.892988
7197.118164 0.000000 1833.966309 0.000000 0.069762 0.000000 -0.997564 1.306818 1.306818 1.306818
7197.120605 0.000000 1832.613403 0.000000 0.187315 0.000000 -0.982300 1.273431 1.273431 1.273431
7196.205566 0.000000 1832.182739 0.000000 0.536482 0.000000 -0.843912 1.167076 1.167076 1.167076
7196.091309 0.000000 1835.367432 0.000000 0.633896 0.000000 -0.773418 1.133208 1.133208 1.133208
7197.834473 0.000000 1828.208740 0.000000 0.620953 0.000000 0.783848 0.630741 0.630741 0.630741
7197.898926 0.000000 1833.349731 0.000000 0.992457 0.000000 0.122596 0.849718 0.849718 0.849718
7199.346680 0.000000 1848.654907 0.000000 0.863333 0.000000 -0.504635 1.033208 1.033208 1.033208
7201.828613 0.000000 1831.911499 0.000000 0.340521 0.000000 0.940237 0.539965 0.539965 0.539965
7208.235352 0.000000 1831.429199 0.000000 0.738904 0.000000 0.673811 0.676196 0.676196 0.676196
7207.295410 0.000000 1832.317505 0.000000 0.991390 0.000000 0.130942 0.847349 0.847349 0.847349
7199.134766 0.000000 1828.556641 0.000000 0.551673 0.000000 0.834060 0.606648 0.606648 0.606648
7202.854492 0.000000 1843.308228 0.000000 0.752926 0.000000 0.658105 0.682123 0.682123 0.682123
7194.366211 0.000000 1856.528320 0.000000 0.988891 0.000000 -0.148645 0.926311 0.926311 0.926311
7617.528809 0.000000 2029.728271 0.000000 0.898591 0.000000 -0.438788 1.012179 1.012179 1.012179
7680.910645 0.000000 1538.504150 0.000000 0.872238 0.000000 -0.489082 1.028164 1.028164 1.028164
7778.877930 0.000000 1666.778687 0.000000 0.485722 0.000000 -0.874113 1.183704 1.183704 1.183704
7796.743164 0.000000 1697.367676 0.000000 0.783719 0.000000 -0.621116 1.072956 1.072956 1.072956
7847.650391 0.000000 1724.771606 0.000000 0.707498 0.000000 -0.706715 1.105236 1.105236 1.105236
7846.384277 0.000000 1725.064697 0.000000 0.982790 0.000000 0.184728 0.832015 0.832015 0.832015
7932.399902 0.000000 1726.631592 0.000000 0.862741 0.000000 -0.505646 1.033538 1.033538 1.033538
7915.729980 0.000000 1720.883545 0.000000 0.709548 0.000000 0.704657 0.664209 0.664209 0.664209
7813.597168 0.000000 1747.954102 0.000000 0.705549 0.000000 0.708661 0.662616 0.662616 0.662616
7823.464844 0.000000 1752.288208 0.000000 0.772722 0.000000 -0.634745 1.077886 1.077886 1.077886
7830.646484 0.000000 1739.563599 0.000000 0.594272 0.000000 0.804264 0.621283 0.621283 0.621283
7813.324707 0.000000 1746.139160 0.000000 0.937197 0.000000 0.348800 0.784023 0.784023 0.784023
7824.572266 0.000000 1749.259766 0.000000 0.785502 0.000000 0.618859 0.696481 0.696481 0.696481
7831.022461 0.000000 1752.929810 0.000000 0.077517 0.000000 -0.996991 1.304629 1.304629 1.304629
7832.687988 0.000000 1747.037231 0.000000 0.817038 0.000000 0.576584 0.711329 0.711329 0.711329
7831.146973 0.000000 1740.401123 0.000000 0.344215 0.000000 -0.938891 1.227556 1.227556 1.227556
7841.996094 0.000000 1740.958618 0.000000 0.847113 0.000000 -0.531413 1.042021 1.042021 1.042021
7849.933105 0.000000 1738.822876 0.000000 0.738060 0.000000 0.674735 0.675844 0.675844 0.675844
7856.772949 0.000000 1732.494995 0.000000 0.706690 0.000000 -0.707524 1.105558 1.105558 1.105558
7855.166016 0.000000 1734.852661 0.000000 0.712570 0.000000 0.701601 0.665419 0.665419 0.665419
7848.623535 0.000000 1738.678345 0.000000 0.038665 0.000000 0.999252 0.453043 0.453043 0.453043
7854.968262 0.000000 1740.954468 0.000000 0.025593 0.000000 -0.999672 1.319266 1.319266 1.319266
7844.514160 0.000000 1728.080811 0.000000 0.899199 0.000000 -0.437539 1.011788 1.011788 1.011788
7857.664551 0.000000 1732.430176 0.000000 0.286366 0.000000 0.958120 0.523909 0.523909 0.523909
7867.644043 0.000000 1779.309937 0.000000 0.999124 0.000000 -0.041849 0.896097 0.896097 0.896097
7867.353516 0.000000 1772.088379 0.000000 0.939662 0.000000 0.342103 0.786032 0.786032 0.786032
7866.629395 0.000000 1778.234619 0.000000 0.540881 0.000000 -0.841099 1.165606 1.165606 1.165606
7875.886719 0.000000 1732.354126 0.000000 0.439721 0.000000 -0.898134 1.198314 1.198314 1.198314
7892.549316 0.000000 1754.694580 0.000000 0.873763 0.000000 0.486352 0.741344 0.741344 0.741344
7885.049805 0.000000 1755.008667 0.000000 0.028086 0.000000 -0.999606 1.318564 1.318564 1.318564
7927.431152 0.000000 1730.524292 0.000000 0.675395 0.000000 0.737456 0.650879 0.650879 0.650879
7881.945801 0.000000 1785.468872 0.000000 0.132373 0.000000 0.991200 0.479528 0.479528 0.479528
7885.175293 0.000000 1767.510620 0.000000 0.999367 0.000000 0.035587 0.874294 0.874294 0.874294
7888.911621 0.000000 1761.202026 0.000000 0.303376 0.000000 0.952871 0.528920 0.528920 0.528920
7884.342773 0.000000 1766.608521 0.000000 0.810935 0.000000 -0.585136 1.060256 1.060256 1.060256
7889.679199 0.000000 1760.516846 0.000000 0.747526 0.000000 0.664233 0.679824 0.679824 0.679824
7927.446777 0.000000 1764.018921 0.000000 0.897506 0.000000 -0.441001 1.012872 1.012872 1.012872
7916.873047 0.000000 1783.359375 0.000000 0.630131 0.000000 0.776489 0.634052 0.634052 0.634052
7906.837402 0.000000 1765.678101 0.000000 0.842455 0.000000 0.538767 0.724156 0.724156 0.724156
7920.203613 0.000000 1767.768677 0.000000 0.999932 0.000000 0.011682 0.881025 0.881025 0.881025
7908.367676 0.000000 1786.354126 0.000000 0.958157 0.000000 0.286244 0.802597 0.802597 0.802597
7915.729980 0.000000 1784.867920 0.000000 0.247352 0.000000 0.968926 0.512513 0.512513 0.512513
7918.464355 0.000000 1782.928101 0.000000 0.868699 0.000000 -0.495340 1.030187 1.030187 1.030187
7920.682129 0.000000 1774.883545 0.000000 0.087009 0.000000 0.996207 0.466680 0.466680 0.466680
7922.163574 0.000000 1781.023193 0.000000 0.841519 0.000000 0.540227 0.723668 0.723668 0.723668
7927.697754 0.000000 1760.772827 0.000000 0.787014 0.000000 0.616935 0.697170 0.697170 0.697170
7924.285645 0.000000 1767.295166 0.000000 0.142085 0.000000 0.989854 0.482288 0.482288 0.482288
7924.493652 0.000000 1787.848267 0.000000 0.922623 0.000000 -0.385704 0.995774 0.995774 0.995774
7925.330566 0.000000 1767.485962 0.000000 0.999638 0.000000 0.026898 0.876741 0.876741 0.876741
7916.869629 0.000000 1779.969116 0.000000 0.997327 0.000000 0.073073 0.863726 0.863726 0.863726
7908.897949 0.000000 1787.218506 0.000000 0.709223 0.000000 -0.704984 1.104548 1.104548 1.104548
7920.479004 0.000000 1766.758423 0.000000 0.290313 0.000000 -0.956932 1.243558 1.243558 1.243558
7920.353516 0.000000 1775.842285 0.000000 0.940579 0.000000 -0.339574 0.981838 0.981838 0.981838
7926.611328 0.000000 1764.613525 0.000000 0.198636 0.000000 -0.980073 1.270183 1.270183 1.270183
7931.357910 0.000000 1760.998779 0.000000 0.189383 0.000000 0.981903 0.495790 0.495790 0.495790
7914.845215 0.000000 1785.187134 0.000000 0.936855 0.000000 0.349718 0.783747 0.783747 0.783747
7919.354492 0.000000 1783.318359 0.000000 0.914784 0.000000 -0.403943 1.001362 1.001362 1.001362
7937.126465 0.000000 1759.186646 0.000000 0.205976 0.000000 0.978557 0.500554 0.500554 0.500554
7956.436035 0.000000 1788.982056 0.000000 0.344468 0.000000 -0.938798 1.227480 1.227480 1.227480
7965.211914 0.000000 1786.337646 0.000000 0.442276 0.000000 -0.896879 1.197512 1.197512 1.197512
7937.033203 0.000000 1759.620728 0.000000 0.457334 0.000000 0.889295 0.575861 0.575861 0.575861
7967.114258 0.000000 1789.770020 0.000000 0.665698 0.000000 -0.746222 1.121428 1.121428 1.121428
7971.076660 0.000000 1776.576782 0.000000 0.999524 0.000000 -0.030845 0.892998 0.892998 0.892998
7917.526367 0.000000 1794.518066 0.000000 0.937839 0.000000 0.347072 0.784542 0.784542 0.784542
7920.907715 0.000000 1793.194214 0.000000 0.874757 0.000000 0.484561 0.741921 0.741921 0.741921
7923.693359 0.000000 1793.897705 0.000000 0.983671 0.000000 0.179977 0.833375 0.833375 0.833375
7916.188965 0.000000 1802.868286 0.000000 0.924142 0.000000 0.382049 0.773968 0.773968 0.773968
7808.237793 0.000000 1989.027954 0.000000 0.957106 0.000000 0.289739 0.801570 0.801570 0.801570
7812.411621 0.000000 1990.654785 0.000000 0.776569 0.000000 0.630032 0.692455 0.692455 0.692455
7966.977051 0.000000 1796.627686 0.000000 0.072014 0.000000 -0.997404 1.306182 1.306182 1.306182
7967.055176 0.000000 1793.933716 0.000000 0.663946 0.000000 0.747780 0.646539 0.646539 0.646539
7967.340820 0.000000 1793.030396 0.000000 0.639419 0.000000 0.768859 0.637435 0.637435 0.637435
5981.522949 0.000000 2534.329102 0.000000 0.915863 0.000000 0.401491 0.768019 0.768019 0.768019
5980.349121 0.000000 2534.709473 0.000000 0.717374 0.000000 0.696688 0.667353 0.667353 0.667353
6026.578125 0.000000 2486.405273 0.000000 0.957365 0.000000 0.288882 0.801822 0.801822 0.801822
6024.900391 0.000000 2494.582764 0.000000 0.140383 0.000000 -0.990097 1.286824 1.286824 1.286824
6028.048828 0.000000 2486.096191 0.000000 0.974042 0.000000 0.226368 0.820037 0.820037 0.820037
6027.885254 0.000000 2487.303467 0.000000 0.295631 0.000000 -0.955302 1.241992 1.241992 1.241992
5911.816406 0.000000 2590.072021 0.000000 0.303257 0.000000 -0.952909 1.239742 1.239742 1.239742
5919.140625 0.000000 2601.101562 0.000000 0.580894 0.000000 -0.813979 1.151998 1.151998 1.151998
5918.055176 0.000000 2601.162109 0.000000 0.256158 0.000000 0.966635 0.515075 0.515075 0.515075
6060.027832 0.000000 2780.757324 0.000000 0.914744 0.000000 0.404034 0.767238 0.767238 0.767238
6044.625000 0.000000 2789.748047 0.000000 0.787695 0.000000 0.616065 0.697481 0.697481 0.697481
6044.787109 0.000000 2788.642090 0.000000 0.179877 0.000000 -0.983689 1.275561 1.275561 1.275561
6058.349121 0.000000 2785.334717 0.000000 0.596265 0.000000 0.802788 0.621981 0.621981 0.621981
6063.152832 0.000000 2786.125488 0.000000 0.990006 0.000000 -0.141026 0.924144 0.924144 0.924144
6053.416016 0.000000 2792.643799 0.000000 0.969835 0.000000 -0.243764 0.953628 0.953628 0.953628
6062.477051 0.000000 2787.380859 0.000000 0.741383 0.000000 -0.671083 1.091394 1.091394 1.091394
6059.076172 0.000000 2784.361572 0.000000 0.845184 0.000000 0.534476 0.725587 0.725587 0.725587
6053.594238 0.000000 2793.678223 0.000000 0.545296 0.000000 -0.838244 1.164126 1.164126 1.164126
6057.512207 0.000000 2787.767822 0.000000 0.836553 0.000000 -0.547886 1.047529 1.047529 1.047529
5958.942383 0.000000 2973.957520 0.000000 0.873147 0.000000 -0.487457 1.027639 1.027639 1.027639
5958.866699 0.000000 2970.604736 0.000000 0.234596 0.000000 -0.972093 1.259814 1.259814 1.259814
5974.952148 0.000000 2956.922119 0.000000 0.940246 0.000000 0.340495 0.786513 0.786513 0.786513
5966.005371 0.000000 2964.171875 0.000000 0.837288 0.000000 0.546763 0.721476 0.721476 0.721476
5976.657715 0.000000 2958.521729 0.000000 0.084244 0.000000 -0.996445 1.302729 1.302729 1.302729
5958.614746 0.000000 2972.760010 0.000000 0.915109 0.000000 -0.403207 1.001136 1.001136 1.001136
5980.952637 0.000000 2959.430176 0.000000 0.981023 0.000000 0.193890 0.829388 0.829388 0.829388
5967.969727 0.000000 2964.525146 0.000000 0.022010 0.000000 0.999758 0.448353 0.448353 0.448353
5975.373535 0.000000 2956.104248 0.000000 0.957014 0.000000 -0.290043 0.967147 0.967147 0.967147
5969.347168 0.000000 2972.700439 0.000000 0.590829 0.000000 0.806797 0.620080 0.620080 0.620080
5960.387695 0.000000 2983.147949 0.000000 0.898329 0.000000 0.439322 0.756282 0.756282 0.756282
5962.585449 0.000000 2982.788818 0.000000 0.492108 0.000000 0.870534 0.586984 0.586984 0.586984
5960.465332 0.000000 2982.099365 0.000000 0.981211 0.000000 0.192937 0.829662 0.829662 0.829662
5963.486328 0.000000 2982.378906 0.000000 0.842400 0.000000 -0.538853 1.044500 1.044500 1.044500
5960.807129 0.000000 3076.431641 0.000000 0.989514 0.000000 0.144435 0.843515 0.843515 0.843515
6064.326172 0.000000 3190.426514 0.000000 0.742075 0.000000 -0.670317 1.091103 1.091103 1.091103
6065.250000 0.000000 3191.750244 0.000000 0.920272 0.000000 -0.391280 0.997477 0.997477 0.997477
6076.918457 0.000000 3393.803223 0.000000 0.507441 0.000000 0.861687 0.591967 0.591967 0.591967
6077.800781 0.000000 3392.730957 0.000000 0.091619 0.000000 -0.995794 1.300645 1.300645 1.300645
6071.540039 0.000000 3391.341553 0.000000 0.740996 0.000000 -0.671509 1.091556 1.091556 1.091556
6581.232422 0.000000 2217.847900 0.000000 0.819862 0.000000 0.572561 0.712713 0.712713 0.712713
6580.080078 0.000000 2217.328369 0.000000 0.128985 0.000000 -0.991647 1.290062 1.290062 1.290062
6581.737305 0.000000 2223.860596 0.000000 0.301227 0.000000 0.953553 0.528286 0.528286 0.528286
6171.465820 0.000000 2415.591064 0.000000 0.633105 0.000000 -0.774066 1.133496 1.133496 1.133496
6171.347168 0.000000 2414.505127 0.000000 0.134736 0.000000 0.990881 0.480199 0.480199 0.480199
6173.961914 0.000000 2421.903809 0.000000 0.840056 0.000000 0.542500 0.722907 0.722907 0.722907
6177.911133 0.000000 2419.424316 0.000000 0.337459 0.000000 -0.941340 1.229579 1.229579 1.229579
6175.478027 0.000000 2439.505615 0.000000 0.698979 0.000000 -0.715142 1.108609 1.108609 1.108609
6177.062012 0.000000 2435.662842 0.000000 0.920448 0.000000 -0.390865 0.997350 0.997350 0.997350
6178.064453 0.000000 2434.560791 0.000000 0.939945 0.000000 0.341327 0.786264 0.786264 0.786264
6179.078613 0.000000 2436.477783 0.000000 0.665690 0.000000 0.746229 0.647196 0.647196 0.647196
6176.065430 0.000000 2434.392578 0.000000 0.867888 0.000000 -0.496760 1.030648 1.030648 1.030648
6369.317871 0.000000 2558.991211 0.000000 0.937122 0.000000 0.349002 0.783962 0.783962 0.783962
6368.442871 0.000000 2558.223389 0.000000 0.941881 0.000000 -0.335945 0.980753 0.980753 0.980753
7101.117676 0.000000 2070.530273 0.000000 0.902093 0.000000 0.431543 0.758714 0.758714 0.758714
7075.219727 0.000000 2095.585693 0.000000 0.342039 0.000000 -0.939686 1.228208 1.228208 1.228208
7072.404785 0.000000 2109.159912 0.000000 0.788042 0.000000 0.615621 0.697640 0.697640 0.697640
7074.870117 0.000000 2099.245850 0.000000 0.538651 0.000000 0.842529 0.602276 0.602276 0.602276
7075.578125 0.000000 2094.577881 0.000000 0.039014 0.000000 0.999239 0.453142 0.453142 0.453142
7114.039551 0.000000 2073.398682 0.000000 0.437293 0.000000 0.899319 0.569554 0.569554 0.569554
7109.057617 0.000000 2073.271484 0.000000 0.996903 0.000000 0.078645 0.862153 0.862153 0.862153
6953.635742 0.000000 2236.984131 0.000000 0.873366 0.000000 -0.487064 1.027513 1.027513 1.027513
6965.282227 0.000000 2226.525635 0.000000 0.938269 0.000000 -0.345906 0.983736 0.983736 0.983736
6964.837402 0.000000 2216.302490 0.000000 0.386164 0.000000 0.922430 0.553757 0.553757 0.553757
6970.440918 0.000000 2223.059570 0.000000 0.620767 0.000000 -0.783995 1.137954 1.137954 1.137954
6965.185547 0.000000 2217.847900 0.000000 0.430128 0.000000 -0.902768 1.201313 1.201313 1.201313
6958.074707 0.000000 2232.181396 0.000000 0.082582 0.000000 0.996584 0.465429 0.465429 0.465429
6964.110840 0.000000 2227.250977 0.000000 0.956975 0.000000 0.290169 0.801443 0.801443 0.801443
6962.965820 0.000000 2236.631592 0.000000 0.450526 0.000000 -0.892763 1.194917 1.194917 1.194917
6964.033203 0.000000 2217.328369 0.000000 0.746035 0.000000 -0.665906 1.089435 1.089435 1.089435
6964.187988 0.000000 2225.507080 0.000000 0.979966 0.000000 -0.199166 0.940754 0.940754 0.940754
6965.068848 0.000000 2227.911133 0.000000 0.347107 0.000000 -0.937826 1.226688 1.226688 1.226688
6971.368164 0.000000 2223.637939 0.000000 0.955983 0.000000 0.293422 0.800486 0.800486 0.800486
6962.894531 0.000000 2221.430420 0.000000 0.983661 0.000000 0.180031 0.833360 0.833360 0.833360
6952.611328 0.000000 2237.038574 0.000000 0.360153 0.000000 0.932893 0.545865 0.545865 0.545865
6961.226074 0.000000 2236.880127 0.000000 0.996685 0.000000 -0.081361 0.907241 0.907241 0.907241
6678.140137 0.000000 2542.364014 0.000000 0.872006 0.000000 -0.489494 1.028297 1.028297 1.028297
6679.564453 0.000000 2546.782227 0.000000 0.125156 0.000000 -0.992137 1.291149 1.291149 1.291149
6674.944336 0.000000 2543.476318 0.000000 0.286007 0.000000 -0.958228 1.244824 1.244824 1.244824
6681.673340 0.000000 2541.618896 0.000000 0.969584 0.000000 -0.244757 0.953917 0.953917 0.953917
6676.223145 0.000000 2545.428955 0.000000 0.247110 0.000000 0.968987 0.512443 0.512443 0.512443
6675.947266 0.000000 2551.374512 0.000000 0.750572 0.000000 0.660789 0.681118 0.681118 0.681118
6722.713867 0.000000 2507.528564 0.000000 0.288712 0.000000 -0.957416 1.244029 1.244029 1.244029
6747.398926 0.000000 2541.447510 0.000000 0.129683 0.000000 -0.991556 1.289864 1.289864 1.289864
6750.414062 0.000000 2541.045166 0.000000 0.841119 0.000000 0.540850 0.723459 0.723459 0.723459
6746.081543 0.000000 2540.247559 0.000000 0.547489 0.000000 -0.836813 1.163389 1.163389 1.163389
6743.958984 0.000000 2535.846191 0.000000 0.999674 0.000000 0.025547 0.877122 0.877122 0.877122
6749.667969 0.000000 2540.138672 0.000000 0.329925 0.000000 -0.944007 1.231828 1.231828 1.231828
6754.923340 0.000000 2536.715820 0.000000 0.227542 0.000000 -0.973768 1.261855 1.261855 1.261855
6755.777832 0.000000 2537.041748 0.000000 0.773647 0.000000 -0.633616 1.077475 1.077475 1.077475
6966.601562 0.000000 2497.157227 0.000000 0.670843 0.000000 0.741599 0.649146 0.649146 0.649146
6960.422852 0.000000 2498.182861 0.000000 0.241525 0.000000 0.970395 0.510822 0.510822 0.510822
6960.545898 0.000000 2499.280029 0.000000 0.084226 0.000000 -0.996447 1.302734 1.302734 1.302734
6362.341797 0.000000 2565.624756 0.000000 0.299255 0.000000 0.954173 0.527704 0.527704 0.527704
6366.431641 0.000000 2563.282227 0.000000 0.809667 0.000000 -0.586890 1.060865 1.060865 1.060865
6362.367188 0.000000 2564.448730 0.000000 0.573586 0.000000 -0.819146 1.154518 1.154518 1.154518
6360.458008 0.000000 2563.078369 0.000000 0.358236 0.000000 0.933631 0.545287 0.545287 0.545287
6395.371582 0.000000 2576.623291 0.000000 0.189077 0.000000 0.981962 0.495702 0.495702 0.495702
6391.736816 0.000000 2586.199951 0.000000 0.812825 0.000000 -0.582508 1.059345 1.059345 1.059345
6391.599609 0.000000 2578.774414 0.000000 0.485130 0.000000 -0.874442 1.183895 1.183895 1.183895
6379.623535 0.000000 2576.369629 0.000000 0.501107 0.000000 -0.865385 1.178725 1.178725 1.178725
6369.280273 0.000000 2569.388916 0.000000 0.496428 0.000000 0.868078 0.588383 0.588383 0.588383
6396.250977 0.000000 2585.539795 0.000000 0.896426 0.000000 -0.443194 1.013560 1.013560 1.013560
6390.328125 0.000000 2585.881836 0.000000 0.873568 0.000000 0.486703 0.741231 0.741231 0.741231
6395.308594 0.000000 2588.289062 0.000000 0.672491 0.000000 -0.740106 1.118856 1.118856 1.118856
6396.644043 0.000000 2584.516357 0.000000 0.496238 0.000000 0.868187 0.588321 0.588321 0.588321
6392.302734 0.000000 2587.114502 0.000000 0.199682 0.000000 0.979861 0.498745 0.498745 0.498745
6393.662598 0.000000 2587.455566 0.000000 0.953234 0.000000 0.302234 0.797888 0.797888 0.797888
6369.340820 0.000000 2568.461182 0.000000 0.182335 0.000000 0.983237 0.493770 0.493770 0.493770
6388.540039 0.000000 2774.531250 0.000000 0.479597 0.000000 -0.877489 1.185673 1.185673 1.185673
6393.022949 0.000000 2767.850830 0.000000 0.026124 0.000000 0.999659 0.449511 0.449511 0.449511
6383.969238 0.000000 2763.995117 0.000000 0.617702 0.000000 -0.786412 1.139053 1.139053 1.139053
6392.606934 0.000000 2766.568604 0.000000 0.669012 0.000000 -0.743252 1.120176 1.120176 1.120176
6383.025879 0.000000 2763.131104 0.000000 0.715557 0.000000 0.698555 0.666619 0.666619 0.666619
6389.004883 0.000000 2775.629883 0.000000 0.999259 0.000000 -0.038491 0.895151 0.895151 0.895151
6393.552734 0.000000 2767.062256 0.000000 0.996564 0.000000 -0.082826 0.907655 0.907655 0.907655
6382.281250 0.000000 2762.525146 0.000000 0.921060 0.000000 -0.389421 0.996909 0.996909 0.996909
6391.233887 0.000000 2769.384033 0.000000 0.190885 0.000000 -0.981612 1.272408 1.272408 1.272408
6429.132812 0.000000 2772.945801 0.000000 0.866205 0.000000 -0.499689 1.031598 1.031598 1.031598
6429.199707 0.000000 2774.358398 0.000000 0.891621 0.000000 -0.452782 1.016579 1.016579 1.016579
6430.802246 0.000000 2769.499023 0.000000 0.943983 0.000000 0.329993 0.789651 0.789651 0.789651
6419.624512 0.000000 2763.379883 0.000000 0.506074 0.000000 0.862490 0.591521 0.591521 0.591521
6433.062988 0.000000 2754.207275 0.000000 0.453029 0.000000 -0.891496 1.194127 1.194127 1.194127
6431.887207 0.000000 2768.854492 0.000000 0.814632 0.000000 -0.579978 1.058470 1.058470 1.058470
6432.034180 0.000000 2754.314453 0.000000 0.960660 0.000000 0.277726 0.805097 0.805097 0.805097
6444.693848 0.000000 2777.210693 0.000000 0.878532 0.000000 0.477684 0.744129 0.744129 0.744129
6440.673828 0.000000 2780.905762 0.000000 0.898373 0.000000 0.439233 0.756310 0.756310 0.756310
6238.697266 0.000000 2930.854004 0.000000 0.782847 0.000000 -0.622214 1.073351 1.073351 1.073351
6247.459961 0.000000 2926.177246 0.000000 0.709917 0.000000 0.704286 0.664356 0.664356 0.664356
6246.040527 0.000000 2926.623779 0.000000 0.912622 0.000000 -0.408805 1.002860 1.002860 1.002860
6243.978516 0.000000 2932.642090 0.000000 0.441237 0.000000 0.897390 0.570790 0.570790 0.570790
6310.823730 0.000000 2970.604736 0.000000 0.530886 0.000000 -0.847443 1.168938 1.168938 1.168938
6311.657227 0.000000 2992.960693 0.000000 0.495024 0.000000 0.868879 0.587928 0.587928 0.587928
6319.677734 0.000000 2979.595459 0.000000 0.445990 0.000000 -0.895038 1.196345 1.196345 1.196345
6315.044922 0.000000 2976.314697 0.000000 0.771874 0.000000 -0.635776 1.078261 1.078261 1.078261
6315.284180 0.000000 2977.793457 0.000000 0.958247 0.000000 0.285942 0.802686 0.802686 0.802686
6315.549316 0.000000 2988.263184 0.000000 0.810265 0.000000 -0.586064 1.060578 1.060578 1.060578
6347.808105 0.000000 2974.276123 0.000000 0.660948 0.000000 0.750432 0.645412 0.645412 0.645412
6377.157715 0.000000 2962.782471 0.000000 0.999620 0.000000 0.027572 0.876552 0.876552 0.876552
6374.730957 0.000000 2944.506592 0.000000 0.124369 0.000000 -0.992236 1.291372 1.291372 1.291372
6375.265137 0.000000 2945.659424 0.000000 0.440660 0.000000 -0.897674 1.198019 1.198019 1.198019
6346.274902 0.000000 2975.374756 0.000000 0.996149 0.000000 -0.087682 0.909027 0.909027 0.909027
6337.284180 0.000000 2985.287354 0.000000 0.955392 0.000000 -0.295340 0.968706 0.968706 0.968706
6338.760742 0.000000 2987.411377 0.000000 0.581730 0.000000 -0.813382 1.151709 1.151709 1.151709
6339.948242 0.000000 2986.705566 0.000000 0.867553 0.000000 0.497344 0.737791 0.737791 0.737791
6356.928711 0.000000 3061.098633 0.000000 0.580155 0.000000 0.814506 0.616374 0.616374 0.616374
6500.199219 0.000000 2920.113525 0.000000 0.132455 0.000000 -0.991189 1.289076 1.289076 1.289076
6505.587891 0.000000 2921.334717 0.000000 0.241276 0.000000 -0.970456 1.257878 1.257878 1.257878
6496.228516 0.000000 2926.986572 0.000000 0.951778 0.000000 -0.306788 0.972086 0.972086 0.972086
6501.539551 0.000000 2921.646973 0.000000 0.849570 0.000000 0.527476 0.727913 0.727913 0.727913
6590.280762 0.000000 3030.577393 0.000000 0.999740 0.000000 0.022823 0.877889 0.877889 0.877889
6588.120117 0.000000 3029.914551 0.000000 0.920116 0.000000 -0.391646 0.997589 0.997589 0.997589
6588.237793 0.000000 3028.089600 0.000000 0.199711 0.000000 -0.979855 1.269874 1.269874 1.269874
6566.057617 0.000000 3046.126465 0.000000 0.938873 0.000000 -0.344265 0.983244 0.983244 0.983244
6577.071777 0.000000 3040.889648 0.000000 0.242296 0.000000 -0.970202 1.257582 1.257582 1.257582
6577.600098 0.000000 3041.885498 0.000000 0.872812 0.000000 0.488057 0.740795 0.740795 0.740795
6567.272461 0.000000 3046.955078 0.000000 0.842105 0.000000 -0.539313 1.044654 1.044654 1.044654
6591.208496 0.000000 3023.595703 0.000000 0.984083 0.000000 0.177712 0.834023 0.834023 0.834023
6591.273926 0.000000 3022.118164 0.000000 0.999155 0.000000 -0.041098 0.895885 0.895885 0.895885
6909.872070 0.000000 2613.856934 0.000000 0.590806 0.000000 -0.806813 1.148555 1.148555 1.148555
6742.788574 0.000000 2814.506592 0.000000 0.709591 0.000000 0.704614 0.664226 0.664226 0.664226
6881.713867 0.000000 2778.488525 0.000000 0.531887 0.000000 -0.846815 1.168606 1.168606 1.168606
6866.508301 0.000000 2783.545410 0.000000 0.969639 0.000000 -0.244543 0.953854 0.953854 0.953854
6869.912598 0.000000 2789.368896 0.000000 0.633291 0.000000 0.773914 0.635199 0.635199 0.635199
6878.619141 0.000000 2802.885254 0.000000 0.237351 0.000000 0.971424 0.509612 0.509612 0.509612
6879.467773 0.000000 2802.378418 0.000000 0.339425 0.000000 0.940633 0.539637 0.539637 0.539637
6882.559082 0.000000 2785.408203 0.000000 0.806129 0.000000 -0.591740 1.062555 1.062555 1.062555
6879.163086 0.000000 2803.920166 0.000000 0.439322 0.000000 0.898330 0.570189 0.570189 0.570189
6881.720215 0.000000 2788.904053 0.000000 0.952363 0.000000 -0.304966 0.971547 0.971547 0.971547
6923.120117 0.000000 2619.296631 0.000000 0.999308 0.000000 -0.037195 0.894786 0.894786 0.894786
6917.766113 0.000000 2621.985107 0.000000 0.896155 0.000000 -0.443742 1.013733 1.013733 1.013733
6962.824219 0.000000 2600.807861 0.000000 0.755777 0.000000 0.654829 0.683345 0.683345 0.683345
6919.529785 0.000000 2627.605957 0.000000 0.951972 0.000000 -0.306184 0.971907 0.971907 0.971907
6938.632812 0.000000 2627.166504 0.000000 0.922714 0.000000 0.385485 0.772920 0.772920 0.772920
6912.347168 0.000000 2628.871826 0.000000 0.250906 0.000000 0.968011 0.513546 0.513546 0.513546
6939.853027 0.000000 2626.831055 0.000000 0.335234 0.000000 -0.942135 1.230244 1.230244 1.230244
6942.752441 0.000000 2638.227295 0.000000 0.850913 0.000000 0.525306 0.728631 0.728631 0.728631
6924.814941 0.000000 2624.555664 0.000000 0.733654 0.000000 -0.679523 1.094615 1.094615 1.094615
6924.496094 0.000000 2627.415283 0.000000 0.918195 0.000000 -0.396128 0.998962 0.998962 0.998962
6947.641113 0.000000 2641.626221 0.000000 0.736076 0.000000 -0.676899 1.093610 1.093610 1.093610
6943.165527 0.000000 2639.689453 0.000000 0.584902 0.000000 -0.811104 1.150610 1.150610 1.150610
6946.119629 0.000000 2630.496826 0.000000 0.626876 0.000000 0.779119 0.632874 0.632874 0.632874
6948.143066 0.000000 2629.387207 0.000000 0.662642 0.000000 0.748936 0.646049 0.646049 0.646049
6948.949707 0.000000 2628.284912 0.000000 0.496069 0.000000 0.868283 0.588267 0.588267 0.588267
6947.201660 0.000000 2640.365967 0.000000 0.439140 0.000000 0.898418 0.570132 0.570132 0.570132
7035.745605 0.000000 2675.091309 0.000000 0.989645 0.000000 -0.143537 0.924858 0.924858 0.924858
7046.809570 0.000000 2686.027832 0.000000 0.921668 0.000000 0.387981 0.772159 0.772159 0.772159
7053.603516 0.000000 2681.373047 0.000000 0.774957 0.000000 0.632014 0.691736 0.691736 0.691736
7049.780273 0.000000 2672.781250 0.000000 0.635968 0.000000 0.771715 0.636175 0.636175 0.636175
7046.516113 0.000000 2677.055420 0.000000 0.848115 0.000000 -0.529813 1.041490 1.041490 1.041490
7047.309570 0.000000 2676.082275 0.000000 0.937127 0.000000 0.348990 0.783966 0.783966 0.783966
7042.371582 0.000000 2684.797607 0.000000 0.755103 0.000000 0.655606 0.683056 0.683056 0.683056
7045.065430 0.000000 2681.123047 0.000000 0.866141 0.000000 0.499800 0.736993 0.736993 0.736993
7046.810547 0.000000 2683.760986 0.000000 0.940400 0.000000 -0.340069 0.981987 0.981987 0.981987
7047.761719 0.000000 2686.824707 0.000000 0.917116 0.000000 0.398620 0.768902 0.768902 0.768902
7052.619629 0.000000 2681.234131 0.000000 0.770090 0.000000 -0.637935 1.079050 1.079050 1.079050
7163.277832 0.000000 2672.599854 0.000000 0.902641 0.000000 0.430394 0.759073 0.759073 0.759073
7151.577148 0.000000 2669.802734 0.000000 0.294682 0.000000 0.955595 0.526356 0.526356 0.526356
7163.172363 0.000000 2676.828125 0.000000 0.898837 0.000000 0.438284 0.756607 0.756607 0.756607
7151.875488 0.000000 2668.018555 0.000000 0.190441 0.000000 -0.981699 1.272535 1.272535 1.272535
7151.054199 0.000000 2668.727783 0.000000 0.752272 0.000000 0.658853 0.681843 0.681843 0.681843
6972.419434 0.000000 2743.346436 0.000000 0.991023 0.000000 0.133693 0.846568 0.846568 0.846568
6957.541992 0.000000 2741.713867 0.000000 0.937746 0.000000 -0.347323 0.984161 0.984161 0.984161
6973.133301 0.000000 2742.366211 0.000000 0.999198 0.000000 -0.040041 0.895588 0.895588 0.895588
6956.936035 0.000000 2744.256592 0.000000 0.196724 0.000000 0.980459 0.497896 0.497896 0.497896
6956.631348 0.000000 2745.218506 0.000000 0.862405 0.000000 -0.506218 1.033725 1.033725 1.033725
6957.163086 0.000000 2746.766602 0.000000 0.680253 0.000000 0.732978 0.652739 0.652739 0.652739
6968.667480 0.000000 2814.424072 0.000000 0.935522 0.000000 0.353269 0.782680 0.782680 0.782680
6969.982422 0.000000 2814.248047 0.000000 0.807192 0.000000 -0.590289 1.062049 1.062049 1.062049
7047.442383 0.000000 2687.390625 0.000000 0.969642 0.000000 -0.244530 0.953851 0.953851 0.953851
7048.501465 0.000000 2691.281982 0.000000 0.936739 0.000000 0.350028 0.783654 0.783654 0.783654
6737.455078 0.000000 2831.905273 0.000000 0.032176 0.000000 -0.999482 1.317412 1.317412 1.317412
6729.427246 0.000000 2818.702881 0.000000 0.968617 0.000000 -0.248556 0.955020 0.955020 0.955020
6737.419922 0.000000 2833.698975 0.000000 0.937508 0.000000 0.347964 0.784274 0.784274 0.784274
6741.212891 0.000000 2825.699463 0.000000 0.809696 0.000000 0.586850 0.707776 0.707776 0.707776
6734.348633 0.000000 2833.349365 0.000000 0.620809 0.000000 -0.783962 1.137939 1.137939 1.137939
6727.348633 0.000000 2836.043213 0.000000 0.943879 0.000000 0.330291 0.789562 0.789562 0.789562
6743.458008 0.000000 2815.482178 0.000000 0.968186 0.000000 0.250233 0.813120 0.813120 0.813120
6741.949707 0.000000 2824.197021 0.000000 0.920035 0.000000 0.391836 0.770980 0.770980 0.770980
6736.498047 0.000000 2831.584473 0.000000 0.581666 0.000000 -0.813428 1.151731 1.151731 1.151731
6757.978027 0.000000 2830.647217 0.000000 0.708967 0.000000 0.705242 0.663977 0.663977 0.663977
6756.183105 0.000000 2832.327637 0.000000 0.940584 0.000000 -0.339562 0.981835 0.981835 0.981835
6876.523438 0.000000 2853.732422 0.000000 0.391734 0.000000 0.920079 0.555459 0.555459 0.555459
6870.586426 0.000000 2864.649414 0.000000 0.087135 0.000000 0.996197 0.466715 0.466715 0.466715
6877.837891 0.000000 2862.923828 0.000000 0.917323 0.000000 -0.398145 0.999580 0.999580 0.999580
6865.000977 0.000000 2857.725342 0.000000 0.478197 0.000000 -0.878253 1.186122 1.186122 1.186122
6866.920898 0.000000 2863.398193 0.000000 0.396132 0.000000 -0.918193 1.211821 1.211821 1.211821
6870.436523 0.000000 2865.893799 0.000000 0.136264 0.000000 -0.990673 1.287995 1.287995 1.287995
6867.880859 0.000000 2863.133301 0.000000 0.129366 0.000000 -0.991597 1.289954 1.289954 1.289954
6874.689453 0.000000 2854.669678 0.000000 0.955482 0.000000 0.295050 0.800007 0.800007 0.800007
6871.511719 0.000000 2864.258057 0.000000 0.736291 0.000000 -0.676665 1.093521 1.093521 1.093521
6870.116699 0.000000 2854.293945 0.000000 0.249632 0.000000 -0.968341 1.255452 1.255452 1.255452
6859.043945 0.000000 2855.575684 0.000000 0.145772 0.000000 0.989318 0.483337 0.483337 0.483337
6860.465332 0.000000 2855.941650 0.000000 0.014824 0.000000 -0.999890 1.322298 1.322298 1.322298
6866.868652 0.000000 2862.371094 0.000000 0.737718 0.000000 0.675109 0.675701 0.675701 0.675701
6888.222656 0.000000 2856.926514 0.000000 0.845785 0.000000 0.533524 0.725904 0.725904 0.725904
6893.163086 0.000000 2856.543213 0.000000 0.132221 0.000000 -0.991220 1.289143 1.289143 1.289143
6893.651367 0.000000 2850.260254 0.000000 0.769326 0.000000 -0.638856 1.079386 1.079386 1.079386
6902.605469 0.000000 2855.135742 0.000000 0.180573 0.000000 -0.983562 1.275361 1.275361 1.275361
6901.193359 0.000000 2857.691650 0.000000 0.841363 0.000000 0.540471 0.723586 0.723586 0.723586
6889.365723 0.000000 2856.098633 0.000000 0.309872 0.000000 0.950778 0.530841 0.530841 0.530841
6889.541016 0.000000 2857.350342 0.000000 0.499681 0.000000 -0.866210 1.179189 1.179189 1.179189
6902.736328 0.000000 2852.347900 0.000000 0.575453 0.000000 -0.817835 1.153875 1.153875 1.153875
6908.839355 0.000000 2863.453613 0.000000 0.249399 0.000000 -0.968401 1.255520 1.255520 1.255520
6903.249512 0.000000 2854.354492 0.000000 0.838747 0.000000 -0.544522 1.046399 1.046399 1.046399
6893.370117 0.000000 2851.114990 0.000000 0.868995 0.000000 -0.494822 1.030019 1.030019 1.030019
6906.300781 0.000000 2948.354980 0.000000 0.481810 0.000000 -0.876276 1.184962 1.184962 1.184962
6911.388184 0.000000 2855.404053 0.000000 0.390614 0.000000 -0.920554 1.213511 1.213511 1.213511
7062.413086 0.000000 2833.901611 0.000000 0.997002 0.000000 -0.077375 0.906116 0.906116 0.906116
7067.237793 0.000000 2830.403564 0.000000 0.530617 0.000000 -0.847612 1.169028 1.169028 1.169028
7063.151855 0.000000 2833.368408 0.000000 0.979571 0.000000 -0.201100 0.941309 0.941309 0.941309
7059.134766 0.000000 2825.619629 0.000000 0.743366 0.000000 -0.668884 1.090560 1.090560 1.090560
6946.105469 0.000000 2988.653809 0.000000 0.999727 0.000000 0.023356 0.877739 0.877739 0.877739
6947.375977 0.000000 2989.214111 0.000000 0.810189 0.000000 0.586169 0.708013 0.708013 0.708013
7010.131836 0.000000 3067.513672 0.000000 0.865144 0.000000 -0.501523 1.032195 1.032195 1.032195
7015.501953 0.000000 3062.129639 0.000000 0.665788 0.000000 0.746141 0.647233 0.647233 0.647233
7014.878418 0.000000 3063.670898 0.000000 0.290988 0.000000 0.956727 0.525268 0.525268 0.525268
7011.131348 0.000000 3067.932617 0.000000 0.072622 0.000000 0.997360 0.462617 0.462617 0.462617
7547.196289 0.000000 2078.346680 0.000000 0.842225 0.000000 -0.539126 1.044592 1.044592 1.044592
7571.155762 0.000000 2066.248047 0.000000 0.936773 0.000000 0.349936 0.783682 0.783682 0.783682
7567.496094 0.000000 2072.209961 0.000000 0.997507 0.000000 -0.070571 0.904195 0.904195 0.904195
7560.284668 0.000000 2071.666016 0.000000 0.501579 0.000000 -0.865112 1.178572 1.178572 1.178572
7560.936523 0.000000 2070.370605 0.000000 0.338427 0.000000 0.940993 0.539338 0.539338 0.539338
7570.891602 0.000000 2076.670654 0.000000 0.589164 0.000000 0.808014 0.619500 0.619500 0.619500
7570.686035 0.000000 2067.473877 0.000000 0.020775 0.000000 0.999784 0.448005 0.448005 0.448005
7561.426758 0.000000 2071.419678 0.000000 0.777080 0.000000 -0.629402 1.075945 1.075945 1.075945
7569.092285 0.000000 2071.029053 0.000000 0.899412 0.000000 0.437103 0.756977 0.756977 0.756977
7584.016602 0.000000 2069.379639 0.000000 0.492464 0.000000 0.870333 0.587099 0.587099 0.587099
7584.724609 0.000000 2068.595703 0.000000 0.991490 0.000000 0.130183 0.847565 0.847565 0.847565
7224.482422 0.000000 2314.073730 0.000000 0.295263 0.000000 -0.955416 1.242101 1.242101 1.242101
7539.076172 0.000000 2377.729004 0.000000 0.576438 0.000000 -0.817141 1.153536 1.153536 1.153536
7833.876953 0.000000 2078.427734 0.000000 0.769009 0.000000 -0.639238 1.079526 1.079526 1.079526
7832.424316 0.000000 2079.558350 0.000000 0.583495 0.000000 0.812117 0.617530 0.617530 0.617530
7818.095215 0.000000 2079.593506 0.000000 0.864850 0.000000 -0.502031 1.032360 1.032360 1.032360
7830.496094 0.000000 2081.258789 0.000000 0.944396 0.000000 0.328811 0.790003 0.790003 0.790003
7821.538086 0.000000 2082.447754 0.000000 0.933759 0.000000 -0.357903 0.987343 0.987343 0.987343
7822.628906 0.000000 2088.120361 0.000000 0.310181 0.000000 0.950678 0.530933 0.530933 0.530933
7812.275879 0.000000 2089.852051 0.000000 0.940090 0.000000 0.340926 0.786384 0.786384 0.786384
7816.580566 0.000000 2084.673828 0.000000 0.999361 0.000000 0.035741 0.874251 0.874251 0.874251
7813.201172 0.000000 2088.815674 0.000000 0.283289 0.000000 -0.959035 1.245622 1.245622 1.245622
7827.873047 0.000000 2085.885742 0.000000 0.095103 0.000000 0.995467 0.468967 0.468967 0.468967
7823.556641 0.000000 2084.890869 0.000000 0.397245 0.000000 0.917713 0.557148 0.557148 0.557148
7834.572266 0.000000 2086.857178 0.000000 0.203363 0.000000 0.979103 0.499803 0.499803 0.499803
7820.348145 0.000000 2088.129150 0.000000 0.039347 0.000000 0.999226 0.453235 0.453235 0.453235
7822.913086 0.000000 2088.994141 0.000000 0.031854 0.000000 0.999493 0.451125 0.451125 0.451125
7867.191895 0.000000 2256.701416 0.000000 0.848073 0.000000 0.529880 0.727116 0.727116 0.727116
7860.360352 0.000000 2262.656250 0.000000 0.659928 0.000000 -0.751328 1.123597 1.123597 1.123597
7854.222656 0.000000 2269.459717 0.000000 0.192077 0.000000 0.981380 0.496562 0.496562 0.496562
7856.107422 0.000000 2262.653076 0.000000 0.834706 0.000000 -0.550695 1.048476 1.048476 1.048476
7857.031250 0.000000 2263.976807 0.000000 0.898376 0.000000 0.439227 0.756311 0.756311 0.756311
7862.148438 0.000000 2265.959961 0.000000 0.283850 0.000000 -0.958869 1.245457 1.245457 1.245457
7861.242676 0.000000 2257.170898 0.000000 0.291148 0.000000 0.956678 0.525315 0.525315 0.525315
7850.912598 0.000000 2261.449707 0.000000 0.087201 0.000000 -0.996191 1.301894 1.301894 1.301894
7990.132812 0.000000 2201.975586 0.000000 0.120469 0.000000 -0.992717 1.292478 1.292478 1.292478
7989.605957 0.000000 2205.586182 0.000000 0.996634 0.000000 -0.081984 0.907417 0.907417 0.907417
7988.048340 0.000000 2205.990967 0.000000 0.746051 0.000000 0.665889 0.679200 0.679200 0.679200
7998.404297 0.000000 2210.010498 0.000000 0.772957 0.000000 -0.634459 1.077781 1.077781 1.077781
7995.724121 0.000000 2210.932617 0.000000 0.658744 0.000000 -0.752367 1.124041 1.124041 1.124041
8001.292480 0.000000 2205.733154 0.000000 0.340347 0.000000 -0.940300 1.228715 1.228715 1.228715
8001.577637 0.000000 2197.176025 0.000000 0.297617 0.000000 0.954685 0.527221 0.527221 0.527221
8001.033691 0.000000 2204.300781 0.000000 0.838702 0.000000 0.544591 0.722206 0.722206 0.722206
8003.072754 0.000000 2192.475342 0.000000 0.737236 0.000000 -0.675635 1.093127 1.093127 1.093127
7999.516602 0.000000 2211.384033 0.000000 0.944337 0.000000 0.328979 0.789954 0.789954 0.789954
8027.151855 0.000000 2209.836182 0.000000 0.504717 0.000000 0.863285 0.591078 0.591078 0.591078
8020.678711 0.000000 2213.092529 0.000000 0.631529 0.000000 0.775352 0.634559 0.634559 0.634559
8015.533203 0.000000 2212.859619 0.000000 0.969764 0.000000 -0.244046 0.953710 0.953710 0.953710
7999.842773 0.000000 2210.447266 0.000000 0.193627 0.000000 -0.981075 1.271621 1.271621 1.271621
8014.082031 0.000000 2218.657959 0.000000 0.891130 0.000000 -0.453747 1.016884 1.016884 1.016884
7753.538086 0.000000 2428.937256 0.000000 0.869016 0.000000 -0.494784 1.030007 1.030007 1.030007
7745.440918 0.000000 2423.297607 0.000000 0.897860 0.000000 -0.440281 1.012647 1.012647 1.012647
7747.604980 0.000000 2425.039062 0.000000 0.543211 0.000000 0.839596 0.603802 0.603802 0.603802
7755.046875 0.000000 2425.948242 0.000000 0.991249 0.000000 0.132002 0.847048 0.847048 0.847048
7705.972168 0.000000 2480.494629 0.000000 0.388886 0.000000 0.921286 0.554588 0.554588 0.554588
7699.720703 0.000000 2465.733643 0.000000 0.979727 0.000000 -0.200338 0.941090 0.941090 0.941090
7697.996582 0.000000 2482.553467 0.000000 0.286154 0.000000 -0.958184 1.244781 1.244781 1.244781
7750.063477 0.000000 2434.075439 0.000000 0.872317 0.000000 0.488940 0.740510 0.740510 0.740510
7750.593750 0.000000 2436.668213 0.000000 0.536702 0.000000 0.843772 0.601625 0.601625 0.601625
7745.056641 0.000000 2431.456787 0.000000 0.868318 0.000000 -0.496008 1.030404 1.030404 1.030404
7819.628418 0.000000 2558.377686 0.000000 0.032896 0.000000 0.999459 0.451418 0.451418 0.451418
7819.010742 0.000000 2555.312256 0.000000 0.999948 0.000000 0.010187 0.881446 0.881446 0.881446
7824.572266 0.000000 2549.064453 0.000000 0.970444 0.000000 0.241326 0.815707 0.815707 0.815707
7818.183594 0.000000 2558.845947 0.000000 0.983715 0.000000 0.179737 0.833444 0.833444 0.833444
7851.443848 0.000000 2544.377441 0.000000 0.999567 0.000000 0.029432 0.876028 0.876028 0.876028
7855.180176 0.000000 2553.828857 0.000000 0.917067 0.000000 0.398733 0.768867 0.768867 0.768867
7845.326172 0.000000 2551.925293 0.000000 0.922565 0.000000 0.385842 0.772812 0.772812 0.772812
7842.593262 0.000000 2550.630859 0.000000 0.943535 0.000000 0.331273 0.789270 0.789270 0.789270
7854.662598 0.000000 2552.924561 0.000000 0.996147 0.000000 -0.087700 0.909032 0.909032 0.909032
7991.997559 0.000000 2333.186035 0.000000 0.386727 0.000000 -0.922194 1.214698 1.214698 1.214698
7978.531250 0.000000 2344.557129 0.000000 0.850891 0.000000 0.525342 0.728619 0.728619 0.728619
7989.050293 0.000000 2342.186035 0.000000 0.251763 0.000000 -0.967789 1.254832 1.254832 1.254832
7979.588379 0.000000 2345.908203 0.000000 0.396549 0.000000 -0.918014 1.211694 1.211694 1.211694
7985.962402 0.000000 2345.785400 0.000000 0.922774 0.000000 0.385341 0.772964 0.772964 0.772964
7406.526855 0.000000 2646.717285 0.000000 0.447501 0.000000 0.894283 0.572758 0.572758 0.572758
7403.717285 0.000000 2647.264404 0.000000 0.284819 0.000000 -0.958581 1.245173 1.245173 1.245173
7398.783203 0.000000 2641.910156 0.000000 0.032079 0.000000 0.999485 0.451188 0.451188 0.451188
7379.927734 0.000000 2661.745117 0.000000 0.177704 0.000000 -0.984084 1.276182 1.276182 1.276182
7389.094727 0.000000 2665.763184 0.000000 0.846016 0.000000 -0.533158 1.042601 1.042601 1.042601
7367.920410 0.000000 2671.180176 0.000000 0.181292 0.000000 -0.983429 1.275156 1.275156 1.275156
7379.051270 0.000000 2661.293213 0.000000 0.862819 0.000000 -0.505513 1.033495 1.033495 1.033495
7199.103516 0.000000 2748.061279 0.000000 0.407020 0.000000 0.913419 0.560153 0.560153 0.560153
7200.158203 0.000000 2745.130127 0.000000 0.844471 0.000000 -0.535601 1.043415 1.043415 1.043415
7340.508301 0.000000 2740.690186 0.000000 0.299673 0.000000 0.954042 0.527827 0.527827 0.527827
7342.534668 0.000000 2742.693848 0.000000 0.917601 0.000000 0.397502 0.769244 0.769244 0.769244
7342.274414 0.000000 2737.372803 0.000000 0.401113 0.000000 0.916029 0.558335 0.558335 0.558335
7346.233887 0.000000 2740.788818 0.000000 0.958452 0.000000 0.285255 0.802888 0.802888 0.802888
7348.615723 0.000000 2746.452393 0.000000 0.190277 0.000000 -0.981730 1.272582 1.272582 1.272582
7351.910156 0.000000 2744.173096 0.000000 0.957784 0.000000 -0.287487 0.966396 0.966396 0.966396
7568.915039 0.000000 2633.780029 0.000000 0.892458 0.000000 0.451131 0.752569 0.752569 0.752569
7582.272949 0.000000 2633.979248 0.000000 0.088118 0.000000 -0.996110 1.301634 1.301634 1.301634
7571.131348 0.000000 2636.297119 0.000000 0.439895 0.000000 0.898049 0.570369 0.570369 0.570369
7573.616211 0.000000 2639.759033 0.000000 0.780874 0.000000 -0.624689 1.074242 1.074242 1.074242
7579.296387 0.000000 2630.001953 0.000000 0.988477 0.000000 -0.151371 0.927087 0.927087 0.927087
7570.126953 0.000000 2636.500488 0.000000 0.577354 0.000000 0.816494 0.615407 0.615407 0.615407
7579.142090 0.000000 2632.215332 0.000000 0.453824 0.000000 -0.891091 1.193876 1.193876 1.193876
7586.041504 0.000000 2630.496826 0.000000 0.196344 0.000000 0.980535 0.497786 0.497786 0.497786
7587.524902 0.000000 2630.146973 0.000000 0.191691 0.000000 -0.981455 1.272177 1.272177 1.272177
7546.567871 0.000000 2719.287109 0.000000 0.299949 0.000000 0.953955 0.527909 0.527909 0.527909
7550.347656 0.000000 2714.809082 0.000000 0.245175 0.000000 0.969479 0.511881 0.511881 0.511881
7543.478027 0.000000 2690.290039 0.000000 0.237902 0.000000 0.971289 0.509771 0.509771 0.509771
7547.196289 0.000000 2718.190430 0.000000 0.529176 0.000000 -0.848512 1.169506 1.169506 1.169506
7540.245117 0.000000 2700.999268 0.000000 0.934148 0.000000 -0.356887 0.987037 0.987037 0.987037
7539.487793 0.000000 2699.395508 0.000000 0.785669 0.000000 -0.618647 1.072070 1.072070 1.072070
7540.656250 0.000000 2700.085693 0.000000 0.780689 0.000000 -0.624920 1.074325 1.074325 1.074325
7545.780762 0.000000 2710.936523 0.000000 0.940824 0.000000 -0.338895 0.981635 0.981635 0.981635
7536.802734 0.000000 2709.909668 0.000000 0.989949 0.000000 -0.141428 0.924258 0.924258 0.924258
7548.171387 0.000000 2701.633057 0.000000 0.921227 0.000000 0.389025 0.771840 0.771840 0.771840
7555.467285 0.000000 2717.056152 0.000000 0.999848 0.000000 -0.017408 0.889214 0.889214 0.889214
7553.173340 0.000000 2718.952148 0.000000 0.982757 0.000000 0.184902 0.831965 0.831965 0.831965
7552.710938 0.000000 2715.090820 0.000000 0.247545 0.000000 0.968876 0.512569 0.512569 0.512569
7552.926270 0.000000 2722.215088 0.000000 0.983975 0.000000 0.178308 0.833853 0.833853 0.833853
7553.896484 0.000000 2722.490479 0.000000 0.915730 0.000000 -0.401795 1.000702 1.000702 1.000702
7552.091309 0.000000 2719.619385 0.000000 0.743222 0.000000 -0.669045 1.090621 1.090621 1.090621
7230.202637 0.000000 2902.608643 0.000000 0.805657 0.000000 -0.592382 1.062779 1.062779 1.062779
7228.236328 0.000000 2908.755859 0.000000 0.979138 0.000000 -0.203195 0.941912 0.941912 0.941912
7230.556152 0.000000 2903.758301 0.000000 0.996529 0.000000 0.083249 0.860853 0.860853 0.860853
7229.102051 0.000000 2902.327148 0.000000 0.580653 0.000000 -0.814151 1.152082 1.152082 1.152082
7229.149902 0.000000 2909.417236 0.000000 0.840992 0.000000 -0.541048 1.045234 1.045234 1.045234
7229.443848 0.000000 2907.076904 0.000000 0.999540 0.000000 -0.030339 0.892855 0.892855 0.892855
7290.453125 0.000000 3001.293945 0.000000 0.345287 0.000000 0.938497 0.541393 0.541393 0.541393
7292.478027 0.000000 3006.319092 0.000000 0.937666 0.000000 -0.347537 0.984225 0.984225 0.984225
7283.395020 0.000000 2992.169922 0.000000 0.966323 0.000000 -0.257333 0.957574 0.957574 0.957574
7290.354492 0.000000 3008.247070 0.000000 0.737804 0.000000 -0.675016 1.092891 1.092891 1.092891
7291.241699 0.000000 3009.640869 0.000000 0.999222 0.000000 -0.039427 0.895415 0.895415 0.895415
7296.122559 0.000000 3007.549072 0.000000 0.742764 0.000000 -0.669553 1.090814 1.090814 1.090814
7682.740234 0.000000 2590.764893 0.000000 0.780055 0.000000 -0.625711 1.074610 1.074610 1.074610
7696.456055 0.000000 2595.256592 0.000000 0.935713 0.000000 0.352761 0.782832 0.782832 0.782832
7679.881836 0.000000 2594.353516 0.000000 0.738756 0.000000 -0.673973 1.092493 1.092493 1.092493
7845.197266 0.000000 2568.698486 0.000000 0.992171 0.000000 -0.124887 0.919560 0.919560 0.919560
6451.387207 0.000000 3582.764893 0.000000 0.079241 0.000000 -0.996855 1.304142 1.304142 1.304142
6812.531250 0.000000 3109.669922 0.000000 0.814732 0.000000 0.579838 0.710206 0.710206 0.710206
6812.693359 0.000000 3108.563965 0.000000 0.335950 0.000000 -0.941880 1.230030 1.230030 1.230030
6745.878418 0.000000 3254.803711 0.000000 0.897475 0.000000 0.441065 0.755736 0.755736 0.755736
7015.992188 0.000000 3072.870361 0.000000 0.439066 0.000000 0.898455 0.570109 0.570109 0.570109
7015.187012 0.000000 3073.628174 0.000000 0.235938 0.000000 -0.971768 1.259425 1.259425 1.259425
7070.736816 0.000000 3150.102295 0.000000 0.923919 0.000000 0.382587 0.773804 0.773804 0.773804
6334.665527 0.000000 3639.578613 0.000000 0.916077 0.000000 0.401001 0.768170 0.768170 0.768170
6338.904297 0.000000 3646.507080 0.000000 0.485378 0.000000 -0.874304 1.183815 1.183815 1.183815
6335.507812 0.000000 3644.345947 0.000000 0.437699 0.000000 -0.899122 1.198947 1.198947 1.198947
6339.814941 0.000000 3647.174072 0.000000 0.709726 0.000000 0.704478 0.664280 0.664280 0.664280
6443.905762 0.000000 3584.888184 0.000000 0.941459 0.000000 0.337128 0.787521 0.787521 0.787521
6442.289551 0.000000 3588.170898 0.000000 0.251148 0.000000 -0.967949 1.255011 1.255011 1.255011
6444.518555 0.000000 3590.163330 0.000000 0.990058 0.000000 0.140661 0.844588 0.844588 0.844588
6443.268555 0.000000 3585.645020 0.000000 0.586325 0.000000 0.810076 0.618512 0.618512 0.618512
6443.126465 0.000000 3588.602295 0.000000 0.997205 0.000000 -0.074712 0.905364 0.905364 0.905364
6480.408203 0.000000 3612.903809 0.000000 0.878470 0.000000 0.477798 0.744093 0.744093 0.744093
6478.379883 0.000000 3601.161865 0.000000 0.409221 0.000000 0.912435 0.560831 0.560831 0.560831
6474.635254 0.000000 3607.624023 0.000000 0.970199 0.000000 0.242311 0.815421 0.815421 0.815421
6488.129883 0.000000 3600.886963 0.000000 0.021355 0.000000 -0.999772 1.320459 1.320459 1.320459
6475.830566 0.000000 3607.030029 0.000000 0.591002 0.000000 -0.806670 1.148487 1.148487 1.148487
6479.415527 0.000000 3601.087891 0.000000 0.705440 0.000000 0.708770 0.662573 0.662573 0.662573
6480.898926 0.000000 3595.879883 0.000000 0.714987 0.000000 0.699138 0.666390 0.666390 0.666390
7240.057617 0.000000 3307.500000 0.000000 0.242104 0.000000 0.970250 0.510990 0.510990 0.510990
7239.338867 0.000000 3308.546631 0.000000 0.675795 0.000000 0.737089 0.651031 0.651031 0.651031
7200.063477 0.000000 3381.059326 0.000000 0.813761 0.000000 0.581200 0.709736 0.709736 0.709736
"}
object={
	name="rock_red_generator_1_4"
	clamp_to_water_level=no
	render_under_water=no
	generated_content=yes
	layer="rock_layer"
	pdxmesh="rock_M_red_mesh"
	count=1026
	transform="1669.212280 0.000000 1454.270752 0.000000 0.986100 0.000000 0.166151 0.478705 0.478705 0.478705
1691.136475 0.000000 1465.668945 0.000000 0.832593 0.000000 -0.553885 0.575768 0.575768 0.575768
1681.476807 0.000000 1466.758545 0.000000 0.287903 0.000000 -0.957659 0.666009 0.666009 0.666009
1685.660645 0.000000 1465.364624 0.000000 0.088469 0.000000 0.996079 0.305728 0.305728 0.305728
1702.884644 0.000000 1447.765137 0.000000 0.984027 0.000000 0.178022 0.476855 0.476855 0.476855
1690.795654 0.000000 1480.666992 0.000000 0.993666 0.000000 0.112375 0.484931 0.484931 0.484931
1745.468994 0.000000 1498.750732 0.000000 0.944727 0.000000 0.327857 0.456969 0.456969 0.456969
1739.414673 0.000000 1487.010010 0.000000 0.386217 0.000000 -0.922408 0.653031 0.653031 0.653031
1731.519287 0.000000 1482.358765 0.000000 0.973096 0.000000 0.230401 0.469702 0.469702 0.469702
1734.880737 0.000000 1511.749512 0.000000 0.999993 0.000000 0.003719 0.499520 0.499520 0.499520
1739.414673 0.000000 1519.002197 0.000000 0.961140 0.000000 0.276063 0.463690 0.463690 0.463690
1775.688477 0.000000 1514.277466 0.000000 0.991768 0.000000 0.128049 0.483010 0.483010 0.483010
1766.245605 0.000000 1503.929565 0.000000 0.661534 0.000000 -0.749915 0.609232 0.609232 0.609232
1911.598999 0.000000 1341.366943 0.000000 0.954619 0.000000 -0.297831 0.539487 0.539487 0.539487
1909.037109 0.000000 1343.816772 0.000000 0.156451 0.000000 0.987686 0.317885 0.317885 0.317885
1972.001587 0.000000 1307.614258 0.000000 0.416094 0.000000 0.909321 0.346945 0.346945 0.346945
1990.952393 0.000000 1305.540405 0.000000 0.498381 0.000000 0.866958 0.363548 0.363548 0.363548
1942.641113 0.000000 1364.736572 0.000000 0.038635 0.000000 0.999253 0.301860 0.301860 0.301860
1979.101318 0.000000 1369.692383 0.000000 0.900971 0.000000 0.433880 0.441849 0.441849 0.441849
1952.582275 0.000000 1375.586182 0.000000 0.972586 0.000000 0.232544 0.468595 0.468595 0.468595
1949.622559 0.000000 1387.314819 0.000000 0.809003 0.000000 -0.587805 0.581415 0.581415 0.581415
1973.029297 0.000000 1375.808960 0.000000 0.965465 0.000000 -0.260533 0.533823 0.533823 0.533823
1951.993286 0.000000 1383.763428 0.000000 0.972209 0.000000 0.234115 0.468909 0.468909 0.468909
1953.895508 0.000000 1391.816284 0.000000 0.867714 0.000000 -0.497063 0.568833 0.568833 0.568833
1990.849487 0.000000 1383.780762 0.000000 0.325476 0.000000 -0.945550 0.659337 0.659337 0.659337
2011.906494 0.000000 1424.904419 0.000000 0.325584 0.000000 -0.945513 0.659941 0.659941 0.659941
2013.036377 0.000000 1408.887207 0.000000 0.868140 0.000000 -0.496320 0.568719 0.568719 0.568719
2013.116943 0.000000 1414.084106 0.000000 0.872772 0.000000 0.488127 0.433162 0.433162 0.433162
1935.668945 0.000000 1482.285278 0.000000 0.403681 0.000000 0.914900 0.351754 0.351754 0.351754
1940.270142 0.000000 1486.299194 0.000000 0.989353 0.000000 -0.145535 0.518961 0.518961 0.518961
1941.103760 0.000000 1483.448486 0.000000 0.859569 0.000000 -0.511020 0.571774 0.571774 0.571774
1963.912231 0.000000 1490.829102 0.000000 0.353184 0.000000 0.935554 0.336899 0.336899 0.336899
1965.163940 0.000000 1492.994995 0.000000 0.302477 0.000000 0.953157 0.328716 0.328716 0.328716
1960.967651 0.000000 1495.806763 0.000000 0.303513 0.000000 0.952827 0.328233 0.328233 0.328233
2043.177368 0.000000 1501.497803 0.000000 0.543487 0.000000 0.839418 0.368433 0.368433 0.368433
1781.052734 0.000000 1567.762085 0.000000 0.921032 0.000000 0.389488 0.447263 0.447263 0.447263
1780.289673 0.000000 1582.275757 0.000000 0.994872 0.000000 -0.101141 0.513178 0.513178 0.513178
1976.172852 0.000000 1540.073608 0.000000 0.154288 0.000000 0.988026 0.314421 0.314421 0.314421
1985.407837 0.000000 1542.706177 0.000000 0.917061 0.000000 -0.398746 0.764787 0.764787 0.764787
2007.252930 0.000000 1609.312500 0.000000 0.181319 0.000000 -0.983424 0.678172 0.678172 0.678172
2006.633301 0.000000 1620.674072 0.000000 0.038562 0.000000 0.999256 0.299173 0.299173 0.299173
2000.205688 0.000000 1614.060425 0.000000 0.424048 0.000000 -0.905640 0.648203 0.648203 0.648203
2016.104004 0.000000 1613.093262 0.000000 0.839051 0.000000 -0.544053 0.574968 0.574968 0.574968
2019.877808 0.000000 1621.701050 0.000000 0.417675 0.000000 0.908596 0.352301 0.352301 0.352301
1808.247314 0.000000 1682.489990 0.000000 0.999812 0.000000 0.019378 0.497513 0.497513 0.497513
1792.088745 0.000000 1682.651855 0.000000 0.998838 0.000000 -0.048188 0.506222 0.506222 0.506222
2115.159424 0.000000 1273.941406 0.000000 0.997043 0.000000 0.076847 0.489899 0.489899 0.489899
2243.850586 0.000000 1269.786987 0.000000 0.807478 0.000000 -0.589897 0.581908 0.581908 0.581908
2246.921387 0.000000 1273.548218 0.000000 0.882183 0.000000 0.470906 0.434266 0.434266 0.434266
2294.598145 0.000000 1268.760010 0.000000 0.900314 0.000000 0.435241 0.441653 0.441653 0.441653
2275.846680 0.000000 1269.786987 0.000000 0.965072 0.000000 -0.261984 0.534810 0.534810 0.534810
2398.384766 0.000000 1263.314331 0.000000 0.103303 0.000000 0.994650 0.301454 0.301454 0.301454
2385.985840 0.000000 1264.288086 0.000000 0.388235 0.000000 -0.921561 0.657427 0.657427 0.657427
2405.122559 0.000000 1262.317627 0.000000 0.339833 0.000000 -0.940486 0.663186 0.663186 0.663186
2400.014648 0.000000 1266.753418 0.000000 0.520059 0.000000 -0.854131 0.636499 0.636499 0.636499
2462.880371 0.000000 1277.720215 0.000000 0.351674 0.000000 0.936122 0.343336 0.343336 0.343336
2479.323975 0.000000 1279.541504 0.000000 0.684405 0.000000 0.729102 0.393120 0.393120 0.393120
2477.537109 0.000000 1271.484375 0.000000 0.339474 0.000000 -0.940615 0.658346 0.658346 0.658346
2538.174561 0.000000 1245.226318 0.000000 0.373386 0.000000 -0.927676 0.653058 0.653058 0.653058
2544.157471 0.000000 1234.599365 0.000000 0.999752 0.000000 0.022279 0.497130 0.497130 0.497130
2550.566895 0.000000 1236.767822 0.000000 0.999756 0.000000 0.022078 0.497139 0.497139 0.497139
2546.387451 0.000000 1238.476074 0.000000 0.968340 0.000000 -0.249633 0.532817 0.532817 0.532817
2544.157471 0.000000 1266.591553 0.000000 0.859187 0.000000 -0.511661 0.568790 0.568790 0.568790
2556.969971 0.000000 1248.926270 0.000000 0.362259 0.000000 0.932078 0.343303 0.343303 0.343303
2558.191650 0.000000 1273.142090 0.000000 0.905981 0.000000 0.423318 0.440418 0.440418 0.440418
2084.135010 0.000000 1309.399780 0.000000 0.416260 0.000000 0.909246 0.352384 0.352384 0.352384
2111.973877 0.000000 1287.786865 0.000000 0.232543 0.000000 -0.972586 0.672453 0.672453 0.672453
2113.589844 0.000000 1282.566650 0.000000 0.662305 0.000000 -0.749235 0.610791 0.610791 0.610791
2115.544189 0.000000 1285.795288 0.000000 0.807538 0.000000 -0.589816 0.582682 0.582682 0.582682
2214.191162 0.000000 1279.984253 0.000000 0.424129 0.000000 -0.905602 0.646212 0.646212 0.646212
2269.005127 0.000000 1280.918457 0.000000 0.183704 0.000000 -0.982982 0.679245 0.679245 0.679245
2235.879150 0.000000 1392.912231 0.000000 0.060706 0.000000 -0.998156 0.698298 0.698298 0.698298
2219.356201 0.000000 1391.033447 0.000000 0.165656 0.000000 -0.986184 0.681966 0.681966 0.681966
2229.068604 0.000000 1387.471924 0.000000 0.785395 0.000000 0.618994 0.410684 0.410684 0.410684
2239.951660 0.000000 1400.764282 0.000000 0.276439 0.000000 -0.961031 0.667883 0.667883 0.667883
2240.034180 0.000000 1394.722168 0.000000 0.251087 0.000000 0.967965 0.328698 0.328698 0.328698
2071.245117 0.000000 1449.351562 0.000000 0.997429 0.000000 0.071662 0.490617 0.490617 0.490617
2056.176270 0.000000 1457.335571 0.000000 0.632477 0.000000 0.774579 0.383867 0.383867 0.383867
2067.421387 0.000000 1449.089233 0.000000 0.985863 0.000000 0.167556 0.477430 0.477430 0.477430
2062.555664 0.000000 1446.460693 0.000000 0.219507 0.000000 -0.975611 0.684288 0.684288 0.684288
2051.552002 0.000000 1445.756226 0.000000 0.740537 0.000000 -0.672016 0.599716 0.599716 0.599716
2051.062256 0.000000 1440.016846 0.000000 0.179343 0.000000 -0.983787 0.687802 0.687802 0.687802
2154.645020 0.000000 1433.554810 0.000000 0.238018 0.000000 -0.971261 0.674383 0.674383 0.674383
2133.606201 0.000000 1465.364624 0.000000 0.980552 0.000000 -0.196259 0.525793 0.525793 0.525793
2144.558838 0.000000 1471.562744 0.000000 0.817232 0.000000 0.576308 0.418117 0.418117 0.418117
2070.625488 0.000000 1492.705322 0.000000 0.998862 0.000000 -0.047692 0.506146 0.506146 0.506146
2052.138672 0.000000 1501.352905 0.000000 0.724328 0.000000 0.689456 0.395923 0.395923 0.395923
2078.927002 0.000000 1501.665527 0.000000 0.874926 0.000000 0.484256 0.434248 0.434248 0.434248
2058.656494 0.000000 1497.539185 0.000000 0.945740 0.000000 0.324924 0.455964 0.455964 0.455964
2048.688232 0.000000 1500.158936 0.000000 0.969017 0.000000 -0.246996 0.534020 0.534020 0.534020
2050.018799 0.000000 1501.905029 0.000000 0.301200 0.000000 0.953561 0.325377 0.325377 0.325377
2079.971191 0.000000 1496.740845 0.000000 0.063719 0.000000 -0.997968 0.694139 0.694139 0.694139
2097.426270 0.000000 1498.750732 0.000000 0.980730 0.000000 -0.195368 0.525232 0.525232 0.525232
2084.234619 0.000000 1489.907471 0.000000 0.304338 0.000000 0.952564 0.330240 0.330240 0.330240
2087.967773 0.000000 1486.528809 0.000000 0.488943 0.000000 -0.872316 0.641833 0.641833 0.641833
2064.216064 0.000000 1522.529053 0.000000 0.650531 0.000000 -0.759480 0.611757 0.611757 0.611757
2056.123291 0.000000 1507.879395 0.000000 0.182459 0.000000 -0.983213 0.681487 0.681487 0.681487
2149.153809 0.000000 1486.262939 0.000000 0.568422 0.000000 -0.822737 0.626881 0.626881 0.626881
2164.242920 0.000000 1486.299194 0.000000 0.285319 0.000000 -0.958433 0.666999 0.666999 0.666999
2147.468506 0.000000 1482.358765 0.000000 0.875782 0.000000 0.482707 0.434101 0.434101 0.434101
2113.589844 0.000000 1506.511963 0.000000 0.542566 0.000000 0.840013 0.370778 0.370778 0.370778
2205.012939 0.000000 1408.887207 0.000000 0.885532 0.000000 -0.464578 0.563086 0.563086 0.563086
2205.591309 0.000000 1419.307007 0.000000 0.415543 0.000000 0.909574 0.350001 0.350001 0.350001
2200.781006 0.000000 1421.560303 0.000000 0.983159 0.000000 0.182755 0.475911 0.475911 0.475911
2176.554932 0.000000 1439.570557 0.000000 0.971595 0.000000 0.236652 0.468864 0.468864 0.468864
2216.103760 0.000000 1411.902832 0.000000 0.512502 0.000000 0.858686 0.364130 0.364130 0.364130
2211.532471 0.000000 1413.764038 0.000000 0.989969 0.000000 -0.141283 0.519111 0.519111 0.519111
2212.705811 0.000000 1410.776123 0.000000 0.802271 0.000000 -0.596961 0.585762 0.585762 0.585762
2211.042725 0.000000 1408.024658 0.000000 0.904506 0.000000 0.426460 0.441154 0.441154 0.441154
2175.959473 0.000000 1464.748657 0.000000 0.996347 0.000000 -0.085396 0.511164 0.511164 0.511164
2182.195068 0.000000 1439.945190 0.000000 0.437900 0.000000 -0.899023 0.645079 0.645079 0.645079
2176.041992 0.000000 1458.706543 0.000000 0.977748 0.000000 -0.209782 0.527385 0.527385 0.527385
2267.066162 0.000000 1433.676758 0.000000 0.800349 0.000000 -0.599535 0.583946 0.583946 0.583946
2251.988770 0.000000 1411.437012 0.000000 0.800333 0.000000 -0.599556 0.583789 0.583789 0.583789
2244.115479 0.000000 1437.368530 0.000000 0.049902 0.000000 0.998754 0.302180 0.302180 0.302180
2255.351318 0.000000 1439.502441 0.000000 0.208288 0.000000 0.978068 0.321959 0.321959 0.321959
2256.174561 0.000000 1422.107300 0.000000 0.868229 0.000000 -0.496164 0.568566 0.568566 0.568566
2259.443115 0.000000 1438.217285 0.000000 0.374352 0.000000 -0.927287 0.655592 0.655592 0.655592
2264.472168 0.000000 1431.504517 0.000000 0.958087 0.000000 0.286478 0.461846 0.461846 0.461846
2253.964111 0.000000 1424.437012 0.000000 0.993254 0.000000 0.115959 0.484477 0.484477 0.484477
2270.810303 0.000000 1416.603882 0.000000 0.212515 0.000000 0.977158 0.318121 0.318121 0.318121
2283.984863 0.000000 1411.437012 0.000000 0.328235 0.000000 -0.944596 0.662666 0.662666 0.662666
2288.188721 0.000000 1426.552490 0.000000 0.543730 0.000000 0.839260 0.367228 0.367228 0.367228
2278.814453 0.000000 1415.772949 0.000000 0.874343 0.000000 0.485308 0.433965 0.433965 0.433965
2290.751709 0.000000 1413.322144 0.000000 0.403964 0.000000 0.914775 0.349775 0.349775 0.349775
2292.227295 0.000000 1422.314819 0.000000 0.376514 0.000000 -0.926411 0.656765 0.656765 0.656765
2285.560547 0.000000 1431.445312 0.000000 0.312540 0.000000 0.949905 0.337970 0.337970 0.337970
2290.418701 0.000000 1430.429199 0.000000 0.589791 0.000000 0.807556 0.376561 0.376561 0.376561
2275.524658 0.000000 1413.764038 0.000000 0.998949 0.000000 -0.045841 0.506010 0.506010 0.506010
2295.144531 0.000000 1425.001099 0.000000 0.019710 0.000000 -0.999806 0.707558 0.707558 0.707558
2273.856445 0.000000 1423.808472 0.000000 0.713405 0.000000 0.700751 0.396293 0.396293 0.396293
2285.960205 0.000000 1424.437012 0.000000 0.848195 0.000000 0.529684 0.425440 0.425440 0.425440
2302.372070 0.000000 1426.515381 0.000000 0.673584 0.000000 0.739111 0.388907 0.388907 0.388907
2279.944336 0.000000 1422.544434 0.000000 0.923110 0.000000 0.384537 0.447281 0.447281 0.447281
2272.197998 0.000000 1418.458252 0.000000 0.354632 0.000000 0.935006 0.338013 0.338013 0.338013
2246.818359 0.000000 1447.765137 0.000000 0.652473 0.000000 -0.757812 0.612713 0.612713 0.612713
2262.602051 0.000000 1460.713135 0.000000 0.568968 0.000000 -0.822359 0.625107 0.625107 0.625107
2258.755615 0.000000 1445.314331 0.000000 0.852023 0.000000 0.523505 0.427786 0.427786 0.427786
2248.666748 0.000000 1451.953125 0.000000 0.579546 0.000000 -0.814940 0.624146 0.624146 0.624146
2391.206055 0.000000 1289.390625 0.000000 0.633908 0.000000 0.773408 0.384550 0.384550 0.384550
2397.567871 0.000000 1291.338257 0.000000 0.435486 0.000000 -0.900195 0.645987 0.645987 0.645987
2405.122559 0.000000 1294.309814 0.000000 0.402228 0.000000 0.915539 0.348662 0.348662 0.348662
2327.548340 0.000000 1405.351318 0.000000 0.275181 0.000000 -0.961393 0.677085 0.677085 0.677085
2334.895996 0.000000 1405.688965 0.000000 0.546715 0.000000 0.837319 0.367703 0.367703 0.367703
2331.142334 0.000000 1405.521240 0.000000 0.858796 0.000000 -0.512317 0.572514 0.572514 0.572514
2304.656982 0.000000 1404.182373 0.000000 0.166379 0.000000 -0.986062 0.689230 0.689230 0.689230
2323.958740 0.000000 1403.590820 0.000000 0.694147 0.000000 -0.719833 0.608933 0.608933 0.608933
2320.915527 0.000000 1405.442993 0.000000 0.995038 0.000000 -0.099498 0.513809 0.513809 0.513809
2363.054443 0.000000 1401.684570 0.000000 0.155993 0.000000 0.987758 0.315000 0.315000 0.315000
2349.552734 0.000000 1399.453125 0.000000 0.553703 0.000000 0.832714 0.372995 0.372995 0.372995
2378.194092 0.000000 1405.187256 0.000000 0.805932 0.000000 -0.592008 0.583197 0.583197 0.583197
2390.586426 0.000000 1396.728760 0.000000 0.848307 0.000000 0.529504 0.425051 0.425051 0.425051
2392.456543 0.000000 1399.512329 0.000000 0.071255 0.000000 -0.997458 0.701402 0.701402 0.701402
2416.173096 0.000000 1394.560303 0.000000 0.378059 0.000000 -0.925781 0.656839 0.656839 0.656839
2429.563965 0.000000 1387.314819 0.000000 0.633157 0.000000 0.774023 0.383982 0.383982 0.383982
2424.753662 0.000000 1389.568115 0.000000 0.880096 0.000000 0.474795 0.435156 0.435156 0.435156
2475.961426 0.000000 1283.468262 0.000000 0.824828 0.000000 0.565383 0.421541 0.421541 0.421541
2463.930908 0.000000 1287.786865 0.000000 0.999779 0.000000 0.021019 0.497303 0.497303 0.497303
2449.383301 0.000000 1370.781982 0.000000 0.313769 0.000000 0.949499 0.336574 0.336574 0.336574
2450.399170 0.000000 1366.444824 0.000000 0.113358 0.000000 -0.993554 0.690993 0.690993 0.690993
2487.194336 0.000000 1353.375000 0.000000 0.721402 0.000000 0.692517 0.401264 0.401264 0.401264
2469.114746 0.000000 1358.294189 0.000000 0.909140 0.000000 -0.416491 0.556948 0.556948 0.556948
2477.537109 0.000000 1367.460938 0.000000 0.839977 0.000000 -0.542622 0.574030 0.574030 0.574030
2487.121094 0.000000 1361.016724 0.000000 0.767636 0.000000 -0.640886 0.593436 0.593436 0.593436
2477.936768 0.000000 1360.452637 0.000000 0.100782 0.000000 0.994909 0.302946 0.302946 0.302946
2459.851807 0.000000 1392.912231 0.000000 0.972693 0.000000 0.232094 0.470001 0.470001 0.470001
2447.606689 0.000000 1386.308716 0.000000 0.898194 0.000000 0.439599 0.440912 0.440912 0.440912
2487.194336 0.000000 1385.367188 0.000000 0.931858 0.000000 -0.362824 0.549870 0.549870 0.549870
2479.602783 0.000000 1386.308716 0.000000 0.273557 0.000000 -0.961856 0.671825 0.671825 0.671825
2467.823242 0.000000 1397.755737 0.000000 0.598438 0.000000 0.801169 0.378901 0.378901 0.378901
2476.589844 0.000000 1387.929688 0.000000 0.072342 0.000000 -0.997380 0.699011 0.699011 0.699011
2512.161377 0.000000 1362.568115 0.000000 0.312186 0.000000 0.950021 0.334792 0.334792 0.334792
2523.843994 0.000000 1360.920044 0.000000 0.826107 0.000000 0.563513 0.422883 0.422883 0.422883
2496.002930 0.000000 1362.729980 0.000000 0.440435 0.000000 -0.897784 0.645269 0.645269 0.645269
2514.724365 0.000000 1349.337769 0.000000 0.935216 0.000000 -0.354079 0.547166 0.547166 0.547166
2526.872559 0.000000 1373.696777 0.000000 0.998873 0.000000 -0.047468 0.506295 0.506295 0.506295
2515.366699 0.000000 1353.112671 0.000000 0.273707 0.000000 -0.961813 0.673419 0.673419 0.673419
2506.602051 0.000000 1369.570435 0.000000 0.075288 0.000000 -0.997162 0.696752 0.696752 0.696752
2515.411865 0.000000 1374.232910 0.000000 0.520151 0.000000 -0.854074 0.635718 0.635718 0.635718
2497.829102 0.000000 1359.824097 0.000000 0.985604 0.000000 0.169071 0.477224 0.477224 0.477224
2520.209473 0.000000 1370.496826 0.000000 0.700801 0.000000 -0.713357 0.605691 0.605691 0.605691
2503.916992 0.000000 1358.560059 0.000000 0.612536 0.000000 -0.790443 0.621976 0.621976 0.621976
2498.648193 0.000000 1357.052368 0.000000 0.224515 0.000000 -0.974471 0.681237 0.681237 0.681237
2548.196045 0.000000 1358.330444 0.000000 0.547662 0.000000 0.836700 0.366369 0.366369 0.366369
2541.529297 0.000000 1367.460938 0.000000 0.962091 0.000000 0.272727 0.463657 0.463657 0.463657
2551.520996 0.000000 1373.359131 0.000000 0.580391 0.000000 -0.814338 0.624486 0.624486 0.624486
2546.387451 0.000000 1366.444824 0.000000 0.311134 0.000000 0.950366 0.335899 0.335899 0.335899
2528.511963 0.000000 1375.586182 0.000000 0.337477 0.000000 -0.941334 0.660764 0.660764 0.660764
2536.631592 0.000000 1355.976562 0.000000 0.460713 0.000000 0.887549 0.354147 0.354147 0.354147
2536.117676 0.000000 1361.359009 0.000000 0.953653 0.000000 -0.300909 0.540595 0.540595 0.540595
2547.362793 0.000000 1353.112671 0.000000 0.592562 0.000000 0.805525 0.374440 0.374440 0.374440
2554.690430 0.000000 1352.698242 0.000000 0.997346 0.000000 0.072814 0.490393 0.490393 0.490393
2531.108643 0.000000 1369.917969 0.000000 0.065063 0.000000 -0.997881 0.699604 0.699604 0.699604
2549.029541 0.000000 1355.479736 0.000000 0.772568 0.000000 -0.634932 0.592398 0.592398 0.592398
2555.910400 0.000000 1357.736572 0.000000 0.993151 0.000000 0.116835 0.484155 0.484155 0.484155
2312.811035 0.000000 1429.187866 0.000000 0.968931 0.000000 -0.247330 0.532071 0.532071 0.532071
2333.575684 0.000000 1419.307007 0.000000 0.985391 0.000000 0.170305 0.477911 0.477911 0.477911
2305.566406 0.000000 1410.535400 0.000000 0.701997 0.000000 -0.712180 0.603093 0.603093 0.603093
2314.767090 0.000000 1407.757446 0.000000 0.987951 0.000000 -0.154767 0.521104 0.521104 0.521104
2308.207275 0.000000 1425.923096 0.000000 0.748611 0.000000 0.663010 0.405178 0.405178 0.405178
2325.163086 0.000000 1411.110840 0.000000 0.958506 0.000000 0.285072 0.461533 0.461533 0.461533
2347.977051 0.000000 1411.437012 0.000000 0.879692 0.000000 0.475544 0.434797 0.434797 0.434797
2363.863525 0.000000 1424.904419 0.000000 0.641870 0.000000 0.766813 0.387209 0.387209 0.387209
2351.618408 0.000000 1418.300903 0.000000 0.225557 0.000000 -0.974230 0.673379 0.673379 0.673379
2365.571777 0.000000 1419.307007 0.000000 0.413522 0.000000 0.910494 0.350852 0.350852 0.350852
2340.690186 0.000000 1410.776123 0.000000 0.565323 0.000000 -0.824870 0.627859 0.627859 0.627859
2339.027100 0.000000 1408.024658 0.000000 0.512562 0.000000 0.858650 0.362592 0.362592 0.362592
2384.177002 0.000000 1426.552490 0.000000 0.316759 0.000000 0.948506 0.340103 0.340103 0.340103
2376.651123 0.000000 1419.960938 0.000000 0.577969 0.000000 -0.816059 0.625113 0.625113 0.625113
2303.950439 0.000000 1511.732178 0.000000 0.998772 0.000000 -0.049539 0.506397 0.506397 0.506397
2570.170654 0.000000 1277.218506 0.000000 0.825360 0.000000 0.564606 0.422113 0.422113 0.422113
2584.098877 0.000000 1252.143921 0.000000 0.349442 0.000000 0.936958 0.343330 0.343330 0.343330
2566.882324 0.000000 1273.548218 0.000000 0.484406 0.000000 -0.874844 0.652899 0.652899 0.652899
2570.594238 0.000000 1273.593872 0.000000 0.453429 0.000000 0.891293 0.353328 0.353328 0.353328
2560.140625 0.000000 1271.170410 0.000000 0.777063 0.000000 -0.629423 0.599601 0.599601 0.599601
2922.127686 0.000000 1245.226318 0.000000 0.887076 0.000000 -0.461623 0.562531 0.562531 0.562531
2939.793213 0.000000 1232.951294 0.000000 0.899950 0.000000 0.435993 0.441433 0.441433 0.441433
3003.785400 0.000000 1200.959106 0.000000 0.975315 0.000000 0.220818 0.471095 0.471095 0.471095
2991.540283 0.000000 1194.355591 0.000000 0.953671 0.000000 -0.300850 0.539824 0.539824 0.539824
2995.308105 0.000000 1193.151733 0.000000 0.730480 0.000000 -0.682934 0.597971 0.597971 0.597971
2943.990967 0.000000 1229.187012 0.000000 0.588403 0.000000 0.808568 0.378216 0.378216 0.378216
2967.135742 0.000000 1257.398438 0.000000 0.783738 0.000000 0.621091 0.413337 0.413337 0.413337
2970.980225 0.000000 1273.715820 0.000000 0.377755 0.000000 -0.925905 0.654815 0.654815 0.654815
2966.516113 0.000000 1268.760010 0.000000 0.568622 0.000000 -0.822599 0.626367 0.626367 0.626367
2967.062500 0.000000 1265.040161 0.000000 0.837406 0.000000 -0.546582 0.575794 0.575794 0.575794
2997.500732 0.000000 1273.411499 0.000000 0.403185 0.000000 0.915119 0.348799 0.348799 0.348799
2986.543457 0.000000 1273.593872 0.000000 0.983474 0.000000 0.181050 0.476138 0.476138 0.476138
2979.053955 0.000000 1273.941406 0.000000 0.865296 0.000000 -0.501262 0.569081 0.569081 0.569081
2976.578613 0.000000 1269.574951 0.000000 0.702978 0.000000 -0.711212 0.604692 0.604692 0.604692
2587.836182 0.000000 1360.920044 0.000000 0.683109 0.000000 0.730316 0.391456 0.391456 0.391456
2566.779297 0.000000 1351.788574 0.000000 0.169530 0.000000 -0.985525 0.681107 0.681107 0.681107
2575.312256 0.000000 1375.518066 0.000000 0.317487 0.000000 0.948263 0.336463 0.336463 0.336463
2563.811523 0.000000 1365.763550 0.000000 0.435378 0.000000 -0.900248 0.650477 0.650477 0.650477
2563.417725 0.000000 1354.390015 0.000000 0.324246 0.000000 -0.945973 0.662911 0.662911 0.662911
2560.508057 0.000000 1375.586182 0.000000 0.338140 0.000000 -0.941096 0.660671 0.660671 0.660671
2561.821289 0.000000 1359.824097 0.000000 0.988159 0.000000 -0.153436 0.520575 0.520575 0.520575
2591.915283 0.000000 1351.771240 0.000000 0.414521 0.000000 0.910040 0.352993 0.352993 0.352993
2580.955322 0.000000 1375.808960 0.000000 0.222574 0.000000 -0.974916 0.676127 0.676127 0.676127
2561.535156 0.000000 1378.543213 0.000000 0.846866 0.000000 0.531807 0.427485 0.427485 0.427485
2629.095215 0.000000 1358.294189 0.000000 0.290375 0.000000 -0.956913 0.663762 0.663762 0.663762
2640.145752 0.000000 1362.568115 0.000000 0.088454 0.000000 0.996080 0.310167 0.310167 0.310167
2630.771484 0.000000 1351.788574 0.000000 0.178760 0.000000 -0.983893 0.681979 0.681979 0.681979
2635.183594 0.000000 1352.799316 0.000000 0.323058 0.000000 -0.946379 0.662766 0.662766 0.662766
2683.824463 0.000000 1360.920044 0.000000 0.873063 0.000000 0.487607 0.433240 0.433240 0.433240
2669.513672 0.000000 1367.460938 0.000000 0.756500 0.000000 0.653994 0.407101 0.407101 0.407101
2677.539795 0.000000 1369.388062 0.000000 0.917021 0.000000 -0.398840 0.555000 0.555000 0.555000
2664.102051 0.000000 1361.359009 0.000000 0.522057 0.000000 -0.852911 0.634401 0.634401 0.634401
2683.220947 0.000000 1366.870972 0.000000 0.076155 0.000000 -0.997096 0.703354 0.703354 0.703354
2673.950684 0.000000 1360.264648 0.000000 0.165863 0.000000 -0.986149 0.686846 0.686846 0.686846
2684.989746 0.000000 1371.521362 0.000000 0.691261 0.000000 -0.722605 0.609274 0.609274 0.609274
2699.297607 0.000000 1327.049072 0.000000 0.248018 0.000000 0.968755 0.329934 0.329934 0.329934
2725.083496 0.000000 1326.302002 0.000000 0.766680 0.000000 -0.642029 0.590503 0.590503 0.590503
2738.364014 0.000000 1334.452637 0.000000 0.748947 0.000000 0.662630 0.405425 0.405425 0.405425
2698.155029 0.000000 1373.195068 0.000000 0.854747 0.000000 0.519044 0.428608 0.428608 0.428608
2704.123291 0.000000 1345.150269 0.000000 0.508982 0.000000 0.860777 0.365403 0.365403 0.365403
2688.492432 0.000000 1375.586182 0.000000 0.991453 0.000000 0.130461 0.482688 0.482688 0.482688
2696.098145 0.000000 1361.359009 0.000000 0.999268 0.000000 -0.038243 0.504995 0.504995 0.504995
2699.822510 0.000000 1362.860352 0.000000 0.145341 0.000000 0.989382 0.313591 0.313591 0.313591
2688.613770 0.000000 1365.551514 0.000000 0.757210 0.000000 0.653172 0.405644 0.405644 0.405644
2740.935791 0.000000 1343.816772 0.000000 0.555999 0.000000 0.831183 0.373106 0.373106 0.373106
2735.292725 0.000000 1375.518066 0.000000 0.118189 0.000000 -0.992991 0.687817 0.687817 0.687817
2728.094238 0.000000 1361.359009 0.000000 0.129857 0.000000 -0.991533 0.688814 0.688814 0.688814
2727.336914 0.000000 1374.348145 0.000000 0.893214 0.000000 -0.449632 0.561823 0.561823 0.561823
2708.939697 0.000000 1375.808960 0.000000 0.999430 0.000000 -0.033752 0.504416 0.504416 0.504416
2711.093750 0.000000 1393.008911 0.000000 0.930126 0.000000 -0.367242 0.549193 0.549193 0.549193
2743.163086 0.000000 1385.367188 0.000000 0.986174 0.000000 0.165713 0.478180 0.478180 0.478180
2747.007568 0.000000 1401.684570 0.000000 0.996139 0.000000 -0.087786 0.511521 0.511521 0.511521
2740.935791 0.000000 1375.808960 0.000000 0.767827 0.000000 -0.640657 0.589056 0.589056 0.589056
2728.608154 0.000000 1387.968750 0.000000 0.998815 0.000000 -0.048663 0.506344 0.506344 0.506344
2736.115967 0.000000 1390.115112 0.000000 0.830758 0.000000 -0.556633 0.577226 0.577226 0.577226
2739.745361 0.000000 1394.411987 0.000000 0.021756 0.000000 -0.999763 0.703031 0.703031 0.703031
2746.041260 0.000000 1396.038818 0.000000 0.994458 0.000000 -0.105136 0.513806 0.513806 0.513806
2801.340332 0.000000 1370.781982 0.000000 0.632217 0.000000 0.774792 0.383823 0.383823 0.383823
2794.566895 0.000000 1369.570435 0.000000 0.530225 0.000000 -0.847857 0.632632 0.632632 0.632632
2762.147217 0.000000 1405.187256 0.000000 0.075329 0.000000 -0.997159 0.691146 0.691146 0.691146
2763.926270 0.000000 1379.444824 0.000000 0.062207 0.000000 -0.998063 0.693581 0.693581 0.693581
2774.539551 0.000000 1396.728760 0.000000 0.848610 0.000000 0.529019 0.426936 0.426936 0.426936
2771.741455 0.000000 1394.411987 0.000000 0.999849 0.000000 0.017353 0.497725 0.497725 0.497725
2730.151123 0.000000 1437.179443 0.000000 0.005637 0.000000 -0.999984 0.705925 0.705925 0.705925
2740.935791 0.000000 1407.801147 0.000000 0.640917 0.000000 0.767610 0.386175 0.386175 0.386175
2737.348145 0.000000 1434.766357 0.000000 0.899376 0.000000 0.437177 0.441488 0.441488 0.441488
2740.935791 0.000000 1439.793335 0.000000 0.033460 0.000000 0.999440 0.302726 0.302726 0.302726
2735.571533 0.000000 1450.293091 0.000000 0.405716 0.000000 0.913999 0.348585 0.348585 0.348585
2741.531982 0.000000 1465.364624 0.000000 0.622195 0.000000 -0.782862 0.617190 0.617190 0.617190
2790.854980 0.000000 1433.509155 0.000000 0.972256 0.000000 0.233919 0.469407 0.469407 0.469407
2765.698975 0.000000 1468.083130 0.000000 0.182959 0.000000 -0.983120 0.681766 0.681766 0.681766
2779.087646 0.000000 1469.505615 0.000000 0.299821 0.000000 0.953996 0.330235 0.330235 0.330235
2789.075684 0.000000 1454.270752 0.000000 0.691453 0.000000 -0.722421 0.603594 0.603594 0.603594
2790.751953 0.000000 1447.765137 0.000000 0.535706 0.000000 -0.844404 0.630026 0.630026 0.630026
2788.049072 0.000000 1469.360718 0.000000 0.995083 0.000000 -0.099048 0.512929 0.512929 0.512929
2798.466064 0.000000 1446.460693 0.000000 0.089447 0.000000 0.995992 0.306227 0.306227 0.306227
2783.040771 0.000000 1474.190308 0.000000 0.799335 0.000000 -0.600885 0.586741 0.586741 0.586741
2807.155273 0.000000 1481.343750 0.000000 0.985800 0.000000 0.167923 0.478265 0.478265 0.478265
2795.164062 0.000000 1480.768066 0.000000 0.222127 0.000000 -0.975018 0.675515 0.675515 0.675515
2792.600342 0.000000 1483.945312 0.000000 0.649897 0.000000 -0.760022 0.613589 0.613589 0.613589
2800.108154 0.000000 1486.091675 0.000000 0.848027 0.000000 0.529953 0.426932 0.426932 0.426932
2798.466064 0.000000 1478.452881 0.000000 0.950423 0.000000 -0.310961 0.541287 0.541287 0.541287
2795.810791 0.000000 1490.829102 0.000000 0.587315 0.000000 0.809358 0.376630 0.376630 0.376630
2790.025879 0.000000 1483.031006 0.000000 0.957299 0.000000 0.289098 0.460901 0.460901 0.460901
2784.850586 0.000000 1477.152954 0.000000 0.435862 0.000000 -0.900013 0.650964 0.650964 0.650964
2936.055908 0.000000 1348.120483 0.000000 0.865250 0.000000 -0.501341 0.567913 0.567913 0.567913
2938.984131 0.000000 1401.684570 0.000000 0.739099 0.000000 -0.673597 0.594470 0.594470 0.594470
2957.675537 0.000000 1340.114380 0.000000 0.818330 0.000000 0.574749 0.419747 0.419747 0.419747
2963.357178 0.000000 1342.240723 0.000000 0.298276 0.000000 0.954480 0.333816 0.333816 0.333816
2992.102783 0.000000 1330.575928 0.000000 0.949583 0.000000 -0.313516 0.541797 0.541797 0.541797
2997.500732 0.000000 1337.395874 0.000000 0.825513 0.000000 0.564383 0.422149 0.422149 0.422149
2995.714111 0.000000 1330.427612 0.000000 0.815250 0.000000 0.579109 0.419047 0.419047 0.419047
2972.919189 0.000000 1344.902832 0.000000 0.847951 0.000000 0.530075 0.427610 0.427610 0.427610
2947.370850 0.000000 1354.390015 0.000000 0.972913 0.000000 0.231172 0.469424 0.469424 0.469424
2948.615967 0.000000 1346.791748 0.000000 0.964322 0.000000 -0.264733 0.535986 0.535986 0.535986
2960.106689 0.000000 1394.560303 0.000000 0.128584 0.000000 -0.991699 0.690422 0.690422 0.690422
2943.865723 0.000000 1400.764282 0.000000 0.675658 0.000000 0.737215 0.393007 0.393007 0.393007
2964.145264 0.000000 1390.322632 0.000000 0.949937 0.000000 -0.312443 0.541570 0.541570 0.541570
2950.835449 0.000000 1401.516968 0.000000 0.911217 0.000000 -0.411927 0.555648 0.555648 0.555648
2957.675537 0.000000 1404.098755 0.000000 0.099234 0.000000 0.995064 0.306778 0.306778 0.306778
2974.140869 0.000000 1401.110840 0.000000 0.197366 0.000000 0.980330 0.319472 0.319472 0.319472
2984.729004 0.000000 1397.195679 0.000000 0.920360 0.000000 0.391071 0.447839 0.447839 0.447839
2845.513184 0.000000 1451.299194 0.000000 0.301211 0.000000 0.953557 0.334851 0.334851 0.334851
2871.481934 0.000000 1469.335693 0.000000 0.064347 0.000000 -0.997928 0.703084 0.703084 0.703084
2859.802979 0.000000 1458.836914 0.000000 0.999470 0.000000 -0.032548 0.504364 0.504364 0.504364
2867.039307 0.000000 1464.925415 0.000000 0.974534 0.000000 0.224238 0.469510 0.469510 0.469510
2891.910645 0.000000 1443.429199 0.000000 0.613333 0.000000 -0.789825 0.616841 0.616841 0.616841
2898.677490 0.000000 1445.314331 0.000000 0.435060 0.000000 -0.900401 0.646888 0.646888 0.646888
2904.695068 0.000000 1453.552490 0.000000 0.335403 0.000000 -0.942075 0.661053 0.661053 0.661053
2899.319824 0.000000 1449.089233 0.000000 0.425418 0.000000 -0.904997 0.647723 0.647723 0.647723
2906.021729 0.000000 1460.023193 0.000000 0.167569 0.000000 -0.985860 0.684866 0.684866 0.684866
2935.139648 0.000000 1449.351562 0.000000 0.621032 0.000000 -0.783785 0.615135 0.615135 0.615135
2938.984131 0.000000 1465.668945 0.000000 0.904631 0.000000 0.426196 0.443612 0.443612 0.443612
2920.736816 0.000000 1461.180054 0.000000 0.590141 0.000000 0.807300 0.375445 0.375445 0.375445
2911.952148 0.000000 1458.706543 0.000000 0.776279 0.000000 -0.630390 0.591439 0.591439 0.591439
2941.558594 0.000000 1461.265991 0.000000 0.994839 0.000000 -0.101469 0.513246 0.513246 0.513246
2920.070801 0.000000 1457.335571 0.000000 0.166714 0.000000 -0.986005 0.687432 0.687432 0.687432
2925.882080 0.000000 1456.429199 0.000000 0.961159 0.000000 0.275996 0.462931 0.462931 0.462931
2918.194824 0.000000 1460.024414 0.000000 0.146482 0.000000 0.989213 0.310898 0.310898 0.310898
2833.336426 0.000000 1498.750732 0.000000 0.038742 0.000000 0.999249 0.302639 0.302639 0.302639
2845.570312 0.000000 1493.258179 0.000000 0.006429 0.000000 -0.999979 0.704259 0.704259 0.704259
2848.472900 0.000000 1503.554932 0.000000 0.462592 0.000000 0.886571 0.357695 0.357695 0.357695
2836.924072 0.000000 1503.777710 0.000000 0.427095 0.000000 -0.904207 0.646071 0.646071 0.646071
2856.078613 0.000000 1521.319946 0.000000 0.302398 0.000000 0.953182 0.335329 0.335329 0.335329
2864.100342 0.000000 1518.083862 0.000000 0.464052 0.000000 0.885808 0.358182 0.358182 0.358182
2874.651367 0.000000 1512.659180 0.000000 0.980550 0.000000 -0.196271 0.525893 0.525893 0.525893
2876.966309 0.000000 1531.482300 0.000000 0.207043 0.000000 0.978332 0.317711 0.317711 0.317711
2907.797119 0.000000 1488.888794 0.000000 0.355941 0.000000 0.934508 0.340611 0.340611 0.340611
2886.109131 0.000000 1471.937378 0.000000 0.642246 0.000000 0.766499 0.387273 0.387273 0.387273
2901.512451 0.000000 1497.356812 0.000000 0.993188 0.000000 0.116526 0.484401 0.484401 0.484401
2883.450439 0.000000 1477.748413 0.000000 0.728226 0.000000 -0.685337 0.600851 0.600851 0.600851
2880.123779 0.000000 1482.442627 0.000000 0.630140 0.000000 0.776482 0.380808 0.380808 0.380808
2888.710449 0.000000 1481.262573 0.000000 0.971670 0.000000 0.236341 0.467715 0.467715 0.467715
2927.269287 0.000000 1503.486816 0.000000 0.722892 0.000000 0.690961 0.400399 0.400399 0.400399
2885.063965 0.000000 1518.255127 0.000000 0.987567 0.000000 -0.157198 0.520295 0.520295 0.520295
2879.956055 0.000000 1522.690918 0.000000 0.023966 0.000000 -0.999713 0.703899 0.703899 0.703899
2918.105225 0.000000 1503.929565 0.000000 0.865872 0.000000 -0.500266 0.567752 0.567752 0.567752
2922.692871 0.000000 1503.734009 0.000000 0.063774 0.000000 -0.997964 0.697518 0.697518 0.697518
2999.131836 0.000000 1417.359375 0.000000 0.558998 0.000000 0.829169 0.372353 0.372353 0.372353
2982.728516 0.000000 1415.772949 0.000000 0.375683 0.000000 -0.926748 0.654811 0.654811 0.654811
3000.048096 0.000000 1412.104858 0.000000 0.983632 0.000000 0.180190 0.476524 0.476524 0.476524
2991.540283 0.000000 1450.293091 0.000000 0.034156 0.000000 0.999417 0.300897 0.300897 0.300897
2994.665771 0.000000 1445.314331 0.000000 0.045377 0.000000 0.998970 0.302733 0.302733 0.302733
3028.137451 0.000000 1422.314819 0.000000 0.005482 0.000000 -0.999985 0.702428 0.702428 0.702428
3026.328857 0.000000 1430.429199 0.000000 0.225300 0.000000 -0.974289 0.676097 0.676097 0.676097
3050.112061 0.000000 1437.179443 0.000000 0.406194 0.000000 0.913787 0.352682 0.352682 0.352682
3039.854004 0.000000 1432.756470 0.000000 0.980922 0.000000 -0.194400 0.525008 0.525008 0.525008
3019.895020 0.000000 1443.429199 0.000000 0.298718 0.000000 0.954341 0.337358 0.337358 0.337358
3035.781494 0.000000 1456.896606 0.000000 0.156703 0.000000 0.987646 0.316859 0.316859 0.316859
3007.864502 0.000000 1447.747803 0.000000 0.892589 0.000000 -0.450871 0.560722 0.560722 0.560722
3019.258545 0.000000 1455.017822 0.000000 0.341727 0.000000 -0.939799 0.660172 0.660172 0.660172
3021.470703 0.000000 1463.437500 0.000000 0.598311 0.000000 0.801264 0.380040 0.380040 0.380040
3051.254639 0.000000 1455.017822 0.000000 0.914857 0.000000 -0.403778 0.554063 0.554063 0.554063
3005.493652 0.000000 1483.291382 0.000000 0.377855 0.000000 -0.925865 0.652437 0.652437 0.652437
3004.995850 0.000000 1478.068481 0.000000 0.946807 0.000000 0.321803 0.457466 0.457466 0.457466
2077.028564 0.000000 1536.855957 0.000000 0.983668 0.000000 0.179993 0.476370 0.476370 0.476370
2054.841797 0.000000 1543.741699 0.000000 0.968738 0.000000 -0.248085 0.532609 0.532609 0.532609
2078.250244 0.000000 1561.071777 0.000000 0.303002 0.000000 0.952990 0.333835 0.333835 0.333835
2103.241211 0.000000 1545.328125 0.000000 0.994773 0.000000 -0.102110 0.513075 0.513075 0.513075
2083.870117 0.000000 1557.716675 0.000000 0.853406 0.000000 0.521247 0.427038 0.427038 0.427038
2080.566650 0.000000 1567.539307 0.000000 0.738272 0.000000 -0.674503 0.596844 0.596844 0.596844
2079.971191 0.000000 1624.709595 0.000000 0.846068 0.000000 0.533075 0.427151 0.427151 0.427151
2103.575684 0.000000 1629.296631 0.000000 0.953526 0.000000 -0.301311 0.540116 0.540116 0.540116
2105.123047 0.000000 1631.667725 0.000000 0.575112 0.000000 -0.818075 0.625332 0.625332 0.625332
2111.973877 0.000000 1639.700928 0.000000 0.032265 0.000000 0.999479 0.298347 0.298347 0.298347
2118.833984 0.000000 1639.718262 0.000000 0.117821 0.000000 -0.993035 0.687502 0.687502 0.687502
2123.367920 0.000000 1646.970947 0.000000 0.128107 0.000000 -0.991760 0.688685 0.688685 0.688685
2295.217773 0.000000 1545.328125 0.000000 0.234276 0.000000 -0.972170 0.671557 0.671557 0.671557
2295.217773 0.000000 1609.312500 0.000000 0.853280 0.000000 0.521453 0.428239 0.428239 0.428239
2271.947754 0.000000 1624.709595 0.000000 0.728965 0.000000 -0.684551 0.597130 0.597130 0.597130
2287.626221 0.000000 1610.254028 0.000000 0.654615 0.000000 -0.755963 0.609774 0.609774 0.609774
2292.990479 0.000000 1631.746460 0.000000 0.993632 0.000000 0.112678 0.485454 0.485454 0.485454
2269.005127 0.000000 1696.816895 0.000000 0.451401 0.000000 0.892321 0.355777 0.355777 0.355777
2272.030273 0.000000 1714.644043 0.000000 0.914638 0.000000 -0.404273 0.554133 0.554133 0.554133
2272.072998 0.000000 1709.069824 0.000000 0.209383 0.000000 0.977834 0.321766 0.321766 0.321766
2303.950439 0.000000 1543.724365 0.000000 0.233886 0.000000 -0.972264 0.670942 0.670942 0.670942
2314.201904 0.000000 1597.140381 0.000000 0.548665 0.000000 0.836042 0.371721 0.371721 0.371721
2303.950439 0.000000 1575.716553 0.000000 0.486271 0.000000 -0.873808 0.638262 0.638262 0.638262
2304.069092 0.000000 1581.101074 0.000000 0.199268 0.000000 0.979945 0.321438 0.321438 0.321438
2315.980957 0.000000 1603.390137 0.000000 0.767249 0.000000 -0.641350 0.590910 0.590910 0.590910
2320.184814 0.000000 1682.489990 0.000000 0.730965 0.000000 -0.682415 0.596003 0.596003 0.596003
2327.548340 0.000000 1693.281006 0.000000 0.104457 0.000000 0.994529 0.307834 0.307834 0.307834
2429.066162 0.000000 1734.005981 0.000000 0.953220 0.000000 -0.302277 0.540249 0.540249 0.540249
2431.928223 0.000000 1720.686157 0.000000 0.980130 0.000000 -0.198356 0.526172 0.526172 0.526172
2224.196533 0.000000 1810.458740 0.000000 0.885959 0.000000 -0.463763 0.563447 0.563447 0.563447
2231.560059 0.000000 1821.249756 0.000000 0.277976 0.000000 -0.960588 0.667353 0.667353 0.667353
2221.765381 0.000000 1819.997192 0.000000 0.114456 0.000000 -0.993428 0.694847 0.694847 0.694847
2218.637207 0.000000 1817.461060 0.000000 0.350132 0.000000 0.936700 0.338580 0.338580 0.338580
2214.191162 0.000000 1823.851440 0.000000 0.166111 0.000000 -0.986107 0.684710 0.684710 0.684710
2221.619141 0.000000 1823.568359 0.000000 0.740496 0.000000 -0.672061 0.599356 0.599356 0.599356
2280.814941 0.000000 1813.094116 0.000000 0.578446 0.000000 -0.815720 0.622416 0.622416 0.622416
2289.402832 0.000000 1818.672607 0.000000 0.993190 0.000000 0.116506 0.484753 0.484753 0.484753
2285.757568 0.000000 1819.997192 0.000000 0.078088 0.000000 -0.996947 0.695264 0.695264 0.695264
2314.201904 0.000000 1821.085693 0.000000 0.748396 0.000000 0.663252 0.404955 0.404955 0.404955
2315.980957 0.000000 1827.335449 0.000000 0.651567 0.000000 -0.758591 0.610935 0.610935 0.610935
2331.867432 0.000000 1840.802856 0.000000 0.461811 0.000000 0.886978 0.359214 0.359214 0.359214
2360.761475 0.000000 1837.458740 0.000000 0.533460 0.000000 -0.845825 0.633642 0.633642 0.633642
2362.713867 0.000000 1832.581055 0.000000 0.977323 0.000000 -0.211754 0.528126 0.528126 0.528126
2736.134033 0.000000 1586.513428 0.000000 0.892341 0.000000 -0.451362 0.560911 0.560911 0.560911
2719.893066 0.000000 1592.717407 0.000000 0.974805 0.000000 0.223059 0.471134 0.471134 0.471134
2748.946533 0.000000 1568.848145 0.000000 0.814962 0.000000 0.579515 0.419599 0.419599 0.419599
2742.543457 0.000000 1588.681885 0.000000 0.475508 0.000000 -0.879712 0.640932 0.640932 0.640932
2735.292725 0.000000 1599.463379 0.000000 0.196456 0.000000 0.980513 0.320035 0.320035 0.320035
2733.505859 0.000000 1591.406250 0.000000 0.999850 0.000000 0.017346 0.497752 0.497752 0.497752
2750.845215 0.000000 1597.642090 0.000000 0.910454 0.000000 -0.413611 0.555677 0.555677 0.555677
2741.531982 0.000000 1593.333374 0.000000 0.289628 0.000000 -0.957139 0.667369 0.667369 0.667369
2736.115967 0.000000 1582.068237 0.000000 0.565566 0.000000 -0.824703 0.626852 0.626852 0.626852
2747.886963 0.000000 1581.681885 0.000000 0.936226 0.000000 -0.351399 0.547779 0.547779 0.547779
2769.344238 0.000000 1562.735107 0.000000 0.674950 0.000000 0.737863 0.392676 0.392676 0.392676
2763.289795 0.000000 1582.986572 0.000000 0.465282 0.000000 0.885162 0.358091 0.358091 0.358091
2755.394287 0.000000 1578.335327 0.000000 0.909425 0.000000 -0.415867 0.556857 0.556857 0.556857
2755.466064 0.000000 1573.724976 0.000000 0.533915 0.000000 -0.845538 0.635583 0.635583 0.635583
2753.797852 0.000000 1583.769409 0.000000 0.876014 0.000000 0.482286 0.433787 0.433787 0.433787
2710.547363 0.000000 1620.674072 0.000000 0.808055 0.000000 -0.589107 0.583668 0.583668 0.583668
2703.296631 0.000000 1631.455566 0.000000 0.935766 0.000000 -0.352622 0.547323 0.547323 0.547323
2707.388428 0.000000 1630.170410 0.000000 0.957747 0.000000 0.287611 0.460671 0.460671 0.460671
2744.079346 0.000000 1604.057983 0.000000 0.953268 0.000000 -0.302126 0.541377 0.541377 0.541377
2720.018311 0.000000 1613.093262 0.000000 0.426147 0.000000 -0.904654 0.652416 0.652416 0.652416
2726.862793 0.000000 1625.462280 0.000000 0.757828 0.000000 0.652455 0.407544 0.407544 0.407544
2734.473877 0.000000 1606.421631 0.000000 0.102107 0.000000 0.994773 0.305324 0.305324 0.305324
2746.666992 0.000000 1608.635742 0.000000 0.760310 0.000000 0.649560 0.406804 0.406804 0.406804
2720.606201 0.000000 1628.127686 0.000000 0.086846 0.000000 0.996222 0.304403 0.304403 0.304403
2741.690430 0.000000 1606.365845 0.000000 0.460837 0.000000 0.887485 0.352803 0.352803 0.352803
2733.905518 0.000000 1616.390137 0.000000 0.644826 0.000000 0.764329 0.384232 0.384232 0.384232
2687.896973 0.000000 1656.701782 0.000000 0.275348 0.000000 -0.961345 0.665450 0.665450 0.665450
2708.939697 0.000000 1631.746460 0.000000 0.985198 0.000000 0.171418 0.476733 0.476733 0.476733
2705.352051 0.000000 1658.711670 0.000000 0.071286 0.000000 -0.997456 0.694285 0.694285 0.694285
2710.547363 0.000000 1652.666260 0.000000 0.673356 0.000000 0.739318 0.391359 0.391359 0.391359
2694.866699 0.000000 1657.454468 0.000000 0.367760 0.000000 0.929921 0.345267 0.345267 0.345267
2706.367920 0.000000 1654.374512 0.000000 0.601822 0.000000 0.798630 0.378759 0.378759 0.378759
2678.551270 0.000000 1716.650635 0.000000 0.489030 0.000000 -0.872267 0.636263 0.636263 0.636263
2655.983398 0.000000 1714.644043 0.000000 0.993751 0.000000 0.111616 0.485340 0.485340 0.485340
2639.583252 0.000000 1738.222778 0.000000 0.749568 0.000000 0.661928 0.406812 0.406812 0.406812
2655.907471 0.000000 1735.677490 0.000000 0.898487 0.000000 0.439000 0.440431 0.440431 0.440431
2659.477783 0.000000 1733.685913 0.000000 0.325059 0.000000 -0.945694 0.662489 0.662489 0.662489
3071.932617 0.000000 1426.714355 0.000000 0.195955 0.000000 0.980613 0.319969 0.319969 0.319969
3071.856689 0.000000 1447.747803 0.000000 0.329375 0.000000 -0.944199 0.658807 0.658807 0.658807
1989.346680 0.000000 2772.238770 0.000000 0.993698 0.000000 0.112090 0.659846 0.659846 0.659846
6021.570801 0.000000 1829.266357 0.000000 0.766980 0.000000 -0.641670 1.080418 1.080418 1.080418
6020.113281 0.000000 1828.330688 0.000000 0.641242 0.000000 0.767338 0.638104 0.638104 0.638104
7090.215820 0.000000 346.784943 0.000000 0.941392 0.000000 0.337313 0.787465 0.787465 0.787465
7088.857422 0.000000 342.487823 0.000000 0.998266 0.000000 0.058858 0.867737 0.867737 0.867737
7072.570312 0.000000 378.648163 0.000000 0.005367 0.000000 -0.999986 1.324960 1.324960 1.324960
7089.009277 0.000000 353.545807 0.000000 0.962191 0.000000 0.272376 0.806663 0.806663 0.806663
7074.367676 0.000000 381.360107 0.000000 0.801710 0.000000 -0.597714 1.064647 1.064647 1.064647
7073.690430 0.000000 379.074432 0.000000 0.611934 0.000000 -0.790908 1.141111 1.141111 1.141111
7075.123535 0.000000 380.588959 0.000000 0.302169 0.000000 0.953254 0.528564 0.528564 0.528564
7066.617188 0.000000 387.713348 0.000000 0.965381 0.000000 -0.260842 0.958596 0.958596 0.958596
7069.850098 0.000000 388.560303 0.000000 0.052415 0.000000 0.998625 0.456918 0.456918 0.456918
7074.938965 0.000000 390.013977 0.000000 0.091937 0.000000 0.995765 0.468073 0.468073 0.468073
7092.394043 0.000000 400.686005 0.000000 0.060012 0.000000 -0.998198 1.309568 1.309568 1.309568
7045.423828 0.000000 472.433197 0.000000 0.791187 0.000000 0.611574 0.699082 0.699082 0.699082
7042.690918 0.000000 471.138733 0.000000 0.881392 0.000000 0.472386 0.745824 0.745824 0.745824
7053.407227 0.000000 465.628906 0.000000 0.858898 0.000000 -0.512146 1.035664 1.035664 1.035664
7052.488770 0.000000 465.040863 0.000000 0.685075 0.000000 0.728472 0.654596 0.654596 0.654596
7050.945801 0.000000 464.174500 0.000000 0.965083 0.000000 -0.261945 0.958918 0.958918 0.958918
7138.592773 0.000000 504.723907 0.000000 0.411577 0.000000 0.911375 0.561559 0.561559 0.561559
7138.876465 0.000000 521.208008 0.000000 0.738572 0.000000 -0.674175 1.092570 1.092570 1.092570
7136.142090 0.000000 512.158569 0.000000 0.920909 0.000000 0.389778 0.771610 0.771610 0.771610
7063.917969 0.000000 661.687012 0.000000 0.987300 0.000000 -0.158867 0.929223 0.929223 0.929223
7062.844238 0.000000 661.484436 0.000000 0.073141 0.000000 -0.997322 1.305864 1.305864 1.305864
7073.074219 0.000000 665.177368 0.000000 0.961134 0.000000 0.276083 0.805578 0.805578 0.805578
7143.202148 0.000000 647.541138 0.000000 0.949652 0.000000 -0.313305 0.974015 0.974015 0.974015
7130.678223 0.000000 950.972534 0.000000 0.977625 0.000000 -0.210355 0.943971 0.943971 0.943971
7132.116211 0.000000 943.258057 0.000000 0.423749 0.000000 -0.905780 1.203298 1.203298 1.203298
7131.410645 0.000000 951.684143 0.000000 0.792149 0.000000 0.610328 0.699525 0.699525 0.699525
7129.504395 0.000000 953.892029 0.000000 0.868122 0.000000 -0.496352 1.030515 1.030515 1.030515
7132.222168 0.000000 942.062805 0.000000 0.142022 0.000000 0.989863 0.482270 0.482270 0.482270
7121.224609 0.000000 955.698425 0.000000 0.127521 0.000000 -0.991836 1.290477 1.290477 1.290477
7160.208984 0.000000 1019.497375 0.000000 0.224320 0.000000 -0.974516 1.262786 1.262786 1.262786
7277.845215 0.000000 500.773376 0.000000 0.764399 0.000000 -0.644743 1.081547 1.081547 1.081547
7282.721191 0.000000 499.856628 0.000000 0.823539 0.000000 0.567259 0.714529 0.714529 0.714529
7305.356934 0.000000 483.273224 0.000000 0.062324 0.000000 -0.998056 1.308916 1.308916 1.308916
7304.470215 0.000000 483.821106 0.000000 0.859626 0.000000 -0.510924 1.035263 1.035263 1.035263
7444.114746 0.000000 382.436157 0.000000 0.475934 0.000000 -0.879481 1.186846 1.186846 1.186846
7501.000977 0.000000 381.762207 0.000000 0.792729 0.000000 0.609574 0.699793 0.699793 0.699793
7516.507324 0.000000 377.055481 0.000000 0.945225 0.000000 0.326419 0.790716 0.790716 0.790716
7447.489746 0.000000 386.852478 0.000000 0.196359 0.000000 0.980532 0.497791 0.497791 0.497791
7448.455078 0.000000 394.542450 0.000000 0.521750 0.000000 -0.853098 1.171963 1.171963 1.171963
7478.919434 0.000000 413.593475 0.000000 0.720377 0.000000 0.693583 0.668569 0.668569 0.668569
7468.269043 0.000000 410.867218 0.000000 0.757964 0.000000 0.652296 0.684287 0.684287 0.684287
7476.548340 0.000000 412.184174 0.000000 0.206658 0.000000 0.978413 0.500751 0.500751 0.500751
7479.625000 0.000000 414.603241 0.000000 0.512161 0.000000 0.858889 0.593512 0.593512 0.593512
7473.677246 0.000000 401.449524 0.000000 0.683024 0.000000 0.730396 0.653805 0.653805 0.653805
7471.537109 0.000000 420.220398 0.000000 0.311218 0.000000 0.950339 0.531240 0.531240 0.531240
7478.169434 0.000000 415.917847 0.000000 0.623559 0.000000 -0.781776 1.136950 1.136950 1.136950
7470.568359 0.000000 421.355133 0.000000 0.665091 0.000000 -0.746762 1.121657 1.121657 1.121657
7471.858398 0.000000 425.390839 0.000000 0.631285 0.000000 0.775551 0.634471 0.634471 0.634471
7468.868652 0.000000 422.041351 0.000000 0.866445 0.000000 -0.499272 1.031463 1.031463 1.031463
7468.429688 0.000000 419.954315 0.000000 0.379326 0.000000 -0.925263 1.216954 1.216954 1.216954
7476.699219 0.000000 420.419769 0.000000 0.920973 0.000000 0.389628 0.771656 0.771656 0.771656
7473.729980 0.000000 416.845032 0.000000 0.672922 0.000000 0.739714 0.649936 0.649936 0.649936
7479.437500 0.000000 432.851776 0.000000 0.887376 0.000000 -0.461046 1.019194 1.019194 1.019194
7467.302734 0.000000 423.003937 0.000000 0.140753 0.000000 0.990045 0.481909 0.481909 0.481909
7470.956055 0.000000 425.400452 0.000000 0.101555 0.000000 0.994830 0.470793 0.470793 0.470793
7508.336426 0.000000 391.631073 0.000000 0.253175 0.000000 0.967420 0.514206 0.514206 0.514206
7532.919922 0.000000 503.671814 0.000000 0.986003 0.000000 0.166726 0.837163 0.837163 0.837163
7534.006348 0.000000 507.215027 0.000000 0.972736 0.000000 0.231915 0.818433 0.818433 0.818433
7539.841797 0.000000 503.874420 0.000000 0.994801 0.000000 -0.101842 0.913031 0.913031 0.913031
7620.402832 0.000000 506.666626 0.000000 0.930473 0.000000 -0.366361 0.989898 0.989898 0.989898
7626.705078 0.000000 510.007904 0.000000 0.969166 0.000000 -0.246411 0.954397 0.954397 0.954397
7620.933105 0.000000 507.531036 0.000000 0.654801 0.000000 -0.755802 1.125513 1.125513 1.125513
7388.466309 0.000000 574.912781 0.000000 0.892247 0.000000 -0.451547 1.016190 1.016190 1.016190
7388.216797 0.000000 573.326111 0.000000 0.767648 0.000000 -0.640872 1.080125 1.080125 1.080125
7380.803711 0.000000 565.707947 0.000000 0.159561 0.000000 0.987188 0.487264 0.487264 0.487264
7386.440918 0.000000 557.561768 0.000000 0.808556 0.000000 -0.588420 1.061397 1.061397 1.061397
7389.522461 0.000000 564.712219 0.000000 0.313650 0.000000 0.949539 0.531961 0.531961 0.531961
7352.024414 0.000000 625.613525 0.000000 0.904499 0.000000 0.426475 0.760293 0.760293 0.760293
7354.015137 0.000000 624.947693 0.000000 0.555326 0.000000 0.831632 0.607883 0.607883 0.607883
7344.423828 0.000000 624.123535 0.000000 0.985999 0.000000 0.166751 0.837155 0.837155 0.837155
7353.080078 0.000000 625.338379 0.000000 0.598658 0.000000 0.801005 0.622821 0.622821 0.622821
7345.692871 0.000000 625.394836 0.000000 0.045646 0.000000 0.998958 0.455010 0.455010 0.455010
7391.111328 0.000000 580.861389 0.000000 0.995973 0.000000 -0.089649 0.909583 0.909583 0.909583
7452.208984 0.000000 573.326111 0.000000 0.018886 0.000000 -0.999822 1.321154 1.321154 1.321154
7454.524414 0.000000 565.825073 0.000000 0.935294 0.000000 -0.353873 0.986130 0.986130 0.986130
7467.671387 0.000000 574.862061 0.000000 0.642524 0.000000 0.766266 0.638574 0.638574 0.638574
7457.358887 0.000000 574.131653 0.000000 0.569089 0.000000 -0.822276 1.156060 1.156060 1.156060
7460.422363 0.000000 570.651001 0.000000 0.785591 0.000000 0.618747 0.696522 0.696522 0.696522
7463.213867 0.000000 563.393738 0.000000 0.975097 0.000000 0.221778 0.821363 0.821363 0.821363
7544.759766 0.000000 540.503906 0.000000 0.546190 0.000000 0.837661 0.604802 0.604802 0.604802
7539.830078 0.000000 536.834717 0.000000 0.500124 0.000000 0.865954 0.589583 0.589583 0.589583
7529.661133 0.000000 526.553772 0.000000 0.488116 0.000000 -0.872779 1.182933 1.182933 1.182933
7540.998535 0.000000 532.325195 0.000000 0.100207 0.000000 0.994967 0.470411 0.470411 0.470411
7467.520996 0.000000 575.937988 0.000000 0.301073 0.000000 0.953601 0.528240 0.528240 0.528240
7458.916992 0.000000 579.044250 0.000000 0.090408 0.000000 0.995905 0.467640 0.467640 0.467640
7463.132324 0.000000 578.237549 0.000000 0.731949 0.000000 -0.681360 1.095321 1.095321 1.095321
7617.630371 0.000000 517.458801 0.000000 0.887918 0.000000 -0.460001 1.018863 1.018863 1.018863
7643.184570 0.000000 702.682617 0.000000 0.180377 0.000000 -0.983598 1.275418 1.275418 1.275418
7646.851562 0.000000 715.202026 0.000000 0.033411 0.000000 0.999442 0.451563 0.451563 0.451563
7647.298340 0.000000 711.927429 0.000000 0.861078 0.000000 -0.508472 1.034461 1.034461 1.034461
7649.200684 0.000000 719.980347 0.000000 0.978575 0.000000 -0.205888 0.942686 0.942686 0.942686
7649.524902 0.000000 718.048645 0.000000 0.953798 0.000000 -0.300448 0.970213 0.970213 0.970213
7649.365723 0.000000 710.285156 0.000000 0.910988 0.000000 -0.412434 1.003980 1.003980 1.003980
7251.622070 0.000000 942.432068 0.000000 0.524376 0.000000 -0.851487 1.171095 1.171095 1.171095
7513.255859 0.000000 794.911926 0.000000 0.530925 0.000000 -0.847419 1.168925 1.168925 1.168925
7537.453125 0.000000 798.201965 0.000000 0.993799 0.000000 0.111196 0.852949 0.852949 0.852949
7534.701660 0.000000 793.354248 0.000000 0.931412 0.000000 -0.363965 0.989173 0.989173 0.989173
7545.027344 0.000000 822.735840 0.000000 0.993570 0.000000 0.113221 0.852375 0.852375 0.852375
7706.177734 0.000000 774.062195 0.000000 0.452790 0.000000 0.891617 0.574425 0.574425 0.574425
7700.098145 0.000000 785.858704 0.000000 0.367069 0.000000 0.930194 0.547955 0.547955 0.547955
6375.524414 0.000000 1375.710938 0.000000 0.073884 0.000000 -0.997267 1.305654 1.305654 1.305654
6378.310059 0.000000 1377.678467 0.000000 0.808212 0.000000 -0.588891 1.061562 1.061562 1.061562
6375.396973 0.000000 1384.426880 0.000000 0.868686 0.000000 -0.495363 1.030195 1.030195 1.030195
6372.213379 0.000000 1381.691895 0.000000 0.179569 0.000000 -0.983745 1.275649 1.275649 1.275649
6560.849609 0.000000 1286.768677 0.000000 0.004239 0.000000 -0.999991 1.325277 1.325277 1.325277
6574.677734 0.000000 1285.144165 0.000000 0.651224 0.000000 -0.758886 1.126842 1.126842 1.126842
6568.732910 0.000000 1284.869263 0.000000 0.999286 0.000000 -0.037774 0.894949 0.894949 0.894949
6575.322266 0.000000 1286.962036 0.000000 0.508711 0.000000 0.860938 0.592382 0.592382 0.592382
6564.492676 0.000000 1295.529053 0.000000 0.977756 0.000000 -0.209744 0.943796 0.943796 0.943796
6575.002441 0.000000 1291.490601 0.000000 0.644646 0.000000 0.764481 0.639355 0.639355 0.639355
6567.749512 0.000000 1285.045532 0.000000 0.167750 0.000000 -0.985830 1.279027 1.279027 1.279027
6574.257812 0.000000 1290.884644 0.000000 0.113379 0.000000 -0.993552 1.294487 1.294487 1.294487
6565.502930 0.000000 1294.085205 0.000000 0.893066 0.000000 -0.449925 1.015678 1.015678 1.015678
6567.410645 0.000000 1289.641479 0.000000 0.995868 0.000000 -0.090816 0.909913 0.909913 0.909913
6418.510742 0.000000 1447.956055 0.000000 0.510956 0.000000 0.859607 0.593117 0.593117 0.593117
6418.519043 0.000000 1446.346558 0.000000 0.915546 0.000000 -0.402213 1.000830 1.000830 1.000830
6431.528320 0.000000 1441.116333 0.000000 0.941525 0.000000 0.336943 0.787576 0.787576 0.787576
6728.814453 0.000000 1118.918701 0.000000 0.941910 0.000000 0.335866 0.787898 0.787898 0.787898
6734.213379 0.000000 1116.612915 0.000000 0.794214 0.000000 0.607638 0.700480 0.700480 0.700480
6691.170410 0.000000 1180.393677 0.000000 0.246358 0.000000 0.969179 0.512224 0.512224 0.512224
7160.785156 0.000000 1026.137573 0.000000 0.589664 0.000000 0.807649 0.619674 0.619674 0.619674
7155.225098 0.000000 1031.144165 0.000000 0.911715 0.000000 -0.410823 1.003483 1.003483 1.003483
7164.112305 0.000000 1039.234619 0.000000 0.891672 0.000000 -0.452683 1.016548 1.016548 1.016548
7165.146973 0.000000 1038.226685 0.000000 0.776691 0.000000 -0.629882 1.076119 1.076119 1.076119
7162.654297 0.000000 1031.115112 0.000000 0.167573 0.000000 -0.985860 1.279078 1.279078 1.279078
7164.218262 0.000000 1038.039429 0.000000 0.749965 0.000000 0.661477 0.680860 0.680860 0.680860
7120.283203 0.000000 1093.947998 0.000000 0.905288 0.000000 0.424798 0.760815 0.760815 0.760815
7122.424805 0.000000 1096.041992 0.000000 0.128376 0.000000 -0.991726 1.290235 1.290235 1.290235
7110.524414 0.000000 1091.473145 0.000000 0.904765 0.000000 0.425911 0.760469 0.760469 0.760469
7089.567871 0.000000 1273.576538 0.000000 0.800894 0.000000 -0.598806 1.065030 1.065030 1.065030
7163.257324 0.000000 1250.070435 0.000000 0.749982 0.000000 0.661459 0.680866 0.680866 0.680866
7163.825684 0.000000 1251.166992 0.000000 0.958722 0.000000 0.284346 0.803155 0.803155 0.803155
6672.310547 0.000000 1323.144897 0.000000 0.998769 0.000000 -0.049613 0.898285 0.898285 0.898285
6667.742188 0.000000 1326.617798 0.000000 0.940886 0.000000 0.338724 0.787043 0.787043 0.787043
6668.701172 0.000000 1321.828979 0.000000 0.992092 0.000000 0.125514 0.848890 0.848890 0.848890
6709.047852 0.000000 1465.364624 0.000000 0.998356 0.000000 0.057312 0.868172 0.868172 0.868172
6715.494141 0.000000 1452.166504 0.000000 0.130874 0.000000 -0.991399 1.289525 1.289525 1.289525
6713.895508 0.000000 1461.447266 0.000000 0.039163 0.000000 0.999233 0.453184 0.453184 0.453184
6714.013672 0.000000 1470.576050 0.000000 0.415345 0.000000 0.909664 0.562723 0.562723 0.562723
6712.509277 0.000000 1460.452148 0.000000 0.865070 0.000000 -0.501650 1.032236 1.032236 1.032236
6715.523438 0.000000 1467.511230 0.000000 0.196892 0.000000 0.980425 0.497944 0.497944 0.497944
6720.830078 0.000000 1460.744141 0.000000 0.721711 0.000000 0.692195 0.669111 0.669111 0.669111
6710.270020 0.000000 1475.087891 0.000000 0.474229 0.000000 -0.880402 1.187392 1.187392 1.187392
6706.527832 0.000000 1471.865723 0.000000 0.999386 0.000000 -0.035036 0.894178 0.894178 0.894178
6704.035645 0.000000 1472.076660 0.000000 0.125509 0.000000 -0.992092 1.291048 1.291048 1.291048
6718.687012 0.000000 1472.841919 0.000000 0.909487 0.000000 -0.415732 1.005000 1.005000 1.005000
6714.073242 0.000000 1505.950806 0.000000 0.936260 0.000000 -0.351307 0.985358 0.985358 0.985358
6722.492188 0.000000 1504.001221 0.000000 0.356098 0.000000 0.934449 0.544643 0.544643 0.544643
6887.381836 0.000000 1518.520996 0.000000 0.417308 0.000000 0.908765 0.563331 0.563331 0.563331
6898.547363 0.000000 1528.909790 0.000000 0.169003 0.000000 -0.985616 1.278669 1.278669 1.278669
6887.046387 0.000000 1519.918091 0.000000 0.860703 0.000000 -0.509107 1.034669 1.034669 1.034669
6899.908203 0.000000 1528.592529 0.000000 0.921816 0.000000 0.387629 0.772266 0.772266 0.772266
6880.442871 0.000000 1527.991455 0.000000 0.336862 0.000000 -0.941554 1.229757 1.229757 1.229757
6904.801270 0.000000 1523.091919 0.000000 0.286980 0.000000 -0.957937 1.244538 1.244538 1.244538
6887.979004 0.000000 1519.461548 0.000000 0.989597 0.000000 -0.143868 0.924952 0.924952 0.924952
6899.441895 0.000000 1520.529419 0.000000 0.791797 0.000000 0.610785 0.699363 0.699363 0.699363
6881.990234 0.000000 1529.104370 0.000000 0.339008 0.000000 -0.940783 1.229115 1.229115 1.229115
7101.625000 0.000000 1292.443359 0.000000 0.808790 0.000000 -0.588097 1.061285 1.061285 1.061285
7109.416016 0.000000 1304.230103 0.000000 0.288916 0.000000 -0.957354 1.243969 1.243969 1.243969
7113.401367 0.000000 1301.440796 0.000000 0.441315 0.000000 -0.897352 1.197814 1.197814 1.197814
7111.301758 0.000000 1300.418335 0.000000 0.483656 0.000000 -0.875258 1.184369 1.184369 1.184369
7109.057617 0.000000 1305.458862 0.000000 0.936937 0.000000 -0.349498 0.984814 0.984814 0.984814
7119.829102 0.000000 1300.931396 0.000000 0.640971 0.000000 0.767565 0.638004 0.638004 0.638004
7154.871582 0.000000 1290.851440 0.000000 0.423350 0.000000 -0.905966 1.203422 1.203422 1.203422
7150.710938 0.000000 1288.315796 0.000000 0.784887 0.000000 0.619639 0.696202 0.696202 0.696202
7157.590820 0.000000 1291.654175 0.000000 0.711163 0.000000 0.703027 0.664855 0.664855 0.664855
7154.063965 0.000000 1290.043091 0.000000 0.859365 0.000000 -0.511363 1.035407 1.035407 1.035407
7157.520020 0.000000 1302.875366 0.000000 0.335618 0.000000 -0.941998 1.230129 1.230129 1.230129
7166.432129 0.000000 1287.589111 0.000000 0.957761 0.000000 0.287567 0.802208 0.802208 0.802208
7154.062988 0.000000 1298.842407 0.000000 0.530698 0.000000 -0.847561 1.169001 1.169001 1.169001
7155.534668 0.000000 1291.739258 0.000000 0.998785 0.000000 -0.049277 0.898190 0.898190 0.898190
7150.995117 0.000000 1289.189575 0.000000 0.484929 0.000000 -0.874554 1.183960 1.183960 1.183960
7157.590820 0.000000 1387.630737 0.000000 0.775589 0.000000 -0.631238 1.076611 1.076611 1.076611
7156.703125 0.000000 1388.406128 0.000000 0.914865 0.000000 -0.403761 1.001306 1.001306 1.001306
7159.218262 0.000000 1382.713745 0.000000 0.426670 0.000000 -0.904407 1.202390 1.202390 1.202390
6519.182617 0.000000 1720.937622 0.000000 0.335364 0.000000 -0.942088 1.230205 1.230205 1.230205
6516.909180 0.000000 1717.426636 0.000000 0.931662 0.000000 -0.363327 0.988981 0.988981 0.988981
6519.967773 0.000000 1721.372437 0.000000 0.210279 0.000000 0.977641 0.501793 0.501793 0.501793
6573.202148 0.000000 1704.824463 0.000000 0.991792 0.000000 0.127865 0.848223 0.848223 0.848223
6708.838867 0.000000 1551.127075 0.000000 0.954474 0.000000 -0.298294 0.969577 0.969577 0.969577
6704.501953 0.000000 1551.896973 0.000000 0.510354 0.000000 0.859964 0.592920 0.592920 0.592920
6688.122070 0.000000 1628.127686 0.000000 0.693248 0.000000 -0.720699 1.110857 1.110857 1.110857
6691.296387 0.000000 1626.908447 0.000000 0.046296 0.000000 0.998928 0.455193 0.455193 0.455193
6689.193848 0.000000 1628.441406 0.000000 0.336016 0.000000 -0.941856 1.230010 1.230010 1.230010
6799.589844 0.000000 1560.335083 0.000000 0.598725 0.000000 0.800955 0.622845 0.622845 0.622845
6794.484375 0.000000 1558.631836 0.000000 0.497715 0.000000 0.867340 0.588801 0.588801 0.588801
6811.772949 0.000000 1555.364624 0.000000 0.155576 0.000000 0.987824 0.486128 0.486128 0.486128
6798.094238 0.000000 1560.345459 0.000000 0.073022 0.000000 -0.997330 1.305898 1.305898 1.305898
6810.750488 0.000000 1555.985229 0.000000 0.996205 0.000000 -0.087033 0.908843 0.908843 0.908843
6795.041504 0.000000 1557.621582 0.000000 0.632038 0.000000 0.774937 0.634744 0.634744 0.634744
6803.089355 0.000000 1570.839111 0.000000 0.974469 0.000000 0.224521 0.820571 0.820571 0.820571
6878.429688 0.000000 1627.074829 0.000000 0.231462 0.000000 -0.972844 1.260721 1.260721 1.260721
6866.920898 0.000000 1615.702881 0.000000 0.690824 0.000000 -0.723023 1.111802 1.111802 1.111802
6869.363770 0.000000 1617.327148 0.000000 0.303125 0.000000 0.952951 0.528846 0.528846 0.528846
6869.702148 0.000000 1616.008911 0.000000 0.465419 0.000000 0.885091 0.578426 0.578426 0.578426
6867.880859 0.000000 1615.437866 0.000000 0.058216 0.000000 -0.998304 1.310074 1.310074 1.310074
6879.467773 0.000000 1618.667480 0.000000 0.483001 0.000000 -0.875620 1.184579 1.184579 1.184579
6882.368652 0.000000 1618.298462 0.000000 0.860469 0.000000 -0.509503 1.034798 1.034798 1.034798
6853.625000 0.000000 1631.898315 0.000000 0.721900 0.000000 0.691997 0.669188 0.669188 0.669188
6872.541504 0.000000 1631.667725 0.000000 0.662194 0.000000 -0.749332 1.122747 1.122747 1.122747
6852.139648 0.000000 1634.721436 0.000000 0.064747 0.000000 -0.997902 1.308233 1.308233 1.308233
6850.409180 0.000000 1635.809570 0.000000 0.556960 0.000000 0.830539 0.608436 0.608436 0.608436
6909.660645 0.000000 1657.048340 0.000000 0.197196 0.000000 0.980364 0.498031 0.498031 0.498031
6904.837891 0.000000 1660.230469 0.000000 0.130041 0.000000 -0.991509 1.289762 1.289762 1.289762
6905.872070 0.000000 1653.400391 0.000000 0.436672 0.000000 -0.899621 1.199268 1.199268 1.199268
6904.485840 0.000000 1652.405273 0.000000 0.998993 0.000000 -0.044857 0.896945 0.896945 0.896945
6890.647461 0.000000 1660.578735 0.000000 0.940831 0.000000 0.338877 0.786998 0.786998 0.786998
6904.964355 0.000000 1653.286255 0.000000 0.936603 0.000000 -0.350392 0.985083 0.985083 0.985083
6734.006836 0.000000 1695.918945 0.000000 0.601559 0.000000 0.798828 0.623842 0.623842 0.623842
6901.183105 0.000000 1670.350220 0.000000 0.999750 0.000000 0.022359 0.878020 0.878020 0.878020
6905.114258 0.000000 1672.134644 0.000000 0.340228 0.000000 -0.940343 1.228750 1.228750 1.228750
6890.517090 0.000000 1667.745117 0.000000 0.564536 0.000000 -0.825409 1.157616 1.157616 1.157616
6846.402344 0.000000 1741.240601 0.000000 0.910250 0.000000 -0.414058 1.004482 1.004482 1.004482
6847.514648 0.000000 1741.062012 0.000000 0.713457 0.000000 0.700700 0.665775 0.665775 0.665775
6850.476562 0.000000 1727.946533 0.000000 0.496323 0.000000 0.868138 0.588349 0.588349 0.588349
6858.056641 0.000000 1740.932495 0.000000 0.800644 0.000000 -0.599141 1.065148 1.065148 1.065148
6859.725098 0.000000 1738.056519 0.000000 0.782733 0.000000 0.622358 0.695225 0.695225 0.695225
6850.698242 0.000000 1739.716187 0.000000 0.462808 0.000000 0.886458 0.577597 0.577597 0.577597
6851.752441 0.000000 1727.642822 0.000000 0.671248 0.000000 0.741232 0.649300 0.649300 0.649300
6913.863770 0.000000 1575.973999 0.000000 0.692525 0.000000 -0.721394 1.111139 1.111139 1.111139
6912.041504 0.000000 1576.924683 0.000000 0.975033 0.000000 0.222059 0.821282 0.821282 0.821282
6917.331543 0.000000 1580.061035 0.000000 0.681746 0.000000 0.731589 0.653312 0.653312 0.653312
6950.161133 0.000000 1730.247314 0.000000 0.632629 0.000000 0.774455 0.634959 0.634959 0.634959
6947.850586 0.000000 1747.911865 0.000000 0.879585 0.000000 0.475741 0.744751 0.744751 0.744751
6945.209961 0.000000 1737.592041 0.000000 0.087808 0.000000 0.996137 0.466906 0.466906 0.466906
6946.899902 0.000000 1736.911133 0.000000 0.579183 0.000000 -0.815197 1.152590 1.152590 1.152590
6946.360840 0.000000 1746.267212 0.000000 0.997053 0.000000 0.076720 0.862697 0.862697 0.862697
6957.288574 0.000000 1735.518433 0.000000 0.964423 0.000000 -0.264365 0.959624 0.959624 0.959624
7612.931641 0.000000 1067.392944 0.000000 0.489164 0.000000 -0.872192 1.182595 1.182595 1.182595
7607.049805 0.000000 1081.093872 0.000000 0.093371 0.000000 0.995631 0.468478 0.468478 0.468478
7602.123047 0.000000 1068.883179 0.000000 0.977368 0.000000 -0.211548 0.944315 0.944315 0.944315
7610.638184 0.000000 1077.999146 0.000000 0.158371 0.000000 0.987380 0.486925 0.486925 0.486925
7624.162598 0.000000 1077.273804 0.000000 0.488189 0.000000 -0.872738 1.182909 1.182909 1.182909
7617.019531 0.000000 1073.848022 0.000000 0.998376 0.000000 0.056973 0.868268 0.868268 0.868268
7625.338867 0.000000 1077.495483 0.000000 0.272986 0.000000 -0.962018 1.248641 1.248641 1.248641
7619.679199 0.000000 1075.034912 0.000000 0.825096 0.000000 0.564993 0.715303 0.715303 0.715303
7675.376953 0.000000 1260.213379 0.000000 0.004434 0.000000 -0.999990 1.325223 1.325223 1.325223
7650.600586 0.000000 1259.833374 0.000000 0.945339 0.000000 0.326091 0.790814 0.790814 0.790814
7651.788086 0.000000 1259.127563 0.000000 0.964820 0.000000 -0.262911 0.959200 0.959200 0.959200
7660.845215 0.000000 1253.838257 0.000000 0.802155 0.000000 -0.597116 1.064437 1.064437 1.064437
7378.150391 0.000000 1484.781616 0.000000 0.601202 0.000000 0.799097 0.623716 0.623716 0.623716
7398.104004 0.000000 1484.951416 0.000000 0.555695 0.000000 0.831386 0.608008 0.608008 0.608008
7573.540039 0.000000 1323.646362 0.000000 0.610065 0.000000 -0.792352 1.141776 1.141776 1.141776
7554.045410 0.000000 1350.809448 0.000000 0.105065 0.000000 0.994465 0.471786 0.471786 0.471786
7633.345703 0.000000 1360.264648 0.000000 0.271413 0.000000 -0.962463 1.249101 1.249101 1.249101
7623.194336 0.000000 1363.198364 0.000000 0.076494 0.000000 -0.997070 1.304918 1.304918 1.304918
7640.454590 0.000000 1358.912354 0.000000 0.580495 0.000000 -0.814264 1.152136 1.152136 1.152136
7638.275391 0.000000 1363.476685 0.000000 0.391460 0.000000 -0.920195 1.213252 1.213252 1.213252
7632.628418 0.000000 1362.992188 0.000000 0.978066 0.000000 -0.208296 0.943379 0.943379 0.943379
7633.301270 0.000000 1350.065918 0.000000 0.167655 0.000000 -0.985846 1.279054 1.279054 1.279054
7630.995605 0.000000 1357.048218 0.000000 0.032622 0.000000 0.999468 0.451341 0.451341 0.451341
7623.812012 0.000000 1362.407471 0.000000 0.972334 0.000000 0.233595 0.817947 0.817947 0.817947
7626.549316 0.000000 1358.098755 0.000000 0.496990 0.000000 0.867756 0.588565 0.588565 0.588565
7634.774902 0.000000 1358.738281 0.000000 0.838716 0.000000 -0.544569 1.046415 1.046415 1.046415
7461.367676 0.000000 1490.201660 0.000000 0.701898 0.000000 -0.712277 1.107458 1.107458 1.107458
7471.969238 0.000000 1491.963257 0.000000 0.116692 0.000000 -0.993168 1.293549 1.293549 1.293549
7462.330078 0.000000 1486.005737 0.000000 0.126285 0.000000 -0.991994 1.290828 1.290828 1.290828
7458.113281 0.000000 1488.058960 0.000000 0.518482 0.000000 -0.855088 1.173040 1.173040 1.173040
7468.391113 0.000000 1480.277588 0.000000 0.182587 0.000000 -0.983190 1.274785 1.274785 1.274785
7470.884766 0.000000 1492.417725 0.000000 0.909641 0.000000 -0.415395 1.004896 1.004896 1.004896
7692.900391 0.000000 1335.468750 0.000000 0.076761 0.000000 -0.997050 1.304842 1.304842 1.304842
7334.300293 0.000000 1561.477905 0.000000 0.980821 0.000000 -0.194909 0.939531 0.939531 0.939531
7335.644531 0.000000 1560.591553 0.000000 0.235867 0.000000 -0.971785 1.259446 1.259446 1.259446
7374.726562 0.000000 1567.471191 0.000000 0.777079 0.000000 -0.629403 1.075945 1.075945 1.075945
7381.998535 0.000000 1559.848267 0.000000 0.720088 0.000000 0.693883 0.668451 0.668451 0.668451
7370.981445 0.000000 1575.888184 0.000000 0.880359 0.000000 0.474308 0.745210 0.745210 0.745210
7320.156250 0.000000 1741.482178 0.000000 0.948884 0.000000 -0.315626 0.974704 0.974704 0.974704
7477.112793 0.000000 1542.381470 0.000000 0.785055 0.000000 0.619426 0.696278 0.696278 0.696278
7476.340332 0.000000 1543.349854 0.000000 0.451106 0.000000 0.892470 0.573893 0.573893 0.573893
7474.138672 0.000000 1548.765991 0.000000 0.169110 0.000000 -0.985597 1.278639 1.278639 1.278639
7434.355469 0.000000 1652.625000 0.000000 0.730217 0.000000 -0.683216 1.096035 1.096035 1.096035
7496.120117 0.000000 1625.437744 0.000000 0.313438 0.000000 0.949609 0.531898 0.531898 0.531898
7501.000977 0.000000 1629.457520 0.000000 0.533999 0.000000 -0.845485 1.167903 1.167903 1.167903
7492.771973 0.000000 1628.482056 0.000000 0.260551 0.000000 0.965460 0.516354 0.516354 0.516354
7489.344238 0.000000 1625.844116 0.000000 0.620260 0.000000 -0.784396 1.138136 1.138136 1.138136
7537.674805 0.000000 1660.270508 0.000000 0.631641 0.000000 0.775261 0.634600 0.634600 0.634600
7537.155762 0.000000 1661.020874 0.000000 0.543620 0.000000 0.839332 0.603939 0.603939 0.603939
7605.204102 0.000000 1554.689819 0.000000 0.711358 0.000000 0.702830 0.664933 0.664933 0.664933
7645.627441 0.000000 1584.162598 0.000000 0.180844 0.000000 -0.983512 1.275284 1.275284 1.275284
7647.951660 0.000000 1576.924683 0.000000 0.865732 0.000000 -0.500508 1.031865 1.031865 1.031865
7650.274902 0.000000 1586.306274 0.000000 0.954787 0.000000 -0.297292 0.969282 0.969282 0.969282
7652.609375 0.000000 1590.837158 0.000000 0.145939 0.000000 0.989294 0.483384 0.483384 0.483384
7650.799805 0.000000 1587.370728 0.000000 0.236628 0.000000 -0.971600 1.259226 1.259226 1.259226
7602.746094 0.000000 1609.050171 0.000000 0.145388 0.000000 0.989375 0.483227 0.483227 0.483227
7600.911133 0.000000 1610.030029 0.000000 0.721401 0.000000 0.692518 0.668985 0.668985 0.668985
7595.769043 0.000000 1624.906982 0.000000 0.435712 0.000000 -0.900086 1.199569 1.199569 1.199569
7601.810059 0.000000 1613.725342 0.000000 0.892134 0.000000 -0.451772 1.016260 1.016260 1.016260
7592.932617 0.000000 1622.479858 0.000000 0.129986 0.000000 -0.991516 1.289778 1.289778 1.289778
7588.649414 0.000000 1619.125610 0.000000 0.154717 0.000000 0.987959 0.485883 0.485883 0.485883
7542.034668 0.000000 1678.574829 0.000000 0.723494 0.000000 0.690331 0.669837 0.669837 0.669837
7548.948730 0.000000 1671.515137 0.000000 0.262809 0.000000 0.964848 0.517013 0.517013 0.517013
7529.324219 0.000000 1671.275879 0.000000 0.302670 0.000000 0.953096 0.528712 0.528712 0.528712
7527.632324 0.000000 1668.951782 0.000000 0.247048 0.000000 0.969003 0.512425 0.512425 0.512425
7542.400879 0.000000 1679.479248 0.000000 0.838020 0.000000 -0.545640 1.046774 1.046774 1.046774
7641.294922 0.000000 1714.019043 0.000000 0.759026 0.000000 0.651061 0.684746 0.684746 0.684746
7644.098633 0.000000 1721.750610 0.000000 0.996167 0.000000 -0.087470 0.908967 0.908967 0.908967
7623.291992 0.000000 1708.937378 0.000000 0.999465 0.000000 -0.032703 0.893521 0.893521 0.893521
7622.310547 0.000000 1709.951050 0.000000 0.130783 0.000000 -0.991411 1.289551 1.289551 1.289551
7642.595703 0.000000 1702.951050 0.000000 0.036816 0.000000 0.999322 0.452522 0.452522 0.452522
7648.882324 0.000000 1699.842407 0.000000 0.499911 0.000000 0.866077 0.589514 0.589514 0.589514
7621.620605 0.000000 1747.954102 0.000000 0.378567 0.000000 -0.925574 1.217184 1.217184 1.217184
7620.435059 0.000000 1734.717285 0.000000 0.219243 0.000000 -0.975670 1.264251 1.264251 1.264251
7624.462891 0.000000 1741.348267 0.000000 0.208131 0.000000 0.978101 0.501174 0.501174 0.501174
7621.872559 0.000000 1742.912842 0.000000 0.530310 0.000000 -0.847804 1.169129 1.169129 1.169129
7625.699707 0.000000 1754.906738 0.000000 0.999791 0.000000 0.020454 0.878556 0.878556 0.878556
7617.528809 0.000000 1741.798584 0.000000 0.758297 0.000000 0.651909 0.684431 0.684431 0.684431
7203.836426 0.000000 1822.370728 0.000000 0.977307 0.000000 -0.211827 0.944395 0.944395 0.944395
7196.184570 0.000000 1833.156372 0.000000 0.286511 0.000000 -0.958077 1.244676 1.244676 1.244676
7193.610840 0.000000 1837.790771 0.000000 0.968421 0.000000 -0.249319 0.955242 0.955242 0.955242
7190.282715 0.000000 1834.409790 0.000000 0.102813 0.000000 0.994701 0.471149 0.471149 0.471149
7209.319336 0.000000 1830.069214 0.000000 0.691453 0.000000 -0.722421 1.111557 1.111557 1.111557
7206.420410 0.000000 1833.414795 0.000000 0.845182 0.000000 0.534479 0.725586 0.725586 0.725586
7199.185059 0.000000 1824.122925 0.000000 0.808840 0.000000 -0.588029 1.061261 1.061261 1.061261
7200.633301 0.000000 1831.871826 0.000000 0.155914 0.000000 0.987771 0.486224 0.486224 0.486224
7209.946777 0.000000 1839.790405 0.000000 0.340522 0.000000 -0.940236 1.228662 1.228662 1.228662
7199.144043 0.000000 1849.742798 0.000000 0.757501 0.000000 0.652835 0.684087 0.684087 0.684087
7207.332520 0.000000 1833.508667 0.000000 0.730623 0.000000 -0.682781 1.095868 1.095868 1.095868
7847.875488 0.000000 1725.925903 0.000000 0.620196 0.000000 -0.784447 1.138159 1.138159 1.138159
7933.490234 0.000000 1724.345703 0.000000 0.974763 0.000000 0.223243 0.820940 0.820940 0.820940
7933.063965 0.000000 1725.706299 0.000000 0.993185 0.000000 0.116550 0.851432 0.851432 0.851432
7927.795898 0.000000 1721.372437 0.000000 0.452084 0.000000 0.891975 0.574202 0.574202 0.574202
7825.491211 0.000000 1739.834839 0.000000 0.866542 0.000000 -0.499104 1.031408 1.031408 1.031408
7821.467773 0.000000 1746.994873 0.000000 0.590378 0.000000 0.807127 0.619923 0.619923 0.619923
7830.339844 0.000000 1750.187378 0.000000 0.498411 0.000000 0.866941 0.589027 0.589027 0.589027
7812.622070 0.000000 1747.094360 0.000000 0.975493 0.000000 0.220030 0.821867 0.821867 0.821867
7820.325195 0.000000 1747.071777 0.000000 0.574839 0.000000 -0.818266 1.154087 1.154087 1.154087
7820.881348 0.000000 1747.976929 0.000000 0.916149 0.000000 -0.400837 1.000407 1.000407 1.000407
7830.709473 0.000000 1751.177002 0.000000 0.195541 0.000000 0.980695 0.497556 0.497556 0.497556
7825.455566 0.000000 1738.842529 0.000000 0.720441 0.000000 0.693516 0.668595 0.668595 0.668595
7830.163086 0.000000 1740.399780 0.000000 0.261504 0.000000 0.965202 0.516633 0.516633 0.516633
7812.426758 0.000000 1746.063232 0.000000 0.987580 0.000000 -0.157115 0.928723 0.928723 0.928723
7849.290527 0.000000 1730.968506 0.000000 0.998369 0.000000 0.057095 0.868234 0.868234 0.868234
7866.878418 0.000000 1738.718750 0.000000 0.983744 0.000000 0.179578 0.833489 0.833489 0.833489
7866.331543 0.000000 1743.176758 0.000000 0.859779 0.000000 -0.510666 1.035179 1.035179 1.035179
7855.789551 0.000000 1740.244995 0.000000 0.299536 0.000000 0.954085 0.527787 0.527787 0.527787
7869.061035 0.000000 1742.054810 0.000000 0.926312 0.000000 0.376757 0.775578 0.775578 0.775578
7857.273926 0.000000 1733.972168 0.000000 0.439330 0.000000 -0.898326 1.198436 1.198436 1.198436
7863.820312 0.000000 1781.413574 0.000000 0.502022 0.000000 0.864855 0.590200 0.590200 0.590200
7862.488281 0.000000 1767.401245 0.000000 0.261935 0.000000 0.965085 0.516758 0.516758 0.516758
7864.988281 0.000000 1782.501465 0.000000 0.389883 0.000000 -0.920864 1.213734 1.213734 1.213734
7866.621582 0.000000 1779.930542 0.000000 0.980505 0.000000 -0.196492 0.939986 0.939986 0.939986
7868.464355 0.000000 1784.711792 0.000000 0.784829 0.000000 0.619712 0.696175 0.696175 0.696175
7864.788574 0.000000 1783.802856 0.000000 0.182410 0.000000 -0.983223 1.274836 1.274836 1.274836
7862.746582 0.000000 1781.211060 0.000000 0.997200 0.000000 0.074783 0.863244 0.863244 0.863244
7920.748047 0.000000 1758.601074 0.000000 0.911400 0.000000 -0.411522 1.003698 1.003698 1.003698
7909.610352 0.000000 1787.935913 0.000000 0.905191 0.000000 0.425005 0.760751 0.760751 0.760751
7923.552734 0.000000 1780.695190 0.000000 0.512703 0.000000 0.858566 0.593689 0.593689 0.593689
7907.882812 0.000000 1764.346313 0.000000 0.980237 0.000000 -0.197826 0.940369 0.940369 0.940369
7914.459473 0.000000 1784.069336 0.000000 0.316469 0.000000 0.948603 0.532797 0.532797 0.532797
7914.347168 0.000000 1767.085693 0.000000 0.426399 0.000000 -0.904535 1.202474 1.202474 1.202474
7919.846680 0.000000 1790.709595 0.000000 0.867622 0.000000 -0.497224 1.030798 1.030798 1.030798
7906.867676 0.000000 1764.641724 0.000000 0.941012 0.000000 0.338374 0.787148 0.787148 0.787148
7915.248047 0.000000 1766.675781 0.000000 0.146926 0.000000 0.989147 0.483665 0.483665 0.483665
7914.915039 0.000000 1767.841309 0.000000 0.832613 0.000000 -0.553856 1.049543 1.049543 1.049543
7936.251465 0.000000 1758.418701 0.000000 0.892796 0.000000 -0.450460 1.015847 1.015847 1.015847
7936.143066 0.000000 1729.630371 0.000000 0.048681 0.000000 0.998814 0.455865 0.455865 0.455865
7958.860840 0.000000 1789.257568 0.000000 0.996065 0.000000 -0.088628 0.909294 0.909294 0.909294
7963.117188 0.000000 1788.484375 0.000000 0.486797 0.000000 -0.873515 1.183358 1.183358 1.183358
7967.965820 0.000000 1788.088623 0.000000 0.995918 0.000000 -0.090260 0.909756 0.909756 0.909756
7916.375000 0.000000 1795.618408 0.000000 0.530752 0.000000 -0.847527 1.168983 1.168983 1.168983
7921.675293 0.000000 1792.509033 0.000000 0.767477 0.000000 -0.641077 1.080200 1.080200 1.080200
7806.134766 0.000000 1992.463257 0.000000 0.547357 0.000000 0.836899 0.605194 0.605194 0.605194
7796.735840 0.000000 1992.357300 0.000000 0.802242 0.000000 -0.596999 1.064396 1.064396 1.064396
7806.910156 0.000000 1993.250000 0.000000 0.652028 0.000000 -0.758195 1.126543 1.126543 1.126543
7797.820801 0.000000 1992.400146 0.000000 0.998377 0.000000 0.056950 0.868275 0.868275 0.868275
6022.641113 0.000000 2485.102295 0.000000 0.235182 0.000000 -0.971951 1.259644 1.259644 1.259644
6021.128418 0.000000 2491.046631 0.000000 0.808162 0.000000 -0.588961 1.061586 1.061586 1.061586
5917.820312 0.000000 2592.926270 0.000000 0.868131 0.000000 -0.496335 1.030510 1.030510 1.030510
5911.559570 0.000000 2591.536865 0.000000 0.887001 0.000000 -0.461767 1.019423 1.019423 1.019423
6052.253906 0.000000 2792.144775 0.000000 0.965272 0.000000 -0.261247 0.958715 0.958715 0.958715
6057.509277 0.000000 2786.710693 0.000000 0.684213 0.000000 0.729282 0.654263 0.654263 0.654263
6055.496094 0.000000 2794.317383 0.000000 0.485710 0.000000 -0.874120 1.183708 1.183708 1.183708
6051.863770 0.000000 2792.979248 0.000000 0.959133 0.000000 0.282956 0.803563 0.803563 0.803563
5958.943359 0.000000 2971.690674 0.000000 0.653728 0.000000 -0.756729 1.125912 1.125912 1.125912
5965.162598 0.000000 2975.287109 0.000000 0.829802 0.000000 -0.558059 1.050966 1.050966 1.050966
5967.084961 0.000000 2975.306641 0.000000 0.609954 0.000000 -0.792437 1.141815 1.141815 1.141815
5971.190918 0.000000 2978.495361 0.000000 0.194048 0.000000 0.980992 0.497128 0.497128 0.497128
5960.807129 0.000000 2980.455078 0.000000 0.978089 0.000000 -0.208188 0.943348 0.943348 0.943348
5971.190918 0.000000 3074.471924 0.000000 0.102466 0.000000 0.994737 0.471050 0.471050 0.471050
6064.395996 0.000000 3191.375977 0.000000 0.509799 0.000000 0.860294 0.592738 0.592738 0.592738
6070.341309 0.000000 3391.191406 0.000000 0.047240 0.000000 0.998884 0.455459 0.455459 0.455459
6163.767578 0.000000 2420.539062 0.000000 0.619726 0.000000 -0.784818 1.138327 1.138327 1.138327
6162.378418 0.000000 2420.866943 0.000000 0.985438 0.000000 0.170038 0.836217 0.836217 0.836217
7101.514648 0.000000 2071.690430 0.000000 0.051911 0.000000 0.998652 0.456776 0.456776 0.456776
7074.345215 0.000000 2098.181152 0.000000 0.519519 0.000000 -0.854459 1.172698 1.172698 1.172698
7075.745605 0.000000 2098.784912 0.000000 0.798574 0.000000 -0.601896 1.066118 1.066118 1.066118
6955.733887 0.000000 2238.455811 0.000000 0.197517 0.000000 0.980300 0.498123 0.498123 0.498123
6959.289551 0.000000 2233.906982 0.000000 0.985689 0.000000 0.168574 0.836635 0.836635 0.836635
6960.031738 0.000000 2227.783447 0.000000 0.973076 0.000000 0.230484 0.818847 0.818847 0.818847
6965.730957 0.000000 2237.578369 0.000000 0.756904 0.000000 0.653526 0.683830 0.683830 0.683830
6962.201172 0.000000 2220.602051 0.000000 0.998968 0.000000 -0.045425 0.897105 0.897105 0.897105
6963.810547 0.000000 2236.282715 0.000000 0.691545 0.000000 -0.722333 1.111521 1.111521 1.111521
6954.200684 0.000000 2239.554443 0.000000 0.961535 0.000000 0.274684 0.805987 0.805987 0.805987
6677.104004 0.000000 2547.833008 0.000000 0.887089 0.000000 -0.461598 1.019370 1.019370 1.019370
6674.100098 0.000000 2551.486572 0.000000 0.866418 0.000000 -0.499319 1.031478 1.031478 1.031478
6678.506348 0.000000 2543.268311 0.000000 0.363982 0.000000 0.931406 0.547021 0.547021 0.547021
6972.466309 0.000000 2491.247803 0.000000 0.533290 0.000000 -0.845933 1.168139 1.168139 1.168139
6973.333008 0.000000 2490.165771 0.000000 0.737228 0.000000 -0.675644 1.093131 1.093131 1.093131
6975.429688 0.000000 2492.627197 0.000000 0.453597 0.000000 0.891207 0.574680 0.574680 0.574680
6968.468750 0.000000 2505.108887 0.000000 0.887337 0.000000 -0.461122 1.019219 1.019219 1.019219
6964.844727 0.000000 2497.172363 0.000000 0.057963 0.000000 -0.998319 1.310146 1.310146 1.310146
6362.225586 0.000000 2568.401367 0.000000 0.879725 0.000000 0.475484 0.744834 0.744834 0.744834
6363.131836 0.000000 2569.188721 0.000000 0.866253 0.000000 -0.499605 1.031571 1.031571 1.031571
6391.198242 0.000000 2584.726562 0.000000 0.601781 0.000000 0.798661 0.623921 0.623921 0.623921
6394.032715 0.000000 2583.900635 0.000000 0.010481 0.000000 -0.999945 1.323520 1.323520 1.323520
6374.956543 0.000000 2583.788086 0.000000 0.981052 0.000000 -0.193743 0.939197 0.939197 0.939197
6391.323242 0.000000 2587.704346 0.000000 0.007049 0.000000 -0.999975 1.324486 1.324486 1.324486
6394.132324 0.000000 2576.471191 0.000000 0.312410 0.000000 0.949947 0.531593 0.531593 0.531593
6369.224609 0.000000 2559.425537 0.000000 0.170721 0.000000 -0.985319 1.278179 1.278179 1.278179
6390.127441 0.000000 2584.692627 0.000000 0.474278 0.000000 -0.880375 1.187376 1.187376 1.187376
6390.803711 0.000000 2586.812988 0.000000 0.993520 0.000000 0.113653 0.852253 0.852253 0.852253
6391.983398 0.000000 2585.161377 0.000000 0.839558 0.000000 -0.543271 1.045979 1.045979 1.045979
6390.119629 0.000000 2775.551270 0.000000 0.815535 0.000000 0.578708 0.710597 0.710597 0.710597
6427.054199 0.000000 2762.468750 0.000000 0.251517 0.000000 0.967853 0.513724 0.513724 0.513724
6418.589844 0.000000 2763.370850 0.000000 0.909571 0.000000 -0.415550 1.004944 1.004944 1.004944
6429.930664 0.000000 2773.817871 0.000000 0.953832 0.000000 -0.300341 0.970181 0.970181 0.970181
6432.868164 0.000000 2768.433838 0.000000 0.882290 0.000000 0.470706 0.746360 0.746360 0.746360
6238.323730 0.000000 2934.600830 0.000000 0.233648 0.000000 -0.972321 1.260088 1.260088 1.260088
6239.241211 0.000000 2931.888916 0.000000 0.437899 0.000000 -0.899024 1.198884 1.198884 1.198884
6247.124512 0.000000 2927.574463 0.000000 0.664230 0.000000 -0.747528 1.121982 1.121982 1.121982
6310.900391 0.000000 2971.690674 0.000000 0.223364 0.000000 -0.974735 1.263062 1.263062 1.263062
6312.292969 0.000000 2984.895264 0.000000 0.999284 0.000000 -0.037834 0.894966 0.894966 0.894966
6305.288086 0.000000 2985.287354 0.000000 0.272169 0.000000 -0.962250 1.248880 1.248880 1.248880
6319.121582 0.000000 2978.078613 0.000000 0.401477 0.000000 0.915869 0.558447 0.558447 0.558447
6310.916016 0.000000 2993.824219 0.000000 0.118683 0.000000 -0.992932 1.292984 1.292984 1.292984
6307.140137 0.000000 2988.318359 0.000000 0.977639 0.000000 -0.210291 0.943953 0.943953 0.943953
6318.289062 0.000000 2986.470459 0.000000 0.991977 0.000000 0.126418 0.848633 0.848633 0.848633
6314.709473 0.000000 2989.700439 0.000000 0.719829 0.000000 0.694151 0.668347 0.668347 0.668347
6368.244141 0.000000 2958.978760 0.000000 0.218533 0.000000 -0.975830 1.264456 1.264456 1.264456
6375.295898 0.000000 2950.978516 0.000000 0.650833 0.000000 -0.759221 1.126987 1.126987 1.126987
6376.583496 0.000000 2947.219482 0.000000 0.695112 0.000000 -0.718902 1.110128 1.110128 1.110128
6337.344727 0.000000 2984.359619 0.000000 0.365076 0.000000 0.930978 0.547352 0.547352 0.547352
6358.905273 0.000000 3052.898682 0.000000 0.774244 0.000000 -0.632887 1.077209 1.077209 1.077209
6510.422363 0.000000 2915.349609 0.000000 0.158775 0.000000 0.987315 0.487040 0.487040 0.487040
6584.118164 0.000000 3025.027588 0.000000 0.451940 0.000000 0.892048 0.574157 0.574157 0.574157
6589.911133 0.000000 3029.755371 0.000000 0.873009 0.000000 0.487705 0.740908 0.740908 0.740908
6574.291504 0.000000 3053.294189 0.000000 0.313985 0.000000 0.949428 0.532060 0.532060 0.532060
6577.839355 0.000000 3040.204346 0.000000 0.885773 0.000000 -0.464119 1.020170 1.020170 1.020170
6599.081543 0.000000 3023.551025 0.000000 0.860771 0.000000 -0.508992 1.034631 1.034631 1.034631
6909.581055 0.000000 2612.212158 0.000000 0.703732 0.000000 -0.710465 1.106732 1.106732 1.106732
6880.792969 0.000000 2779.075195 0.000000 0.006453 0.000000 -0.999979 1.324654 1.324654 1.324654
6917.213867 0.000000 2621.154297 0.000000 0.931869 0.000000 -0.362795 0.988820 0.988820 0.988820
6922.226074 0.000000 2619.502930 0.000000 0.975216 0.000000 0.221255 0.821514 0.821514 0.821514
6968.199219 0.000000 2605.271240 0.000000 0.837176 0.000000 -0.546934 1.047209 1.047209 1.047209
6925.647461 0.000000 2626.314941 0.000000 0.566939 0.000000 -0.823759 1.156795 1.156795 1.156795
6920.895020 0.000000 2623.923340 0.000000 0.927777 0.000000 0.373135 0.776678 0.776678 0.776678
6933.618164 0.000000 2635.325928 0.000000 0.566079 0.000000 -0.824351 1.157089 1.157089 1.157089
6917.118652 0.000000 2626.002441 0.000000 0.273195 0.000000 -0.961959 1.248580 1.248580 1.248580
6913.455566 0.000000 2629.816406 0.000000 0.848230 0.000000 0.529628 0.727199 0.727199 0.727199
7150.221191 0.000000 2669.387939 0.000000 0.861625 0.000000 -0.507546 1.034158 1.034158 1.034158
6957.187500 0.000000 2747.770508 0.000000 0.969321 0.000000 -0.245797 0.954218 0.954218 0.954218
6957.884277 0.000000 2740.226562 0.000000 0.702258 0.000000 -0.711923 1.107316 1.107316 1.107316
6960.422852 0.000000 2754.120361 0.000000 0.034063 0.000000 0.999420 0.451747 0.451747 0.451747
6975.429688 0.000000 2812.549072 0.000000 0.690538 0.000000 -0.723296 1.111913 1.111913 1.111913
7063.675781 0.000000 2814.017334 0.000000 0.004269 0.000000 -0.999991 1.325269 1.325269 1.325269
6740.864746 0.000000 2824.154053 0.000000 0.995861 0.000000 -0.090894 0.909935 0.909935 0.909935
6733.329102 0.000000 2826.290527 0.000000 0.329112 0.000000 -0.944291 1.232071 1.232071 1.232071
6732.458008 0.000000 2834.806152 0.000000 0.104961 0.000000 0.994476 0.471757 0.471757 0.471757
6753.113281 0.000000 2840.646240 0.000000 0.793262 0.000000 0.608880 0.700040 0.700040 0.700040
6756.980957 0.000000 2832.951416 0.000000 0.630370 0.000000 0.776295 0.634139 0.634139 0.634139
6753.434082 0.000000 2841.547363 0.000000 0.548546 0.000000 0.836121 0.605594 0.605594 0.605594
6861.970215 0.000000 2854.116943 0.000000 0.854429 0.000000 0.519568 0.730526 0.730526 0.730526
6867.260254 0.000000 2854.698975 0.000000 0.848624 0.000000 0.528996 0.727409 0.727409 0.727409
6866.456055 0.000000 2855.612305 0.000000 0.815497 0.000000 0.578761 0.710578 0.710578 0.710578
6866.464355 0.000000 2854.002930 0.000000 0.964358 0.000000 -0.264600 0.959693 0.959693 0.959693
6892.327637 0.000000 2850.238037 0.000000 0.998086 0.000000 0.061844 0.866894 0.866894 0.866894
6900.815430 0.000000 2852.936279 0.000000 0.845994 0.000000 0.533192 0.726015 0.726015 0.726015
6969.578613 0.000000 2815.479492 0.000000 0.559397 0.000000 0.828900 0.609263 0.609263 0.609263
7062.562988 0.000000 2832.657227 0.000000 0.312907 0.000000 0.949784 0.531740 0.531740 0.531740
7067.356445 0.000000 2831.489502 0.000000 0.997426 0.000000 0.071709 0.864111 0.864111 0.864111
6947.761230 0.000000 2994.566162 0.000000 0.158866 0.000000 0.987300 0.487066 0.487066 0.487066
7006.414062 0.000000 3066.723145 0.000000 0.702156 0.000000 -0.712023 1.107356 1.107356 1.107356
7011.257324 0.000000 3066.556885 0.000000 0.879049 0.000000 0.476732 0.744434 0.744434 0.744434
7546.567871 0.000000 2079.443359 0.000000 0.412593 0.000000 0.910915 0.561873 0.561873 0.561873
7569.774414 0.000000 2070.272949 0.000000 0.324935 0.000000 -0.945736 1.233315 1.233315 1.233315
7567.215332 0.000000 2073.946045 0.000000 0.302883 0.000000 0.953028 0.528775 0.528775 0.528775
7569.990723 0.000000 2071.603760 0.000000 0.855423 0.000000 0.517931 0.731064 0.731064 0.731064
7585.628418 0.000000 2069.207275 0.000000 0.958258 0.000000 0.285904 0.802697 0.802697 0.802697
7225.047363 0.000000 2314.824463 0.000000 0.405665 0.000000 0.914022 0.559735 0.559735 0.559735
7538.753906 0.000000 2376.862549 0.000000 0.690769 0.000000 -0.723076 1.111823 1.111823 1.111823
7531.636719 0.000000 2382.359863 0.000000 0.997972 0.000000 0.063652 0.866385 0.866385 0.866385
7530.887207 0.000000 2383.705811 0.000000 0.953590 0.000000 -0.301107 0.970407 0.970407 0.970407
7821.049805 0.000000 2088.730713 0.000000 0.364828 0.000000 0.931075 0.547277 0.547277 0.547277
7827.745117 0.000000 2084.632812 0.000000 0.099516 0.000000 0.995036 0.470216 0.470216 0.470216
7831.709473 0.000000 2080.694824 0.000000 0.252815 0.000000 0.967515 0.514102 0.514102 0.514102
7817.686035 0.000000 2080.590576 0.000000 0.498309 0.000000 0.867000 0.588993 0.588993 0.588993
7821.256836 0.000000 2083.302490 0.000000 0.575444 0.000000 -0.817841 1.153879 1.153879 1.153879
7855.460938 0.000000 2264.163086 0.000000 0.999502 0.000000 -0.031562 0.893200 0.893200 0.893200
7860.300293 0.000000 2256.232910 0.000000 0.747815 0.000000 0.663907 0.679946 0.679946 0.679946
7860.447754 0.000000 2268.864746 0.000000 0.911697 0.000000 -0.410864 1.003495 1.003495 1.003495
7860.078613 0.000000 2257.499268 0.000000 0.760553 0.000000 0.649276 0.685407 0.685407 0.685407
7861.854492 0.000000 2268.420410 0.000000 0.785991 0.000000 0.618238 0.696704 0.696704 0.696704
7988.432129 0.000000 2204.880371 0.000000 0.807940 0.000000 -0.589265 1.061692 1.061692 1.061692
7992.107422 0.000000 2203.208252 0.000000 0.999295 0.000000 -0.037539 0.894883 0.894883 0.894883
7995.350098 0.000000 2208.889404 0.000000 0.559081 0.000000 0.829113 0.609156 0.609156 0.609156
8003.512207 0.000000 2193.735596 0.000000 0.972570 0.000000 0.232612 0.818232 0.818232 0.818232
8010.987305 0.000000 2203.398193 0.000000 0.961301 0.000000 0.275500 0.805748 0.805748 0.805748
8003.941895 0.000000 2203.720703 0.000000 0.622302 0.000000 -0.782777 1.137402 1.137402 1.137402
8010.093262 0.000000 2203.604492 0.000000 0.452097 0.000000 0.891969 0.574206 0.574206 0.574206
8026.264648 0.000000 2208.442383 0.000000 0.847037 0.000000 0.531534 0.726566 0.726566 0.726566
8029.608398 0.000000 2213.005127 0.000000 0.673640 0.000000 0.739060 0.650210 0.650210 0.650210
8000.839355 0.000000 2211.717529 0.000000 0.141768 0.000000 0.989900 0.482198 0.482198 0.482198
8017.663574 0.000000 2208.407471 0.000000 0.983852 0.000000 0.178983 0.833660 0.833660 0.833660
8015.029785 0.000000 2213.735352 0.000000 0.197867 0.000000 0.980229 0.498224 0.498224 0.498224
8027.346191 0.000000 2208.889404 0.000000 0.449083 0.000000 0.893490 0.573256 0.573256 0.573256
8029.732910 0.000000 2212.114990 0.000000 0.007786 0.000000 -0.999970 1.324279 1.324279 1.324279
7746.472168 0.000000 2425.660156 0.000000 0.712032 0.000000 0.702147 0.665203 0.665203 0.665203
7755.749512 0.000000 2424.711670 0.000000 0.405806 0.000000 0.913959 0.559779 0.559779 0.559779
7752.088867 0.000000 2425.242432 0.000000 0.940307 0.000000 0.340329 0.786563 0.786563 0.786563
7745.149902 0.000000 2431.022461 0.000000 0.045449 0.000000 0.998967 0.454955 0.454955 0.454955
7697.442383 0.000000 2483.707031 0.000000 0.619480 0.000000 -0.785012 1.138415 1.138415 1.138415
7696.620605 0.000000 2482.718750 0.000000 0.272902 0.000000 -0.962042 1.248666 1.248666 1.248666
7774.469727 0.000000 2448.458740 0.000000 0.652211 0.000000 -0.758037 1.126476 1.126476 1.126476
7804.896484 0.000000 2544.470215 0.000000 0.577679 0.000000 -0.816264 1.153109 1.153109 1.153109
7805.641602 0.000000 2545.209717 0.000000 0.873745 0.000000 0.486385 0.741334 0.741334 0.741334
7836.162109 0.000000 2556.841797 0.000000 0.832663 0.000000 -0.553780 1.049517 1.049517 1.049517
7855.460938 0.000000 2552.092773 0.000000 0.823018 0.000000 0.568015 0.714271 0.714271 0.714271
7845.314941 0.000000 2544.104736 0.000000 0.983019 0.000000 0.183505 0.832365 0.832365 0.832365
7844.585938 0.000000 2550.602783 0.000000 0.497624 0.000000 0.867393 0.588771 0.588771 0.588771
7841.596680 0.000000 2554.543213 0.000000 0.037295 0.000000 0.999304 0.452657 0.452657 0.452657
7844.848145 0.000000 2545.021729 0.000000 0.978199 0.000000 -0.207668 0.943198 0.943198 0.943198
7976.486328 0.000000 2333.015137 0.000000 0.063202 0.000000 -0.998001 1.308668 1.308668 1.308668
7978.519531 0.000000 2345.651855 0.000000 0.988344 0.000000 -0.152234 0.927333 0.927333 0.927333
7400.189941 0.000000 2644.891113 0.000000 0.968433 0.000000 -0.249272 0.955228 0.955228 0.955228
7399.524414 0.000000 2641.046631 0.000000 0.874149 0.000000 0.485657 0.741568 0.741568 0.741568
7379.799805 0.000000 2660.492188 0.000000 0.378203 0.000000 -0.925723 1.217295 1.217295 1.217295
7201.058594 0.000000 2744.669678 0.000000 0.428236 0.000000 -0.903667 1.201902 1.201902 1.201902
7213.882812 0.000000 2752.714111 0.000000 0.019704 0.000000 -0.999806 1.320924 1.320924 1.320924
7284.798340 0.000000 2792.161865 0.000000 0.171595 0.000000 -0.985168 1.277929 1.277929 1.277929
7341.186035 0.000000 2724.212402 0.000000 0.723494 0.000000 0.690331 0.669837 0.669837 0.669837
7333.030273 0.000000 2745.107422 0.000000 0.502095 0.000000 0.864812 0.590224 0.590224 0.590224
7341.727539 0.000000 2725.161377 0.000000 0.180218 0.000000 -0.983627 1.275463 1.275463 1.275463
7342.900391 0.000000 2740.113037 0.000000 0.940589 0.000000 0.339546 0.786797 0.786797 0.786797
7343.424805 0.000000 2743.083984 0.000000 0.472849 0.000000 -0.881144 1.187833 1.187833 1.187833
7678.243652 0.000000 2589.399902 0.000000 0.194175 0.000000 0.980967 0.497164 0.497164 0.497164
7679.044922 0.000000 2588.100342 0.000000 0.643135 0.000000 0.765753 0.638799 0.638799 0.638799
7575.512207 0.000000 2634.198486 0.000000 0.510994 0.000000 0.859584 0.593129 0.593129 0.593129
7587.000000 0.000000 2624.477783 0.000000 0.046232 0.000000 0.998931 0.455175 0.455175 0.455175
7547.683105 0.000000 2707.083496 0.000000 0.759906 0.000000 0.650033 0.685127 0.685127 0.685127
7545.892090 0.000000 2711.869385 0.000000 0.993789 0.000000 0.111283 0.852924 0.852924 0.852924
7546.668457 0.000000 2706.008057 0.000000 0.887117 0.000000 -0.461544 1.019352 1.019352 1.019352
7551.531250 0.000000 2710.818848 0.000000 0.855126 0.000000 0.518421 0.730903 0.730903 0.730903
7554.309082 0.000000 2716.789795 0.000000 0.579983 0.000000 -0.814628 1.152313 1.152313 1.152313
7553.631836 0.000000 2714.504150 0.000000 0.661732 0.000000 -0.749741 1.122921 1.122921 1.122921
7233.386230 0.000000 2909.561279 0.000000 0.622186 0.000000 -0.782870 1.137444 1.137444 1.137444
7231.443359 0.000000 2891.406494 0.000000 0.023339 0.000000 -0.999728 1.319900 1.319900 1.319900
7291.283691 0.000000 3000.170898 0.000000 0.018006 0.000000 -0.999838 1.321402 1.321402 1.321402
7293.504395 0.000000 3006.792480 0.000000 0.461040 0.000000 0.887379 0.577036 0.577036 0.577036
7294.616699 0.000000 3008.466797 0.000000 0.752026 0.000000 0.659133 0.681738 0.681738 0.681738
7295.422852 0.000000 3008.733398 0.000000 0.302422 0.000000 0.953174 0.528638 0.528638 0.528638
7685.367676 0.000000 2597.078857 0.000000 0.965841 0.000000 -0.259134 0.958098 0.958098 0.958098
7684.859863 0.000000 2596.292725 0.000000 0.127775 0.000000 -0.991803 1.290405 1.290405 1.290405
6239.588867 0.000000 3148.718262 0.000000 0.999463 0.000000 -0.032773 0.893541 0.893541 0.893541
6438.071289 0.000000 3574.316895 0.000000 0.497058 0.000000 0.867717 0.588587 0.588587 0.588587
6439.572266 0.000000 3574.004639 0.000000 0.545379 0.000000 0.838189 0.604530 0.604530 0.604530
6744.925293 0.000000 3255.443604 0.000000 0.199292 0.000000 0.979940 0.498633 0.498633 0.498633
6754.853516 0.000000 3262.600830 0.000000 0.117933 0.000000 -0.993021 1.293197 1.293197 1.293197
6755.764160 0.000000 3263.267822 0.000000 0.932520 0.000000 -0.361117 0.988313 0.988313 0.988313
7014.153320 0.000000 3073.919189 0.000000 0.006927 0.000000 -0.999976 1.324521 1.324521 1.324521
7066.704590 0.000000 3157.491455 0.000000 0.592589 0.000000 0.805505 0.620695 0.620695 0.620695
7071.149902 0.000000 3151.564453 0.000000 0.112541 0.000000 -0.993647 1.294725 1.294725 1.294725
7071.215332 0.000000 3150.086914 0.000000 0.660760 0.000000 -0.750597 1.123285 1.123285 1.123285
6344.260742 0.000000 3640.945557 0.000000 0.374949 0.000000 -0.927045 1.218284 1.218284 1.218284
6346.296387 0.000000 3643.252930 0.000000 0.953752 0.000000 -0.300595 0.970256 0.970256 0.970256
6338.539062 0.000000 3647.477783 0.000000 0.984143 0.000000 0.177379 0.834119 0.834119 0.834119
6445.351074 0.000000 3591.065430 0.000000 0.373745 0.000000 -0.927532 1.218650 1.218650 1.218650
6474.523438 0.000000 3606.131836 0.000000 0.993530 0.000000 0.113574 0.852275 0.852275 0.852275
6494.416016 0.000000 3587.032227 0.000000 0.992151 0.000000 0.125044 0.849023 0.849023 0.849023
6495.700195 0.000000 3587.048096 0.000000 0.927370 0.000000 0.374144 0.776371 0.776371 0.776371
6518.885742 0.000000 3660.750244 0.000000 0.996245 0.000000 -0.086583 0.908716 0.908716 0.908716
7242.997070 0.000000 3303.466309 0.000000 0.405574 0.000000 0.914062 0.559707 0.559707 0.559707
"}
object={
	name="rock_red_generator_1_5"
	clamp_to_water_level=no
	render_under_water=no
	generated_content=yes
	layer="rock_layer"
	pdxmesh="rock_L_red_mesh"
	count=1935
	transform="1672.889038 0.000000 1461.180054 0.000000 0.976458 0.000000 0.215706 0.471938 0.471938 0.471938
1687.626343 0.000000 1469.335693 0.000000 1.000000 0.000000 0.000645 0.499916 0.499916 0.499916
1682.492920 0.000000 1462.421387 0.000000 0.726810 0.000000 0.686838 0.400953 0.400953 0.400953
1675.947388 0.000000 1458.836914 0.000000 0.360227 0.000000 0.932865 0.342718 0.342718 0.342718
1696.143066 0.000000 1453.132324 0.000000 0.601083 0.000000 0.799187 0.380256 0.380256 0.380256
1738.272217 0.000000 1469.171631 0.000000 0.560934 0.000000 0.827860 0.371197 0.371197 0.371197
1688.208008 0.000000 1476.089233 0.000000 0.877512 0.000000 0.479554 0.434696 0.434696 0.434696
1694.470581 0.000000 1487.259644 0.000000 0.999984 0.000000 0.005707 0.499245 0.499245 0.499245
1697.926758 0.000000 1487.792847 0.000000 0.722933 0.000000 0.690918 0.398312 0.398312 0.398312
1725.152100 0.000000 1510.060669 0.000000 0.571963 0.000000 -0.820279 0.625595 0.625595 0.625595
1727.738525 0.000000 1508.697998 0.000000 0.886607 0.000000 -0.462523 0.564103 0.564103 0.564103
1728.020630 0.000000 1479.739990 0.000000 0.908167 0.000000 0.418608 0.444360 0.444360 0.444360
1743.692383 0.000000 1482.285278 0.000000 0.755309 0.000000 -0.655369 0.594028 0.594028 0.594028
1734.880737 0.000000 1479.757324 0.000000 0.758853 0.000000 -0.651262 0.592429 0.592429 0.592429
1728.139160 0.000000 1485.124512 0.000000 0.272728 0.000000 0.962091 0.331938 0.331938 0.331938
1731.912964 0.000000 1493.732300 0.000000 0.764327 0.000000 0.644829 0.408672 0.408672 0.408672
1738.837280 0.000000 1471.741821 0.000000 0.999261 0.000000 -0.038434 0.505087 0.505087 0.505087
1766.335205 0.000000 1492.016602 0.000000 0.925804 0.000000 -0.378003 0.551485 0.551485 0.551485
1736.729126 0.000000 1515.937500 0.000000 0.964099 0.000000 -0.265542 0.535629 0.535629 0.535629
1778.481201 0.000000 1526.405762 0.000000 0.462464 0.000000 0.886638 0.357948 0.357948 0.357948
1776.233032 0.000000 1518.083862 0.000000 0.165321 0.000000 -0.986240 0.686569 0.686569 0.686569
1903.672852 0.000000 1290.332153 0.000000 0.333551 0.000000 -0.942732 0.658238 0.658238 0.658238
1906.465576 0.000000 1302.460449 0.000000 0.999990 0.000000 -0.004419 0.500575 0.500575 0.500575
1906.465576 0.000000 1334.452637 0.000000 0.687213 0.000000 -0.726456 0.606173 0.606173 0.606173
1911.264648 0.000000 1353.375000 0.000000 0.467826 0.000000 0.883821 0.361714 0.361714 0.361714
1962.244873 0.000000 1309.210693 0.000000 0.794591 0.000000 0.607145 0.416600 0.416600 0.416600
1982.938843 0.000000 1309.712402 0.000000 0.821907 0.000000 0.569622 0.421323 0.421323 0.421323
1982.261841 0.000000 1305.134277 0.000000 0.527481 0.000000 -0.849567 0.635337 0.635337 0.635337
1976.275635 0.000000 1306.512451 0.000000 0.860762 0.000000 0.509007 0.428539 0.428539 0.428539
1973.029297 0.000000 1311.824585 0.000000 0.786784 0.000000 0.617229 0.413807 0.413807 0.413807
1997.595581 0.000000 1303.476562 0.000000 0.263157 0.000000 0.964753 0.329346 0.329346 0.329346
1947.914307 0.000000 1360.920044 0.000000 0.999992 0.000000 0.004101 0.499470 0.499470 0.499470
1919.997192 0.000000 1351.771240 0.000000 0.265278 0.000000 0.964172 0.331585 0.331585 0.331585
1920.073120 0.000000 1362.729980 0.000000 0.317921 0.000000 0.948117 0.337769 0.337769 0.337769
1950.942749 0.000000 1373.696777 0.000000 0.757357 0.000000 -0.653001 0.594682 0.594682 0.594682
1950.265747 0.000000 1369.118652 0.000000 0.973301 0.000000 0.229534 0.469009 0.469009 0.469009
1975.591187 0.000000 1373.359131 0.000000 0.642977 0.000000 -0.765885 0.613693 0.613693 0.613693
1973.625488 0.000000 1369.388062 0.000000 0.986331 0.000000 0.164779 0.478386 0.478386 0.478386
1970.457764 0.000000 1366.444824 0.000000 0.505536 0.000000 0.862805 0.363844 0.363844 0.363844
1949.044189 0.000000 1376.895020 0.000000 0.614935 0.000000 -0.788578 0.617487 0.617487 0.617487
1957.177124 0.000000 1390.286377 0.000000 0.932519 0.000000 0.361122 0.451389 0.451389 0.451389
1955.491943 0.000000 1386.382202 0.000000 0.976502 0.000000 0.215508 0.471096 0.471096 0.471096
1956.250000 0.000000 1393.930908 0.000000 0.759506 0.000000 -0.650501 0.593182 0.593182 0.593182
2000.223877 0.000000 1394.560303 0.000000 0.167805 0.000000 -0.985820 0.682033 0.682033 0.682033
1999.661133 0.000000 1386.308716 0.000000 0.931114 0.000000 -0.364728 0.548467 0.548467 0.548467
1995.383423 0.000000 1391.033447 0.000000 0.117292 0.000000 0.993097 0.310252 0.310252 0.310252
1985.605469 0.000000 1378.543213 0.000000 0.834360 0.000000 -0.551220 0.575647 0.575647 0.575647
2013.671753 0.000000 1397.281616 0.000000 0.166501 0.000000 -0.986041 0.682556 0.682556 0.682556
2005.621582 0.000000 1401.380249 0.000000 0.223311 0.000000 0.974747 0.322964 0.322964 0.322964
2010.131104 0.000000 1396.038818 0.000000 0.929925 0.000000 -0.367750 0.549359 0.549359 0.549359
2011.181274 0.000000 1405.521240 0.000000 0.858673 0.000000 -0.512523 0.571068 0.571068 0.571068
2007.252930 0.000000 1417.359375 0.000000 0.805390 0.000000 -0.592746 0.580941 0.580941 0.580941
2008.168945 0.000000 1412.104858 0.000000 0.976240 0.000000 0.216691 0.471808 0.471808 0.471808
2013.671753 0.000000 1429.273804 0.000000 0.046581 0.000000 -0.998914 0.698253 0.698253 0.698253
2009.134644 0.000000 1407.722412 0.000000 0.999942 0.000000 0.010745 0.498565 0.498565 0.498565
2011.234009 0.000000 1411.463379 0.000000 0.791432 0.000000 0.611257 0.412982 0.412982 0.412982
2015.985474 0.000000 1415.755615 0.000000 0.646561 0.000000 -0.762862 0.613732 0.613732 0.613732
2031.657227 0.000000 1418.300903 0.000000 0.769086 0.000000 -0.639145 0.589323 0.589323 0.589323
2022.845581 0.000000 1415.772949 0.000000 0.944001 0.000000 0.329943 0.456265 0.456265 0.456265
2024.693970 0.000000 1419.960938 0.000000 0.946299 0.000000 -0.323292 0.542820 0.542820 0.542820
1938.794556 0.000000 1477.306519 0.000000 0.863055 0.000000 0.505109 0.429805 0.429805 0.429805
1936.216919 0.000000 1473.119019 0.000000 0.654837 0.000000 -0.755770 0.611020 0.611020 0.611020
1947.984497 0.000000 1485.705322 0.000000 0.999077 0.000000 0.042964 0.494271 0.494271 0.494271
1950.415039 0.000000 1490.499756 0.000000 0.998210 0.000000 -0.059803 0.507962 0.507962 0.507962
1957.177124 0.000000 1486.262939 0.000000 0.060436 0.000000 -0.998172 0.699088 0.699088 0.699088
1968.227783 0.000000 1490.536865 0.000000 0.978059 0.000000 0.208329 0.472231 0.472231 0.472231
1951.993286 0.000000 1479.739990 0.000000 0.161853 0.000000 0.986815 0.316128 0.316128 0.316128
1967.665039 0.000000 1482.285278 0.000000 0.560927 0.000000 0.827865 0.372657 0.372657 0.372657
1958.853394 0.000000 1479.757324 0.000000 0.007798 0.000000 0.999970 0.291238 0.291238 0.291238
1958.222168 0.000000 1471.937378 0.000000 0.371989 0.000000 0.928237 0.347045 0.347045 0.347045
1963.387329 0.000000 1487.010010 0.000000 0.170257 0.000000 -0.985400 0.687302 0.687302 0.687302
1953.609375 0.000000 1474.519775 0.000000 0.115396 0.000000 -0.993320 0.693267 0.693267 0.693267
1956.250000 0.000000 1489.907471 0.000000 0.603958 0.000000 0.797016 0.378189 0.378189 0.378189
1967.633057 0.000000 1493.325684 0.000000 0.906779 0.000000 -0.421607 0.558673 0.558673 0.558673
1958.311768 0.000000 1492.016602 0.000000 0.860100 0.000000 0.510125 0.428231 0.428231 0.428231
1963.074097 0.000000 1494.647461 0.000000 0.995038 0.000000 0.099494 0.486415 0.486415 0.486415
1958.222168 0.000000 1503.929565 0.000000 0.951075 0.000000 0.308961 0.459067 0.459067 0.459067
2041.130737 0.000000 1503.698975 0.000000 0.066514 0.000000 0.997786 0.300589 0.300589 0.300589
1783.614624 0.000000 1565.312256 0.000000 0.848945 0.000000 0.528482 0.427853 0.427853 0.427853
1768.877319 0.000000 1589.148804 0.000000 0.595525 0.000000 0.803337 0.379359 0.379359 0.379359
1783.614624 0.000000 1629.296631 0.000000 0.573691 0.000000 -0.819072 0.624840 0.624840 0.624840
1765.200562 0.000000 1646.223877 0.000000 0.998559 0.000000 0.053673 0.493136 0.493136 0.493136
1772.047363 0.000000 1635.382324 0.000000 0.934098 0.000000 -0.357018 0.547576 0.547576 0.547576
1789.144287 0.000000 1670.021606 0.000000 0.330630 0.000000 -0.943760 0.659560 0.659560 0.659560
1979.101318 0.000000 1561.645508 0.000000 0.822295 0.000000 -0.569061 0.577380 0.577380 0.577380
1979.910400 0.000000 1552.873169 0.000000 0.766035 0.000000 -0.642799 0.591854 0.591854 0.591854
1974.637207 0.000000 1556.689697 0.000000 0.977530 0.000000 -0.210795 0.527413 0.527413 0.527413
1976.808350 0.000000 1549.529053 0.000000 0.158132 0.000000 -0.987418 0.688594 0.688594 0.688594
1975.183594 0.000000 1552.969849 0.000000 0.890660 0.000000 -0.454669 0.561747 0.561747 0.561747
1984.948242 0.000000 1541.137329 0.000000 0.407230 0.000000 0.913326 0.345928 0.345928 0.345928
1984.094971 0.000000 1542.278076 0.000000 0.384171 0.000000 -0.923262 0.929800 0.929800 0.929800
2011.097412 0.000000 1625.629883 0.000000 0.962566 0.000000 -0.271047 0.535222 0.535222 0.535222
2013.036377 0.000000 1600.840332 0.000000 0.925543 0.000000 0.378641 0.450072 0.450072 0.450072
2027.379517 0.000000 1614.978760 0.000000 0.886799 0.000000 0.462155 0.437991 0.437991 0.437991
2019.484131 0.000000 1610.327515 0.000000 0.321273 0.000000 0.946987 0.336987 0.336987 0.336987
2020.242188 0.000000 1617.876221 0.000000 0.694365 0.000000 -0.719623 0.605082 0.605082 0.605082
1803.406860 0.000000 1678.963135 0.000000 0.858350 0.000000 -0.513064 0.570210 0.570210 0.570210
1800.873413 0.000000 1845.086304 0.000000 0.732778 0.000000 -0.680468 0.596597 0.596597 0.596597
1805.619019 0.000000 1847.343750 0.000000 0.993179 0.000000 -0.116603 0.515172 0.515172 0.515172
2111.967285 0.000000 1272.795532 0.000000 0.761325 0.000000 0.648370 0.408595 0.408595 0.408595
2122.648926 0.000000 1273.593872 0.000000 0.720119 0.000000 -0.693851 0.601847 0.601847 0.601847
2253.761475 0.000000 1276.130005 0.000000 0.557129 0.000000 0.830426 0.371080 0.371080 0.371080
2259.966553 0.000000 1275.622070 0.000000 0.857483 0.000000 -0.514512 0.572454 0.572454 0.572454
2282.205811 0.000000 1277.218506 0.000000 0.271404 0.000000 -0.962465 0.665328 0.665328 0.665328
2280.814941 0.000000 1269.226929 0.000000 0.229122 0.000000 -0.973398 0.678258 0.678258 0.678258
2275.139893 0.000000 1273.941406 0.000000 0.049920 0.000000 0.998753 0.293829 0.293829 0.293829
2278.578613 0.000000 1270.879395 0.000000 0.934583 0.000000 -0.355744 0.548851 0.548851 0.548851
2303.943848 0.000000 1272.795532 0.000000 0.552401 0.000000 -0.833578 0.626469 0.626469 0.626469
2368.018555 0.000000 1266.753418 0.000000 0.507404 0.000000 -0.861708 0.635354 0.635354 0.635354
2388.215576 0.000000 1262.353882 0.000000 0.007379 0.000000 0.999973 0.288059 0.288059 0.288059
2392.757568 0.000000 1261.599365 0.000000 0.364303 0.000000 -0.931281 0.656710 0.656710 0.656710
2376.651123 0.000000 1260.000000 0.000000 0.962978 0.000000 -0.269580 0.536866 0.536866 0.536866
2391.132812 0.000000 1265.040161 0.000000 0.901560 0.000000 0.432654 0.438674 0.438674 0.438674
2378.350586 0.000000 1265.124878 0.000000 0.108139 0.000000 0.994136 0.299557 0.299557 0.299557
2411.332764 0.000000 1263.064697 0.000000 0.512056 0.000000 0.858952 0.364061 0.364061 0.364061
2400.057373 0.000000 1261.179199 0.000000 0.924545 0.000000 0.381074 0.448953 0.448953 0.448953
2424.753662 0.000000 1261.599365 0.000000 0.763083 0.000000 0.646301 0.408421 0.408421 0.408421
2408.133301 0.000000 1265.382446 0.000000 0.221987 0.000000 0.975050 0.321440 0.321440 0.321440
2399.719971 0.000000 1264.025391 0.000000 0.655923 0.000000 0.754828 0.382760 0.382760 0.382760
2474.182373 0.000000 1245.226318 0.000000 0.555761 0.000000 0.831342 0.373314 0.373314 0.373314
2481.379395 0.000000 1242.813232 0.000000 0.799090 0.000000 0.601211 0.416425 0.416425 0.416425
2492.977783 0.000000 1248.926270 0.000000 0.931098 0.000000 -0.364768 0.548007 0.548007 0.548007
2555.840088 0.000000 1232.951294 0.000000 0.425037 0.000000 -0.905176 0.644952 0.644952 0.644952
2558.868652 0.000000 1245.728027 0.000000 0.009832 0.000000 0.999952 0.295406 0.295406 0.295406
2551.186523 0.000000 1257.398438 0.000000 0.986753 0.000000 -0.162230 0.520788 0.520788 0.520788
2539.953613 0.000000 1251.476074 0.000000 0.276159 0.000000 0.961112 0.334658 0.334658 0.334658
2548.959229 0.000000 1247.840210 0.000000 0.471206 0.000000 0.882023 0.358697 0.358697 0.358697
2555.840088 0.000000 1264.943481 0.000000 0.791944 0.000000 0.610594 0.414569 0.414569 0.414569
2550.566895 0.000000 1268.760010 0.000000 0.683437 0.000000 0.730010 0.387838 0.387838 0.387838
2546.720459 0.000000 1253.361206 0.000000 0.966704 0.000000 0.255895 0.466664 0.466664 0.466664
2557.605469 0.000000 1269.312866 0.000000 0.413068 0.000000 0.910700 0.336494 0.336494 0.336494
2554.064697 0.000000 1268.070068 0.000000 0.853986 0.000000 0.520296 0.423225 0.423225 0.423225
2552.437012 0.000000 1271.543579 0.000000 0.821627 0.000000 -0.570026 0.582829 0.582829 0.582829
2558.340820 0.000000 1266.554443 0.000000 0.961930 0.000000 0.273295 0.462059 0.462059 0.462059
2555.236572 0.000000 1270.894409 0.000000 0.965902 0.000000 -0.258909 0.536353 0.536353 0.536353
2556.292236 0.000000 1267.434937 0.000000 0.994486 0.000000 -0.104866 0.514373 0.514373 0.514373
2090.229248 0.000000 1309.210693 0.000000 0.986513 0.000000 0.163685 0.478695 0.478695 0.478695
2101.013916 0.000000 1279.832397 0.000000 0.613276 0.000000 -0.789869 0.617532 0.617532 0.617532
2095.649658 0.000000 1290.332153 0.000000 0.325723 0.000000 -0.945465 0.660232 0.660232 0.660232
2109.024658 0.000000 1280.918457 0.000000 0.966129 0.000000 0.258058 0.465659 0.465659 0.465659
2098.775146 0.000000 1285.353394 0.000000 0.930198 0.000000 -0.367058 0.549168 0.549168 0.549168
2104.157471 0.000000 1284.136108 0.000000 0.650112 0.000000 -0.759838 0.613121 0.613121 0.613121
2093.583984 0.000000 1303.476562 0.000000 0.949063 0.000000 -0.315088 0.541854 0.541854 0.541854
2096.194092 0.000000 1294.138550 0.000000 0.994163 0.000000 -0.107886 0.514087 0.514087 0.514087
2094.552002 0.000000 1286.499756 0.000000 0.567760 0.000000 0.823194 0.373737 0.373737 0.373737
2167.233398 0.000000 1289.390625 0.000000 0.998631 0.000000 0.052305 0.493194 0.493194 0.493194
2168.784912 0.000000 1293.591553 0.000000 0.051995 0.000000 0.998647 0.302831 0.302831 0.302831
2187.360107 0.000000 1295.056885 0.000000 0.686828 0.000000 0.726820 0.393352 0.393352 0.393352
2184.160645 0.000000 1297.374634 0.000000 0.975805 0.000000 0.218642 0.471275 0.471275 0.471275
2224.196533 0.000000 1394.560303 0.000000 0.374564 0.000000 0.927201 0.347994 0.347994 0.347994
2216.670654 0.000000 1387.968750 0.000000 0.162824 0.000000 -0.986655 0.684446 0.684446 0.684446
2224.178467 0.000000 1390.115112 0.000000 0.266396 0.000000 0.963864 0.329785 0.329785 0.329785
2226.174561 0.000000 1387.920776 0.000000 0.643309 0.000000 -0.765606 0.616031 0.616031 0.616031
2267.066162 0.000000 1401.684570 0.000000 0.910557 0.000000 -0.413383 0.555751 0.555751 0.555751
2262.602051 0.000000 1396.728760 0.000000 0.652564 0.000000 0.757734 0.387947 0.387947 0.387947
2244.115479 0.000000 1405.376343 0.000000 0.212166 0.000000 0.977234 0.322478 0.322478 0.322478
2269.640625 0.000000 1397.281616 0.000000 0.459531 0.000000 -0.888162 0.642210 0.642210 0.642210
2282.205811 0.000000 1405.187256 0.000000 0.924372 0.000000 0.381491 0.448405 0.448405 0.448405
2276.111572 0.000000 1405.376343 0.000000 0.167909 0.000000 0.985803 0.317280 0.317280 0.317280
2287.347412 0.000000 1407.510254 0.000000 0.999991 0.000000 -0.004343 0.500578 0.500578 0.500578
2293.586670 0.000000 1401.380249 0.000000 0.821290 0.000000 -0.570511 0.578818 0.578818 0.578818
2291.439209 0.000000 1406.225098 0.000000 0.998089 0.000000 -0.061790 0.508258 0.508258 0.508258
2058.233154 0.000000 1469.171631 0.000000 0.507843 0.000000 -0.861450 0.635546 0.635546 0.635546
2064.216064 0.000000 1458.544678 0.000000 0.319323 0.000000 -0.947646 0.659551 0.659551 0.659551
2047.981567 0.000000 1447.747803 0.000000 0.310289 0.000000 0.950642 0.337663 0.337663 0.337663
2054.841797 0.000000 1447.765137 0.000000 0.205170 0.000000 -0.978726 0.686291 0.686291 0.686291
2054.210449 0.000000 1439.945190 0.000000 0.421724 0.000000 0.906724 0.350611 0.350611 0.350611
2061.587646 0.000000 1463.437500 0.000000 0.263124 0.000000 -0.964762 0.671961 0.671961 0.671961
2057.947998 0.000000 1446.162964 0.000000 0.977256 0.000000 0.212065 0.470605 0.470605 0.470605
2059.062256 0.000000 1462.655273 0.000000 0.212497 0.000000 -0.977162 0.681542 0.681542 0.681542
2054.054688 0.000000 1445.360107 0.000000 0.166248 0.000000 0.986084 0.305846 0.305846 0.305846
2054.758301 0.000000 1442.317627 0.000000 0.107657 0.000000 -0.994188 0.701240 0.701240 0.701240
2154.221436 0.000000 1437.179443 0.000000 0.569538 0.000000 0.821965 0.373297 0.373297 0.373297
2143.963379 0.000000 1432.756470 0.000000 0.794991 0.000000 -0.606621 0.583804 0.583804 0.583804
2152.830566 0.000000 1429.187866 0.000000 0.467144 0.000000 0.884181 0.358366 0.358366 0.358366
2148.127197 0.000000 1437.368530 0.000000 0.413331 0.000000 -0.910581 0.648604 0.648604 0.648604
2157.576172 0.000000 1431.445312 0.000000 0.885991 0.000000 -0.463702 0.562716 0.562716 0.562716
2147.862305 0.000000 1429.747925 0.000000 0.994544 0.000000 0.104320 0.486354 0.486354 0.486354
2128.208252 0.000000 1458.544678 0.000000 0.851140 0.000000 0.524939 0.428256 0.428256 0.428256
2171.077881 0.000000 1465.668945 0.000000 0.470389 0.000000 0.882459 0.361275 0.361275 0.361275
2165.006104 0.000000 1439.793335 0.000000 0.109447 0.000000 -0.993993 0.688226 0.688226 0.688226
2143.969971 0.000000 1447.747803 0.000000 0.987798 0.000000 0.155738 0.479738 0.479738 0.479738
2174.915527 0.000000 1469.673340 0.000000 0.903544 0.000000 0.428495 0.442180 0.442180 0.442180
2147.862305 0.000000 1461.740112 0.000000 0.526178 0.000000 0.850374 0.368266 0.368266 0.368266
2160.189697 0.000000 1441.126831 0.000000 0.520911 0.000000 -0.853611 0.633046 0.633046 0.633046
2150.933105 0.000000 1465.501343 0.000000 0.903377 0.000000 0.428847 0.442019 0.442019 0.442019
2152.111572 0.000000 1443.895020 0.000000 0.878638 0.000000 -0.477488 0.565494 0.565494 0.565494
2147.540283 0.000000 1445.756226 0.000000 0.787071 0.000000 0.616862 0.413204 0.413204 0.413204
2075.898682 0.000000 1488.888794 0.000000 0.422463 0.000000 -0.906380 0.647582 0.647582 0.647582
2056.842041 0.000000 1493.172241 0.000000 0.064097 0.000000 -0.997944 0.698604 0.698604 0.698604
2065.429932 0.000000 1498.750732 0.000000 0.108333 0.000000 -0.994115 0.687640 0.687640 0.687640
2054.210449 0.000000 1471.937378 0.000000 0.804346 0.000000 -0.594162 0.582118 0.582118 0.582118
2054.944580 0.000000 1497.493530 0.000000 0.768956 0.000000 0.639302 0.407014 0.407014 0.407014
2069.613770 0.000000 1497.356812 0.000000 0.928264 0.000000 0.371922 0.450338 0.450338 0.450338
2072.796631 0.000000 1485.544678 0.000000 0.367779 0.000000 0.929913 0.344673 0.344673 0.344673
2074.748779 0.000000 1480.666992 0.000000 0.998603 0.000000 0.052833 0.493072 0.493072 0.493072
2090.229248 0.000000 1501.163818 0.000000 0.419156 0.000000 -0.907914 0.647204 0.647204 0.647204
2085.161621 0.000000 1486.262939 0.000000 0.905980 0.000000 0.423321 0.441181 0.441181 0.441181
2096.212158 0.000000 1490.536865 0.000000 0.603613 0.000000 0.797278 0.381127 0.381127 0.381127
2079.977783 0.000000 1479.739990 0.000000 0.360893 0.000000 -0.932607 0.655089 0.655089 0.655089
2095.649658 0.000000 1482.285278 0.000000 0.998184 0.000000 -0.060246 0.507811 0.507811 0.507811
2080.053711 0.000000 1490.698730 0.000000 0.207166 0.000000 -0.978306 0.679211 0.679211 0.679211
2100.250732 0.000000 1486.299194 0.000000 0.003595 0.000000 -0.999994 0.703846 0.703846 0.703846
2080.096436 0.000000 1485.124512 0.000000 0.998922 0.000000 -0.046427 0.506215 0.506215 0.506215
2080.566650 0.000000 1503.554932 0.000000 0.729893 0.000000 -0.683562 0.598271 0.598271 0.598271
2088.172363 0.000000 1489.327759 0.000000 0.789517 0.000000 -0.613729 0.588092 0.588092 0.588092
2107.169678 0.000000 1501.497803 0.000000 0.858597 0.000000 -0.512650 0.570685 0.570685 0.570685
2060.012207 0.000000 1507.413574 0.000000 0.963242 0.000000 -0.268636 0.535580 0.535580 0.535580
2054.841797 0.000000 1511.749512 0.000000 0.928642 0.000000 0.370978 0.451135 0.451135 0.451135
2059.375488 0.000000 1519.002197 0.000000 0.861833 0.000000 -0.507192 0.568789 0.568789 0.568789
2071.579346 0.000000 1533.320068 0.000000 0.458596 0.000000 0.888645 0.356834 0.356834 0.356834
2064.197998 0.000000 1518.083862 0.000000 0.767897 0.000000 0.640573 0.409222 0.409222 0.409222
2058.798096 0.000000 1503.734009 0.000000 0.426103 0.000000 0.904675 0.352094 0.352094 0.352094
2111.967285 0.000000 1496.740845 0.000000 0.734533 0.000000 -0.678573 0.597567 0.597567 0.597567
2156.000488 0.000000 1475.421387 0.000000 0.926519 0.000000 0.376248 0.449730 0.449730 0.449730
2171.886963 0.000000 1488.888794 0.000000 0.967373 0.000000 -0.253357 0.532806 0.532806 0.532806
2159.641846 0.000000 1482.285278 0.000000 0.949379 0.000000 -0.314133 0.541084 0.541084 0.541084
2173.016846 0.000000 1472.871582 0.000000 0.945573 0.000000 -0.325410 0.543277 0.543277 0.543277
2162.767334 0.000000 1477.306519 0.000000 0.508046 0.000000 0.861330 0.366039 0.366039 0.366039
2168.149658 0.000000 1476.089233 0.000000 0.964827 0.000000 0.262886 0.465665 0.465665 0.465665
2173.097412 0.000000 1478.068481 0.000000 0.963467 0.000000 -0.267827 0.535199 0.535199 0.535199
2124.004395 0.000000 1507.413574 0.000000 0.832212 0.000000 0.554457 0.424290 0.424290 0.424290
2111.973877 0.000000 1511.732178 0.000000 0.855783 0.000000 0.517335 0.429412 0.429412 0.429412
2186.217529 0.000000 1437.179443 0.000000 0.207601 0.000000 -0.978214 0.676773 0.676773 0.676773
2199.229492 0.000000 1417.359375 0.000000 0.979098 0.000000 0.203391 0.473410 0.473410 0.473410
2184.826660 0.000000 1429.187866 0.000000 0.879212 0.000000 0.476431 0.434912 0.434912 0.434912
2196.239014 0.000000 1422.314819 0.000000 0.931630 0.000000 -0.363407 0.548190 0.548190 0.548190
2180.123291 0.000000 1437.368530 0.000000 0.950799 0.000000 -0.309808 0.540971 0.540971 0.540971
2189.572266 0.000000 1431.445312 0.000000 0.985455 0.000000 0.169939 0.477490 0.477490 0.477490
2182.929199 0.000000 1433.509155 0.000000 0.421434 0.000000 -0.906859 0.647730 0.647730 0.647730
2187.238281 0.000000 1416.783691 0.000000 0.054458 0.000000 0.998516 0.302016 0.302016 0.302016
2184.160645 0.000000 1425.343384 0.000000 0.902861 0.000000 -0.429933 0.558028 0.558028 0.558028
2187.885010 0.000000 1426.844727 0.000000 0.613573 0.000000 -0.789638 0.619983 0.619983 0.619983
2207.680176 0.000000 1412.721436 0.000000 0.566776 0.000000 -0.823872 0.628836 0.628836 0.628836
2213.145996 0.000000 1422.278564 0.000000 0.858731 0.000000 0.512427 0.430558 0.430558 0.430558
2214.822266 0.000000 1415.772949 0.000000 0.928096 0.000000 0.372341 0.449231 0.449231 0.449231
2208.080811 0.000000 1421.140137 0.000000 0.732519 0.000000 -0.680746 0.597955 0.597955 0.597955
2211.460693 0.000000 1418.374390 0.000000 0.606550 0.000000 -0.795045 0.621840 0.621840 0.621840
2182.826172 0.000000 1447.765137 0.000000 0.003476 0.000000 -0.999994 0.704253 0.704253 0.704253
2263.221680 0.000000 1417.359375 0.000000 0.998643 0.000000 0.052073 0.493172 0.493172 0.493172
2245.142090 0.000000 1422.278564 0.000000 0.796013 0.000000 -0.605280 0.583100 0.583100 0.583100
2269.005127 0.000000 1408.887207 0.000000 0.162479 0.000000 0.986712 0.318671 0.318671 0.318671
2246.818359 0.000000 1415.772949 0.000000 0.987069 0.000000 -0.160296 0.521020 0.521020 0.521020
2246.187256 0.000000 1407.953003 0.000000 0.045049 0.000000 -0.998985 0.699976 0.699976 0.699976
2251.352295 0.000000 1423.025635 0.000000 0.521505 0.000000 -0.853248 0.634742 0.634742 0.634742
2260.231201 0.000000 1422.314819 0.000000 0.003483 0.000000 0.999994 0.291835 0.291835 0.291835
2269.085693 0.000000 1414.084106 0.000000 0.945338 0.000000 -0.326091 0.544200 0.544200 0.544200
2251.230469 0.000000 1416.783691 0.000000 0.890557 0.000000 -0.454872 0.561894 0.561894 0.561894
2248.099854 0.000000 1411.902832 0.000000 0.681722 0.000000 0.731611 0.392434 0.392434 0.392434
2263.148438 0.000000 1425.001099 0.000000 0.606946 0.000000 -0.794743 0.622920 0.622920 0.622920
2250.633301 0.000000 1433.554810 0.000000 0.016310 0.000000 -0.999867 0.706461 0.706461 0.706461
2267.945557 0.000000 1421.720947 0.000000 0.318569 0.000000 -0.947900 0.668367 0.668367 0.668367
2265.652588 0.000000 1419.043091 0.000000 0.718305 0.000000 -0.695728 0.603154 0.603154 0.603154
2277.138184 0.000000 1422.278564 0.000000 0.517980 0.000000 -0.855393 0.636567 0.636567 0.636567
2292.990479 0.000000 1407.801147 0.000000 0.759694 0.000000 0.650281 0.405265 0.405265 0.405265
2278.183350 0.000000 1407.953003 0.000000 0.878954 0.000000 -0.476907 0.565034 0.565034 0.565034
2283.348389 0.000000 1423.025635 0.000000 0.849150 0.000000 0.528151 0.425681 0.425681 0.425681
2296.134033 0.000000 1412.104858 0.000000 0.165907 0.000000 0.986142 0.318418 0.318418 0.318418
2273.570312 0.000000 1410.535400 0.000000 0.880039 0.000000 -0.474902 0.564489 0.564489 0.564489
2280.662842 0.000000 1419.960938 0.000000 0.830900 0.000000 0.556422 0.422071 0.422071 0.422071
2288.170654 0.000000 1422.107300 0.000000 0.654285 0.000000 0.756248 0.386102 0.386102 0.386102
2298.095947 0.000000 1428.031006 0.000000 0.949783 0.000000 0.312908 0.457492 0.457492 0.457492
2260.994385 0.000000 1439.793335 0.000000 0.976399 0.000000 0.215973 0.471685 0.471685 0.471685
2255.630127 0.000000 1450.293091 0.000000 0.994833 0.000000 0.101530 0.486949 0.486949 0.486949
2243.850586 0.000000 1461.740112 0.000000 0.903916 0.000000 0.427710 0.442735 0.442735 0.442735
2256.177979 0.000000 1441.126831 0.000000 0.509951 0.000000 -0.860204 0.635485 0.635485 0.635485
2244.215088 0.000000 1457.915283 0.000000 0.986429 0.000000 0.164189 0.478423 0.478423 0.478423
2271.947754 0.000000 1464.748657 0.000000 0.855098 0.000000 0.518467 0.430193 0.430193 0.430193
2273.570312 0.000000 1442.527588 0.000000 0.824257 0.000000 0.566216 0.422161 0.422161 0.422161
2299.062256 0.000000 1529.653320 0.000000 0.932981 0.000000 0.359925 0.452845 0.452845 0.452845
2294.598145 0.000000 1524.697510 0.000000 0.926247 0.000000 -0.376916 0.549689 0.549689 0.549689
2301.636719 0.000000 1525.250366 0.000000 0.795093 0.000000 0.606488 0.415404 0.415404 0.415404
2352.180908 0.000000 1298.583740 0.000000 0.945598 0.000000 0.325336 0.457561 0.457561 0.457561
2344.807129 0.000000 1301.219116 0.000000 0.050116 0.000000 0.998743 0.304485 0.304485 0.304485
2360.761475 0.000000 1293.591553 0.000000 0.475870 0.000000 -0.879516 0.640073 0.640073 0.640073
2379.973145 0.000000 1283.468262 0.000000 0.912293 0.000000 -0.409538 0.554567 0.554567 0.554567
2383.614502 0.000000 1290.332153 0.000000 0.760274 0.000000 0.649603 0.408738 0.408738 0.408738
2368.018555 0.000000 1298.745605 0.000000 0.948209 0.000000 0.317648 0.457874 0.457874 0.457874
2379.214844 0.000000 1288.814941 0.000000 0.368753 0.000000 0.929527 0.345405 0.345405 0.345405
2387.382324 0.000000 1289.128296 0.000000 0.987537 0.000000 -0.157386 0.520675 0.520675 0.520675
2411.332764 0.000000 1295.056885 0.000000 0.805362 0.000000 -0.592784 0.582214 0.582214 0.582214
2310.913574 0.000000 1401.516968 0.000000 0.423010 0.000000 -0.906125 0.652600 0.652600 0.652600
2325.582764 0.000000 1401.380249 0.000000 0.043614 0.000000 0.999048 0.298311 0.298311 0.298311
2323.435303 0.000000 1406.225098 0.000000 0.882342 0.000000 0.470610 0.432476 0.432476 0.432476
2312.816162 0.000000 1403.164429 0.000000 0.733809 0.000000 0.679356 0.397259 0.397259 0.397259
2321.730957 0.000000 1407.539551 0.000000 0.478037 0.000000 0.878339 0.352216 0.352216 0.352216
2315.682617 0.000000 1403.593384 0.000000 0.374528 0.000000 0.927215 0.337322 0.337322 0.337322
2340.103760 0.000000 1405.376343 0.000000 0.429296 0.000000 0.903164 0.351712 0.351712 0.351712
2359.544434 0.000000 1405.351318 0.000000 0.950929 0.000000 0.309410 0.459005 0.459005 0.459005
2342.909668 0.000000 1401.516968 0.000000 0.926010 0.000000 -0.377499 0.550253 0.550253 0.550253
2349.749756 0.000000 1404.098755 0.000000 0.117418 0.000000 -0.993083 0.690820 0.690820 0.690820
2336.653076 0.000000 1404.182373 0.000000 0.880559 0.000000 0.473936 0.434175 0.434175 0.434175
2343.383789 0.000000 1406.340332 0.000000 0.176708 0.000000 -0.984263 0.684686 0.684686 0.684686
2430.884277 0.000000 1373.696777 0.000000 0.959470 0.000000 0.281810 0.462842 0.462842 0.462842
2395.050537 0.000000 1401.684570 0.000000 0.999958 0.000000 -0.009128 0.501206 0.501206 0.501206
2376.803223 0.000000 1397.195679 0.000000 0.554572 0.000000 0.832136 0.370675 0.370675 0.370675
2385.391113 0.000000 1402.774170 0.000000 0.693490 0.000000 0.720466 0.394358 0.394358 0.394358
2381.548828 0.000000 1399.453125 0.000000 0.603416 0.000000 0.797427 0.376025 0.376025 0.376025
2379.023438 0.000000 1398.670898 0.000000 0.102404 0.000000 0.994743 0.303531 0.303531 0.303531
2399.932129 0.000000 1400.764282 0.000000 0.763408 0.000000 -0.645916 0.592040 0.592040 0.592040
2428.985596 0.000000 1376.895020 0.000000 0.470885 0.000000 0.882195 0.358380 0.358380 0.358380
2411.332764 0.000000 1391.033447 0.000000 0.568179 0.000000 -0.822905 0.628368 0.628368 0.628368
2424.118408 0.000000 1380.112671 0.000000 0.999968 0.000000 0.007962 0.498966 0.498966 0.498966
2408.133301 0.000000 1393.351196 0.000000 0.064315 0.000000 -0.997930 0.701584 0.701584 0.701584
2419.784424 0.000000 1394.411987 0.000000 0.979657 0.000000 -0.200681 0.526685 0.526685 0.526685
2460.981689 0.000000 1280.918457 0.000000 0.758612 0.000000 0.651542 0.408763 0.408763 0.408763
2465.546875 0.000000 1282.566650 0.000000 0.278831 0.000000 -0.960340 0.666916 0.666916 0.666916
2480.150635 0.000000 1281.165894 0.000000 0.947089 0.000000 0.320970 0.457581 0.457581 0.457581
2448.169189 0.000000 1362.568115 0.000000 0.985166 0.000000 -0.171606 0.522173 0.522173 0.522173
2431.928223 0.000000 1368.772095 0.000000 0.978375 0.000000 -0.206840 0.526683 0.526683 0.526683
2459.851807 0.000000 1360.920044 0.000000 0.523861 0.000000 -0.851804 0.634123 0.634123 0.634123
2453.567139 0.000000 1369.388062 0.000000 0.693522 0.000000 0.720436 0.394564 0.394564 0.394564
2493.556152 0.000000 1355.322632 0.000000 0.167482 0.000000 0.985875 0.314423 0.314423 0.314423
2494.876465 0.000000 1373.696777 0.000000 0.863295 0.000000 -0.504699 0.569340 0.569340 0.569340
2464.049561 0.000000 1357.155762 0.000000 0.802283 0.000000 0.596944 0.416476 0.416476 0.416476
2472.125488 0.000000 1361.359009 0.000000 0.560162 0.000000 0.828383 0.369612 0.369612 0.369612
2464.641113 0.000000 1365.551514 0.000000 0.949291 0.000000 -0.314400 0.542318 0.542318 0.542318
2491.918213 0.000000 1357.736572 0.000000 0.566195 0.000000 -0.824272 0.629897 0.629897 0.629897
2455.198242 0.000000 1385.367188 0.000000 0.519280 0.000000 -0.854604 0.634062 0.634062 0.634062
2437.118652 0.000000 1390.286377 0.000000 0.097648 0.000000 0.995221 0.310246 0.310246 0.310246
2443.965332 0.000000 1379.444824 0.000000 0.209468 0.000000 -0.977816 0.675168 0.675168 0.675168
2452.970947 0.000000 1375.808960 0.000000 0.277922 0.000000 0.960604 0.334893 0.334893 0.334893
2460.981689 0.000000 1376.895020 0.000000 0.311271 0.000000 -0.950321 0.660951 0.660951 0.660951
2461.560059 0.000000 1387.314819 0.000000 0.570765 0.000000 0.821113 0.375177 0.375177 0.375177
2446.509033 0.000000 1382.476318 0.000000 0.044928 0.000000 0.998990 0.300389 0.300389 0.300389
2469.114746 0.000000 1390.286377 0.000000 0.793847 0.000000 0.608117 0.414159 0.414159 0.414159
2475.961426 0.000000 1379.444824 0.000000 0.998388 0.000000 0.056749 0.492600 0.492600 0.492600
2463.924316 0.000000 1400.764282 0.000000 0.824006 0.000000 0.566581 0.422705 0.422705 0.422705
2464.006836 0.000000 1394.722168 0.000000 0.507177 0.000000 0.861842 0.363834 0.363834 0.363834
2482.728271 0.000000 1381.329956 0.000000 0.043502 0.000000 -0.999053 0.704373 0.704373 0.704373
2480.150635 0.000000 1377.142456 0.000000 0.798863 0.000000 -0.601513 0.583624 0.583624 0.583624
2489.076172 0.000000 1375.730225 0.000000 0.993943 0.000000 0.109898 0.485677 0.485677 0.485677
2472.639404 0.000000 1387.968750 0.000000 0.761791 0.000000 -0.647823 0.593599 0.593599 0.593599
2467.501221 0.000000 1381.771851 0.000000 0.979297 0.000000 -0.202429 0.526615 0.526615 0.526615
2491.175537 0.000000 1379.471191 0.000000 0.963932 0.000000 0.266149 0.463749 0.463749 0.463749
2482.143311 0.000000 1387.920776 0.000000 0.328566 0.000000 -0.944481 0.663854 0.663854 0.663854
2485.037354 0.000000 1387.471924 0.000000 0.564430 0.000000 0.825481 0.370786 0.370786 0.370786
2473.897461 0.000000 1382.178589 0.000000 0.263754 0.000000 0.964590 0.326497 0.326497 0.326497
2506.178467 0.000000 1373.195068 0.000000 0.598436 0.000000 -0.801171 0.624579 0.624579 0.624579
2501.110840 0.000000 1358.294189 0.000000 0.217282 0.000000 -0.976109 0.681562 0.681562 0.681562
2495.927002 0.000000 1351.771240 0.000000 0.004203 0.000000 -0.999991 0.700638 0.700638 0.700638
2511.598877 0.000000 1354.316528 0.000000 0.932511 0.000000 0.361141 0.450188 0.450188 0.450188
2502.787109 0.000000 1351.788574 0.000000 0.834684 0.000000 -0.550729 0.575425 0.575425 0.575425
2518.570801 0.000000 1364.736572 0.000000 0.311659 0.000000 -0.950194 0.663090 0.663090 0.663090
2500.084229 0.000000 1373.384155 0.000000 0.217245 0.000000 0.976117 0.320121 0.320121 0.320121
2520.106689 0.000000 1348.120483 0.000000 0.117095 0.000000 -0.993121 0.691225 0.691225 0.691225
2509.533203 0.000000 1367.460938 0.000000 0.826859 0.000000 -0.562409 0.578734 0.578734 0.578734
2517.559326 0.000000 1369.388062 0.000000 0.645324 0.000000 0.763909 0.384319 0.384319 0.384319
2514.391357 0.000000 1366.444824 0.000000 0.613181 0.000000 0.789943 0.379269 0.379269 0.379269
2496.515869 0.000000 1375.586182 0.000000 0.005164 0.000000 -0.999987 0.709896 0.709896 0.709896
2504.121582 0.000000 1361.359009 0.000000 0.157435 0.000000 0.987529 0.314486 0.314486 0.314486
2509.730225 0.000000 1372.106567 0.000000 0.994507 0.000000 -0.104674 0.514111 0.514111 0.514111
2522.694336 0.000000 1352.698242 0.000000 0.551593 0.000000 0.834114 0.367988 0.367988 0.367988
2523.118896 0.000000 1373.529053 0.000000 0.988445 0.000000 0.151578 0.479790 0.479790 0.479790
2508.585938 0.000000 1355.937500 0.000000 0.907675 0.000000 -0.419674 0.558386 0.558386 0.558386
2517.717773 0.000000 1350.428345 0.000000 0.368848 0.000000 0.929490 0.341249 0.341249 0.341249
2503.364258 0.000000 1374.348145 0.000000 0.098428 0.000000 -0.995144 0.698474 0.698474 0.698474
2515.935303 0.000000 1371.598633 0.000000 0.316626 0.000000 0.948550 0.333227 0.333227 0.333227
2521.621338 0.000000 1355.058716 0.000000 0.998588 0.000000 -0.053124 0.507125 0.507125 0.507125
2551.186523 0.000000 1353.375000 0.000000 0.905283 0.000000 -0.424809 0.558821 0.558821 0.558821
2533.106934 0.000000 1358.294189 0.000000 0.960770 0.000000 -0.277347 0.537115 0.537115 0.537115
2544.157471 0.000000 1362.568115 0.000000 0.999953 0.000000 0.009743 0.498708 0.498708 0.498708
2543.594971 0.000000 1354.316528 0.000000 0.605179 0.000000 -0.796089 0.623907 0.623907 0.623907
2550.566895 0.000000 1364.736572 0.000000 0.978190 0.000000 -0.207714 0.527686 0.527686 0.527686
2543.316162 0.000000 1375.518066 0.000000 0.594354 0.000000 0.804204 0.377538 0.377538 0.377538
2531.815430 0.000000 1365.763550 0.000000 0.906443 0.000000 0.422328 0.442961 0.442961 0.442961
2552.738037 0.000000 1357.575928 0.000000 0.459116 0.000000 -0.888376 0.648005 0.648005 0.648005
2547.768799 0.000000 1362.419800 0.000000 0.884700 0.000000 -0.466161 0.564893 0.564893 0.564893
2538.598145 0.000000 1369.570435 0.000000 0.157358 0.000000 0.987542 0.314476 0.314476 0.314476
2540.582031 0.000000 1355.937500 0.000000 0.205110 0.000000 0.978739 0.316766 0.316766 0.316766
2549.713867 0.000000 1350.428345 0.000000 0.527810 0.000000 -0.849362 0.635032 0.635032 0.635032
2543.562988 0.000000 1365.356934 0.000000 0.999193 0.000000 -0.040169 0.505327 0.505327 0.505327
2558.340820 0.000000 1362.531006 0.000000 0.761085 0.000000 0.648653 0.404671 0.404671 0.404671
2545.966309 0.000000 1360.264648 0.000000 0.998612 0.000000 -0.052675 0.507013 0.507013 0.507013
2507.957520 0.000000 1379.444824 0.000000 0.789822 0.000000 -0.613336 0.586212 0.586212 0.586212
2512.146729 0.000000 1377.142456 0.000000 0.319403 0.000000 -0.947619 0.663583 0.663583 0.663583
2504.068604 0.000000 1379.910645 0.000000 0.558016 0.000000 0.829830 0.371465 0.371465 0.371465
2506.743652 0.000000 1375.765259 0.000000 0.222485 0.000000 0.974936 0.319155 0.319155 0.319155
2500.670654 0.000000 1378.783936 0.000000 0.854382 0.000000 -0.519645 0.572576 0.572576 0.572576
2556.969971 0.000000 1376.895020 0.000000 0.176815 0.000000 -0.984244 0.681889 0.681889 0.681889
2327.213867 0.000000 1417.359375 0.000000 0.862682 0.000000 -0.505746 0.567910 0.567910 0.567910
2315.980957 0.000000 1411.437012 0.000000 0.998952 0.000000 0.045771 0.494044 0.494044 0.494044
2303.943848 0.000000 1432.756470 0.000000 0.639649 0.000000 0.768667 0.387274 0.387274 0.387274
2315.344482 0.000000 1423.025635 0.000000 0.973828 0.000000 0.227286 0.470462 0.470462 0.470462
2331.195068 0.000000 1411.463379 0.000000 0.853707 0.000000 0.520753 0.426295 0.426295 0.426295
2335.664551 0.000000 1412.721436 0.000000 0.218651 0.000000 -0.975803 0.679350 0.679350 0.679350
2317.607422 0.000000 1407.669922 0.000000 0.434209 0.000000 -0.900812 0.653732 0.653732 0.653732
2341.130371 0.000000 1422.278564 0.000000 0.686727 0.000000 0.726915 0.393943 0.393943 0.393943
2342.806641 0.000000 1415.772949 0.000000 0.903103 0.000000 -0.429425 0.558065 0.558065 0.558065
2342.175537 0.000000 1407.953003 0.000000 0.175198 0.000000 -0.984533 0.684889 0.684889 0.684889
2354.743896 0.000000 1413.322144 0.000000 0.373393 0.000000 -0.927673 0.654837 0.654837 0.654837
2337.562500 0.000000 1410.535400 0.000000 0.049158 0.000000 0.998791 0.298284 0.298284 0.298284
2347.218750 0.000000 1416.783691 0.000000 0.272126 0.000000 0.962262 0.331534 0.331534 0.331534
2360.761475 0.000000 1421.560303 0.000000 0.765257 0.000000 -0.643725 0.591315 0.591315 0.591315
2344.655029 0.000000 1419.960938 0.000000 0.655194 0.000000 0.755461 0.388400 0.388400 0.388400
2355.386230 0.000000 1417.097046 0.000000 0.603880 0.000000 0.797075 0.379097 0.379097 0.379097
2350.520752 0.000000 1414.468506 0.000000 0.429164 0.000000 -0.903227 0.647745 0.647745 0.647745
2339.516846 0.000000 1413.764038 0.000000 0.882867 0.000000 0.469623 0.435559 0.435559 0.435559
2367.942627 0.000000 1415.755615 0.000000 0.975275 0.000000 -0.220994 0.528595 0.528595 0.528595
2383.614502 0.000000 1418.300903 0.000000 0.828933 0.000000 0.559349 0.422494 0.422494 0.422494
2368.061279 0.000000 1421.140137 0.000000 0.994462 0.000000 -0.105101 0.513801 0.513801 0.513801
2371.441162 0.000000 1418.374390 0.000000 0.377414 0.000000 0.926044 0.344842 0.344842 0.344842
2309.134277 0.000000 1518.255127 0.000000 0.460340 0.000000 -0.887743 0.640455 0.640455 0.640455
2304.069092 0.000000 1517.116699 0.000000 0.976265 0.000000 0.216581 0.471659 0.471659 0.471659
2570.170654 0.000000 1245.226318 0.000000 0.606602 0.000000 0.795006 0.379775 0.379775 0.379775
2564.076416 0.000000 1245.415405 0.000000 0.110416 0.000000 -0.993885 0.691381 0.691381 0.691381
2565.103027 0.000000 1262.317627 0.000000 0.998108 0.000000 0.061486 0.492151 0.492151 0.492151
2575.591064 0.000000 1258.339966 0.000000 0.383033 0.000000 -0.923735 0.650834 0.650834 0.650834
2566.148193 0.000000 1247.992065 0.000000 0.792870 0.000000 0.609391 0.414112 0.414112 0.414112
2561.535156 0.000000 1250.574463 0.000000 0.418254 0.000000 0.908330 0.351814 0.351814 0.351814
2570.735840 0.000000 1247.796509 0.000000 0.324493 0.000000 0.945888 0.337433 0.337433 0.337433
2562.073486 0.000000 1271.578735 0.000000 0.557017 0.000000 -0.830501 0.644596 0.644596 0.644596
2568.784912 0.000000 1275.195679 0.000000 0.682362 0.000000 0.731015 0.387637 0.387637 0.387637
2562.241455 0.000000 1269.402588 0.000000 0.120075 0.000000 -0.992765 0.709660 0.709660 0.709660
2925.482422 0.000000 1239.492188 0.000000 0.480527 0.000000 -0.876980 0.638848 0.638848 0.638848
2933.508545 0.000000 1241.419312 0.000000 0.419378 0.000000 0.907812 0.350839 0.350839 0.350839
2930.340576 0.000000 1238.476074 0.000000 0.993928 0.000000 0.110029 0.485604 0.485604 0.485604
2932.912354 0.000000 1247.840210 0.000000 0.962774 0.000000 -0.270309 0.535670 0.535670 0.535670
2940.923096 0.000000 1248.926270 0.000000 0.007389 0.000000 0.999973 0.298989 0.298989 0.298989
2928.095947 0.000000 1249.173706 0.000000 0.596470 0.000000 0.802635 0.378814 0.378814 0.378814
2986.119873 0.000000 1213.234131 0.000000 0.557353 0.000000 -0.830275 0.624971 0.624971 0.624971
2999.131836 0.000000 1193.414062 0.000000 0.730762 0.000000 0.682633 0.401708 0.401708 0.401708
3002.976318 0.000000 1209.731445 0.000000 0.368601 0.000000 -0.929588 0.652531 0.652531 0.652531
2992.102783 0.000000 1202.607178 0.000000 0.802153 0.000000 -0.597119 0.583712 0.583712 0.583712
3000.048096 0.000000 1188.159546 0.000000 0.372481 0.000000 -0.928040 0.653778 0.653778 0.653778
2989.474609 0.000000 1207.500000 0.000000 0.886078 0.000000 -0.463537 0.562451 0.562451 0.562451
3000.683350 0.000000 1197.614990 0.000000 0.212518 0.000000 -0.977157 0.677475 0.677475 0.677475
2992.084717 0.000000 1198.161987 0.000000 0.605211 0.000000 -0.796065 0.620684 0.620684 0.620684
2943.865723 0.000000 1240.803345 0.000000 0.226320 0.000000 0.974053 0.324711 0.324711 0.324711
2947.764648 0.000000 1237.794800 0.000000 0.464759 0.000000 -0.885437 0.641986 0.641986 0.641986
2959.544189 0.000000 1258.339966 0.000000 0.306906 0.000000 0.951740 0.337832 0.337832 0.337832
2973.497559 0.000000 1259.346069 0.000000 0.993393 0.000000 0.114765 0.485126 0.485126 0.485126
3002.976318 0.000000 1273.715820 0.000000 0.204735 0.000000 -0.978817 0.677153 0.677153 0.677153
2992.102783 0.000000 1266.591553 0.000000 0.156691 0.000000 0.987648 0.317210 0.317210 0.317210
2984.729004 0.000000 1269.226929 0.000000 0.975125 0.000000 0.221656 0.470816 0.470816 0.470816
2991.261475 0.000000 1279.541504 0.000000 0.851780 0.000000 0.523900 0.428139 0.428139 0.428139
2989.474609 0.000000 1271.484375 0.000000 0.946914 0.000000 0.321486 0.457183 0.457183 0.457183
2982.831543 0.000000 1273.548218 0.000000 0.319365 0.000000 -0.947632 0.663277 0.663277 0.663277
2989.671631 0.000000 1276.130005 0.000000 0.553494 0.000000 0.832853 0.371242 0.371242 0.371242
2683.015381 0.000000 1337.700195 0.000000 0.219503 0.000000 0.975612 0.323124 0.323124 0.323124
2686.853027 0.000000 1341.704590 0.000000 0.060282 0.000000 -0.998181 0.696091 0.696091 0.696091
2685.589844 0.000000 1333.297241 0.000000 0.564978 0.000000 0.825106 0.373054 0.373054 0.373054
2559.912598 0.000000 1368.772095 0.000000 0.692210 0.000000 0.721696 0.393722 0.393722 0.393722
2577.367676 0.000000 1370.781982 0.000000 0.994571 0.000000 -0.104059 0.513533 0.513533 0.513533
2582.562988 0.000000 1364.736572 0.000000 0.902435 0.000000 0.430826 0.441843 0.441843 0.441843
2571.313232 0.000000 1359.041260 0.000000 0.834674 0.000000 -0.550745 0.576301 0.576301 0.576301
2564.076416 0.000000 1373.384155 0.000000 0.697829 0.000000 -0.716264 0.604251 0.604251 0.604251
2568.113770 0.000000 1361.359009 0.000000 0.927468 0.000000 0.373902 0.449773 0.449773 0.449773
2576.135498 0.000000 1358.122925 0.000000 0.975417 0.000000 0.220367 0.470933 0.470933 0.470933
2564.176025 0.000000 1361.938721 0.000000 0.984892 0.000000 0.173168 0.476971 0.476971 0.476971
2583.109375 0.000000 1361.016724 0.000000 0.068025 0.000000 -0.997684 0.698085 0.698085 0.698085
2560.629395 0.000000 1365.551514 0.000000 0.999970 0.000000 0.007686 0.498964 0.498964 0.498964
2597.099121 0.000000 1358.294189 0.000000 0.374882 0.000000 -0.927072 0.653739 0.653739 0.653739
2621.540527 0.000000 1355.322632 0.000000 0.268662 0.000000 0.963235 0.329769 0.329769 0.329769
2592.033936 0.000000 1357.155762 0.000000 0.427931 0.000000 -0.903812 0.648205 0.648205 0.648205
2616.730225 0.000000 1357.575928 0.000000 0.049180 0.000000 -0.998790 0.697534 0.697534 0.697534
2595.413818 0.000000 1354.390015 0.000000 0.637159 0.000000 0.770733 0.385320 0.385320 0.385320
2618.682617 0.000000 1352.698242 0.000000 0.961126 0.000000 -0.276110 0.536666 0.536666 0.536666
2583.182617 0.000000 1385.367188 0.000000 0.831093 0.000000 0.556133 0.424767 0.424767 0.424767
2591.915283 0.000000 1383.763428 0.000000 0.218713 0.000000 -0.975789 0.673948 0.673948 0.673948
2598.775391 0.000000 1383.780762 0.000000 0.861939 0.000000 -0.507013 0.569160 0.569160 0.569160
2635.941895 0.000000 1347.452637 0.000000 0.002392 0.000000 0.999997 0.299130 0.299130 0.299130
2623.911377 0.000000 1351.771240 0.000000 0.044607 0.000000 0.999005 0.301109 0.301109 0.301109
2653.536621 0.000000 1355.322632 0.000000 0.992563 0.000000 0.121735 0.484127 0.484127 0.484127
2624.030029 0.000000 1357.155762 0.000000 0.313248 0.000000 0.949671 0.337441 0.337441 0.337441
2648.726318 0.000000 1357.575928 0.000000 0.564455 0.000000 -0.825464 0.627271 0.627271 0.627271
2632.619873 0.000000 1355.976562 0.000000 0.974704 0.000000 0.223499 0.470513 0.470513 0.470513
2683.015381 0.000000 1369.692383 0.000000 0.950418 0.000000 0.310975 0.456896 0.456896 0.456896
2667.937988 0.000000 1347.452637 0.000000 0.472025 0.000000 0.881585 0.361782 0.361782 0.361782
2664.768066 0.000000 1365.203491 0.000000 0.825731 0.000000 0.564064 0.422348 0.422348 0.422348
2662.767578 0.000000 1351.788574 0.000000 0.999997 0.000000 -0.002260 0.500296 0.500296 0.500296
2655.983398 0.000000 1362.729980 0.000000 0.770053 0.000000 0.637981 0.410526 0.410526 0.410526
2676.180420 0.000000 1358.330444 0.000000 0.998768 0.000000 -0.049627 0.506569 0.506569 0.506569
2659.406006 0.000000 1354.390015 0.000000 0.276282 0.000000 0.961077 0.330485 0.330485 0.330485
2667.826416 0.000000 1362.860352 0.000000 0.789773 0.000000 -0.613399 0.586552 0.586552 0.586552
2675.753174 0.000000 1362.419800 0.000000 0.466376 0.000000 0.884587 0.355272 0.355272 0.355272
2682.049072 0.000000 1364.046631 0.000000 0.885967 0.000000 0.463749 0.434990 0.434990 0.434990
2681.052734 0.000000 1375.730225 0.000000 0.860010 0.000000 -0.510277 0.570188 0.570188 0.570188
2693.087402 0.000000 1326.302002 0.000000 0.170400 0.000000 -0.985375 0.680643 0.680643 0.680643
2715.820557 0.000000 1328.927856 0.000000 0.556122 0.000000 0.831101 0.372145 0.372145 0.372145
2696.764160 0.000000 1333.211304 0.000000 0.927129 0.000000 0.374743 0.449750 0.449750 0.449750
2692.060791 0.000000 1341.391968 0.000000 0.561029 0.000000 -0.827796 0.627814 0.627814 0.627814
2701.509766 0.000000 1335.468750 0.000000 0.602179 0.000000 0.798361 0.380665 0.380665 0.380665
2694.866699 0.000000 1337.532593 0.000000 0.457460 0.000000 0.889230 0.357487 0.357487 0.357487
2696.098145 0.000000 1329.366821 0.000000 0.687032 0.000000 0.726627 0.393998 0.393998 0.393998
2699.822510 0.000000 1330.868164 0.000000 0.172735 0.000000 0.984968 0.317221 0.317221 0.317221
2736.134033 0.000000 1330.575928 0.000000 0.731404 0.000000 -0.681945 0.596858 0.596858 0.596858
2742.543457 0.000000 1332.744385 0.000000 0.946226 0.000000 -0.323505 0.542356 0.542356 0.542356
2733.505859 0.000000 1335.468750 0.000000 0.174067 0.000000 0.984734 0.317049 0.317049 0.317049
2743.497559 0.000000 1341.366943 0.000000 0.767900 0.000000 -0.640570 0.590951 0.590951 0.590951
2724.156494 0.000000 1329.946533 0.000000 0.173954 0.000000 -0.984754 0.682617 0.682617 0.682617
2762.147217 0.000000 1341.202881 0.000000 0.717202 0.000000 0.696865 0.401254 0.401254 0.401254
2751.889160 0.000000 1336.779907 0.000000 0.104616 0.000000 -0.994513 0.688851 0.688851 0.688851
2756.052979 0.000000 1341.391968 0.000000 0.169747 0.000000 0.985488 0.318572 0.318572 0.318572
2752.484619 0.000000 1343.593994 0.000000 0.110526 0.000000 0.993873 0.308634 0.308634 0.308634
2715.011475 0.000000 1369.692383 0.000000 0.606403 0.000000 0.795158 0.378824 0.378824 0.378824
2715.820557 0.000000 1360.920044 0.000000 0.801821 0.000000 -0.597564 0.584264 0.584264 0.584264
2710.547363 0.000000 1364.736572 0.000000 0.365509 0.000000 -0.930808 0.656839 0.656839 0.656839
2694.132568 0.000000 1343.968628 0.000000 0.802979 0.000000 -0.596007 0.583212 0.583212 0.583212
2687.979492 0.000000 1362.729980 0.000000 0.271736 0.000000 0.962372 0.329864 0.329864 0.329864
2703.296631 0.000000 1375.518066 0.000000 0.795380 0.000000 0.606111 0.415303 0.415303 0.415303
2691.795898 0.000000 1365.763550 0.000000 0.314040 0.000000 -0.949410 0.664013 0.664013 0.664013
2709.535889 0.000000 1369.388062 0.000000 0.851742 0.000000 -0.523961 0.572834 0.572834 0.572834
2707.343262 0.000000 1353.112671 0.000000 0.967517 0.000000 -0.252807 0.533435 0.533435 0.533435
2711.093750 0.000000 1361.016724 0.000000 0.724534 0.000000 0.689240 0.399951 0.399951 0.399951
2707.749268 0.000000 1362.419800 0.000000 0.611159 0.000000 0.791508 0.380299 0.380299 0.380299
2714.045166 0.000000 1364.046631 0.000000 0.927417 0.000000 0.374028 0.449659 0.449659 0.449659
2712.417480 0.000000 1367.520142 0.000000 0.945267 0.000000 -0.326297 0.543648 0.543648 0.543648
2688.610107 0.000000 1372.190186 0.000000 0.998164 0.000000 -0.060571 0.508110 0.508110 0.508110
2725.083496 0.000000 1358.294189 0.000000 0.890476 0.000000 -0.455031 0.561918 0.561918 0.561918
2747.007568 0.000000 1369.692383 0.000000 0.215604 0.000000 -0.976481 0.677062 0.677062 0.677062
2735.571533 0.000000 1354.316528 0.000000 0.212899 0.000000 0.977074 0.325962 0.325962 0.325962
2731.293701 0.000000 1359.041260 0.000000 0.517276 0.000000 -0.855819 0.634368 0.634368 0.634368
2740.172607 0.000000 1358.330444 0.000000 0.719473 0.000000 0.694520 0.400905 0.400905 0.400905
2724.056885 0.000000 1373.384155 0.000000 0.854322 0.000000 0.519745 0.428364 0.428364 0.428364
2723.791992 0.000000 1365.763550 0.000000 0.762527 0.000000 -0.646957 0.591340 0.591340 0.591340
2749.582031 0.000000 1365.289429 0.000000 0.000044 0.000000 1.000000 0.295692 0.295692 0.295692
2738.364014 0.000000 1366.444824 0.000000 0.977824 0.000000 0.209427 0.472609 0.472609 0.472609
2720.488525 0.000000 1375.586182 0.000000 0.880990 0.000000 0.473134 0.433558 0.433558 0.433558
2721.801758 0.000000 1359.824097 0.000000 0.912550 0.000000 -0.408964 0.555432 0.555432 0.555432
2687.903564 0.000000 1383.763428 0.000000 0.647399 0.000000 -0.762151 0.612073 0.612073 0.612073
2703.575439 0.000000 1386.308716 0.000000 0.902918 0.000000 -0.429813 0.558121 0.558121 0.558121
2694.763672 0.000000 1383.780762 0.000000 0.646511 0.000000 0.762905 0.386259 0.386259 0.386259
2706.700928 0.000000 1381.329956 0.000000 0.949456 0.000000 0.313900 0.458867 0.458867 0.458867
2717.528809 0.000000 1387.314819 0.000000 0.876369 0.000000 0.481640 0.435138 0.435138 0.435138
2712.718506 0.000000 1389.568115 0.000000 0.007615 0.000000 -0.999971 0.704884 0.704884 0.704884
2696.612061 0.000000 1387.968750 0.000000 0.361732 0.000000 0.932282 0.343229 0.343229 0.343229
2691.473877 0.000000 1381.771851 0.000000 0.267217 0.000000 0.963636 0.329572 0.329572 0.329572
2730.151123 0.000000 1405.187256 0.000000 0.758846 0.000000 -0.651270 0.591722 0.591722 0.591722
2747.816650 0.000000 1392.912231 0.000000 0.267105 0.000000 -0.963668 0.670768 0.670768 0.670768
2737.348145 0.000000 1402.774170 0.000000 0.999997 0.000000 -0.002521 0.500330 0.500330 0.500330
2726.759766 0.000000 1383.780762 0.000000 0.992994 0.000000 0.118162 0.484358 0.484358 0.484358
2726.128662 0.000000 1375.960815 0.000000 0.430535 0.000000 -0.902574 0.649232 0.649232 0.649232
2719.975586 0.000000 1394.722168 0.000000 0.978349 0.000000 -0.206962 0.527272 0.527272 0.527272
2731.293701 0.000000 1391.033447 0.000000 0.730721 0.000000 -0.682676 0.598112 0.598112 0.598112
2740.172607 0.000000 1390.322632 0.000000 0.884620 0.000000 -0.466312 0.563584 0.563584 0.563584
2744.079346 0.000000 1380.112671 0.000000 0.860529 0.000000 -0.509401 0.569788 0.569788 0.569788
2728.041260 0.000000 1379.910645 0.000000 0.821324 0.000000 -0.570463 0.581083 0.581083 0.581083
2723.469971 0.000000 1381.771851 0.000000 0.999990 0.000000 0.004456 0.499414 0.499414 0.499414
2724.643311 0.000000 1378.783936 0.000000 0.906105 0.000000 -0.423054 0.558452 0.558452 0.558452
2722.980225 0.000000 1376.032471 0.000000 0.007239 0.000000 -0.999974 0.709227 0.709227 0.709227
2763.926270 0.000000 1347.452637 0.000000 0.977882 0.000000 -0.209156 0.527197 0.527197 0.527197
2751.889160 0.000000 1368.772095 0.000000 0.946031 0.000000 -0.324075 0.543257 0.543257 0.543257
2758.124756 0.000000 1343.968628 0.000000 0.995577 0.000000 -0.093952 0.512262 0.512262 0.512262
2756.052979 0.000000 1373.384155 0.000000 0.878154 0.000000 -0.478378 0.565378 0.565378 0.565378
2797.498047 0.000000 1367.460938 0.000000 0.949792 0.000000 0.312883 0.458370 0.458370 0.458370
2758.858887 0.000000 1401.516968 0.000000 0.850579 0.000000 0.525847 0.427702 0.427702 0.427702
2768.112061 0.000000 1390.115112 0.000000 0.413479 0.000000 -0.910514 0.649440 0.649440 0.649440
2778.037354 0.000000 1396.038818 0.000000 0.458035 0.000000 0.888934 0.356478 0.356478 0.356478
2783.967773 0.000000 1394.722168 0.000000 0.059070 0.000000 0.998254 0.305261 0.305261 0.305261
2790.854980 0.000000 1401.516968 0.000000 0.946313 0.000000 0.323253 0.457268 0.457268 0.457268
2725.083496 0.000000 1422.278564 0.000000 0.420579 0.000000 -0.907256 0.645015 0.645015 0.645015
2735.292725 0.000000 1439.502441 0.000000 0.518144 0.000000 -0.855293 0.635773 0.635773 0.635773
2745.044922 0.000000 1407.722412 0.000000 0.857895 0.000000 0.513825 0.429674 0.429674 0.429674
2725.083496 0.000000 1454.270752 0.000000 0.685774 0.000000 -0.727815 0.604193 0.604193 0.604193
2747.007568 0.000000 1465.668945 0.000000 0.526362 0.000000 0.850261 0.370070 0.370070 0.370070
2731.930176 0.000000 1443.429199 0.000000 0.754489 0.000000 0.656313 0.405271 0.405271 0.405271
2728.760254 0.000000 1461.180054 0.000000 0.119130 0.000000 -0.992879 0.686245 0.686245 0.686245
2726.759766 0.000000 1447.765137 0.000000 0.174248 0.000000 -0.984702 0.681185 0.681185 0.681185
2731.293701 0.000000 1455.017822 0.000000 0.224039 0.000000 -0.974580 0.675931 0.675931 0.675931
2738.697021 0.000000 1445.314331 0.000000 0.597635 0.000000 0.801768 0.378306 0.378306 0.378306
2731.171875 0.000000 1448.775879 0.000000 0.999886 0.000000 0.015096 0.498025 0.498025 0.498025
2738.364014 0.000000 1462.421387 0.000000 0.994323 0.000000 0.106404 0.486054 0.486054 0.486054
2728.608154 0.000000 1451.953125 0.000000 0.430856 0.000000 -0.902421 0.646375 0.646375 0.646375
2728.041260 0.000000 1443.895020 0.000000 0.974539 0.000000 -0.224219 0.529753 0.529753 0.529753
2730.716309 0.000000 1439.749634 0.000000 0.607934 0.000000 -0.793988 0.621151 0.621151 0.621151
2775.159180 0.000000 1417.359375 0.000000 0.913762 0.000000 -0.406249 0.553996 0.553996 0.553996
2768.130127 0.000000 1426.552490 0.000000 0.763668 0.000000 -0.645609 0.591111 0.591111 0.591111
2767.567627 0.000000 1418.300903 0.000000 0.158599 0.000000 0.987343 0.318165 0.318165 0.318165
2776.710693 0.000000 1421.560303 0.000000 0.471798 0.000000 0.881707 0.359055 0.359055 0.359055
2768.112061 0.000000 1422.107300 0.000000 0.014868 0.000000 -0.999889 0.703934 0.703934 0.703934
2794.143311 0.000000 1437.179443 0.000000 0.219382 0.000000 0.975639 0.325803 0.325803 0.325803
2789.075684 0.000000 1422.278564 0.000000 0.214344 0.000000 -0.976758 0.672834 0.672834 0.672834
2787.784180 0.000000 1429.747925 0.000000 0.883906 0.000000 -0.467665 0.563420 0.563420 0.563420
2762.147217 0.000000 1469.171631 0.000000 0.551842 0.000000 0.833948 0.370983 0.370983 0.370983
2774.539551 0.000000 1460.713135 0.000000 0.642505 0.000000 0.766282 0.385790 0.385790 0.385790
2765.501953 0.000000 1463.437500 0.000000 0.978999 0.000000 -0.203864 0.526806 0.526806 0.526806
2782.841309 0.000000 1469.673340 0.000000 0.765897 0.000000 -0.642963 0.593277 0.593277 0.593277
2781.578125 0.000000 1461.265991 0.000000 0.321787 0.000000 -0.946812 0.666046 0.666046 0.666046
2770.360107 0.000000 1462.421387 0.000000 0.424354 0.000000 0.905497 0.351558 0.351558 0.351558
2778.037354 0.000000 1460.023193 0.000000 0.311156 0.000000 -0.950359 0.666916 0.666916 0.666916
2778.663086 0.000000 1448.674805 0.000000 0.259751 0.000000 -0.965676 0.671442 0.671442 0.671442
2782.164307 0.000000 1465.095215 0.000000 0.410572 0.000000 0.911828 0.346132 0.346132 0.346132
2807.155273 0.000000 1449.351562 0.000000 0.964352 0.000000 0.264624 0.465767 0.465767 0.465767
2801.340332 0.000000 1466.758545 0.000000 0.977330 0.000000 -0.211721 0.527535 0.527535 0.527535
2787.390381 0.000000 1450.366577 0.000000 0.418591 0.000000 0.908175 0.351863 0.351863 0.351863
2767.567627 0.000000 1482.285278 0.000000 0.879486 0.000000 -0.475924 0.563774 0.563774 0.563774
2781.023193 0.000000 1478.068481 0.000000 0.564242 0.000000 0.825610 0.371725 0.371725 0.371725
2768.115479 0.000000 1473.119019 0.000000 0.995253 0.000000 0.097323 0.487224 0.487224 0.487224
2777.041016 0.000000 1471.706787 0.000000 0.205201 0.000000 0.978720 0.318822 0.318822 0.318822
2810.999756 0.000000 1497.661133 0.000000 0.596609 0.000000 0.802532 0.380929 0.380929 0.380929
2804.927979 0.000000 1471.785522 0.000000 0.568904 0.000000 -0.822404 0.623670 0.623670 0.623670
2811.808838 0.000000 1488.888794 0.000000 0.064093 0.000000 -0.997944 0.694091 0.694091 0.694091
2802.689209 0.000000 1477.306519 0.000000 0.424163 0.000000 0.905586 0.352379 0.352379 0.352379
2784.010498 0.000000 1485.124512 0.000000 0.161813 0.000000 -0.986821 0.683174 0.683174 0.683174
2999.131836 0.000000 1289.390625 0.000000 0.096070 0.000000 0.995375 0.311147 0.311147 0.311147
2994.665771 0.000000 1285.353394 0.000000 0.691843 0.000000 -0.722048 0.604130 0.604130 0.604130
2954.123779 0.000000 1341.202881 0.000000 0.942765 0.000000 0.333459 0.455356 0.455356 0.455356
2961.320801 0.000000 1338.789795 0.000000 0.911136 0.000000 0.412106 0.444857 0.444857 0.444857
2944.461182 0.000000 1343.593994 0.000000 0.993634 0.000000 -0.112654 0.514910 0.514910 0.514910
2951.309570 0.000000 1342.355957 0.000000 0.767233 0.000000 -0.641369 0.592478 0.592478 0.592478
2999.131836 0.000000 1321.382812 0.000000 0.959738 0.000000 0.280896 0.463534 0.463534 0.463534
2984.729004 0.000000 1333.211304 0.000000 0.552207 0.000000 0.833707 0.373009 0.373009 0.373009
2996.141357 0.000000 1326.338257 0.000000 0.976969 0.000000 0.213383 0.472030 0.472030 0.472030
2992.084717 0.000000 1326.130737 0.000000 0.518893 0.000000 -0.854839 0.633609 0.633609 0.633609
2967.135742 0.000000 1353.375000 0.000000 0.318380 0.000000 0.947963 0.339077 0.339077 0.339077
2949.056152 0.000000 1358.294189 0.000000 0.427388 0.000000 0.904068 0.354535 0.354535 0.354535
2955.902832 0.000000 1347.452637 0.000000 0.826368 0.000000 -0.563130 0.579447 0.579447 0.579447
2959.544189 0.000000 1354.316528 0.000000 0.312882 0.000000 -0.949792 0.661358 0.661358 0.661358
2960.092041 0.000000 1345.150269 0.000000 0.828154 0.000000 -0.560500 0.577985 0.577985 0.577985
2954.688965 0.000000 1343.773071 0.000000 0.157515 0.000000 -0.987517 0.686561 0.686561 0.686561
2954.123779 0.000000 1405.187256 0.000000 0.221501 0.000000 0.975160 0.323392 0.323392 0.323392
2949.056152 0.000000 1390.286377 0.000000 0.998724 0.000000 0.050504 0.493529 0.493529 0.493529
2970.980225 0.000000 1401.684570 0.000000 0.998617 0.000000 -0.052570 0.506946 0.506946 0.506946
2966.516113 0.000000 1396.728760 0.000000 0.767958 0.000000 0.640500 0.408193 0.408193 0.408193
2967.470215 0.000000 1405.351318 0.000000 0.230803 0.000000 -0.973001 0.676692 0.676692 0.676692
2947.764648 0.000000 1397.755737 0.000000 0.933389 0.000000 0.358865 0.452441 0.452441 0.452441
2965.504639 0.000000 1401.380249 0.000000 0.861715 0.000000 0.507393 0.429852 0.429852 0.429852
2986.119873 0.000000 1405.187256 0.000000 0.998347 0.000000 -0.057481 0.507553 0.507553 0.507553
2993.316895 0.000000 1402.774170 0.000000 0.802614 0.000000 0.596498 0.416709 0.416709 0.416709
2980.025635 0.000000 1405.376343 0.000000 0.096374 0.000000 0.995345 0.307137 0.307137 0.307137
2991.261475 0.000000 1407.510254 0.000000 0.985154 0.000000 0.171675 0.477301 0.477301 0.477301
2979.760742 0.000000 1397.755737 0.000000 0.317918 0.000000 0.948118 0.337146 0.337146 0.337146
2982.831543 0.000000 1401.516968 0.000000 0.420767 0.000000 0.907169 0.351040 0.351040 0.351040
2839.151367 0.000000 1449.351562 0.000000 0.003329 0.000000 -0.999994 0.700359 0.700359 0.700359
2858.135498 0.000000 1469.171631 0.000000 0.994078 0.000000 0.108674 0.485891 0.485891 0.485891
2864.118408 0.000000 1458.544678 0.000000 0.997971 0.000000 0.063677 0.491648 0.491648 0.491648
2856.744629 0.000000 1461.180054 0.000000 0.852403 0.000000 0.522886 0.427332 0.427332 0.427332
2863.277100 0.000000 1471.494629 0.000000 0.947531 0.000000 -0.319665 0.542484 0.542484 0.542484
2854.847168 0.000000 1465.501343 0.000000 0.685527 0.000000 0.728047 0.393321 0.393321 0.393321
2869.516357 0.000000 1465.364624 0.000000 0.905813 0.000000 -0.423678 0.558544 0.558544 0.558544
2856.078613 0.000000 1457.335571 0.000000 0.172566 0.000000 -0.984998 0.685244 0.685244 0.685244
2861.889893 0.000000 1456.429199 0.000000 0.553803 0.000000 0.832648 0.369571 0.369571 0.369571
2864.069824 0.000000 1464.358521 0.000000 0.859434 0.000000 0.511246 0.427654 0.427654 0.427654
2890.131592 0.000000 1469.171631 0.000000 0.883584 0.000000 0.468273 0.437829 0.437829 0.437829
2907.797119 0.000000 1456.896606 0.000000 0.173207 0.000000 0.984885 0.315540 0.315540 0.315540
2904.059814 0.000000 1444.097046 0.000000 0.374343 0.000000 -0.927290 0.653222 0.653222 0.653222
2903.478027 0.000000 1469.335693 0.000000 0.959437 0.000000 0.281923 0.462541 0.462541 0.462541
2896.099854 0.000000 1441.126831 0.000000 0.977117 0.000000 0.212701 0.472175 0.472175 0.472175
2909.562500 0.000000 1461.265991 0.000000 0.479782 0.000000 -0.877388 0.641631 0.641631 0.641631
2917.060059 0.000000 1454.270752 0.000000 0.644229 0.000000 -0.764833 0.616089 0.616089 0.616089
2929.324707 0.000000 1466.758545 0.000000 0.913137 0.000000 -0.407653 0.554404 0.554404 0.554404
2932.149170 0.000000 1454.307007 0.000000 0.888209 0.000000 0.459440 0.437432 0.437432 0.437432
2925.482422 0.000000 1463.437500 0.000000 0.961401 0.000000 0.275151 0.463326 0.463326 0.463326
2911.994873 0.000000 1453.132324 0.000000 0.164013 0.000000 0.986458 0.314308 0.314308 0.314308
2936.691162 0.000000 1453.552490 0.000000 0.599353 0.000000 -0.800485 0.620487 0.620487 0.620487
2916.133057 0.000000 1457.915283 0.000000 0.978665 0.000000 0.205463 0.472154 0.472154 0.472154
2931.721924 0.000000 1458.396362 0.000000 0.377278 0.000000 -0.926100 0.654882 0.654882 0.654882
2913.778320 0.000000 1455.800659 0.000000 0.222496 0.000000 -0.974934 0.679835 0.679835 0.679835
2912.586426 0.000000 1461.528076 0.000000 0.207388 0.000000 -0.978259 0.680542 0.680542 0.680542
2914.309326 0.000000 1459.658569 0.000000 0.652705 0.000000 0.757612 0.384323 0.384323 0.384323
2839.485840 0.000000 1501.327881 0.000000 0.689414 0.000000 -0.724367 0.606181 0.606181 0.606181
2834.352295 0.000000 1494.413574 0.000000 0.987856 0.000000 0.155370 0.479631 0.479631 0.479631
2858.135498 0.000000 1501.163818 0.000000 0.687666 0.000000 -0.726027 0.605888 0.605888 0.605888
2871.147461 0.000000 1481.343750 0.000000 0.563441 0.000000 0.826156 0.373054 0.373054 0.373054
2859.914551 0.000000 1475.421387 0.000000 0.927107 0.000000 -0.374796 0.551121 0.551121 0.551121
2865.332520 0.000000 1498.750732 0.000000 0.213177 0.000000 -0.977014 0.676710 0.676710 0.676710
2854.744141 0.000000 1479.757324 0.000000 0.553050 0.000000 -0.833148 0.628336 0.628336 0.628336
2847.959961 0.000000 1490.698730 0.000000 0.961588 0.000000 0.274496 0.464110 0.464110 0.464110
2877.509277 0.000000 1483.291382 0.000000 0.319547 0.000000 -0.947570 0.664807 0.664807 0.664807
2872.063721 0.000000 1476.089233 0.000000 0.605900 0.000000 0.795541 0.377133 0.377133 0.377133
2854.847168 0.000000 1497.493530 0.000000 0.421436 0.000000 -0.906858 0.648297 0.648297 0.648297
2875.128662 0.000000 1475.447754 0.000000 0.686354 0.000000 0.727268 0.390217 0.390217 0.390217
2869.096680 0.000000 1475.095215 0.000000 0.475531 0.000000 -0.879699 0.642540 0.642540 0.642540
2844.934814 0.000000 1504.863770 0.000000 0.475511 0.000000 -0.879710 0.640663 0.640663 0.640663
2871.147461 0.000000 1513.335938 0.000000 0.122005 0.000000 -0.992530 0.687320 0.687320 0.687320
2859.914551 0.000000 1507.413574 0.000000 0.800362 0.000000 -0.599517 0.582819 0.582819 0.582819
2859.278076 0.000000 1519.002197 0.000000 0.730661 0.000000 -0.682740 0.598499 0.598499 0.598499
2871.481934 0.000000 1533.320068 0.000000 0.913086 0.000000 -0.407768 0.554526 0.554526 0.554526
2877.011475 0.000000 1510.060669 0.000000 0.316129 0.000000 -0.948716 0.663724 0.663724 0.663724
2866.348389 0.000000 1526.405762 0.000000 0.731092 0.000000 0.682279 0.401959 0.401959 0.401959
2874.025635 0.000000 1524.007568 0.000000 0.929527 0.000000 -0.368754 0.550161 0.550161 0.550161
2875.075928 0.000000 1533.489990 0.000000 0.597512 0.000000 -0.801860 0.622876 0.622876 0.622876
2872.397949 0.000000 1527.481079 0.000000 0.689613 0.000000 0.724178 0.392238 0.392238 0.392238
2875.197510 0.000000 1526.831909 0.000000 0.795406 0.000000 -0.606077 0.587292 0.587292 0.587292
2903.143555 0.000000 1481.343750 0.000000 0.890393 0.000000 -0.455192 0.561116 0.561116 0.561116
2885.063965 0.000000 1486.262939 0.000000 0.061697 0.000000 -0.998095 0.701181 0.701181 0.701181
2879.880127 0.000000 1479.739990 0.000000 0.647567 0.000000 0.762009 0.383629 0.383629 0.383629
2897.328613 0.000000 1498.750732 0.000000 0.059177 0.000000 0.998248 0.300369 0.300369 0.300369
2898.677490 0.000000 1477.306519 0.000000 0.797245 0.000000 0.603655 0.414895 0.414895 0.414895
2900.153076 0.000000 1486.299194 0.000000 0.165041 0.000000 -0.986287 0.687308 0.687308 0.687308
2893.486328 0.000000 1495.429688 0.000000 0.987070 0.000000 -0.160292 0.521422 0.521422 0.521422
2909.562500 0.000000 1493.258179 0.000000 0.851707 0.000000 0.524018 0.427157 0.427157 0.427157
2904.695068 0.000000 1485.544678 0.000000 0.856394 0.000000 0.516324 0.429024 0.429024 0.429024
2884.136963 0.000000 1489.907471 0.000000 0.987522 0.000000 0.157479 0.479194 0.479194 0.479194
2891.799072 0.000000 1490.829102 0.000000 0.506843 0.000000 0.862038 0.360929 0.360929 0.360929
2892.539062 0.000000 1483.906250 0.000000 0.976302 0.000000 -0.216411 0.529462 0.529462 0.529462
2895.520020 0.000000 1493.325684 0.000000 0.412919 0.000000 -0.910768 0.655810 0.655810 0.655810
2889.846680 0.000000 1478.155151 0.000000 0.551492 0.000000 0.834180 0.367480 0.367480 0.367480
2886.014160 0.000000 1483.031006 0.000000 0.797088 0.000000 -0.603863 0.587891 0.587891 0.587891
2880.838867 0.000000 1477.152954 0.000000 0.556605 0.000000 0.830777 0.368794 0.368794 0.368794
2893.050781 0.000000 1492.994995 0.000000 0.947374 0.000000 0.320130 0.456069 0.456069 0.456069
2922.127686 0.000000 1501.163818 0.000000 0.318606 0.000000 0.947887 0.336618 0.336618 0.336618
2884.037354 0.000000 1533.345093 0.000000 0.510639 0.000000 0.859795 0.363844 0.363844 0.363844
2879.998779 0.000000 1517.116699 0.000000 0.993015 0.000000 0.117988 0.484499 0.484499 0.484499
2880.468994 0.000000 1535.547119 0.000000 0.998852 0.000000 0.047892 0.493720 0.493720 0.493720
2880.586670 0.000000 1532.151123 0.000000 0.725439 0.000000 0.688286 0.399365 0.399365 0.399365
2935.139648 0.000000 1513.335938 0.000000 0.373612 0.000000 0.927585 0.345194 0.345194 0.345194
2969.017578 0.000000 1407.722412 0.000000 0.611100 0.000000 0.791554 0.379377 0.379377 0.379377
3002.976318 0.000000 1433.676758 0.000000 0.987792 0.000000 -0.155780 0.520072 0.520072 0.520072
2984.729004 0.000000 1429.187866 0.000000 0.261171 0.000000 -0.965293 0.667661 0.667661 0.667661
2996.141357 0.000000 1422.314819 0.000000 0.462994 0.000000 -0.886361 0.642518 0.642518 0.642518
3000.683350 0.000000 1421.560303 0.000000 0.646783 0.000000 -0.762674 0.613694 0.613694 0.613694
2984.576904 0.000000 1419.960938 0.000000 0.112030 0.000000 -0.993705 0.690804 0.690804 0.690804
2992.084717 0.000000 1422.107300 0.000000 0.651752 0.000000 -0.758432 0.612408 0.612408 0.612408
2947.764648 0.000000 1461.740112 0.000000 0.945150 0.000000 0.326637 0.456803 0.456803 0.456803
2999.131836 0.000000 1449.351562 0.000000 0.325853 0.000000 -0.945420 0.661760 0.661760 0.661760
3004.995850 0.000000 1446.076294 0.000000 0.120332 0.000000 0.992734 0.311738 0.311738 0.311738
2995.308105 0.000000 1449.089233 0.000000 0.950449 0.000000 -0.310881 0.541197 0.541197 0.541197
3034.972412 0.000000 1433.676758 0.000000 0.065808 0.000000 0.997832 0.305755 0.305755 0.305755
3024.098877 0.000000 1426.552490 0.000000 0.903702 0.000000 -0.428163 0.557882 0.557882 0.557882
3035.781494 0.000000 1424.904419 0.000000 0.987728 0.000000 -0.156184 0.520203 0.520203 0.520203
3007.864502 0.000000 1415.755615 0.000000 0.475779 0.000000 -0.879565 0.639013 0.639013 0.639013
3016.725098 0.000000 1429.187866 0.000000 0.067446 0.000000 -0.997723 0.697036 0.697036 0.697036
3025.312988 0.000000 1434.766357 0.000000 0.724565 0.000000 0.689206 0.401096 0.401096 0.401096
3014.724609 0.000000 1415.772949 0.000000 0.687110 0.000000 0.726553 0.395636 0.395636 0.395636
3007.940430 0.000000 1426.714355 0.000000 0.644699 0.000000 0.764437 0.386383 0.386383 0.386383
3019.258545 0.000000 1423.025635 0.000000 0.960663 0.000000 0.277718 0.463326 0.463326 0.463326
3029.496826 0.000000 1433.372437 0.000000 0.945871 0.000000 0.324541 0.456843 0.456843 0.456843
3012.121338 0.000000 1425.923096 0.000000 0.993378 0.000000 -0.114889 0.515092 0.515092 0.515092
3027.710205 0.000000 1426.404175 0.000000 0.105290 0.000000 0.994442 0.308309 0.308309 0.308309
3066.968506 0.000000 1433.676758 0.000000 0.794914 0.000000 -0.606722 0.584797 0.584797 0.584797
3067.777588 0.000000 1424.904419 0.000000 0.641874 0.000000 -0.766810 0.613663 0.613663 0.613663
3063.458496 0.000000 1437.343506 0.000000 0.998617 0.000000 -0.052583 0.506843 0.506843 0.506843
3007.857910 0.000000 1464.748657 0.000000 0.423782 0.000000 0.905764 0.353456 0.353456 0.353456
3023.536377 0.000000 1450.293091 0.000000 0.264030 0.000000 -0.964514 0.670210 0.670210 0.670210
3014.724609 0.000000 1447.765137 0.000000 0.931208 0.000000 0.364487 0.451566 0.451566 0.451566
3028.137451 0.000000 1454.307007 0.000000 0.057106 0.000000 -0.998368 0.698394 0.698394 0.698394
3037.489746 0.000000 1451.299194 0.000000 0.472773 0.000000 0.881184 0.360814 0.360814 0.360814
3011.756836 0.000000 1461.740112 0.000000 0.733905 0.000000 -0.679252 0.596756 0.596756 0.596756
3016.572998 0.000000 1451.953125 0.000000 0.998234 0.000000 -0.059402 0.507775 0.507775 0.507775
3016.059082 0.000000 1457.335571 0.000000 0.597750 0.000000 0.801683 0.378557 0.378557 0.378557
3031.054688 0.000000 1456.993286 0.000000 0.549667 0.000000 0.835384 0.370642 0.370642 0.370642
3063.124023 0.000000 1449.351562 0.000000 0.694624 0.000000 -0.719373 0.604834 0.604834 0.604834
3045.044434 0.000000 1454.270752 0.000000 0.880382 0.000000 0.474266 0.436099 0.436099 0.436099
3068.907471 0.000000 1440.879395 0.000000 0.100775 0.000000 -0.994909 0.690083 0.690083 0.690083
3064.040283 0.000000 1444.097046 0.000000 0.988614 0.000000 0.150473 0.480278 0.480278 0.480278
2999.131836 0.000000 1481.343750 0.000000 0.988265 0.000000 0.152749 0.480398 0.480398 0.480398
3013.048340 0.000000 1486.262939 0.000000 0.693908 0.000000 -0.720064 0.602556 0.602556 0.602556
3007.864502 0.000000 1479.739990 0.000000 0.769020 0.000000 0.639225 0.409798 0.409798 0.409798
3014.724609 0.000000 1479.757324 0.000000 0.419084 0.000000 0.907947 0.352786 0.352786 0.352786
3014.093506 0.000000 1471.937378 0.000000 0.729452 0.000000 0.684032 0.402397 0.402397 0.402397
2060.012207 0.000000 1539.405762 0.000000 0.802601 0.000000 0.596516 0.416227 0.416227 0.416227
2054.210449 0.000000 1535.921753 0.000000 0.878601 0.000000 0.477556 0.435739 0.435739 0.435739
2085.161621 0.000000 1550.247314 0.000000 0.155701 0.000000 0.987804 0.317787 0.317787 0.317787
2096.212158 0.000000 1554.521240 0.000000 0.909793 0.000000 -0.415062 0.555351 0.555351 0.555351
2080.053711 0.000000 1554.683105 0.000000 0.610424 0.000000 -0.792075 0.621649 0.621649 0.621649
2091.371826 0.000000 1550.994385 0.000000 0.851138 0.000000 -0.524941 0.571745 0.571745 0.571745
2084.135010 0.000000 1565.337280 0.000000 0.994274 0.000000 -0.106858 0.513845 0.513845 0.513845
2080.096436 0.000000 1549.108887 0.000000 0.986421 0.000000 0.164235 0.478582 0.478582 0.478582
2107.085693 0.000000 1625.629883 0.000000 0.992598 0.000000 0.121444 0.484377 0.484377 0.484377
2096.212158 0.000000 1618.505615 0.000000 0.457413 0.000000 0.889254 0.359122 0.359122 0.359122
2093.583984 0.000000 1623.398438 0.000000 0.047496 0.000000 -0.998871 0.696612 0.696612 0.696612
2080.566650 0.000000 1631.523682 0.000000 0.830792 0.000000 -0.556584 0.577218 0.577218 0.577218
2086.837891 0.000000 1639.718262 0.000000 1.000000 0.000000 -0.000375 0.500049 0.500049 0.500049
2109.603027 0.000000 1643.252319 0.000000 0.858107 0.000000 -0.513471 0.569464 0.569464 0.569464
2104.157471 0.000000 1636.050171 0.000000 0.650655 0.000000 0.759374 0.388049 0.388049 0.388049
2109.105225 0.000000 1638.029419 0.000000 1.000000 0.000000 -0.000394 0.500051 0.500051 0.500051
2088.119385 0.000000 1635.848145 0.000000 0.467528 0.000000 0.883978 0.358152 0.358152 0.358152
2113.589844 0.000000 1634.480713 0.000000 0.825400 0.000000 0.564548 0.422272 0.422272 0.422272
2120.682373 0.000000 1643.906250 0.000000 0.904549 0.000000 0.426370 0.442707 0.442707 0.442707
2299.062256 0.000000 1561.645508 0.000000 0.792763 0.000000 -0.609530 0.585911 0.585911 0.585911
2294.598145 0.000000 1556.689697 0.000000 0.976246 0.000000 0.216663 0.471593 0.471593 0.471593
2295.217773 0.000000 1577.320312 0.000000 0.760480 0.000000 -0.649362 0.591926 0.591926 0.591926
2299.062256 0.000000 1593.637695 0.000000 0.756212 0.000000 -0.654326 0.593668 0.593668 0.593668
2298.095947 0.000000 1587.991943 0.000000 0.786836 0.000000 0.617163 0.412656 0.412656 0.412656
2267.066162 0.000000 1625.629883 0.000000 0.885997 0.000000 -0.463692 0.562233 0.562233 0.562233
2263.556152 0.000000 1629.296631 0.000000 0.208916 0.000000 -0.977934 0.676259 0.676259 0.676259
2299.062256 0.000000 1625.629883 0.000000 0.208480 0.000000 0.978027 0.325042 0.325042 0.325042
2290.751709 0.000000 1605.275269 0.000000 0.926676 0.000000 -0.375860 0.549638 0.549638 0.549638
2297.099609 0.000000 1599.675537 0.000000 0.859942 0.000000 -0.510391 0.570206 0.570206 0.570206
2295.144531 0.000000 1616.954224 0.000000 0.595571 0.000000 0.803303 0.377736 0.377736 0.377736
2263.221680 0.000000 1641.304688 0.000000 0.009055 0.000000 0.999959 0.297644 0.297644 0.297644
2269.583496 0.000000 1643.252319 0.000000 0.759395 0.000000 0.650630 0.407857 0.407857 0.407857
2269.085693 0.000000 1638.029419 0.000000 0.755492 0.000000 0.655158 0.406366 0.406366 0.406366
2265.103516 0.000000 1631.667725 0.000000 0.925547 0.000000 0.378633 0.449394 0.449394 0.449394
2292.227295 0.000000 1646.260132 0.000000 0.985021 0.000000 -0.172433 0.522368 0.522368 0.522368
2291.394043 0.000000 1641.042358 0.000000 0.110598 0.000000 0.993865 0.309008 0.309008 0.309008
2173.652344 0.000000 1685.211304 0.000000 0.596685 0.000000 -0.802475 0.622082 0.622082 0.622082
2176.672607 0.000000 1692.112061 0.000000 0.929696 0.000000 0.368328 0.450089 0.450089 0.450089
2181.149902 0.000000 1710.208252 0.000000 0.772106 0.000000 -0.635494 0.588369 0.588369 0.588369
2182.826172 0.000000 1703.702637 0.000000 0.850866 0.000000 0.525382 0.426116 0.426116 0.426116
2187.238281 0.000000 1704.713379 0.000000 0.567530 0.000000 0.823353 0.373701 0.373701 0.373701
2180.709717 0.000000 1698.705811 0.000000 0.977150 0.000000 -0.212550 0.528821 0.528821 0.528821
2270.903809 0.000000 1693.618652 0.000000 0.879387 0.000000 0.476108 0.435828 0.435828 0.435828
2264.137939 0.000000 1700.034546 0.000000 0.759356 0.000000 -0.650676 0.591798 0.591798 0.591798
2271.947754 0.000000 1720.686157 0.000000 0.863651 0.000000 -0.504089 0.567664 0.567664 0.567664
2271.954346 0.000000 1703.685303 0.000000 0.903613 0.000000 -0.428350 0.557909 0.557909 0.557909
2280.814941 0.000000 1717.117554 0.000000 0.040511 0.000000 0.999179 0.301339 0.301339 0.301339
2283.348389 0.000000 1710.955322 0.000000 0.831553 0.000000 -0.555445 0.575863 0.575863 0.575863
2275.846680 0.000000 1717.677612 0.000000 0.482611 0.000000 -0.875835 0.639072 0.639072 0.639072
2275.452881 0.000000 1706.304077 0.000000 0.364265 0.000000 0.931295 0.342986 0.342986 0.342986
2276.211182 0.000000 1713.852783 0.000000 0.756603 0.000000 0.653874 0.406588 0.406588 0.406588
2303.943848 0.000000 1560.725220 0.000000 0.471768 0.000000 -0.881723 0.640411 0.640411 0.640411
2308.107666 0.000000 1597.329468 0.000000 0.931194 0.000000 0.364525 0.451002 0.451002 0.451002
2315.344482 0.000000 1614.978760 0.000000 0.986106 0.000000 -0.166115 0.521499 0.521499 0.521499
2307.520752 0.000000 1605.717163 0.000000 0.799315 0.000000 0.600912 0.415508 0.415508 0.415508
2324.223389 0.000000 1678.252319 0.000000 0.998581 0.000000 0.053246 0.493098 0.493098 0.493098
2328.130127 0.000000 1668.042358 0.000000 0.461924 0.000000 -0.886919 0.640770 0.640770 0.640770
2324.986572 0.000000 1695.730835 0.000000 0.994672 0.000000 0.103089 0.486516 0.486516 0.486516
2332.997314 0.000000 1696.816895 0.000000 0.997894 0.000000 0.064871 0.491605 0.491605 0.491605
2329.095703 0.000000 1695.652100 0.000000 0.427017 0.000000 -0.904244 0.647774 0.647774 0.647774
2431.928223 0.000000 1688.693970 0.000000 0.102338 0.000000 -0.994750 0.691346 0.691346 0.691346
2231.225586 0.000000 1801.265625 0.000000 0.368596 0.000000 0.929590 0.347469 0.347469 0.347469
2216.822754 0.000000 1813.094116 0.000000 0.999975 0.000000 -0.007054 0.500925 0.500925 0.500925
2223.355225 0.000000 1823.408691 0.000000 0.646450 0.000000 -0.762956 0.617435 0.617435 0.617435
2226.426514 0.000000 1814.335449 0.000000 0.311741 0.000000 -0.950167 0.664330 0.664330 0.664330
2224.178467 0.000000 1806.013550 0.000000 0.797456 0.000000 -0.603377 0.584735 0.584735 0.584735
2220.311523 0.000000 1822.557373 0.000000 0.052744 0.000000 0.998608 0.295349 0.295349 0.295349
2226.759521 0.000000 1829.220581 0.000000 0.647584 0.000000 0.761994 0.383199 0.383199 0.383199
2218.778809 0.000000 1823.655884 0.000000 0.932733 0.000000 0.360569 0.450547 0.450547 0.450547
2229.174805 0.000000 1827.009277 0.000000 0.830334 0.000000 -0.557266 0.579097 0.579097 0.579097
2224.177246 0.000000 1827.876587 0.000000 0.799002 0.000000 -0.601329 0.588104 0.588104 0.588104
2226.909424 0.000000 1825.357544 0.000000 0.993720 0.000000 -0.111892 0.515172 0.515172 0.515172
2278.917480 0.000000 1817.415405 0.000000 0.120436 0.000000 -0.992721 0.689697 0.689697 0.689697
2283.984863 0.000000 1827.335449 0.000000 0.378410 0.000000 -0.925638 0.651179 0.651179 0.651179
2288.174072 0.000000 1825.033081 0.000000 0.606871 0.000000 -0.794800 0.619034 0.619034 0.619034
2308.107666 0.000000 1821.274780 0.000000 0.790756 0.000000 -0.612132 0.585684 0.585684 0.585684
2317.556641 0.000000 1815.351562 0.000000 0.274428 0.000000 -0.961608 0.667187 0.667187 0.667187
2332.997314 0.000000 1824.785645 0.000000 0.769483 0.000000 0.638667 0.409200 0.409200 0.409200
2327.548340 0.000000 1853.241943 0.000000 0.986812 0.000000 0.161871 0.479015 0.479015 0.479015
2363.863525 0.000000 1840.802856 0.000000 0.944355 0.000000 -0.328927 0.543512 0.543512 0.543512
2347.340576 0.000000 1838.924072 0.000000 0.768080 0.000000 -0.640353 0.590914 0.590914 0.590914
2365.571777 0.000000 1835.205444 0.000000 0.119487 0.000000 -0.992836 0.689097 0.689097 0.689097
2365.628906 0.000000 1845.172241 0.000000 0.967467 0.000000 -0.252996 0.533524 0.533524 0.533524
2354.410889 0.000000 1846.327637 0.000000 0.987630 0.000000 0.156801 0.479363 0.479363 0.479363
2359.136719 0.000000 1840.899536 0.000000 0.608739 0.000000 0.793370 0.380127 0.380127 0.380127
2347.865479 0.000000 1842.743164 0.000000 0.229435 0.000000 -0.973324 0.676209 0.676209 0.676209
2367.936035 0.000000 1848.654907 0.000000 0.474312 0.000000 -0.880357 0.640035 0.640035 0.640035
2383.614502 0.000000 1834.199341 0.000000 0.987410 0.000000 0.158180 0.479577 0.479577 0.479577
2376.803223 0.000000 1845.086304 0.000000 0.965955 0.000000 0.258710 0.465766 0.465766 0.465766
2379.336670 0.000000 1838.924072 0.000000 0.986636 0.000000 -0.162939 0.521452 0.521452 0.521452
2376.137207 0.000000 1841.241821 0.000000 0.458999 0.000000 -0.888437 0.642560 0.642560 0.642560
2331.058350 0.000000 1881.567383 0.000000 0.763681 0.000000 0.645594 0.408191 0.408191 0.408191
2324.986572 0.000000 1855.691772 0.000000 0.048716 0.000000 0.998813 0.303165 0.303165 0.303165
2335.939941 0.000000 1880.647095 0.000000 0.600631 0.000000 -0.799527 0.620742 0.620742 0.620742
2730.151123 0.000000 1597.140381 0.000000 0.888845 0.000000 -0.458208 0.561792 0.561792 0.561792
2725.083496 0.000000 1582.239502 0.000000 0.998218 0.000000 0.059665 0.492339 0.492339 0.492339
2747.007568 0.000000 1593.637695 0.000000 0.209481 0.000000 -0.977813 0.675166 0.675166 0.675166
2747.816650 0.000000 1584.865356 0.000000 0.885900 0.000000 -0.463876 0.563584 0.563584 0.563584
2735.571533 0.000000 1578.261841 0.000000 0.994709 0.000000 0.102735 0.486588 0.486588 0.486588
2728.760254 0.000000 1589.148804 0.000000 0.465760 0.000000 -0.884911 0.642380 0.642380 0.642380
2738.697021 0.000000 1573.283081 0.000000 0.881197 0.000000 -0.472749 0.563433 0.563433 0.563433
2744.079346 0.000000 1572.065796 0.000000 0.370676 0.000000 0.928762 0.342997 0.342997 0.342997
2749.027100 0.000000 1574.045044 0.000000 0.862224 0.000000 0.506527 0.428659 0.428659 0.428659
2723.791992 0.000000 1589.708862 0.000000 0.202127 0.000000 0.979359 0.322159 0.322159 0.322159
2726.862793 0.000000 1593.470093 0.000000 0.962704 0.000000 -0.270559 0.535704 0.535704 0.535704
2749.582031 0.000000 1589.234741 0.000000 0.833099 0.000000 0.553125 0.423765 0.423765 0.423765
2738.364014 0.000000 1590.390137 0.000000 0.850479 0.000000 0.526009 0.427677 0.427677 0.427677
2728.094238 0.000000 1585.304321 0.000000 0.724916 0.000000 0.688837 0.400782 0.400782 0.400782
2746.041260 0.000000 1587.991943 0.000000 0.967137 0.000000 -0.254255 0.533759 0.533759 0.533759
2751.613770 0.000000 1572.682373 0.000000 0.950291 0.000000 -0.311363 0.542527 0.542527 0.542527
2744.710205 0.000000 1574.735962 0.000000 0.430109 0.000000 0.902777 0.349862 0.349862 0.349862
2782.841309 0.000000 1565.649902 0.000000 0.464690 0.000000 0.885473 0.357461 0.357461 0.357461
2784.480713 0.000000 1567.539307 0.000000 0.997780 0.000000 0.066593 0.491282 0.491282 0.491282
2757.079590 0.000000 1582.239502 0.000000 0.608500 0.000000 0.793553 0.380088 0.380088 0.380088
2758.124756 0.000000 1567.913940 0.000000 0.639394 0.000000 -0.768879 0.614083 0.614083 0.614083
2753.511719 0.000000 1570.496338 0.000000 0.377162 0.000000 0.926147 0.341554 0.341554 0.341554
2785.507812 0.000000 1570.496338 0.000000 0.218624 0.000000 0.975809 0.324691 0.324691 0.324691
2715.820557 0.000000 1616.857544 0.000000 0.797226 0.000000 0.603681 0.413597 0.413597 0.413597
2711.501465 0.000000 1629.296631 0.000000 0.173638 0.000000 0.984810 0.311066 0.311066 0.311066
2706.367920 0.000000 1622.382324 0.000000 0.998288 0.000000 -0.058484 0.507626 0.507626 0.507626
2714.045166 0.000000 1619.984131 0.000000 0.828269 0.000000 -0.560330 0.580037 0.580037 0.580037
2712.417480 0.000000 1623.457642 0.000000 0.905512 0.000000 -0.424321 0.559296 0.559296 0.559296
2718.345703 0.000000 1615.228394 0.000000 0.987687 0.000000 0.156445 0.478783 0.478783 0.478783
2716.985840 0.000000 1627.458862 0.000000 0.985516 0.000000 0.169585 0.477027 0.477027 0.477027
2725.083496 0.000000 1614.231689 0.000000 0.975579 0.000000 -0.219649 0.529966 0.529966 0.529966
2731.930176 0.000000 1603.390137 0.000000 0.106387 0.000000 0.994325 0.308088 0.308088 0.308088
2719.893066 0.000000 1624.709595 0.000000 0.678740 0.000000 0.734378 0.387783 0.387783 0.387783
2731.293701 0.000000 1614.978760 0.000000 0.264222 0.000000 0.964462 0.324284 0.324284 0.324284
2728.041260 0.000000 1603.855957 0.000000 0.994307 0.000000 -0.106555 0.513993 0.513993 0.513993
2728.094238 0.000000 1617.296509 0.000000 0.565797 0.000000 -0.824544 0.630688 0.630688 0.630688
2724.156494 0.000000 1617.876221 0.000000 0.999932 0.000000 -0.011651 0.501577 0.501577 0.501577
2731.818604 0.000000 1618.797852 0.000000 0.410185 0.000000 0.912003 0.347222 0.347222 0.347222
2732.558594 0.000000 1611.875000 0.000000 0.960693 0.000000 0.277612 0.462287 0.462287 0.462287
2721.801758 0.000000 1615.761597 0.000000 0.823788 0.000000 0.566898 0.418141 0.418141 0.418141
2747.144287 0.000000 1603.416504 0.000000 0.422743 0.000000 -0.906250 0.652073 0.652073 0.652073
2726.218262 0.000000 1619.985352 0.000000 0.692786 0.000000 0.721143 0.391615 0.391615 0.391615
2744.710205 0.000000 1606.728149 0.000000 0.557136 0.000000 -0.830421 0.632099 0.632099 0.632099
2715.011475 0.000000 1657.622070 0.000000 0.097387 0.000000 -0.995247 0.688684 0.688684 0.688684
2711.501465 0.000000 1661.288818 0.000000 0.324499 0.000000 -0.945886 0.660089 0.660089 0.660089
2704.123291 0.000000 1633.079956 0.000000 0.514424 0.000000 0.857536 0.361594 0.361594 0.361594
2707.749268 0.000000 1650.349487 0.000000 0.257891 0.000000 0.966174 0.328305 0.328305 0.328305
2704.840088 0.000000 1639.799927 0.000000 0.856234 0.000000 0.516588 0.427086 0.427086 0.427086
2706.850830 0.000000 1633.404419 0.000000 0.101964 0.000000 0.994788 0.302005 0.302005 0.302005
2753.511719 0.000000 1602.488525 0.000000 0.370010 0.000000 -0.929028 0.660668 0.660668 0.660668
2653.593750 0.000000 1717.203491 0.000000 0.272034 0.000000 0.962288 0.330228 0.330228 0.330228
2666.158936 0.000000 1725.109131 0.000000 0.999948 0.000000 -0.010168 0.501323 0.501323 0.501323
2655.900879 0.000000 1720.686157 0.000000 0.055942 0.000000 0.998434 0.303345 0.303345 0.303345
2666.582520 0.000000 1721.484497 0.000000 0.123501 0.000000 -0.992344 0.689654 0.689654 0.689654
2647.174805 0.000000 1737.281250 0.000000 0.928840 0.000000 0.370482 0.451109 0.451109 0.451109
2652.958252 0.000000 1728.809082 0.000000 0.944782 0.000000 0.327700 0.456824 0.456824 0.456824
2643.351074 0.000000 1737.018921 0.000000 0.761660 0.000000 0.647976 0.408134 0.408134 0.408134
2708.939697 0.000000 1663.738647 0.000000 0.559688 0.000000 -0.828703 0.625344 0.625344 0.625344
3082.108154 0.000000 1437.179443 0.000000 0.820530 0.000000 0.571604 0.421161 0.421161 0.421161
3075.749023 0.000000 1429.747925 0.000000 0.006301 0.000000 0.999980 0.294944 0.294944 0.294944
3078.819824 0.000000 1433.509155 0.000000 0.521131 0.000000 0.853477 0.366222 0.366222 0.366222
3083.887207 0.000000 1443.429199 0.000000 0.109050 0.000000 -0.994036 0.686817 0.686817 0.686817
1706.276123 0.000000 2652.882568 0.000000 0.859976 0.000000 -0.510334 0.574208 0.574208 0.574208
1704.400146 0.000000 2652.545166 0.000000 0.985915 0.000000 0.167249 0.474619 0.474619 0.474619
1987.881714 0.000000 2773.419678 0.000000 0.175740 0.000000 -0.984437 0.698390 0.698390 0.698390
1988.455933 0.000000 2771.661865 0.000000 0.511124 0.000000 -0.859507 0.647960 0.647960 0.647960
6012.198242 0.000000 1834.351074 0.000000 0.367324 0.000000 0.930093 0.548032 0.548032 0.548032
6012.235840 0.000000 1835.367432 0.000000 0.600437 0.000000 0.799672 0.623447 0.623447 0.623447
6023.439941 0.000000 1832.317505 0.000000 0.992451 0.000000 0.122641 0.849705 0.849705 0.849705
6020.256348 0.000000 1829.582520 0.000000 0.254236 0.000000 0.967142 0.514515 0.514515 0.514515
7091.309082 0.000000 351.553894 0.000000 0.601041 0.000000 0.799218 0.623660 0.623660 0.623660
7089.150879 0.000000 343.450897 0.000000 0.571843 0.000000 -0.820363 1.155116 1.155116 1.155116
7090.292480 0.000000 347.752625 0.000000 0.471567 0.000000 0.881830 0.580385 0.580385 0.580385
7074.124023 0.000000 380.170013 0.000000 0.160993 0.000000 0.986956 0.487672 0.487672 0.487672
7072.769531 0.000000 379.661255 0.000000 0.162663 0.000000 0.986682 0.488149 0.488149 0.488149
7089.776855 0.000000 352.860657 0.000000 0.217774 0.000000 -0.975999 1.264675 1.264675 1.264675
7070.335449 0.000000 394.526215 0.000000 0.424914 0.000000 0.905234 0.565692 0.565692 0.565692
7067.269043 0.000000 386.281433 0.000000 0.906196 0.000000 0.422859 0.761418 0.761418 0.761418
7069.725586 0.000000 389.450531 0.000000 0.357507 0.000000 0.933911 0.545067 0.545067 0.545067
7071.368652 0.000000 392.005585 0.000000 0.787376 0.000000 0.616473 0.697335 0.697335 0.697335
7093.336426 0.000000 401.623993 0.000000 0.976195 0.000000 0.216893 0.822772 0.822772 0.822772
7074.104004 0.000000 391.043793 0.000000 0.834734 0.000000 -0.550654 1.048461 1.048461 1.048461
7092.172363 0.000000 401.952454 0.000000 0.910316 0.000000 0.413914 0.764190 0.764190 0.764190
7074.210938 0.000000 393.909668 0.000000 0.793124 0.000000 -0.609060 1.068652 1.068652 1.068652
7055.012207 0.000000 469.575653 0.000000 0.791730 0.000000 0.610872 0.699332 0.699332 0.699332
7063.116211 0.000000 473.242279 0.000000 0.677602 0.000000 0.735429 0.651722 0.651722 0.651722
7047.498047 0.000000 470.762543 0.000000 0.959706 0.000000 0.281004 0.804135 0.804135 0.804135
7042.604492 0.000000 472.731720 0.000000 0.721848 0.000000 0.692051 0.669167 0.669167 0.669167
7043.690918 0.000000 473.515564 0.000000 0.511544 0.000000 -0.859257 1.175318 1.175318 1.175318
7045.065430 0.000000 473.662048 0.000000 0.999000 0.000000 -0.044712 0.896904 0.896904 0.896904
7062.045410 0.000000 473.208344 0.000000 0.366828 0.000000 0.930289 0.547882 0.547882 0.547882
7063.901367 0.000000 473.677124 0.000000 0.315865 0.000000 -0.948804 1.236010 1.236010 1.236010
7050.188965 0.000000 479.984009 0.000000 0.698563 0.000000 -0.715549 1.108773 1.108773 1.108773
7046.648926 0.000000 481.108063 0.000000 0.607969 0.000000 -0.793961 1.142520 1.142520 1.142520
7051.571777 0.000000 479.961456 0.000000 0.988730 0.000000 -0.149711 0.926614 0.926614 0.926614
7139.679199 0.000000 505.507751 0.000000 0.910599 0.000000 -0.413292 1.004245 1.004245 1.004245
7137.732910 0.000000 513.197388 0.000000 0.272788 0.000000 -0.962074 1.248699 1.248699 1.248699
7136.240723 0.000000 513.927246 0.000000 0.978408 0.000000 -0.206681 0.942914 0.942914 0.942914
7135.949707 0.000000 639.765930 0.000000 0.267165 0.000000 -0.963651 1.250343 1.250343 1.250343
7147.895020 0.000000 637.280640 0.000000 0.321851 0.000000 -0.946790 1.234232 1.234232 1.234232
7146.763672 0.000000 637.976685 0.000000 0.593493 0.000000 0.804839 0.621011 0.621011 0.621011
7146.616211 0.000000 636.828796 0.000000 0.281977 0.000000 -0.959421 1.246007 1.246007 1.246007
7135.403809 0.000000 638.982910 0.000000 0.993654 0.000000 0.112480 0.852585 0.852585 0.852585
7062.016602 0.000000 660.908447 0.000000 0.725174 0.000000 0.688566 0.670523 0.670523 0.670523
7073.092773 0.000000 659.049438 0.000000 0.253375 0.000000 0.967368 0.514264 0.514264 0.514264
7152.279297 0.000000 646.057312 0.000000 0.217200 0.000000 -0.976127 1.264841 1.264841 1.264841
7153.359863 0.000000 646.237793 0.000000 0.961360 0.000000 0.275293 0.805809 0.805809 0.805809
7152.263184 0.000000 919.930786 0.000000 0.929038 0.000000 0.369985 0.777633 0.777633 0.777633
7124.390137 0.000000 944.553223 0.000000 0.655018 0.000000 -0.755614 1.125432 1.125432 1.125432
7128.738770 0.000000 953.189148 0.000000 0.944427 0.000000 0.328721 0.790031 0.790031 0.790031
7129.942871 0.000000 952.299011 0.000000 0.933493 0.000000 -0.358595 0.987552 0.987552 0.987552
7160.806641 0.000000 1020.386719 0.000000 0.988830 0.000000 -0.149049 0.926426 0.926426 0.926426
7161.230957 0.000000 1021.641418 0.000000 0.696168 0.000000 -0.717879 1.109714 1.109714 1.109714
7285.989258 0.000000 500.947510 0.000000 0.513255 0.000000 -0.858236 1.174757 1.174757 1.174757
7283.190918 0.000000 498.630768 0.000000 0.215744 0.000000 0.976450 0.503367 0.503367 0.503367
7276.516113 0.000000 501.237152 0.000000 0.960838 0.000000 -0.277111 0.963351 0.963351 0.963351
7304.061523 0.000000 482.858948 0.000000 0.798269 0.000000 0.602301 0.702367 0.702367 0.702367
7517.586426 0.000000 377.360840 0.000000 0.927756 0.000000 0.373188 0.776662 0.776662 0.776662
7505.361328 0.000000 368.506897 0.000000 0.639756 0.000000 0.768578 0.637559 0.637559 0.637559
7507.326172 0.000000 379.840851 0.000000 0.999959 0.000000 -0.009079 0.886870 0.886870 0.886870
7511.863281 0.000000 373.757324 0.000000 0.964342 0.000000 0.264661 0.808917 0.808917 0.808917
7507.520508 0.000000 378.367126 0.000000 0.380919 0.000000 -0.924608 1.216469 1.216469 1.216469
7511.271973 0.000000 372.667877 0.000000 0.648615 0.000000 -0.761117 1.127808 1.127808 1.127808
7510.789551 0.000000 373.554779 0.000000 0.265765 0.000000 0.964038 0.517876 0.517876 0.517876
7504.404297 0.000000 368.186005 0.000000 0.831666 0.000000 -0.555276 1.050023 1.050023 1.050023
7447.505371 0.000000 388.354889 0.000000 0.644728 0.000000 0.764412 0.639385 0.639385 0.639385
7439.545410 0.000000 385.384613 0.000000 0.998162 0.000000 0.060604 0.867244 0.867244 0.867244
7446.180176 0.000000 387.353577 0.000000 0.334113 0.000000 -0.942533 1.230579 1.230579 1.230579
7449.794434 0.000000 394.189392 0.000000 0.944784 0.000000 0.327694 0.790336 0.790336 0.790336
7443.974609 0.000000 393.773560 0.000000 0.928373 0.000000 -0.371650 0.991499 0.991499 0.991499
7449.390137 0.000000 387.372406 0.000000 0.879322 0.000000 0.476228 0.744595 0.744595 0.744595
7448.325195 0.000000 387.609619 0.000000 0.153518 0.000000 -0.988146 1.283086 1.283086 1.283086
7478.512207 0.000000 433.243225 0.000000 0.058053 0.000000 -0.998313 1.310120 1.310120 1.310120
7472.962402 0.000000 417.530182 0.000000 0.960898 0.000000 0.276902 0.805338 0.805338 0.805338
7471.599609 0.000000 421.297180 0.000000 0.965007 0.000000 -0.262223 0.958999 0.958999 0.958999
7472.483398 0.000000 419.787720 0.000000 0.933567 0.000000 -0.358404 0.987495 0.987495 0.987495
7479.101074 0.000000 433.954346 0.000000 0.155201 0.000000 0.987883 0.486021 0.486021 0.486021
7509.381348 0.000000 391.821930 0.000000 0.978120 0.000000 -0.208044 0.943306 0.943306 0.943306
7500.387207 0.000000 392.543182 0.000000 0.724734 0.000000 0.689029 0.670343 0.670343 0.670343
7527.914551 0.000000 510.222717 0.000000 0.885525 0.000000 0.464591 0.748308 0.748308 0.748308
7627.651855 0.000000 510.877686 0.000000 0.456117 0.000000 0.889920 0.575476 0.575476 0.575476
7376.298828 0.000000 573.646057 0.000000 0.505355 0.000000 0.862911 0.591286 0.591286 0.591286
7386.587402 0.000000 575.810486 0.000000 0.907291 0.000000 -0.420503 1.006479 1.006479 1.006479
7374.281250 0.000000 573.873779 0.000000 0.998128 0.000000 -0.061159 0.901540 0.901540 0.901540
7377.694336 0.000000 572.536133 0.000000 0.879620 0.000000 -0.475676 1.023856 1.023856 1.023856
7385.271484 0.000000 570.966614 0.000000 0.276329 0.000000 -0.961063 1.247663 1.247663 1.247663
7389.556641 0.000000 572.626953 0.000000 0.947285 0.000000 -0.320392 0.976119 0.976119 0.976119
7387.412109 0.000000 556.385193 0.000000 0.000453 0.000000 1.000000 0.442285 0.442285 0.442285
7376.410645 0.000000 572.254150 0.000000 0.859223 0.000000 0.511601 0.733143 0.733143 0.733143
7387.215820 0.000000 574.713867 0.000000 0.975310 0.000000 0.220841 0.821634 0.821634 0.821634
7374.135254 0.000000 572.745728 0.000000 0.509825 0.000000 0.860278 0.592747 0.592747 0.592747
7384.181641 0.000000 571.606750 0.000000 0.880408 0.000000 0.474216 0.745239 0.745239 0.745239
7389.492676 0.000000 575.386169 0.000000 0.795348 0.000000 0.606154 0.701006 0.701006 0.701006
7355.254395 0.000000 625.099792 0.000000 0.853660 0.000000 0.520830 0.730109 0.730109 0.730109
7352.905762 0.000000 624.374329 0.000000 0.456515 0.000000 0.889716 0.575602 0.575602 0.575602
7340.925781 0.000000 622.337646 0.000000 0.511937 0.000000 0.859023 0.593438 0.593438 0.593438
7343.500000 0.000000 624.829712 0.000000 0.734325 0.000000 0.678799 0.674290 0.674290 0.674290
7342.274414 0.000000 625.888306 0.000000 0.949822 0.000000 0.312790 0.794765 0.794765 0.794765
7348.760742 0.000000 623.353699 0.000000 0.950427 0.000000 0.310946 0.795311 0.795311 0.795311
7344.277344 0.000000 625.760315 0.000000 0.947618 0.000000 0.319407 0.792802 0.792802 0.792802
7342.545898 0.000000 624.420044 0.000000 0.943876 0.000000 0.330300 0.789560 0.789560 0.789560
7351.205566 0.000000 620.674561 0.000000 0.325675 0.000000 -0.945482 1.233094 1.233094 1.233094
7395.997559 0.000000 577.205933 0.000000 0.603600 0.000000 0.797287 0.624562 0.624562 0.624562
7469.125000 0.000000 572.301880 0.000000 0.106643 0.000000 0.994297 0.472232 0.472232 0.472232
7456.032227 0.000000 565.746826 0.000000 0.760523 0.000000 0.649311 0.685394 0.685394 0.685394
7467.053711 0.000000 571.796570 0.000000 0.726172 0.000000 -0.687513 1.097697 1.097697 1.097697
7471.055176 0.000000 572.061401 0.000000 0.985117 0.000000 -0.171888 0.932939 0.932939 0.932939
7470.269531 0.000000 573.873779 0.000000 0.929967 0.000000 0.367643 0.778342 0.778342 0.778342
7468.269043 0.000000 570.828186 0.000000 0.879000 0.000000 0.476823 0.744405 0.744405 0.744405
7455.092773 0.000000 564.466919 0.000000 0.431312 0.000000 -0.902203 1.200943 1.200943 1.200943
7461.147461 0.000000 573.654419 0.000000 0.266238 0.000000 0.963907 0.518014 0.518014 0.518014
7471.901367 0.000000 575.006470 0.000000 0.830263 0.000000 0.557372 0.717895 0.717895 0.717895
7458.298340 0.000000 562.556274 0.000000 0.106724 0.000000 0.994289 0.472256 0.472256 0.472256
7457.185059 0.000000 575.475708 0.000000 0.475319 0.000000 -0.879814 1.187043 1.187043 1.187043
7461.582520 0.000000 570.695190 0.000000 0.759574 0.000000 -0.650421 1.083645 1.083645 1.083645
7471.209473 0.000000 573.256897 0.000000 0.930261 0.000000 0.366897 0.778568 0.778568 0.778568
7458.823242 0.000000 563.620789 0.000000 0.282927 0.000000 -0.959141 1.245728 1.245728 1.245728
7455.091797 0.000000 566.369690 0.000000 0.611697 0.000000 -0.791092 1.141196 1.141196 1.141196
7456.740234 0.000000 564.962952 0.000000 0.978573 0.000000 -0.205899 0.942689 0.942689 0.942689
7462.173828 0.000000 563.387939 0.000000 0.226250 0.000000 -0.974069 1.262228 1.262228 1.262228
7460.775879 0.000000 572.739929 0.000000 0.212617 0.000000 0.977136 0.502466 0.502466 0.502466
7547.230957 0.000000 529.123230 0.000000 0.924001 0.000000 0.382389 0.773864 0.773864 0.773864
7548.441406 0.000000 518.302856 0.000000 0.608458 0.000000 -0.793586 1.142346 1.142346 1.142346
7543.458984 0.000000 531.274292 0.000000 0.755443 0.000000 -0.655214 1.085426 1.085426 1.085426
7537.817871 0.000000 525.990967 0.000000 0.789375 0.000000 0.613911 0.698250 0.698250 0.698250
7537.403809 0.000000 520.943420 0.000000 0.999977 0.000000 0.006767 0.882409 0.882409 0.882409
7544.052246 0.000000 541.623596 0.000000 0.949343 0.000000 -0.314241 0.974293 0.974293 0.974293
7547.297852 0.000000 528.051880 0.000000 0.999942 0.000000 0.010764 0.881284 0.881284 0.881284
7529.332520 0.000000 516.322449 0.000000 0.963362 0.000000 0.268206 0.807882 0.807882 0.807882
7453.089355 0.000000 584.918091 0.000000 0.999057 0.000000 -0.043427 0.896542 0.896542 0.896542
7460.875977 0.000000 589.327881 0.000000 0.608415 0.000000 -0.793619 1.142362 1.142362 1.142362
7459.523438 0.000000 578.102478 0.000000 0.985350 0.000000 0.170545 0.836072 0.836072 0.836072
7515.256348 0.000000 600.756958 0.000000 0.260713 0.000000 0.965416 0.516402 0.516402 0.516402
7616.261230 0.000000 517.387329 0.000000 0.154329 0.000000 0.988020 0.485773 0.485773 0.485773
7627.761230 0.000000 513.638245 0.000000 0.727587 0.000000 -0.686016 1.097117 1.097117 1.097117
7626.157715 0.000000 513.889404 0.000000 0.726692 0.000000 0.686964 0.671144 0.671144 0.671144
7631.193359 0.000000 519.149597 0.000000 0.427513 0.000000 0.904009 0.566501 0.566501 0.566501
7626.884766 0.000000 512.916321 0.000000 0.513929 0.000000 -0.857833 1.174536 1.174536 1.174536
7631.076660 0.000000 518.149353 0.000000 0.526123 0.000000 0.850408 0.598110 0.598110 0.598110
7628.371582 0.000000 520.511963 0.000000 0.961437 0.000000 -0.275024 0.962740 0.962740 0.962740
7642.556152 0.000000 703.779236 0.000000 0.852895 0.000000 -0.522083 1.038931 1.038931 1.038931
7646.265137 0.000000 714.448059 0.000000 0.425564 0.000000 -0.904928 1.202734 1.202734 1.202734
7647.403809 0.000000 710.481262 0.000000 0.657950 0.000000 -0.753062 1.124338 1.124338 1.124338
7652.997559 0.000000 712.044250 0.000000 0.100034 0.000000 -0.994984 1.298265 1.298265 1.298265
7250.789062 0.000000 937.214172 0.000000 0.468428 0.000000 0.883502 0.579384 0.579384 0.579384
7250.409180 0.000000 936.080994 0.000000 0.225829 0.000000 -0.974167 1.262350 1.262350 1.262350
7251.833984 0.000000 943.601929 0.000000 0.117407 0.000000 0.993084 0.475282 0.475282 0.475282
7518.520996 0.000000 792.273926 0.000000 0.944764 0.000000 -0.327752 0.978309 0.978309 0.978309
7512.166016 0.000000 795.552063 0.000000 0.327008 0.000000 -0.945022 1.232698 1.232698 1.232698
7525.354004 0.000000 784.534485 0.000000 0.960028 0.000000 0.279904 0.804458 0.804458 0.804458
7521.351074 0.000000 798.076965 0.000000 0.518347 0.000000 -0.855170 1.173084 1.173084 1.173084
7522.759766 0.000000 799.202393 0.000000 0.327682 0.000000 0.944788 0.536131 0.536131 0.536131
7528.496582 0.000000 784.728333 0.000000 0.821426 0.000000 0.570314 0.713483 0.713483 0.713483
7520.302246 0.000000 798.653076 0.000000 0.054418 0.000000 0.998518 0.457482 0.457482 0.457482
7524.887207 0.000000 785.451416 0.000000 0.987065 0.000000 -0.160321 0.929637 0.929637 0.929637
7526.090820 0.000000 802.473877 0.000000 0.271074 0.000000 0.962558 0.519427 0.519427 0.519427
7526.473633 0.000000 803.543457 0.000000 0.926500 0.000000 0.376296 0.775718 0.775718 0.775718
7701.085449 0.000000 774.568909 0.000000 0.852584 0.000000 0.522590 0.729529 0.729529 0.729529
7701.600586 0.000000 784.212036 0.000000 0.902618 0.000000 -0.430443 1.009570 1.009570 1.009570
7706.587891 0.000000 775.177551 0.000000 0.658994 0.000000 -0.752149 1.123947 1.123947 1.123947
7699.468262 0.000000 779.864258 0.000000 0.525119 0.000000 0.851029 0.597778 0.597778 0.597778
7699.822266 0.000000 791.804138 0.000000 0.821265 0.000000 -0.570547 1.055224 1.055224 1.055224
7715.596680 0.000000 790.841370 0.000000 0.044887 0.000000 0.998992 0.454796 0.454796 0.454796
7713.738770 0.000000 780.299622 0.000000 0.986832 0.000000 0.161750 0.838582 0.838582 0.838582
6647.280762 0.000000 1222.752808 0.000000 0.412415 0.000000 -0.910996 1.206810 1.206810 1.206810
6374.186523 0.000000 1375.236572 0.000000 0.594929 0.000000 0.803778 0.621513 0.621513 0.621513
6373.832520 0.000000 1374.289673 0.000000 0.216516 0.000000 0.976279 0.503590 0.503590 0.503590
6490.499512 0.000000 1327.278320 0.000000 0.995351 0.000000 -0.096309 0.911466 0.911466 0.911466
6476.559082 0.000000 1328.829956 0.000000 0.998843 0.000000 0.048095 0.870770 0.870770 0.870770
6571.600098 0.000000 1296.682129 0.000000 0.523141 0.000000 0.852246 0.597124 0.597124 0.597124
6574.121582 0.000000 1304.407959 0.000000 0.328183 0.000000 0.944614 0.536280 0.536280 0.536280
6576.322266 0.000000 1291.152710 0.000000 0.791173 0.000000 -0.611593 1.069552 1.069552 1.069552
6567.373535 0.000000 1288.450317 0.000000 0.525868 0.000000 -0.850566 1.170602 1.170602 1.170602
6567.420898 0.000000 1293.038940 0.000000 0.471971 0.000000 -0.881614 1.188113 1.188113 1.188113
6570.024902 0.000000 1295.923218 0.000000 0.802247 0.000000 -0.596992 1.064393 1.064393 1.064393
6565.130371 0.000000 1287.903564 0.000000 0.789038 0.000000 0.614344 0.698096 0.698096 0.698096
6576.078613 0.000000 1290.243042 0.000000 0.205819 0.000000 -0.978590 1.268119 1.268119 1.268119
6579.193359 0.000000 1289.994629 0.000000 0.715621 0.000000 0.698489 0.666645 0.666645 0.666645
6561.498535 0.000000 1286.144531 0.000000 0.987197 0.000000 -0.159505 0.929405 0.929405 0.929405
6620.161621 0.000000 1291.500244 0.000000 0.998195 0.000000 0.060062 0.867397 0.867397 0.867397
6420.677246 0.000000 1435.934204 0.000000 0.517898 0.000000 -0.855442 1.173232 1.173232 1.173232
6422.881348 0.000000 1431.255127 0.000000 0.322188 0.000000 -0.946676 1.234132 1.234132 1.234132
6414.024902 0.000000 1446.460693 0.000000 0.882706 0.000000 0.469925 0.746609 0.746609 0.746609
6421.241699 0.000000 1446.404907 0.000000 0.998718 0.000000 -0.050613 0.898567 0.898567 0.898567
6419.314941 0.000000 1447.042603 0.000000 0.734767 0.000000 -0.678320 1.094154 1.094154 1.094154
6417.619629 0.000000 1442.276001 0.000000 0.465404 0.000000 0.885098 0.578422 0.578422 0.578422
6421.514160 0.000000 1447.564087 0.000000 0.763543 0.000000 0.645757 0.686707 0.686707 0.686707
6729.670898 0.000000 1118.310547 0.000000 0.903737 0.000000 0.428088 0.759791 0.759791 0.759791
6726.687988 0.000000 1120.951782 0.000000 0.948900 0.000000 -0.315577 0.974689 0.974689 0.974689
6734.204590 0.000000 1129.575439 0.000000 0.265265 0.000000 0.964176 0.517730 0.517730 0.517730
6730.984863 0.000000 1136.010376 0.000000 0.217451 0.000000 -0.976071 1.264768 1.264768 1.264768
6684.608887 0.000000 1176.860229 0.000000 0.464669 0.000000 0.885484 0.578188 0.578188 0.578188
6691.721680 0.000000 1174.747559 0.000000 0.819870 0.000000 0.572549 0.712717 0.712717 0.712717
7165.802734 0.000000 1039.369019 0.000000 0.903147 0.000000 0.429331 0.759404 0.759404 0.759404
7156.467285 0.000000 1035.557861 0.000000 0.057798 0.000000 0.998328 0.458435 0.458435 0.458435
7160.171387 0.000000 1030.868774 0.000000 0.106947 0.000000 0.994265 0.472319 0.472319 0.472319
7152.279297 0.000000 1029.963623 0.000000 0.319943 0.000000 0.947437 0.533828 0.533828 0.533828
7163.460449 0.000000 1031.663574 0.000000 0.571532 0.000000 0.820580 0.613405 0.613405 0.613405
7155.955078 0.000000 1030.143677 0.000000 0.316481 0.000000 0.948599 0.532800 0.532800 0.532800
7163.347168 0.000000 1030.392578 0.000000 0.999956 0.000000 -0.009367 0.886951 0.886951 0.886951
7157.898926 0.000000 1032.634521 0.000000 0.999966 0.000000 -0.008278 0.886644 0.886644 0.886644
7158.705078 0.000000 1028.793213 0.000000 0.978905 0.000000 0.204316 0.826394 0.826394 0.826394
7121.503906 0.000000 1086.131714 0.000000 0.995689 0.000000 -0.092759 0.910462 0.910462 0.910462
7113.145508 0.000000 1084.120850 0.000000 0.655544 0.000000 -0.755157 1.125236 1.125236 1.125236
7111.506348 0.000000 1091.980957 0.000000 0.013279 0.000000 -0.999912 1.322733 1.322733 1.322733
7126.582031 0.000000 1089.500854 0.000000 0.011413 0.000000 -0.999935 1.323258 1.323258 1.323258
7110.141602 0.000000 1090.403564 0.000000 0.949814 0.000000 -0.312816 0.973870 0.973870 0.973870
7121.868652 0.000000 1101.850342 0.000000 0.961803 0.000000 0.273743 0.806263 0.806263 0.806263
7110.641113 0.000000 1088.959595 0.000000 0.311116 0.000000 0.950372 0.531210 0.531210 0.531210
7120.653320 0.000000 1101.373901 0.000000 0.170099 0.000000 -0.985427 1.278356 1.278356 1.278356
7120.820801 0.000000 1100.489258 0.000000 0.276000 0.000000 0.961158 0.520869 0.520869 0.520869
7089.724121 0.000000 1265.238525 0.000000 0.062903 0.000000 -0.998020 1.308753 1.308753 1.308753
7154.208008 0.000000 1242.566162 0.000000 0.421468 0.000000 0.906843 0.564621 0.564621 0.564621
7162.605469 0.000000 1251.502441 0.000000 0.004730 0.000000 0.999989 0.443488 0.443488 0.443488
7158.574219 0.000000 1255.526245 0.000000 0.002756 0.000000 0.999996 0.442933 0.442933 0.442933
7162.018555 0.000000 1250.013306 0.000000 0.468709 0.000000 -0.883353 1.189154 1.189154 1.189154
7162.269531 0.000000 1252.769043 0.000000 0.987077 0.000000 -0.160244 0.929616 0.929616 0.929616
6673.666504 0.000000 1319.123291 0.000000 0.876879 0.000000 0.480711 0.743159 0.743159 0.743159
6659.243164 0.000000 1319.404785 0.000000 0.643725 0.000000 0.765257 0.639016 0.639016 0.639016
6658.154785 0.000000 1318.817261 0.000000 0.726704 0.000000 0.686951 0.671149 0.671149 0.671149
6665.429688 0.000000 1319.361816 0.000000 0.323710 0.000000 0.946156 0.534948 0.534948 0.534948
6673.418457 0.000000 1318.073730 0.000000 0.698586 0.000000 -0.715526 1.108764 1.108764 1.108764
6669.308105 0.000000 1327.146973 0.000000 0.965129 0.000000 -0.261774 0.958868 0.958868 0.958868
6673.596191 0.000000 1322.944092 0.000000 0.999941 0.000000 -0.010835 0.887364 0.887364 0.887364
6672.066895 0.000000 1322.235229 0.000000 0.910985 0.000000 -0.412440 1.003982 1.003982 1.003982
6715.402832 0.000000 1453.713135 0.000000 0.523366 0.000000 0.852108 0.597198 0.597198 0.597198
6714.669434 0.000000 1471.591675 0.000000 0.724797 0.000000 0.688963 0.670369 0.670369 0.670369
6707.931641 0.000000 1464.608154 0.000000 0.685645 0.000000 -0.727936 1.113811 1.113811 1.113811
6715.231445 0.000000 1466.628174 0.000000 0.518265 0.000000 -0.855220 1.173111 1.173111 1.173111
6707.355957 0.000000 1471.280518 0.000000 0.964608 0.000000 -0.263687 0.959426 0.959426 0.959426
6721.733887 0.000000 1461.355713 0.000000 0.686339 0.000000 -0.727281 1.113542 1.113542 1.113542
6706.212891 0.000000 1477.306519 0.000000 0.361454 0.000000 0.932390 0.546258 0.546258 0.546258
6715.019043 0.000000 1482.781250 0.000000 0.999930 0.000000 -0.011869 0.887655 0.887655 0.887655
6705.056152 0.000000 1473.272339 0.000000 0.613791 0.000000 -0.789469 1.140450 1.140450 1.140450
6709.483398 0.000000 1474.338989 0.000000 0.225546 0.000000 -0.974232 1.262432 1.262432 1.262432
6705.823730 0.000000 1472.587158 0.000000 0.175083 0.000000 -0.984554 1.276932 1.276932 1.276932
6715.506348 0.000000 1505.061279 0.000000 0.311852 0.000000 -0.950131 1.237200 1.237200 1.237200
6726.687988 0.000000 1472.865845 0.000000 0.755509 0.000000 0.655138 0.683230 0.683230 0.683230
6758.370605 0.000000 1529.485718 0.000000 0.927432 0.000000 0.373992 0.776418 0.776418 0.776418
6894.329102 0.000000 1457.685181 0.000000 0.993360 0.000000 0.115043 0.851859 0.851859 0.851859
6895.364746 0.000000 1457.611328 0.000000 0.222766 0.000000 -0.974872 1.263235 1.263235 1.263235
6875.207520 0.000000 1525.109375 0.000000 0.999932 0.000000 -0.011692 0.887605 0.887605 0.887605
6877.145020 0.000000 1526.663086 0.000000 0.728332 0.000000 -0.685225 1.096811 1.096811 1.096811
6874.728027 0.000000 1525.889771 0.000000 0.473197 0.000000 0.880957 0.580906 0.580906 0.580906
6877.875977 0.000000 1526.122559 0.000000 0.987094 0.000000 -0.160142 0.929586 0.929586 0.929586
6883.284180 0.000000 1525.724487 0.000000 0.426083 0.000000 0.904684 0.566055 0.566055 0.566055
6881.546387 0.000000 1527.516235 0.000000 0.960634 0.000000 0.277818 0.805069 0.805069 0.805069
6888.257812 0.000000 1531.133179 0.000000 0.554218 0.000000 -0.832372 1.161119 1.161119 1.161119
6895.297363 0.000000 1530.078735 0.000000 0.123236 0.000000 -0.992377 1.291693 1.291693 1.291693
6899.594727 0.000000 1530.085938 0.000000 0.854938 0.000000 0.518730 0.730801 0.730801 0.730801
6881.097656 0.000000 1528.966431 0.000000 0.271531 0.000000 -0.962430 1.249067 1.249067 1.249067
6889.789551 0.000000 1530.961426 0.000000 0.855426 0.000000 0.517925 0.731066 0.731066 0.731066
6882.703125 0.000000 1524.521851 0.000000 0.097702 0.000000 0.995216 0.469703 0.469703 0.469703
6880.959961 0.000000 1526.432983 0.000000 0.993610 0.000000 0.112866 0.852476 0.852476 0.852476
6905.939453 0.000000 1523.010498 0.000000 0.508145 0.000000 0.861271 0.592197 0.592197 0.592197
6883.900391 0.000000 1524.985840 0.000000 0.262674 0.000000 -0.964885 1.251654 1.251654 1.251654
6904.121094 0.000000 1522.316284 0.000000 0.949152 0.000000 -0.314820 0.974464 0.974464 0.974464
7101.003418 0.000000 1287.608887 0.000000 0.998210 0.000000 -0.059801 0.901157 0.901157 0.901157
7108.708008 0.000000 1299.203735 0.000000 0.948711 0.000000 -0.316146 0.974858 0.974858 0.974858
7112.272949 0.000000 1299.911011 0.000000 0.124215 0.000000 -0.992255 1.291415 1.291415 1.291415
7148.949219 0.000000 1294.173584 0.000000 0.411326 0.000000 0.911488 0.561481 0.561481 0.561481
7160.445312 0.000000 1289.405762 0.000000 0.881084 0.000000 -0.472959 1.022987 1.022987 1.022987
7157.162109 0.000000 1290.074585 0.000000 0.856966 0.000000 -0.515374 1.036723 1.036723 1.036723
7161.298828 0.000000 1306.786865 0.000000 0.987090 0.000000 -0.160166 0.929593 0.929593 0.929593
7151.251953 0.000000 1286.962036 0.000000 0.925713 0.000000 -0.378227 0.993497 0.993497 0.993497
7161.829590 0.000000 1289.970703 0.000000 0.999981 0.000000 0.006187 0.882572 0.882572 0.882572
7149.265137 0.000000 1287.627808 0.000000 0.832808 0.000000 -0.553562 1.049443 1.049443 1.049443
7160.770020 0.000000 1299.146606 0.000000 0.952562 0.000000 -0.304345 0.971364 0.971364 0.971364
7156.911133 0.000000 1303.989136 0.000000 0.794991 0.000000 -0.606621 1.067787 1.067787 1.067787
7160.208984 0.000000 1307.427002 0.000000 0.310781 0.000000 0.950482 0.531111 0.531111 0.531111
7150.294434 0.000000 1287.411011 0.000000 0.851196 0.000000 -0.524848 1.039845 1.039845 1.039845
7155.410645 0.000000 1296.584106 0.000000 0.795086 0.000000 -0.606497 1.067743 1.067743 1.067743
7149.395508 0.000000 1297.425781 0.000000 0.997985 0.000000 0.063453 0.866441 0.866441 0.866441
7160.490234 0.000000 1290.323730 0.000000 0.825983 0.000000 0.563695 0.715745 0.715745 0.715745
7161.276855 0.000000 1291.964722 0.000000 0.513905 0.000000 0.857847 0.594083 0.594083 0.594083
7164.901367 0.000000 1379.774902 0.000000 0.564598 0.000000 -0.825366 1.157594 1.157594 1.157594
7164.785645 0.000000 1378.295288 0.000000 0.174447 0.000000 0.984667 0.491514 0.491514 0.491514
7156.291992 0.000000 1389.319702 0.000000 0.994326 0.000000 -0.106377 0.914314 0.914314 0.914314
7165.652832 0.000000 1378.826904 0.000000 0.993206 0.000000 -0.116366 0.917144 0.917144 0.917144
7158.081543 0.000000 1382.653320 0.000000 0.758847 0.000000 0.651269 0.684669 0.684669 0.684669
6523.808105 0.000000 1715.325562 0.000000 0.095403 0.000000 0.995439 0.469052 0.469052 0.469052
6522.793457 0.000000 1714.250244 0.000000 0.823469 0.000000 0.567362 0.714494 0.714494 0.714494
6517.406738 0.000000 1713.303711 0.000000 0.944300 0.000000 0.329087 0.789921 0.789921 0.789921
6523.292969 0.000000 1724.500000 0.000000 0.384081 0.000000 -0.923299 1.215506 1.215506 1.215506
6522.683594 0.000000 1731.385254 0.000000 0.319807 0.000000 0.947483 0.533788 0.533788 0.533788
6579.897461 0.000000 1700.726685 0.000000 0.120946 0.000000 0.992659 0.476285 0.476285 0.476285
6569.449707 0.000000 2019.955200 0.000000 0.794370 0.000000 -0.607434 1.068075 1.068075 1.068075
6704.830566 0.000000 1550.938232 0.000000 0.480703 0.000000 -0.876883 1.185318 1.185318 1.185318
6730.492188 0.000000 1558.631836 0.000000 0.115894 0.000000 0.993262 0.474853 0.474853 0.474853
6729.038086 0.000000 1558.495483 0.000000 0.993187 0.000000 -0.116530 0.917190 0.917190 0.917190
6690.170898 0.000000 1627.865356 0.000000 0.767415 0.000000 0.641150 0.688401 0.688401 0.688401
6693.241211 0.000000 1629.396606 0.000000 0.999933 0.000000 0.011597 0.881049 0.881049 0.881049
6688.403809 0.000000 1630.449951 0.000000 0.053754 0.000000 -0.998554 1.311332 1.311332 1.311332
6694.275879 0.000000 1639.718262 0.000000 0.409750 0.000000 0.912198 0.560995 0.560995 0.560995
6694.041992 0.000000 1638.470215 0.000000 0.465448 0.000000 -0.885075 1.190192 1.190192 1.190192
6695.256836 0.000000 1639.298950 0.000000 0.371039 0.000000 -0.928617 1.219470 1.219470 1.219470
6797.592773 0.000000 1555.041748 0.000000 0.103370 0.000000 -0.994643 1.297321 1.297321 1.297321
6794.433594 0.000000 1556.648438 0.000000 0.910809 0.000000 0.412827 0.764526 0.764526 0.764526
6791.529297 0.000000 1558.496948 0.000000 0.964946 0.000000 -0.262450 0.959065 0.959065 0.959065
6797.326172 0.000000 1566.758057 0.000000 0.974851 0.000000 -0.222859 0.947577 0.947577 0.947577
6797.903809 0.000000 1556.515503 0.000000 0.213655 0.000000 0.976909 0.502765 0.502765 0.502765
6799.983398 0.000000 1566.764282 0.000000 0.478558 0.000000 0.878056 0.582622 0.582622 0.582622
6796.450195 0.000000 1555.118652 0.000000 0.048625 0.000000 0.998817 0.455850 0.455850 0.455850
6798.791504 0.000000 1561.166748 0.000000 0.641923 0.000000 0.766769 0.638353 0.638353 0.638353
6794.246582 0.000000 1572.662964 0.000000 0.876377 0.000000 0.481626 0.742865 0.742865 0.742865
6798.983398 0.000000 1567.650391 0.000000 0.985415 0.000000 0.170168 0.836180 0.836180 0.836180
6795.834961 0.000000 1572.546021 0.000000 0.998717 0.000000 -0.050631 0.898572 0.898572 0.898572
6803.665527 0.000000 1571.750244 0.000000 0.361505 0.000000 0.932370 0.546273 0.546273 0.546273
6797.999023 0.000000 1567.950195 0.000000 0.164014 0.000000 -0.986458 1.280094 1.280094 1.280094
6795.083496 0.000000 1573.094360 0.000000 0.048202 0.000000 -0.998838 1.312897 1.312897 1.312897
6907.203613 0.000000 1589.093750 0.000000 0.602693 0.000000 -0.797973 1.144385 1.144385 1.144385
6904.544434 0.000000 1582.857666 0.000000 0.911518 0.000000 -0.411261 1.003618 1.003618 1.003618
6867.681641 0.000000 1620.734253 0.000000 0.458817 0.000000 0.888531 0.576331 0.576331 0.576331
6878.619141 0.000000 1619.174316 0.000000 0.271061 0.000000 0.962562 0.519423 0.519423 0.519423
6856.623047 0.000000 1629.187012 0.000000 0.909283 0.000000 -0.416178 1.005138 1.005138 1.005138
6866.868652 0.000000 1614.675781 0.000000 0.756856 0.000000 0.653581 0.683810 0.683810 0.683810
6883.769043 0.000000 1618.902100 0.000000 0.609858 0.000000 0.792511 0.626778 0.626778 0.626778
6858.238770 0.000000 1636.647339 0.000000 0.827532 0.000000 -0.561418 1.052107 1.052107 1.052107
6858.480469 0.000000 1637.788574 0.000000 0.455568 0.000000 0.890201 0.575303 0.575303 0.575303
6852.617188 0.000000 1635.571411 0.000000 0.612375 0.000000 -0.790568 1.140954 1.140954 1.140954
6904.766113 0.000000 1657.017334 0.000000 0.716170 0.000000 0.697926 0.666867 0.666867 0.666867
6891.926270 0.000000 1661.030640 0.000000 0.276845 0.000000 0.960915 0.521116 0.521116 0.521116
6899.040039 0.000000 1655.424927 0.000000 0.310896 0.000000 -0.950444 1.237483 1.237483 1.237483
6907.208008 0.000000 1658.581299 0.000000 0.861569 0.000000 0.507640 0.734439 0.734439 0.734439
6735.051270 0.000000 1685.278809 0.000000 0.929232 0.000000 0.369496 0.777781 0.777781 0.777781
6739.697266 0.000000 1684.718628 0.000000 0.992454 0.000000 0.122614 0.849713 0.849713 0.849713
6733.911621 0.000000 1684.484253 0.000000 0.863184 0.000000 -0.504889 1.033291 1.033291 1.033291
6738.308105 0.000000 1685.046631 0.000000 0.210764 0.000000 -0.977537 1.266695 1.266695 1.266695
6735.672363 0.000000 1679.269653 0.000000 0.557429 0.000000 0.830225 0.608596 0.608596 0.608596
6893.921875 0.000000 1664.979858 0.000000 0.769755 0.000000 -0.638339 1.079197 1.079197 1.079197
6900.410645 0.000000 1671.318604 0.000000 0.613183 0.000000 0.789940 0.627961 0.627961 0.627961
6892.818848 0.000000 1664.790039 0.000000 0.691418 0.000000 0.722455 0.657057 0.657057 0.657057
6901.455566 0.000000 1671.509399 0.000000 0.689058 0.000000 -0.724706 1.112489 1.112489 1.112489
6892.950195 0.000000 1665.758057 0.000000 0.317410 0.000000 0.948289 0.533076 0.533076 0.533076
6854.463379 0.000000 1737.438232 0.000000 0.992407 0.000000 0.122999 0.849603 0.849603 0.849603
6858.770020 0.000000 1739.889526 0.000000 0.689427 0.000000 -0.724355 1.112345 1.112345 1.112345
6855.237305 0.000000 1735.275513 0.000000 0.833272 0.000000 0.552864 0.719420 0.719420 0.719420
6859.099121 0.000000 1738.908447 0.000000 0.725545 0.000000 0.688175 0.670674 0.670674 0.670674
6849.622559 0.000000 1741.798584 0.000000 0.212059 0.000000 -0.977257 1.266323 1.266323 1.266323
6859.482910 0.000000 1740.567871 0.000000 0.801623 0.000000 0.597830 0.703940 0.703940 0.703940
6855.375488 0.000000 1737.532104 0.000000 0.555764 0.000000 0.831340 0.608031 0.608031 0.608031
6917.428223 0.000000 1584.339111 0.000000 0.927307 0.000000 -0.374302 0.992304 0.992304 0.992304
6912.806641 0.000000 1574.698364 0.000000 0.455585 0.000000 0.890192 0.575308 0.575308 0.575308
6916.948730 0.000000 1589.566162 0.000000 0.458456 0.000000 0.888717 0.576216 0.576216 0.576216
6918.396484 0.000000 1581.982300 0.000000 0.059561 0.000000 0.998225 0.458932 0.458932 0.458932
6913.274414 0.000000 1576.703369 0.000000 0.979109 0.000000 -0.203335 0.941952 0.941952 0.941952
6917.767090 0.000000 1589.938599 0.000000 0.852206 0.000000 -0.523207 1.039303 1.039303 1.039303
6919.377930 0.000000 1646.489746 0.000000 0.015917 0.000000 -0.999873 1.321990 1.321990 1.321990
6927.293457 0.000000 1658.047485 0.000000 0.677654 0.000000 0.735381 0.651742 0.651742 0.651742
6919.042480 0.000000 1647.886841 0.000000 0.908414 0.000000 -0.418072 1.005725 1.005725 1.005725
6921.424805 0.000000 1653.354858 0.000000 0.978249 0.000000 -0.207432 0.943130 0.943130 0.943130
6932.319336 0.000000 1741.233765 0.000000 0.610133 0.000000 0.792299 0.626876 0.626876 0.626876
6944.664551 0.000000 1735.895264 0.000000 0.428311 0.000000 0.903631 0.566749 0.566749 0.566749
6950.543945 0.000000 1731.316895 0.000000 0.278939 0.000000 0.960309 0.521730 0.521730 0.521730
6946.885742 0.000000 1747.331665 0.000000 0.108994 0.000000 0.994042 0.472898 0.472898 0.472898
6947.761230 0.000000 1746.870850 0.000000 0.651693 0.000000 -0.758483 1.126668 1.126668 1.126668
6946.226562 0.000000 1737.581543 0.000000 0.964409 0.000000 0.264414 0.808989 0.808989 0.808989
6945.270508 0.000000 1736.664307 0.000000 0.168286 0.000000 0.985738 0.489753 0.489753 0.489753
6945.451660 0.000000 1734.035156 0.000000 0.371457 0.000000 -0.928450 1.219343 1.219343 1.219343
7183.131348 0.000000 1094.008667 0.000000 0.111396 0.000000 0.993776 0.473579 0.473579 0.473579
7171.111816 0.000000 1244.378052 0.000000 0.998844 0.000000 0.048065 0.870779 0.870779 0.870779
7181.205566 0.000000 1252.571777 0.000000 0.977772 0.000000 0.209673 0.824853 0.824853 0.824853
7181.747070 0.000000 1253.520874 0.000000 0.925239 0.000000 -0.379384 0.993849 0.993849 0.993849
7610.414062 0.000000 1081.762695 0.000000 0.798556 0.000000 0.601920 0.702501 0.702501 0.702501
7611.244629 0.000000 1080.639771 0.000000 0.928675 0.000000 0.370895 0.777357 0.777357 0.777357
7613.092285 0.000000 1070.218872 0.000000 0.834501 0.000000 0.551006 0.720047 0.720047 0.720047
7614.670410 0.000000 1070.610107 0.000000 0.906801 0.000000 0.421558 0.761822 0.761822 0.761822
7612.002930 0.000000 1066.538574 0.000000 0.998779 0.000000 -0.049408 0.898227 0.898227 0.898227
7602.816406 0.000000 1069.711548 0.000000 0.507076 0.000000 -0.861901 1.176780 1.176780 1.176780
7607.878906 0.000000 1080.579346 0.000000 0.946324 0.000000 -0.323219 0.976959 0.976959 0.976959
7612.040527 0.000000 1067.554932 0.000000 0.728820 0.000000 0.684705 0.672017 0.672017 0.672017
7622.369629 0.000000 1065.602295 0.000000 0.521396 0.000000 -0.853315 1.172080 1.172080 1.172080
7615.148926 0.000000 1070.594727 0.000000 0.716508 0.000000 0.697579 0.667003 0.667003 0.667003
7623.244629 0.000000 1064.505005 0.000000 0.729161 0.000000 -0.684342 1.096470 1.096470 1.096470
7625.208496 0.000000 1076.366089 0.000000 0.879162 0.000000 0.476522 0.744501 0.744501 0.744501
7618.803711 0.000000 1075.495728 0.000000 0.733714 0.000000 -0.679459 1.094591 1.094591 1.094591
7616.723633 0.000000 1072.847900 0.000000 0.985424 0.000000 -0.170118 0.932434 0.932434 0.932434
7650.796875 0.000000 1258.413452 0.000000 0.659544 0.000000 -0.751666 1.123741 1.123741 1.123741
7661.146973 0.000000 1252.571777 0.000000 0.099817 0.000000 -0.995006 1.298327 1.298327 1.298327
7666.809082 0.000000 1258.859253 0.000000 0.269194 0.000000 0.963086 0.518878 0.518878 0.518878
7666.557129 0.000000 1252.108643 0.000000 0.998025 0.000000 0.062825 0.866618 0.866618 0.866618
7666.001465 0.000000 1258.050903 0.000000 0.003025 0.000000 -0.999995 1.325619 1.325619 1.325619
7660.370117 0.000000 1254.733521 0.000000 0.615885 0.000000 -0.787836 1.139702 1.139702 1.139702
7667.016113 0.000000 1253.636841 0.000000 0.258715 0.000000 0.965954 0.515819 0.515819 0.515819
7667.060547 0.000000 1258.002441 0.000000 0.977680 0.000000 0.210101 0.824729 0.824729 0.824729
7661.688477 0.000000 1253.520874 0.000000 0.222514 0.000000 0.974929 0.505320 0.505320 0.505320
7379.154785 0.000000 1484.578369 0.000000 0.280310 0.000000 -0.959909 1.246496 1.246496 1.246496
7383.449219 0.000000 1488.593994 0.000000 0.430108 0.000000 0.902777 0.567309 0.567309 0.567309
7383.112793 0.000000 1489.696533 0.000000 0.999927 0.000000 0.012050 0.880922 0.880922 0.880922
7406.722656 0.000000 1535.479004 0.000000 0.272484 0.000000 0.962160 0.519840 0.519840 0.519840
7407.909180 0.000000 1534.772095 0.000000 0.977889 0.000000 -0.209123 0.943617 0.943617 0.943617
7409.528809 0.000000 1529.514038 0.000000 0.885017 0.000000 -0.465559 1.020628 1.020628 1.020628
7546.370605 0.000000 1359.270508 0.000000 0.263809 0.000000 0.964575 0.517305 0.517305 0.517305
7547.179199 0.000000 1358.762817 0.000000 0.718876 0.000000 0.695139 0.667960 0.667960 0.667960
7547.145996 0.000000 1352.527832 0.000000 0.987960 0.000000 0.154711 0.840589 0.840589 0.840589
7572.416504 0.000000 1323.487549 0.000000 0.995257 0.000000 0.097280 0.856888 0.856888 0.856888
7573.111328 0.000000 1322.066772 0.000000 0.656864 0.000000 -0.754009 1.124743 1.124743 1.124743
7555.133789 0.000000 1351.396973 0.000000 0.011168 0.000000 -0.999938 1.323327 1.323327 1.323327
7555.528809 0.000000 1350.459473 0.000000 0.799426 0.000000 0.600765 0.702908 0.702908 0.702908
7624.162598 0.000000 1365.203491 0.000000 0.967251 0.000000 -0.253823 0.956552 0.956552 0.956552
7626.696289 0.000000 1359.041260 0.000000 0.829130 0.000000 -0.559055 1.051304 1.051304 1.051304
7633.514648 0.000000 1355.928589 0.000000 0.998967 0.000000 -0.045435 0.897107 0.897107 0.897107
7626.382812 0.000000 1366.678711 0.000000 0.560254 0.000000 0.828321 0.609555 0.609555 0.609555
7625.005371 0.000000 1363.172974 0.000000 0.985290 0.000000 -0.170890 0.932654 0.932654 0.932654
7630.077637 0.000000 1356.310669 0.000000 0.767990 0.000000 0.640462 0.688653 0.688653 0.688653
7632.907227 0.000000 1354.092529 0.000000 0.821525 0.000000 0.570172 0.713532 0.713532 0.713532
7624.184570 0.000000 1351.546387 0.000000 0.984252 0.000000 0.176770 0.834293 0.834293 0.834293
7622.804199 0.000000 1368.085083 0.000000 0.321570 0.000000 -0.946886 1.234316 1.234316 1.234316
7627.853516 0.000000 1366.369629 0.000000 0.959696 0.000000 0.281040 0.804125 0.804125 0.804125
7618.604492 0.000000 1355.809937 0.000000 0.999986 0.000000 0.005248 0.882836 0.882836 0.882836
7619.791992 0.000000 1355.104126 0.000000 0.997999 0.000000 -0.063226 0.902123 0.902123 0.902123
7622.155273 0.000000 1361.354126 0.000000 0.513617 0.000000 -0.858019 1.174639 1.174639 1.174639
7620.363770 0.000000 1359.513428 0.000000 0.764868 0.000000 -0.644187 1.081343 1.081343 1.081343
7625.338867 0.000000 1365.425171 0.000000 0.462850 0.000000 0.886436 0.577610 0.577610 0.577610
7630.873535 0.000000 1355.474976 0.000000 0.976625 0.000000 0.214951 0.823332 0.823332 0.823332
7625.208496 0.000000 1364.295776 0.000000 0.950030 0.000000 -0.312158 0.973675 0.973675 0.973675
7641.400391 0.000000 1359.406128 0.000000 0.901179 0.000000 0.433448 0.758120 0.758120 0.758120
7630.128906 0.000000 1354.869019 0.000000 0.261257 0.000000 0.965269 0.516560 0.516560 0.516560
7626.875488 0.000000 1359.955688 0.000000 0.863594 0.000000 -0.504187 1.033062 1.033062 1.033062
7621.374023 0.000000 1358.069580 0.000000 0.995007 0.000000 0.099806 0.856173 0.856173 0.856173
7464.124023 0.000000 1433.484619 0.000000 0.510992 0.000000 -0.859585 1.175499 1.175499 1.175499
7473.460938 0.000000 1438.045776 0.000000 0.373040 0.000000 0.927815 0.549764 0.549764 0.549764
7474.029297 0.000000 1438.979248 0.000000 0.797449 0.000000 -0.603386 1.066644 1.066644 1.066644
7469.092773 0.000000 1448.886963 0.000000 0.560384 0.000000 0.828233 0.609599 0.609599 0.609599
7474.434082 0.000000 1439.873535 0.000000 0.515185 0.000000 -0.857079 1.174124 1.174124 1.174124
7475.916016 0.000000 1446.042114 0.000000 0.727652 0.000000 -0.685947 1.097090 1.097090 1.097090
7474.381836 0.000000 1447.956055 0.000000 0.906016 0.000000 0.423244 0.761298 0.761298 0.761298
7468.603516 0.000000 1449.797729 0.000000 0.695478 0.000000 -0.718548 1.109984 1.109984 1.109984
7462.182129 0.000000 1479.757324 0.000000 0.523448 0.000000 -0.852058 1.171402 1.171402 1.171402
7463.311523 0.000000 1478.055664 0.000000 0.998742 0.000000 0.050153 0.870191 0.870191 0.870191
7458.195312 0.000000 1486.591553 0.000000 0.879898 0.000000 0.475163 0.744936 0.744936 0.744936
7461.244141 0.000000 1480.964233 0.000000 0.364437 0.000000 -0.931228 1.221468 1.221468 1.221468
7460.665039 0.000000 1491.156860 0.000000 0.929780 0.000000 -0.368116 0.990429 0.990429 0.990429
7463.908691 0.000000 1487.469360 0.000000 0.792199 0.000000 0.610263 0.699549 0.699549 0.699549
7461.422363 0.000000 1481.998535 0.000000 0.925495 0.000000 0.378760 0.774969 0.774969 0.774969
7468.603516 0.000000 1481.789917 0.000000 0.902588 0.000000 0.430504 0.759038 0.759038 0.759038
7471.786133 0.000000 1492.884521 0.000000 0.945265 0.000000 -0.326303 0.977877 0.977877 0.977877
7470.464355 0.000000 1490.607666 0.000000 0.467172 0.000000 0.884167 0.578984 0.578984 0.578984
7471.969238 0.000000 1482.196167 0.000000 0.998604 0.000000 0.052813 0.869441 0.869441 0.869441
7459.139160 0.000000 1488.647095 0.000000 0.568102 0.000000 -0.822958 1.156397 1.156397 1.156397
7670.895996 0.000000 1533.320068 0.000000 0.173192 0.000000 -0.984888 1.277472 1.277472 1.277472
7830.542480 0.000000 1033.453125 0.000000 0.793815 0.000000 0.608159 0.700296 0.700296 0.700296
7831.826172 0.000000 1032.213379 0.000000 0.466922 0.000000 0.884298 0.578905 0.578905 0.578905
7828.702148 0.000000 1039.252075 0.000000 0.964866 0.000000 -0.262741 0.959150 0.959150 0.959150
7830.820312 0.000000 1032.452759 0.000000 0.359981 0.000000 0.932960 0.545813 0.545813 0.545813
7831.452148 0.000000 1033.234497 0.000000 0.730406 0.000000 0.683014 0.672670 0.672670 0.672670
7701.192383 0.000000 1330.744507 0.000000 0.788891 0.000000 0.614533 0.698028 0.698028 0.698028
7694.096191 0.000000 1340.558228 0.000000 0.993575 0.000000 -0.113176 0.916240 0.916240 0.916240
7685.592773 0.000000 1332.964355 0.000000 0.557112 0.000000 -0.830437 1.160140 1.160140 1.160140
7745.719727 0.000000 1523.642944 0.000000 0.979414 0.000000 -0.201862 0.941528 0.941528 0.941528
7334.839355 0.000000 1560.038208 0.000000 0.998121 0.000000 -0.061276 0.901573 0.901573 0.901573
7332.791504 0.000000 1564.497681 0.000000 0.260693 0.000000 0.965422 0.516396 0.516396 0.516396
7336.169922 0.000000 1564.018066 0.000000 0.014375 0.000000 -0.999897 1.322424 1.322424 1.322424
7377.797852 0.000000 1558.397949 0.000000 0.856369 0.000000 -0.516364 1.037048 1.037048 1.037048
7380.418945 0.000000 1558.828125 0.000000 0.726905 0.000000 -0.686738 1.097396 1.097396 1.097396
7376.166016 0.000000 1558.825073 0.000000 0.999999 0.000000 -0.001648 0.884778 0.884778 0.884778
7377.115723 0.000000 1559.154053 0.000000 0.907787 0.000000 -0.419431 1.006146 1.006146 1.006146
7376.822266 0.000000 1558.190918 0.000000 0.210009 0.000000 -0.977700 1.266913 1.266913 1.266913
7376.235840 0.000000 1559.774536 0.000000 0.056983 0.000000 0.998375 0.458205 0.458205 0.458205
7372.891602 0.000000 1569.781494 0.000000 0.612119 0.000000 -0.790766 1.141046 1.141046 1.141046
7479.604004 0.000000 1562.449951 0.000000 0.377958 0.000000 0.925823 0.551258 0.551258 0.551258
7482.635254 0.000000 1558.824097 0.000000 0.467527 0.000000 0.883979 0.579097 0.579097 0.579097
7483.133301 0.000000 1557.101562 0.000000 0.568616 0.000000 0.822603 0.612406 0.612406 0.612406
7477.123047 0.000000 1546.012085 0.000000 0.944964 0.000000 -0.327175 0.978137 0.978137 0.978137
7474.846680 0.000000 1551.718506 0.000000 0.314824 0.000000 -0.949150 1.236319 1.236319 1.236319
7480.008789 0.000000 1553.386963 0.000000 0.890180 0.000000 -0.455609 1.017473 1.017473 1.017473
7477.551758 0.000000 1547.591675 0.000000 0.221861 0.000000 0.975078 0.505132 0.505132 0.505132
7477.385254 0.000000 1543.540649 0.000000 0.908448 0.000000 0.417998 0.762926 0.762926 0.762926
7481.064453 0.000000 1553.111816 0.000000 0.471049 0.000000 0.882107 0.580220 0.580220 0.580220
7482.653809 0.000000 1557.881958 0.000000 0.998298 0.000000 -0.058316 0.900738 0.900738 0.900738
7474.794434 0.000000 1550.691406 0.000000 0.103088 0.000000 -0.994672 1.297401 1.297401 1.297401
7479.850586 0.000000 1561.411499 0.000000 0.986078 0.000000 -0.166281 0.931338 0.931338 0.931338
7547.252441 0.000000 1592.514771 0.000000 0.214432 0.000000 0.976739 0.502989 0.502989 0.502989
7451.404297 0.000000 1644.119629 0.000000 0.689563 0.000000 0.724226 0.656335 0.656335 0.656335
7495.512695 0.000000 1617.296509 0.000000 0.556762 0.000000 -0.830672 1.160258 1.160258 1.160258
7501.121094 0.000000 1628.044067 0.000000 0.768529 0.000000 -0.639815 1.079737 1.079737 1.079737
7494.170898 0.000000 1617.291626 0.000000 0.602264 0.000000 -0.798297 1.144537 1.144537 1.144537
7488.123047 0.000000 1625.403564 0.000000 0.884867 0.000000 -0.465844 1.020718 1.020718 1.020718
7598.945801 0.000000 1557.310059 0.000000 0.946102 0.000000 -0.323867 0.977152 0.977152 0.977152
7609.884277 0.000000 1560.150635 0.000000 0.419627 0.000000 -0.907697 1.204578 1.204578 1.204578
7604.032715 0.000000 1555.415161 0.000000 0.516030 0.000000 -0.856570 1.173846 1.173846 1.173846
7594.201660 0.000000 1555.498291 0.000000 0.753324 0.000000 0.657649 0.682293 0.682293 0.682293
7591.198730 0.000000 1562.009521 0.000000 0.379915 0.000000 0.925021 0.551853 0.551853 0.551853
7607.609375 0.000000 1566.322021 0.000000 0.987081 0.000000 -0.160219 0.929609 0.929609 0.929609
7606.153809 0.000000 1567.636597 0.000000 0.644745 0.000000 0.764398 0.639391 0.639391 0.639391
7606.160645 0.000000 1571.064453 0.000000 0.682286 0.000000 -0.731085 1.115107 1.115107 1.115107
7607.352539 0.000000 1567.786865 0.000000 0.517158 0.000000 -0.855890 1.173476 1.173476 1.173476
7605.374023 0.000000 1570.315552 0.000000 0.263406 0.000000 0.964685 0.517187 0.517187 0.517187
7671.500488 0.000000 1546.464111 0.000000 0.154704 0.000000 -0.987961 1.282748 1.282748 1.282748
7671.845703 0.000000 1544.088379 0.000000 0.986919 0.000000 -0.161216 0.929893 0.929893 0.929893
7670.224121 0.000000 1546.480103 0.000000 0.105139 0.000000 0.994458 0.471807 0.471807 0.471807
7670.839844 0.000000 1544.327759 0.000000 0.829433 0.000000 0.558606 0.717476 0.717476 0.717476
7646.666504 0.000000 1582.485107 0.000000 0.217265 0.000000 0.976113 0.503806 0.503806 0.503806
7658.570312 0.000000 1576.744629 0.000000 0.656016 0.000000 0.754747 0.643568 0.643568 0.643568
7653.432129 0.000000 1579.007568 0.000000 0.312343 0.000000 -0.949969 1.237054 1.237054 1.237054
7653.922852 0.000000 1590.801270 0.000000 0.016317 0.000000 -0.999867 1.321878 1.321878 1.321878
7651.764648 0.000000 1587.950928 0.000000 0.946462 0.000000 0.322815 0.791789 0.791789 0.791789
7665.388184 0.000000 1576.685669 0.000000 0.927923 0.000000 -0.372772 0.991840 0.991840 0.991840
7652.073730 0.000000 1584.632324 0.000000 0.357924 0.000000 0.933751 0.545193 0.545193 0.545193
7659.758789 0.000000 1576.960449 0.000000 0.504420 0.000000 0.863459 0.590981 0.590981 0.590981
7658.558594 0.000000 1577.839478 0.000000 0.478224 0.000000 -0.878238 1.186113 1.186113 1.186113
7651.675293 0.000000 1586.909912 0.000000 0.612680 0.000000 0.790331 0.627782 0.627782 0.627782
7598.945801 0.000000 1621.294434 0.000000 0.829881 0.000000 0.557940 0.717702 0.717702 0.717702
7589.624512 0.000000 1619.985352 0.000000 0.855587 0.000000 0.517658 0.731154 0.731154 0.731154
7600.197266 0.000000 1611.074585 0.000000 0.993930 0.000000 0.110013 0.853284 0.853284 0.853284
7601.482910 0.000000 1610.873779 0.000000 0.978458 0.000000 0.206444 0.825782 0.825782 0.825782
7603.068359 0.000000 1609.916504 0.000000 0.061770 0.000000 -0.998090 1.309072 1.309072 1.309072
7588.454102 0.000000 1618.094482 0.000000 0.165120 0.000000 -0.986274 1.279778 1.279778 1.279778
7548.441406 0.000000 1670.021606 0.000000 0.460716 0.000000 0.887548 0.576933 0.576933 0.576933
7529.280273 0.000000 1670.108276 0.000000 0.641071 0.000000 -0.767481 1.130587 1.130587 1.130587
7546.370605 0.000000 1679.192383 0.000000 0.993103 0.000000 -0.117248 0.917394 0.917394 0.917394
7545.059082 0.000000 1669.946167 0.000000 0.965750 0.000000 0.259474 0.810430 0.810430 0.810430
7528.273926 0.000000 1670.419678 0.000000 0.418888 0.000000 -0.908038 1.204807 1.204807 1.204807
7547.297852 0.000000 1679.770630 0.000000 0.008092 0.000000 0.999967 0.444435 0.444435 0.444435
7534.247559 0.000000 1671.317261 0.000000 0.363134 0.000000 0.931737 0.546765 0.546765 0.546765
7540.656250 0.000000 1676.335815 0.000000 0.428075 0.000000 -0.903743 1.201952 1.201952 1.201952
7638.492676 0.000000 1712.930786 0.000000 0.947706 0.000000 0.319146 0.792879 0.792879 0.792879
7633.514648 0.000000 1707.842651 0.000000 0.697673 0.000000 -0.716417 1.109123 1.109123 1.109123
7646.151855 0.000000 1718.897827 0.000000 0.120237 0.000000 -0.992745 1.292544 1.292544 1.292544
7644.659668 0.000000 1708.806641 0.000000 0.410444 0.000000 0.911886 0.561209 0.561209 0.561209
7633.058594 0.000000 1720.109741 0.000000 0.946951 0.000000 0.321378 0.792216 0.792216 0.792216
7618.175781 0.000000 1710.536865 0.000000 0.978096 0.000000 -0.208152 0.943337 0.943337 0.943337
7624.484863 0.000000 1712.501831 0.000000 0.217849 0.000000 -0.975982 1.264653 1.264653 1.264653
7623.244629 0.000000 1704.348755 0.000000 0.976652 0.000000 -0.214827 0.945260 0.945260 0.945260
7640.711426 0.000000 1715.045044 0.000000 0.985186 0.000000 0.171490 0.835802 0.835802 0.835802
7634.119141 0.000000 1708.726929 0.000000 0.516420 0.000000 0.856335 0.594909 0.594909 0.594909
7635.563965 0.000000 1699.718994 0.000000 0.904997 0.000000 -0.425418 1.008005 1.008005 1.008005
7634.812500 0.000000 1709.555298 0.000000 0.517579 0.000000 0.855635 0.595291 0.595291 0.595291
7633.479004 0.000000 1706.850342 0.000000 0.984364 0.000000 0.176149 0.834470 0.834470 0.834470
7631.949707 0.000000 1706.141479 0.000000 0.998654 0.000000 0.051868 0.869707 0.869707 0.869707
7640.031250 0.000000 1714.269409 0.000000 0.962711 0.000000 0.270534 0.807202 0.807202 0.807202
7639.081543 0.000000 1713.641846 0.000000 0.856129 0.000000 0.516762 0.731449 0.731449 0.731449
7657.956543 0.000000 1706.830688 0.000000 0.162348 0.000000 -0.986734 1.280569 1.280569 1.280569
7647.519531 0.000000 1719.061035 0.000000 0.725000 0.000000 0.688749 0.670452 0.670452 0.670452
7656.646973 0.000000 1706.686157 0.000000 0.106806 0.000000 -0.994280 1.296349 1.296349 1.296349
7657.264160 0.000000 1707.906982 0.000000 0.618022 0.000000 -0.786161 1.138938 1.138938 1.138938
7620.486328 0.000000 1742.200439 0.000000 0.798370 0.000000 -0.602168 1.066214 1.066214 1.066214
7618.175781 0.000000 1742.529053 0.000000 0.762986 0.000000 -0.646415 1.082164 1.082164 1.082164
7621.928711 0.000000 1734.446777 0.000000 0.756172 0.000000 0.654373 0.683515 0.683515 0.683515
7625.083008 0.000000 1755.956787 0.000000 0.856722 0.000000 0.515778 0.731772 0.731772 0.731772
7620.363770 0.000000 1743.419678 0.000000 0.820084 0.000000 0.572243 0.712822 0.712822 0.712822
7618.093750 0.000000 1743.996460 0.000000 0.056981 0.000000 0.998375 0.458205 0.458205 0.458205
7624.134766 0.000000 1755.971191 0.000000 0.554263 0.000000 0.832341 0.607524 0.607524 0.607524
7196.982422 0.000000 1835.205444 0.000000 0.789679 0.000000 0.613520 0.698390 0.698390 0.698390
7194.601562 0.000000 1827.361816 0.000000 0.803434 0.000000 0.595394 0.704794 0.704794 0.704794
7199.070801 0.000000 1828.619873 0.000000 0.680337 0.000000 -0.732900 1.115857 1.115857 1.115857
7192.069824 0.000000 1836.031494 0.000000 0.226812 0.000000 0.973938 0.506562 0.506562 0.506562
7198.678711 0.000000 1849.750732 0.000000 0.932235 0.000000 -0.361853 0.988535 0.988535 0.988535
7196.053711 0.000000 1834.351074 0.000000 0.998481 0.000000 -0.055105 0.899833 0.899833 0.899833
7193.000000 0.000000 1836.765259 0.000000 0.946664 0.000000 0.322224 0.791965 0.791965 0.791965
7198.562988 0.000000 1829.446655 0.000000 0.280933 0.000000 -0.959728 1.246313 1.246313 1.246313
7210.382812 0.000000 1844.578125 0.000000 0.052289 0.000000 -0.998632 1.311746 1.311746 1.311746
7199.148926 0.000000 1825.925903 0.000000 0.169970 0.000000 0.985449 0.490234 0.490234 0.490234
7203.819336 0.000000 1843.888428 0.000000 0.613417 0.000000 0.789759 0.628045 0.628045 0.628045
7208.962891 0.000000 1839.264160 0.000000 0.760343 0.000000 -0.649521 1.083312 1.083312 1.083312
7200.771484 0.000000 1830.635864 0.000000 0.945089 0.000000 -0.326813 0.978029 0.978029 0.978029
7202.329590 0.000000 1842.243774 0.000000 0.456016 0.000000 0.889972 0.575444 0.575444 0.575444
7210.990723 0.000000 1845.551270 0.000000 0.826913 0.000000 0.562330 0.716210 0.716210 0.716210
7209.363281 0.000000 1831.236816 0.000000 0.361560 0.000000 -0.932349 1.222338 1.222338 1.222338
7208.312988 0.000000 1830.380615 0.000000 0.379172 0.000000 0.925326 0.551627 0.551627 0.551627
7203.729980 0.000000 1842.847412 0.000000 0.512130 0.000000 -0.858908 1.175126 1.175126 1.175126
7199.434570 0.000000 1825.022583 0.000000 0.946391 0.000000 -0.323024 0.976901 0.976901 0.976901
7201.420410 0.000000 1830.011719 0.000000 0.999950 0.000000 -0.009998 0.887128 0.887128 0.887128
7195.447754 0.000000 1856.975342 0.000000 0.925560 0.000000 -0.378602 0.993611 0.993611 0.993611
7616.669922 0.000000 2028.535645 0.000000 0.468045 0.000000 0.883705 0.579262 0.579262 0.579262
7680.878418 0.000000 1539.881470 0.000000 0.463023 0.000000 -0.886346 1.190963 1.190963 1.190963
7681.880859 0.000000 1538.779541 0.000000 0.995104 0.000000 0.098830 0.856449 0.856449 0.856449
7778.295898 0.000000 1667.801758 0.000000 0.566236 0.000000 -0.824243 1.157035 1.157035 1.157035
7914.459473 0.000000 1720.084961 0.000000 0.974447 0.000000 0.224616 0.820543 0.820543 0.820543
7927.839844 0.000000 1720.423096 0.000000 0.605653 0.000000 0.795729 0.625288 0.625288 0.625288
7833.420410 0.000000 1747.952881 0.000000 0.797455 0.000000 0.603378 0.701987 0.701987 0.701987
7831.792969 0.000000 1751.426392 0.000000 0.175846 0.000000 -0.984418 1.276714 1.276714 1.276714
7830.725586 0.000000 1741.218994 0.000000 0.109532 0.000000 0.993983 0.473051 0.473051 0.473051
7831.480957 0.000000 1738.417236 0.000000 0.998683 0.000000 -0.051297 0.898760 0.898760 0.898760
7831.991699 0.000000 1740.054932 0.000000 0.975769 0.000000 -0.218805 0.946407 0.946407 0.946407
7832.431152 0.000000 1742.818604 0.000000 0.548770 0.000000 0.835974 0.605670 0.605670 0.605670
7824.169922 0.000000 1739.043335 0.000000 0.911731 0.000000 0.410787 0.765156 0.765156 0.765156
7830.204590 0.000000 1738.433228 0.000000 0.913875 0.000000 -0.405997 1.001994 1.001994 1.001994
7831.851562 0.000000 1752.415283 0.000000 0.902011 0.000000 0.431714 0.758661 0.758661 0.758661
7869.716797 0.000000 1743.197144 0.000000 0.985603 0.000000 -0.169077 0.932136 0.932136 0.932136
7864.969238 0.000000 1738.964966 0.000000 0.106501 0.000000 0.994313 0.472192 0.472192 0.472192
7854.050293 0.000000 1740.216919 0.000000 0.685395 0.000000 0.728172 0.654720 0.654720 0.654720
7847.264648 0.000000 1733.993164 0.000000 0.614562 0.000000 0.788869 0.628453 0.628453 0.628453
7851.604004 0.000000 1738.056519 0.000000 0.690922 0.000000 -0.722929 1.111763 1.111763 1.111763
7846.582031 0.000000 1732.839966 0.000000 0.803183 0.000000 -0.595732 1.063951 1.063951 1.063951
7845.229492 0.000000 1729.180176 0.000000 0.904794 0.000000 0.425850 0.760488 0.760488 0.760488
7842.593262 0.000000 1750.826294 0.000000 0.654140 0.000000 -0.756374 1.125759 1.125759 1.125759
7866.037598 0.000000 1739.352905 0.000000 0.985231 0.000000 0.171231 0.835876 0.835876 0.835876
7848.403809 0.000000 1731.516357 0.000000 0.960330 0.000000 0.278868 0.804762 0.804762 0.804762
7854.208496 0.000000 1735.301636 0.000000 0.317200 0.000000 0.948359 0.533014 0.533014 0.533014
7868.722168 0.000000 1743.726929 0.000000 0.877930 0.000000 0.478789 0.743775 0.743775 0.743775
7841.501465 0.000000 1741.798584 0.000000 0.998717 0.000000 0.050640 0.870053 0.870053 0.870053
7841.723145 0.000000 1740.065308 0.000000 0.999992 0.000000 0.004089 0.883163 0.883163 0.883163
7869.543457 0.000000 1785.017090 0.000000 0.068586 0.000000 -0.997645 1.307150 1.307150 1.307150
7860.001465 0.000000 1779.360474 0.000000 0.931619 0.000000 -0.363436 0.989013 0.989013 0.989013
7863.132324 0.000000 1766.619995 0.000000 0.992506 0.000000 0.122194 0.849832 0.849832 0.849832
7865.741699 0.000000 1783.163208 0.000000 0.978335 0.000000 -0.207026 0.943013 0.943013 0.943013
7874.841309 0.000000 1733.685913 0.000000 0.994600 0.000000 -0.103784 0.913580 0.913580 0.913580
7880.245605 0.000000 1751.744263 0.000000 0.999105 0.000000 -0.042301 0.896225 0.896225 0.896225
7893.567383 0.000000 1755.391724 0.000000 0.604474 0.000000 0.796625 0.624871 0.624871 0.624871
7884.218262 0.000000 1754.539062 0.000000 0.433163 0.000000 -0.901316 1.200365 1.200365 1.200365
7880.897461 0.000000 1750.448608 0.000000 0.764848 0.000000 -0.644211 1.081351 1.081351 1.081351
7874.871582 0.000000 1732.649536 0.000000 0.987336 0.000000 -0.158644 0.929159 0.929159 0.929159
7930.455078 0.000000 1755.578125 0.000000 0.976253 0.000000 0.216632 0.822848 0.822848 0.822848
7932.791992 0.000000 1727.644409 0.000000 0.643816 0.000000 -0.765180 1.129578 1.129578 1.129578
7931.083008 0.000000 1754.557861 0.000000 0.427621 0.000000 0.903958 0.566534 0.566534 0.566534
7895.450684 0.000000 1764.018921 0.000000 0.828918 0.000000 -0.559370 1.051411 1.051411 1.051411
7885.845215 0.000000 1766.382568 0.000000 0.759958 0.000000 0.649972 0.685149 0.685149 0.685149
7880.073242 0.000000 1785.398682 0.000000 0.153775 0.000000 -0.988106 1.283013 1.283013 1.283013
7925.563477 0.000000 1787.383911 0.000000 0.863337 0.000000 -0.504628 1.033206 1.033206 1.033206
7917.456055 0.000000 1778.987061 0.000000 0.271674 0.000000 -0.962389 1.249025 1.249025 1.249025
7915.804199 0.000000 1767.488159 0.000000 0.273101 0.000000 -0.961985 1.248608 1.248608 1.248608
7926.768555 0.000000 1765.750000 0.000000 0.907128 0.000000 0.420854 0.762040 0.762040 0.762040
7931.163574 0.000000 1761.945435 0.000000 0.041274 0.000000 0.999148 0.453778 0.453778 0.453778
7920.344238 0.000000 1787.957275 0.000000 0.797871 0.000000 0.602828 0.702181 0.702181 0.702181
7924.545410 0.000000 1786.686768 0.000000 0.419938 0.000000 -0.907553 1.204481 1.204481 1.204481
7921.126953 0.000000 1787.495239 0.000000 0.384913 0.000000 -0.922953 1.215252 1.215252 1.215252
7955.548828 0.000000 1780.695190 0.000000 0.259996 0.000000 -0.965610 1.252435 1.252435 1.252435
7954.159668 0.000000 1781.023193 0.000000 0.987222 0.000000 -0.159351 0.929361 0.929361 0.929361
7967.009766 0.000000 1788.295654 0.000000 0.202728 0.000000 0.979235 0.499620 0.499620 0.499620
7957.842773 0.000000 1788.537476 0.000000 0.319159 0.000000 0.947701 0.533595 0.533595 0.533595
7965.354004 0.000000 1787.350342 0.000000 0.948732 0.000000 0.316083 0.793789 0.793789 0.793789
7967.308594 0.000000 1788.799194 0.000000 0.724199 0.000000 -0.689591 1.098503 1.098503 1.098503
7917.184570 0.000000 1802.540527 0.000000 0.911242 0.000000 0.411872 0.764821 0.764821 0.764821
7923.481934 0.000000 1792.758545 0.000000 0.986571 0.000000 0.163331 0.838132 0.838132 0.838132
7917.103027 0.000000 1803.629883 0.000000 0.787574 0.000000 0.616220 0.697426 0.697426 0.697426
7797.083984 0.000000 1993.902710 0.000000 0.763706 0.000000 -0.645564 1.081850 1.081850 1.081850
7812.978027 0.000000 1991.731689 0.000000 0.175918 0.000000 -0.984405 1.276693 1.276693 1.276693
7809.346191 0.000000 1989.972656 0.000000 0.470347 0.000000 0.882481 0.579996 0.579996 0.579996
7966.534668 0.000000 1792.763794 0.000000 0.161312 0.000000 -0.986903 1.280864 1.280864 1.280864
7966.469238 0.000000 1797.454468 0.000000 0.965458 0.000000 0.260560 0.810114 0.810114 0.810114
7969.085449 0.000000 1803.354858 0.000000 0.271269 0.000000 0.962503 0.519484 0.519484 0.519484
7967.091309 0.000000 1792.130737 0.000000 0.208711 0.000000 -0.977977 1.267286 1.267286 1.267286
7967.041016 0.000000 1796.564453 0.000000 0.279302 0.000000 0.960203 0.521836 0.521836 0.521836
7968.500000 0.000000 1802.407593 0.000000 0.831378 0.000000 -0.555708 1.050169 1.050169 1.050169
5981.140137 0.000000 2535.304199 0.000000 0.695789 0.000000 -0.718246 1.109862 1.109862 1.109862
6024.357910 0.000000 2484.930176 0.000000 0.999201 0.000000 -0.039957 0.895564 0.895564 0.895564
6029.103516 0.000000 2487.187500 0.000000 0.735048 0.000000 -0.678015 1.094037 1.094037 1.094037
6023.434570 0.000000 2484.129150 0.000000 0.929149 0.000000 -0.369707 0.990911 0.990911 0.990911
6025.004395 0.000000 2495.954590 0.000000 0.885146 0.000000 0.465312 0.748078 0.748078 0.748078
5916.560059 0.000000 2592.598145 0.000000 0.987043 0.000000 -0.160456 0.929676 0.929676 0.929676
5914.569824 0.000000 2606.965820 0.000000 0.375978 0.000000 0.926628 0.550656 0.550656 0.550656
5915.378418 0.000000 2606.458252 0.000000 0.693355 0.000000 0.720596 0.657813 0.657813 0.657813
6046.533691 0.000000 2790.117676 0.000000 0.004157 0.000000 0.999991 0.443327 0.443327 0.443327
6045.850586 0.000000 2788.864502 0.000000 0.650625 0.000000 0.759399 0.641563 0.641563 0.641563
6047.493652 0.000000 2791.419678 0.000000 0.111223 0.000000 -0.993795 1.295098 1.295098 1.295098
6063.708984 0.000000 2787.642334 0.000000 0.802673 0.000000 -0.596419 1.064192 1.064192 1.064192
6054.497559 0.000000 2794.159424 0.000000 0.802850 0.000000 -0.596181 1.064109 1.064109 1.064109
6059.315430 0.000000 2785.840332 0.000000 0.947623 0.000000 -0.319390 0.975821 0.975821 0.975821
5966.898438 0.000000 2975.127441 0.000000 0.105875 0.000000 0.994379 0.472015 0.472015 0.472015
5965.111328 0.000000 2967.070312 0.000000 0.963103 0.000000 -0.269134 0.961017 0.961017 0.961017
5967.145020 0.000000 2964.966309 0.000000 0.560004 0.000000 0.828490 0.609470 0.609470 0.609470
5979.874512 0.000000 2963.020996 0.000000 0.948809 0.000000 -0.315849 0.974770 0.974770 0.974770
5982.507812 0.000000 2956.943604 0.000000 0.524849 0.000000 0.851195 0.597688 0.597688 0.597688
5980.256836 0.000000 2958.765869 0.000000 0.719159 0.000000 -0.694845 1.100553 1.100553 1.100553
5965.427734 0.000000 2974.414307 0.000000 0.963349 0.000000 0.268250 0.807869 0.807869 0.807869
5969.644531 0.000000 2973.670654 0.000000 0.099166 0.000000 0.995071 0.470117 0.470117 0.470117
5967.119141 0.000000 2974.058594 0.000000 0.411029 0.000000 0.911622 0.561389 0.561389 0.561389
5977.603516 0.000000 2959.015381 0.000000 0.999890 0.000000 0.014822 0.880141 0.880141 0.880141
5967.068359 0.000000 2964.058350 0.000000 0.762360 0.000000 -0.647153 1.082436 1.082436 1.082436
5961.471680 0.000000 2981.788086 0.000000 0.977405 0.000000 0.211376 0.824362 0.824362 0.824362
5961.012207 0.000000 2975.837402 0.000000 0.729945 0.000000 -0.683506 1.096148 1.096148 1.096148
5970.764160 0.000000 2979.686768 0.000000 0.999258 0.000000 -0.038521 0.895160 0.895160 0.895160
5971.767090 0.000000 2979.406494 0.000000 0.416070 0.000000 0.909333 0.562948 0.562948 0.562948
5963.153320 0.000000 2983.544434 0.000000 0.879512 0.000000 -0.475877 1.023920 1.023920 1.023920
5961.471680 0.000000 3077.764648 0.000000 0.368796 0.000000 -0.929510 1.220150 1.220150 1.220150
6069.168945 0.000000 3390.459473 0.000000 0.931168 0.000000 0.364589 0.779266 0.779266 0.779266
6076.540527 0.000000 3392.402832 0.000000 0.907737 0.000000 -0.419539 1.006180 1.006180 1.006180
6581.969238 0.000000 2216.345459 0.000000 0.468777 0.000000 -0.883317 1.189132 1.189132 1.189132
6165.114258 0.000000 2425.130127 0.000000 0.604002 0.000000 0.796983 0.624704 0.624704 0.624704
6163.404297 0.000000 2421.865967 0.000000 0.988280 0.000000 -0.152651 0.927452 0.927452 0.927452
6172.288574 0.000000 2420.238037 0.000000 0.512678 0.000000 0.858581 0.593681 0.593681 0.593681
6169.546387 0.000000 2434.872314 0.000000 0.650658 0.000000 -0.759371 1.127052 1.127052 1.127052
6157.028809 0.000000 2437.549072 0.000000 0.265967 0.000000 0.963982 0.517935 0.517935 0.517935
6174.553223 0.000000 2439.307861 0.000000 0.978568 0.000000 0.205924 0.825931 0.825931 0.825931
6163.743652 0.000000 2435.539307 0.000000 0.992879 0.000000 0.119125 0.850702 0.850702 0.850702
6178.491211 0.000000 2435.614258 0.000000 0.964744 0.000000 -0.263191 0.959282 0.959282 0.959282
6175.583496 0.000000 2438.059326 0.000000 0.562278 0.000000 0.826948 0.610243 0.610243 0.610243
7070.595703 0.000000 2099.057129 0.000000 0.993361 0.000000 -0.115042 0.916768 0.916768 0.916768
7071.444336 0.000000 2098.550293 0.000000 0.987334 0.000000 -0.158655 0.929162 0.929162 0.929162
7072.075195 0.000000 2108.010498 0.000000 0.315368 0.000000 0.948969 0.532470 0.532470 0.532470
7073.405762 0.000000 2109.756592 0.000000 0.210319 0.000000 -0.977633 1.266824 1.266824 1.266824
7075.834961 0.000000 2099.825928 0.000000 0.861609 0.000000 -0.507573 1.034167 1.034167 1.034167
7074.242188 0.000000 2094.443115 0.000000 0.952275 0.000000 -0.305242 0.971629 0.971629 0.971629
7110.508301 0.000000 2069.203857 0.000000 0.979890 0.000000 -0.199537 0.940860 0.940860 0.940860
7111.301758 0.000000 2068.230713 0.000000 0.882024 0.000000 -0.471205 1.022427 1.022427 1.022427
7108.423828 0.000000 2072.567627 0.000000 0.792696 0.000000 0.609617 0.699778 0.699778 0.699778
6959.570312 0.000000 2232.170898 0.000000 0.262013 0.000000 -0.965064 1.251847 1.251847 1.251847
6964.557129 0.000000 2236.872559 0.000000 0.147786 0.000000 0.989019 0.483909 0.483909 0.483909
6961.523438 0.000000 2237.850342 0.000000 0.373480 0.000000 0.927638 0.549898 0.549898 0.549898
6965.922363 0.000000 2216.345459 0.000000 0.999982 0.000000 -0.005962 0.885992 0.885992 0.885992
6955.583496 0.000000 2239.531738 0.000000 0.976956 0.000000 0.213442 0.823767 0.823767 0.823767
6683.336426 0.000000 2544.631104 0.000000 0.324639 0.000000 -0.945838 1.233403 1.233403 1.233403
6676.444824 0.000000 2544.162598 0.000000 0.307528 0.000000 0.951539 0.530148 0.530148 0.530148
6677.317383 0.000000 2546.447510 0.000000 0.513766 0.000000 0.857930 0.594038 0.594038 0.594038
6676.145996 0.000000 2547.172852 0.000000 0.829154 0.000000 -0.559020 1.051292 1.051292 1.051292
6679.362305 0.000000 2542.129639 0.000000 0.999905 0.000000 0.013787 0.880433 0.880433 0.880433
6675.904297 0.000000 2543.211426 0.000000 0.174111 0.000000 0.984726 0.491418 0.491418 0.491418
6674.892090 0.000000 2542.449219 0.000000 0.269630 0.000000 -0.962964 1.249623 1.249623 1.249623
6745.105957 0.000000 2538.769775 0.000000 0.111277 0.000000 0.993789 0.473545 0.473545 0.473545
6748.769043 0.000000 2540.603516 0.000000 0.964882 0.000000 -0.262683 0.959133 0.959133 0.959133
6749.197754 0.000000 2541.859375 0.000000 0.518347 0.000000 0.855170 0.595543 0.595543 0.595543
6743.269043 0.000000 2534.432617 0.000000 0.456026 0.000000 0.889966 0.575448 0.575448 0.575448
6744.541016 0.000000 2538.019043 0.000000 0.322179 0.000000 -0.946679 1.234135 1.234135 1.234135
6745.327637 0.000000 2539.659912 0.000000 0.332227 0.000000 -0.943199 1.231142 1.231142 1.231142
6754.250000 0.000000 2537.386230 0.000000 0.216732 0.000000 0.976231 0.503652 0.503652 0.503652
6753.634277 0.000000 2541.603271 0.000000 0.764785 0.000000 0.644285 0.687249 0.687249 0.687249
6973.475098 0.000000 2491.178467 0.000000 0.528252 0.000000 -0.849088 1.169812 1.169812 1.169812
6933.020508 0.000000 2521.106689 0.000000 0.523611 0.000000 0.851958 0.597279 0.597279 0.597279
6965.624512 0.000000 2496.345459 0.000000 0.999999 0.000000 0.001689 0.883838 0.883838 0.883838
6363.694824 0.000000 2564.477051 0.000000 0.945431 0.000000 -0.325822 0.977734 0.977734 0.977734
6363.290527 0.000000 2568.230957 0.000000 0.275614 0.000000 -0.961268 1.247872 1.247872 1.247872
6390.427734 0.000000 2579.179688 0.000000 0.998480 0.000000 0.055111 0.868793 0.868793 0.868793
6392.642090 0.000000 2585.794922 0.000000 0.507803 0.000000 -0.861473 1.176542 1.176542 1.176542
6383.034180 0.000000 2591.400391 0.000000 0.994795 0.000000 -0.101898 0.913046 0.913046 0.913046
6382.049805 0.000000 2591.700195 0.000000 0.096241 0.000000 0.995358 0.469289 0.469289 0.469289
6390.645020 0.000000 2768.672852 0.000000 0.689827 0.000000 0.723974 0.656438 0.656438 0.656438
6385.958496 0.000000 2765.444092 0.000000 0.467188 0.000000 -0.884158 1.189638 1.189638 1.189638
6389.534180 0.000000 2764.651611 0.000000 0.053935 0.000000 -0.998544 1.311282 1.311282 1.311282
6382.356445 0.000000 2766.783691 0.000000 0.659598 0.000000 -0.751618 1.123721 1.123721 1.123721
6387.376953 0.000000 2773.780029 0.000000 0.556341 0.000000 0.830954 0.608227 0.608227 0.608227
6389.208984 0.000000 2765.756348 0.000000 0.801375 0.000000 -0.598162 1.064804 1.064804 1.064804
6390.885254 0.000000 2774.927002 0.000000 0.362829 0.000000 0.931856 0.546673 0.546673 0.546673
6384.910645 0.000000 2764.083008 0.000000 0.854775 0.000000 -0.518998 1.037915 1.037915 1.037915
6384.943359 0.000000 2773.894043 0.000000 0.857555 0.000000 0.514392 0.732227 0.732227 0.732227
6427.437988 0.000000 2765.392822 0.000000 0.057184 0.000000 0.998364 0.458262 0.458262 0.458262
6418.961426 0.000000 2762.492188 0.000000 0.966683 0.000000 -0.255978 0.957179 0.957179 0.957179
6430.633789 0.000000 2768.380615 0.000000 0.606714 0.000000 -0.794920 1.142964 1.142964 1.142964
6428.257324 0.000000 2772.152100 0.000000 0.411705 0.000000 0.911317 0.561598 0.561598 0.561598
6426.213379 0.000000 2763.103027 0.000000 0.906593 0.000000 0.422007 0.761682 0.761682 0.761682
6426.558105 0.000000 2765.022705 0.000000 0.992809 0.000000 -0.119709 0.918091 0.918091 0.918091
6433.164062 0.000000 2769.434082 0.000000 0.945020 0.000000 -0.327011 0.978088 0.978088 0.978088
6440.047363 0.000000 2781.667969 0.000000 0.759044 0.000000 -0.651040 1.083874 1.083874 1.083874
6444.998535 0.000000 2776.248779 0.000000 0.002663 0.000000 -0.999996 1.325721 1.325721 1.325721
6436.900879 0.000000 2780.200928 0.000000 0.994669 0.000000 0.103118 0.855236 0.855236 0.855236
6239.545898 0.000000 2930.347168 0.000000 0.950712 0.000000 0.310076 0.795569 0.795569 0.795569
6243.362305 0.000000 2933.380615 0.000000 0.690556 0.000000 0.723279 0.656722 0.656722 0.656722
6242.343750 0.000000 2926.239990 0.000000 0.060412 0.000000 -0.998174 1.309455 1.309455 1.309455
6241.038086 0.000000 2934.089111 0.000000 0.889054 0.000000 0.457802 0.750461 0.750461 0.750461
6242.438477 0.000000 2933.665771 0.000000 0.419392 0.000000 -0.907805 1.204651 1.204651 1.204651
6314.123047 0.000000 2988.627686 0.000000 0.904349 0.000000 0.426795 0.760194 0.760194 0.760194
6308.130371 0.000000 2976.619873 0.000000 0.830334 0.000000 -0.557267 1.050697 1.050697 1.050697
6319.977051 0.000000 2987.940430 0.000000 0.985989 0.000000 -0.166812 0.931490 0.931490 0.931490
6314.317871 0.000000 2977.287842 0.000000 0.325649 0.000000 -0.945491 1.233102 1.233102 1.233102
6304.115723 0.000000 2984.580811 0.000000 0.795720 0.000000 -0.605664 1.067449 1.067449 1.067449
6309.416992 0.000000 2976.875488 0.000000 0.692379 0.000000 -0.721534 1.111196 1.111196 1.111196
6374.081055 0.000000 2950.149902 0.000000 0.857123 0.000000 0.515111 0.731991 0.731991 0.731991
6376.362793 0.000000 2963.504639 0.000000 0.903068 0.000000 0.429498 0.759352 0.759352 0.759352
6346.538574 0.000000 2982.788818 0.000000 0.655405 0.000000 -0.755277 1.125288 1.125288 1.125288
6336.111816 0.000000 2984.580811 0.000000 0.208589 0.000000 -0.978003 1.267321 1.267321 1.267321
6354.943359 0.000000 3069.818848 0.000000 0.266398 0.000000 0.963863 0.518061 0.518061 0.518061
6358.342773 0.000000 3052.079346 0.000000 0.964705 0.000000 -0.263333 0.959323 0.959323 0.959323
6354.345703 0.000000 3069.078369 0.000000 0.120900 0.000000 -0.992665 1.292356 1.292356 1.292356
6355.884766 0.000000 3068.079590 0.000000 0.359767 0.000000 0.933042 0.545749 0.545749 0.545749
6511.654297 0.000000 2915.611084 0.000000 0.559904 0.000000 -0.828558 1.159192 1.159192 1.159192
6500.436035 0.000000 2921.648926 0.000000 0.999176 0.000000 -0.040596 0.895744 0.895744 0.895744
6511.098145 0.000000 2914.094238 0.000000 0.419886 0.000000 -0.907577 1.204497 1.204497 1.204497
6589.113281 0.000000 3028.883301 0.000000 0.734178 0.000000 -0.678957 1.094398 1.094398 1.094398
6585.423828 0.000000 3025.698730 0.000000 0.381497 0.000000 0.924370 0.552335 0.552335 0.552335
6590.752930 0.000000 3033.461670 0.000000 0.049380 0.000000 -0.998780 1.312565 1.312565 1.312565
6585.173828 0.000000 3024.752441 0.000000 0.736267 0.000000 -0.676691 1.093531 1.093531 1.093531
6584.160156 0.000000 3025.949219 0.000000 0.153155 0.000000 0.988202 0.485438 0.485438 0.485438
6575.124512 0.000000 3052.634033 0.000000 0.603934 0.000000 -0.797034 1.143947 1.143947 1.143947
6599.622070 0.000000 3024.952881 0.000000 0.999043 0.000000 0.043729 0.872001 0.872001 0.872001
6909.074219 0.000000 2612.984863 0.000000 0.052940 0.000000 0.998598 0.457066 0.457066 0.457066
6743.714844 0.000000 2814.017334 0.000000 0.109810 0.000000 -0.993953 1.295498 1.295498 1.295498
6867.336426 0.000000 2782.960205 0.000000 0.428738 0.000000 -0.903429 1.201746 1.201746 1.201746
6880.098633 0.000000 2779.846436 0.000000 0.056105 0.000000 -0.998425 1.310670 1.310670 1.310670
6880.593750 0.000000 2778.062256 0.000000 0.826460 0.000000 0.562995 0.715984 0.715984 0.715984
6870.613281 0.000000 2785.086914 0.000000 0.725650 0.000000 0.688064 0.670718 0.670718 0.670718
6871.826660 0.000000 2784.522949 0.000000 0.111943 0.000000 0.993715 0.473733 0.473733 0.473733
6880.351074 0.000000 2788.832764 0.000000 0.888529 0.000000 0.458820 0.750139 0.750139 0.750139
6881.459473 0.000000 2789.777344 0.000000 0.886072 0.000000 -0.463548 1.019989 1.019989 1.019989
6920.791016 0.000000 2622.551514 0.000000 0.467014 0.000000 -0.884250 1.189693 1.189693 1.189693
6924.939941 0.000000 2616.287842 0.000000 0.209364 0.000000 -0.977838 1.267098 1.267098 1.267098
6924.635254 0.000000 2617.249756 0.000000 0.685005 0.000000 0.728538 0.654569 0.654569 0.654569
6918.165039 0.000000 2626.028564 0.000000 0.610638 0.000000 -0.791910 1.141572 1.141572 1.141572
6917.504883 0.000000 2627.508057 0.000000 0.926826 0.000000 0.375491 0.775962 0.775962 0.775962
6918.547852 0.000000 2627.098145 0.000000 0.555790 0.000000 -0.831323 1.160588 1.160588 1.160588
6916.609375 0.000000 2627.329346 0.000000 0.219093 0.000000 -0.975704 1.264295 1.264295 1.264295
6948.000000 0.000000 2628.135498 0.000000 0.890230 0.000000 -0.455512 1.017442 1.017442 1.017442
6947.208008 0.000000 2631.084473 0.000000 0.984386 0.000000 0.176025 0.834506 0.834506 0.834506
6943.230957 0.000000 2638.211914 0.000000 0.823077 0.000000 0.567930 0.714300 0.714300 0.714300
6947.603027 0.000000 2630.146973 0.000000 0.849181 0.000000 0.528102 0.727705 0.727705 0.727705
7034.730957 0.000000 2674.015869 0.000000 0.381114 0.000000 0.924528 0.552218 0.552218 0.552218
7043.529785 0.000000 2685.063965 0.000000 0.162180 0.000000 0.986761 0.488011 0.488011 0.488011
7048.770996 0.000000 2673.586182 0.000000 0.999102 0.000000 0.042363 0.872386 0.872386 0.872386
7046.104492 0.000000 2686.916260 0.000000 0.997970 0.000000 0.063692 0.866373 0.866373 0.866373
7044.431641 0.000000 2680.419189 0.000000 0.550979 0.000000 0.834519 0.606414 0.606414 0.606414
7154.611816 0.000000 2672.814941 0.000000 0.930857 0.000000 0.365383 0.779026 0.779026 0.779026
7162.692871 0.000000 2677.608643 0.000000 0.752971 0.000000 0.658054 0.682142 0.682142 0.682142
6961.630859 0.000000 2755.027344 0.000000 0.797797 0.000000 -0.602926 1.066481 1.066481 1.066481
6960.545898 0.000000 2755.217529 0.000000 0.911537 0.000000 0.411218 0.765023 0.765023 0.765023
6974.329590 0.000000 2813.345215 0.000000 0.012750 0.000000 0.999919 0.445746 0.445746 0.445746
6969.254395 0.000000 2813.203857 0.000000 0.416165 0.000000 0.909289 0.562977 0.562977 0.562977
6969.922852 0.000000 2812.275879 0.000000 0.324915 0.000000 -0.945743 1.233321 1.233321 1.233321
7048.092773 0.000000 2690.319824 0.000000 0.931202 0.000000 -0.364503 0.989336 0.989336 0.989336
6732.070801 0.000000 2827.578125 0.000000 0.372353 0.000000 0.928091 0.549556 0.549556 0.549556
6733.600586 0.000000 2834.729248 0.000000 0.728534 0.000000 0.685010 0.671900 0.671900 0.671900
6735.574219 0.000000 2832.290527 0.000000 0.819267 0.000000 0.573412 0.712421 0.712421 0.712421
6736.826660 0.000000 2830.625732 0.000000 0.217644 0.000000 -0.976028 1.264713 1.264713 1.264713
6728.131836 0.000000 2818.288574 0.000000 0.377558 0.000000 0.925986 0.551136 0.551136 0.551136
6740.430176 0.000000 2823.037354 0.000000 0.373351 0.000000 -0.927690 1.218769 1.218769 1.218769
6736.351562 0.000000 2833.221191 0.000000 0.997848 0.000000 -0.065568 0.902783 0.902783 0.902783
6741.475098 0.000000 2823.228271 0.000000 0.999933 0.000000 0.011546 0.881064 0.881064 0.881064
6737.588379 0.000000 2826.576904 0.000000 0.988406 0.000000 0.151836 0.841408 0.841408 0.841408
6735.384277 0.000000 2833.275391 0.000000 0.861716 0.000000 0.507391 0.734520 0.734520 0.734520
6737.767090 0.000000 2832.855713 0.000000 0.995645 0.000000 -0.093225 0.910593 0.910593 0.910593
6757.453613 0.000000 2833.873535 0.000000 0.923340 0.000000 0.383983 0.773379 0.773379 0.773379
6752.212891 0.000000 2841.106689 0.000000 0.827071 0.000000 -0.562098 1.052338 1.052338 1.052338
6686.271484 0.000000 2888.244385 0.000000 0.609805 0.000000 -0.792551 1.141868 1.141868 1.141868
6859.933105 0.000000 2855.222656 0.000000 0.724667 0.000000 0.689099 0.670316 0.670316 0.670316
6875.495605 0.000000 2855.218262 0.000000 0.562038 0.000000 0.827111 0.610161 0.610161 0.610161
6868.819336 0.000000 2862.806885 0.000000 0.461544 0.000000 -0.887117 1.191432 1.191432 1.191432
6869.702148 0.000000 2863.704346 0.000000 0.474890 0.000000 -0.880045 1.187180 1.187180 1.187180
6860.467773 0.000000 2854.343018 0.000000 0.551246 0.000000 0.834343 0.606504 0.606504 0.606504
6859.376953 0.000000 2854.410156 0.000000 0.993300 0.000000 -0.115562 0.916916 0.916916 0.916916
6871.253418 0.000000 2854.354492 0.000000 0.987083 0.000000 -0.160212 0.929606 0.929606 0.929606
6909.833984 0.000000 2862.923828 0.000000 0.477666 0.000000 -0.878541 1.186292 1.186292 1.186292
6900.845215 0.000000 2856.146240 0.000000 0.977605 0.000000 0.210449 0.824629 0.824629 0.824629
6901.716309 0.000000 2852.291260 0.000000 0.998012 0.000000 0.063028 0.866561 0.866561 0.866561
6910.428223 0.000000 2854.102051 0.000000 0.266980 0.000000 0.963702 0.518231 0.518231 0.518231
6902.893555 0.000000 2853.484375 0.000000 0.611301 0.000000 -0.791398 1.141337 1.141337 1.141337
6903.939453 0.000000 2855.768066 0.000000 0.510173 0.000000 -0.860072 1.175767 1.175767 1.175767
6910.463379 0.000000 2855.206299 0.000000 0.963983 0.000000 0.265964 0.808537 0.808537 0.808537
6900.769531 0.000000 2851.825928 0.000000 0.992849 0.000000 -0.119377 0.917997 0.917997 0.917997
6901.908691 0.000000 2853.353271 0.000000 0.929064 0.000000 0.369918 0.777653 0.777653 0.777653
6892.673828 0.000000 2857.454102 0.000000 0.042029 0.000000 0.999116 0.453991 0.453991 0.453991
6907.628418 0.000000 2948.383301 0.000000 0.852475 0.000000 -0.522768 1.039158 1.039158 1.039158
6907.378418 0.000000 2949.923828 0.000000 0.901969 0.000000 0.431800 0.758634 0.758634 0.758634
6912.041504 0.000000 2856.612061 0.000000 0.995164 0.000000 0.098226 0.856620 0.856620 0.856620
7058.812500 0.000000 2824.753174 0.000000 0.962339 0.000000 0.271854 0.806815 0.806815 0.806815
7062.220215 0.000000 2815.332031 0.000000 0.648369 0.000000 -0.761326 1.127899 1.127899 1.127899
7058.075684 0.000000 2825.668213 0.000000 0.111386 0.000000 -0.993777 1.295052 1.295052 1.295052
7063.418945 0.000000 2815.482178 0.000000 0.762589 0.000000 -0.646884 1.082337 1.082337 1.082337
6947.850586 0.000000 2995.607178 0.000000 0.050059 0.000000 -0.998746 1.312374 1.312374 1.312374
6946.885742 0.000000 2995.027100 0.000000 0.413467 0.000000 -0.910519 1.206485 1.206485 1.206485
7009.698730 0.000000 3060.965088 0.000000 0.887417 0.000000 0.460968 0.749458 0.749458 0.749458
7568.142578 0.000000 2070.699951 0.000000 0.640126 0.000000 -0.768270 1.130933 1.130933 1.130933
7566.000488 0.000000 2072.220459 0.000000 0.361093 0.000000 0.932530 0.546149 0.546149 0.546149
7570.197266 0.000000 2077.320557 0.000000 0.885094 0.000000 0.465412 0.748046 0.748046 0.748046
7571.736328 0.000000 2076.321777 0.000000 0.610151 0.000000 -0.792286 1.141745 1.141745 1.141745
7568.212402 0.000000 2071.649414 0.000000 0.611754 0.000000 0.791048 0.627452 0.627452 0.627452
7224.065918 0.000000 2315.914307 0.000000 0.986978 0.000000 0.160856 0.838838 0.838838 0.838838
7221.583008 0.000000 2315.404053 0.000000 0.472356 0.000000 -0.881408 1.187990 1.187990 1.187990
7225.269043 0.000000 2315.714600 0.000000 0.975741 0.000000 0.218930 0.822185 0.822185 0.822185
7543.182617 0.000000 2363.759033 0.000000 0.597550 0.000000 0.801832 0.622432 0.622432 0.622432
7832.562012 0.000000 2078.603760 0.000000 0.223102 0.000000 -0.974795 1.263138 1.263138 1.263138
7818.183594 0.000000 2078.963135 0.000000 0.049370 0.000000 0.998781 0.456059 0.456059 0.456059
7826.076172 0.000000 2085.158203 0.000000 0.988418 0.000000 0.151753 0.841432 0.841432 0.841432
7812.039062 0.000000 2088.316650 0.000000 0.174224 0.000000 -0.984706 1.277177 1.277177 1.277177
7835.378418 0.000000 2087.405762 0.000000 0.563115 0.000000 -0.826379 1.158100 1.158100 1.158100
7822.525391 0.000000 2084.948975 0.000000 0.797908 0.000000 -0.602780 1.066430 1.066430 1.066430
7819.478027 0.000000 2079.570801 0.000000 0.601707 0.000000 -0.798717 1.144733 1.144733 1.144733
7816.785645 0.000000 2080.056152 0.000000 0.727369 0.000000 0.686247 0.671421 0.671421 0.671421
7822.071777 0.000000 2089.341064 0.000000 0.686901 0.000000 -0.726751 1.113325 1.113325 1.113325
7835.265137 0.000000 2086.134766 0.000000 0.999999 0.000000 0.001477 0.883898 0.883898 0.883898
7833.473145 0.000000 2079.659180 0.000000 0.863350 0.000000 -0.504605 1.033199 1.033199 1.033199
7823.053223 0.000000 2085.766602 0.000000 0.477991 0.000000 0.878365 0.582440 0.582440 0.582440
7820.560547 0.000000 2089.641602 0.000000 0.987530 0.000000 -0.157432 0.928814 0.928814 0.928814
7830.628906 0.000000 2080.292725 0.000000 0.324582 0.000000 -0.945858 1.233420 1.233420 1.233420
7861.939941 0.000000 2263.676270 0.000000 0.946731 0.000000 -0.322024 0.976604 0.976604 0.976604
7855.180176 0.000000 2265.899170 0.000000 0.379487 0.000000 0.925197 0.551723 0.551723 0.551723
7860.063965 0.000000 2269.975342 0.000000 0.686421 0.000000 0.727205 0.655117 0.655117 0.655117
7854.662598 0.000000 2264.994873 0.000000 0.888455 0.000000 -0.458964 1.018534 1.018534 1.018534
7857.057129 0.000000 2262.982178 0.000000 0.053377 0.000000 -0.998574 1.311438 1.311438 1.311438
7856.763672 0.000000 2262.019043 0.000000 0.159028 0.000000 -0.987274 1.281516 1.281516 1.281516
7856.177246 0.000000 2263.602539 0.000000 0.313948 0.000000 0.949440 0.532049 0.532049 0.532049
7863.803711 0.000000 2265.239502 0.000000 0.322336 0.000000 -0.946625 1.234088 1.234088 1.234088
8020.428223 0.000000 2172.888184 0.000000 0.858756 0.000000 0.512384 0.732886 0.732886 0.732886
8021.602051 0.000000 2173.593994 0.000000 0.943430 0.000000 0.331573 0.789180 0.789180 0.789180
8020.044434 0.000000 2173.998779 0.000000 0.929955 0.000000 0.367674 0.778332 0.778332 0.778332
7998.292969 0.000000 2202.934082 0.000000 0.384545 0.000000 -0.923106 1.215364 1.215364 1.215364
7991.002930 0.000000 2200.820312 0.000000 0.931736 0.000000 -0.363137 0.988923 0.988923 0.988923
7993.467285 0.000000 2203.549316 0.000000 0.854160 0.000000 0.520011 0.730379 0.730379 0.730379
7991.788086 0.000000 2201.255127 0.000000 0.560116 0.000000 0.828414 0.609508 0.609508 0.609508
7994.268555 0.000000 2208.442383 0.000000 0.605594 0.000000 -0.795774 1.143361 1.143361 1.143361
7998.232422 0.000000 2211.368164 0.000000 0.416793 0.000000 -0.909002 1.205456 1.205456 1.205456
7999.961914 0.000000 2203.987061 0.000000 0.998739 0.000000 -0.050211 0.898453 0.898453 0.898453
8003.822266 0.000000 2199.769775 0.000000 0.525018 0.000000 -0.851091 1.170883 1.170883 1.170883
8003.850098 0.000000 2188.102295 0.000000 0.314236 0.000000 -0.949345 1.236493 1.236493 1.236493
8002.216797 0.000000 2192.793701 0.000000 0.685915 0.000000 0.727681 0.654921 0.654921 0.654921
8002.573730 0.000000 2198.716797 0.000000 0.600331 0.000000 0.799751 0.623410 0.623410 0.623410
8011.015625 0.000000 2202.002930 0.000000 0.007346 0.000000 -0.999973 1.324403 1.324403 1.324403
8003.136230 0.000000 2202.767822 0.000000 0.515642 0.000000 0.856804 0.594654 0.594654 0.594654
8000.291504 0.000000 2205.136475 0.000000 0.223438 0.000000 0.974718 0.505587 0.505587 0.505587
8018.973145 0.000000 2181.410400 0.000000 0.683275 0.000000 0.730161 0.653901 0.653901 0.653901
8000.871582 0.000000 2210.340088 0.000000 0.115579 0.000000 -0.993298 1.293864 1.293864 1.293864
8021.579590 0.000000 2212.447510 0.000000 0.830984 0.000000 -0.556296 1.050368 1.050368 1.050368
8014.501953 0.000000 2212.917725 0.000000 0.278916 0.000000 -0.960316 1.246904 1.246904 1.246904
8025.319824 0.000000 2210.927002 0.000000 0.733608 0.000000 0.679573 0.673993 0.673993 0.673993
8024.254883 0.000000 2211.164307 0.000000 0.931675 0.000000 0.363292 0.779658 0.779658 0.779658
8028.544922 0.000000 2212.782715 0.000000 0.946802 0.000000 -0.321817 0.976542 0.976542 0.976542
8001.841797 0.000000 2210.615479 0.000000 0.607219 0.000000 -0.794535 1.142786 1.142786 1.142786
7753.961426 0.000000 2425.312744 0.000000 0.054878 0.000000 0.998493 0.457612 0.457612 0.457612
7747.853516 0.000000 2423.715088 0.000000 0.422920 0.000000 -0.906167 1.203556 1.203556 1.203556
7746.518555 0.000000 2424.255127 0.000000 0.108450 0.000000 -0.994102 1.295884 1.295884 1.295884
7746.604980 0.000000 2422.662109 0.000000 0.880446 0.000000 0.474146 0.745262 0.745262 0.745262
7753.093262 0.000000 2424.465820 0.000000 0.754797 0.000000 -0.655958 1.085703 1.085703 1.085703
7747.592773 0.000000 2422.442871 0.000000 0.327922 0.000000 0.944705 0.536202 0.536202 0.536202
7754.864746 0.000000 2425.031006 0.000000 0.831167 0.000000 0.556022 0.718352 0.718352 0.718352
7699.509277 0.000000 2464.594482 0.000000 0.947252 0.000000 0.320489 0.792480 0.792480 0.792480
7705.037109 0.000000 2480.885254 0.000000 0.978684 0.000000 0.205374 0.826090 0.826090 0.826090
7804.016113 0.000000 2544.132812 0.000000 0.109643 0.000000 0.993971 0.473082 0.473082 0.473082
7837.501953 0.000000 2556.142578 0.000000 0.698335 0.000000 -0.715771 1.108863 1.108863 1.108863
7819.982422 0.000000 2555.767822 0.000000 0.719824 0.000000 0.694157 0.668344 0.668344 0.668344
7824.767578 0.000000 2549.948730 0.000000 0.050585 0.000000 0.998720 0.456402 0.456402 0.456402
7811.648926 0.000000 2537.041748 0.000000 0.859175 0.000000 -0.511681 1.035511 1.035511 1.035511
7852.880859 0.000000 2551.171875 0.000000 0.608938 0.000000 -0.793217 1.142176 1.142176 1.142176
7843.841797 0.000000 2551.683838 0.000000 0.519181 0.000000 0.854664 0.595818 0.595818 0.595818
7840.476562 0.000000 2554.116943 0.000000 0.959854 0.000000 0.280499 0.804283 0.804283 0.804283
7844.050293 0.000000 2544.397949 0.000000 0.685008 0.000000 0.728535 0.654570 0.654570 0.654570
7844.422852 0.000000 2545.867920 0.000000 0.467616 0.000000 0.883932 0.579126 0.579126 0.579126
7991.541504 0.000000 2330.262451 0.000000 0.432401 0.000000 -0.901682 1.200603 1.200603 1.200603
7991.127930 0.000000 2331.766846 0.000000 0.883602 0.000000 0.468238 0.747147 0.747147 0.747147
7990.608398 0.000000 2330.875488 0.000000 0.987342 0.000000 0.158605 0.839480 0.839480 0.839480
7984.864258 0.000000 2345.850342 0.000000 0.906287 0.000000 0.422664 0.761478 0.761478 0.761478
7985.349121 0.000000 2344.498047 0.000000 0.521652 0.000000 0.853158 0.596633 0.596633 0.596633
7988.277832 0.000000 2343.154541 0.000000 0.118486 0.000000 0.992956 0.475588 0.475588 0.475588
7979.719727 0.000000 2344.772949 0.000000 0.155981 0.000000 -0.987760 1.282384 1.282384 1.282384
7989.322754 0.000000 2343.345459 0.000000 0.999971 0.000000 -0.007664 0.886471 0.886471 0.886471
7989.979980 0.000000 2342.418945 0.000000 0.268977 0.000000 0.963147 0.518814 0.518814 0.518814
7411.337891 0.000000 2651.286133 0.000000 0.944174 0.000000 -0.329446 0.978813 0.978813 0.978813
7399.221680 0.000000 2642.885986 0.000000 0.054818 0.000000 -0.998496 1.311033 1.311033 1.311033
7403.880859 0.000000 2646.057129 0.000000 0.053545 0.000000 -0.998565 1.311391 1.311391 1.311391
7401.366211 0.000000 2645.112793 0.000000 0.102649 0.000000 -0.994718 1.297525 1.297525 1.297525
7410.253418 0.000000 2651.190186 0.000000 0.929297 0.000000 -0.369333 0.990797 0.990797 0.990797
7378.130859 0.000000 2661.017578 0.000000 0.734481 0.000000 0.678630 0.674355 0.674355 0.674355
7366.987793 0.000000 2671.636963 0.000000 0.987990 0.000000 0.154517 0.840644 0.840644 0.840644
7202.108398 0.000000 2747.591797 0.000000 0.948096 0.000000 -0.317984 0.975403 0.975403 0.975403
7203.233887 0.000000 2746.635010 0.000000 0.999992 0.000000 0.003967 0.883197 0.883197 0.883197
7202.352051 0.000000 2748.781982 0.000000 0.728694 0.000000 -0.684840 1.096662 1.096662 1.096662
7203.107910 0.000000 2748.010742 0.000000 0.965994 0.000000 0.258566 0.810695 0.810695 0.810695
7202.453125 0.000000 2749.781006 0.000000 0.826617 0.000000 0.562764 0.716062 0.716062 0.716062
7199.402344 0.000000 2748.564697 0.000000 0.363482 0.000000 0.931601 0.546870 0.546870 0.546870
7212.779785 0.000000 2752.524414 0.000000 0.831374 0.000000 -0.555713 1.050171 1.050171 1.050171
7285.146484 0.000000 2793.707275 0.000000 0.725133 0.000000 0.688609 0.670506 0.670506 0.670506
7347.623047 0.000000 2740.460938 0.000000 0.418806 0.000000 0.908076 0.563795 0.563795 0.563795
7349.633789 0.000000 2747.149658 0.000000 0.999991 0.000000 -0.004237 0.885507 0.885507 0.885507
7341.526367 0.000000 2738.752686 0.000000 0.978689 0.000000 -0.205350 0.942531 0.942531 0.942531
7341.254883 0.000000 2730.313965 0.000000 0.729523 0.000000 -0.683956 1.096321 1.096321 1.096321
7350.210938 0.000000 2745.842773 0.000000 0.378741 0.000000 -0.925503 1.217132 1.217132 1.217132
7344.464355 0.000000 2745.111084 0.000000 0.906911 0.000000 0.421323 0.761895 0.761895 0.761895
7341.837402 0.000000 2740.226562 0.000000 0.854887 0.000000 0.518814 0.730774 0.730774 0.730774
7348.563965 0.000000 2747.613770 0.000000 0.265626 0.000000 0.964076 0.517835 0.517835 0.517835
7341.173340 0.000000 2731.403320 0.000000 0.724185 0.000000 -0.689606 1.098509 1.098509 1.098509
7340.939941 0.000000 2739.734863 0.000000 0.283389 0.000000 -0.959005 1.245592 1.245592 1.245592
7343.310059 0.000000 2737.298828 0.000000 0.519562 0.000000 -0.854433 1.172684 1.172684 1.172684
7343.801758 0.000000 2740.579834 0.000000 0.976216 0.000000 -0.216801 0.945829 0.945829 0.945829
7332.396484 0.000000 2744.403564 0.000000 0.164415 0.000000 0.986391 0.488648 0.488648 0.488648
7578.077148 0.000000 2632.385742 0.000000 0.690317 0.000000 0.723507 0.656629 0.656629 0.656629
7582.162109 0.000000 2632.306885 0.000000 0.973575 0.000000 0.228368 0.819459 0.819459 0.819459
7576.120605 0.000000 2630.478027 0.000000 0.986665 0.000000 0.162762 0.838294 0.838294 0.838294
7574.677734 0.000000 2635.344971 0.000000 0.370038 0.000000 0.929017 0.548854 0.548854 0.548854
7579.409668 0.000000 2631.272949 0.000000 0.992551 0.000000 0.121827 0.849936 0.849936 0.849936
7577.582520 0.000000 2630.895752 0.000000 0.881284 0.000000 -0.472587 1.022868 1.022868 1.022868
7569.399902 0.000000 2632.427734 0.000000 0.984499 0.000000 0.175390 0.834687 0.834687 0.834687
7576.022949 0.000000 2635.836182 0.000000 0.834116 0.000000 -0.551589 1.048777 1.048777 1.048777
7578.983398 0.000000 2633.173096 0.000000 0.424311 0.000000 0.905517 0.565504 0.565504 0.565504
7577.032227 0.000000 2631.900391 0.000000 0.205722 0.000000 -0.978610 1.268146 1.268146 1.268146
7582.937500 0.000000 2633.093750 0.000000 0.063776 0.000000 -0.997964 1.308506 1.308506 1.308506
7582.381348 0.000000 2631.260986 0.000000 0.796703 0.000000 0.604371 0.701636 0.701636 0.701636
7570.820312 0.000000 2637.328857 0.000000 0.986549 0.000000 0.163464 0.838094 0.838094 0.838094
7577.226074 0.000000 2635.636475 0.000000 0.647374 0.000000 0.762173 0.640361 0.640361 0.640361
7587.974121 0.000000 2624.705811 0.000000 0.049338 0.000000 0.998782 0.456051 0.456051 0.456051
7586.473145 0.000000 2625.447266 0.000000 0.366747 0.000000 -0.930321 1.220770 1.220770 1.220770
7587.129883 0.000000 2631.084473 0.000000 0.110604 0.000000 0.993865 0.473354 0.473354 0.473354
7583.411621 0.000000 2630.012451 0.000000 0.103635 0.000000 0.994615 0.471381 0.471381 0.471381
7543.493652 0.000000 2691.792480 0.000000 0.932988 0.000000 0.359909 0.780679 0.780679 0.780679
7550.163574 0.000000 2710.655518 0.000000 1.000000 0.000000 0.000914 0.884056 0.884056 0.884056
7548.927734 0.000000 2704.431152 0.000000 0.835267 0.000000 -0.549844 1.048188 1.048188 1.048188
7536.607422 0.000000 2709.025391 0.000000 0.649923 0.000000 0.760000 0.641303 0.641303 0.641303
7548.671387 0.000000 2700.564453 0.000000 0.908312 0.000000 -0.418294 1.005794 1.005794 1.005794
7545.027344 0.000000 2710.274902 0.000000 0.163129 0.000000 0.986605 0.488282 0.488282 0.488282
7549.100098 0.000000 2701.820312 0.000000 0.596166 0.000000 0.802861 0.621947 0.621947 0.621947
7550.517090 0.000000 2711.805176 0.000000 0.907110 0.000000 0.420893 0.762028 0.762028 0.762028
7546.660645 0.000000 2707.703857 0.000000 0.329364 0.000000 -0.944203 1.231996 1.231996 1.231996
7540.998535 0.000000 2707.793945 0.000000 0.924985 0.000000 0.380004 0.774591 0.774591 0.774591
7541.068359 0.000000 2701.771973 0.000000 0.978313 0.000000 -0.207134 0.943044 0.943044 0.943044
7544.827637 0.000000 2711.576416 0.000000 0.860626 0.000000 0.509238 0.733916 0.733916 0.733916
7549.672852 0.000000 2705.170654 0.000000 0.327306 0.000000 0.944919 0.536019 0.536019 0.536019
7549.570312 0.000000 2700.099609 0.000000 0.987386 0.000000 -0.158329 0.929070 0.929070 0.929070
7538.453125 0.000000 2699.386475 0.000000 0.987301 0.000000 -0.158862 0.929221 0.929221 0.929221
7552.016602 0.000000 2715.862061 0.000000 0.888064 0.000000 -0.459720 1.018774 1.018774 1.018774
7551.145508 0.000000 2714.681396 0.000000 0.827423 0.000000 0.561579 0.716466 0.716466 0.716466
7552.298340 0.000000 2718.184326 0.000000 0.466176 0.000000 0.884692 0.578667 0.578667 0.578667
7553.080078 0.000000 2719.386475 0.000000 0.407954 0.000000 0.913003 0.560441 0.560441 0.560441
7229.576172 0.000000 2908.056641 0.000000 0.858310 0.000000 0.513131 0.732641 0.732641 0.732641
7230.674805 0.000000 2905.492920 0.000000 0.725731 0.000000 -0.687979 1.097877 1.097877 1.097877
7231.592773 0.000000 2890.098877 0.000000 0.458716 0.000000 0.888583 0.576299 0.576299 0.576299
7232.385254 0.000000 2908.964600 0.000000 0.265518 0.000000 -0.964106 1.250824 1.250824 1.250824
7296.542969 0.000000 3002.007568 0.000000 0.823393 0.000000 0.567472 0.714456 0.714456 0.714456
7297.111328 0.000000 3007.316162 0.000000 0.975046 0.000000 -0.222005 0.947330 0.947330 0.947330
7679.149414 0.000000 2589.574707 0.000000 0.994508 0.000000 0.104659 0.854800 0.854800 0.854800
7683.777832 0.000000 2590.183350 0.000000 0.763164 0.000000 0.646205 0.686541 0.686541 0.686541
7682.375000 0.000000 2591.735596 0.000000 0.057373 0.000000 -0.998353 1.310312 1.310312 1.310312
7696.333008 0.000000 2594.159424 0.000000 0.562008 0.000000 -0.827132 1.158477 1.158477 1.158477
7819.478027 0.000000 2559.453613 0.000000 0.413780 0.000000 -0.910377 1.206388 1.206388 1.206388
7841.044922 0.000000 2559.425537 0.000000 0.683024 0.000000 -0.730396 1.114823 1.114823 1.114823
7840.056152 0.000000 2559.658447 0.000000 0.825413 0.000000 -0.564530 1.053167 1.053167 1.053167
6438.948730 0.000000 3575.545898 0.000000 0.993438 0.000000 -0.114369 0.916578 0.916578 0.916578
6813.756836 0.000000 3108.786377 0.000000 0.963627 0.000000 -0.267250 0.960466 0.960466 0.960466
6745.989746 0.000000 3255.736572 0.000000 0.727385 0.000000 0.686230 0.671428 0.671428 0.671428
6755.891113 0.000000 3262.019287 0.000000 0.904856 0.000000 0.425718 0.760529 0.760529 0.760529
7067.289551 0.000000 3152.482666 0.000000 0.880464 0.000000 -0.474113 1.023355 1.023355 1.023355
7067.472168 0.000000 3143.147949 0.000000 0.827629 0.000000 0.561275 0.716569 0.716569 0.716569
7055.277832 0.000000 3161.680420 0.000000 0.857715 0.000000 -0.514126 1.036313 1.036313 1.036313
7066.727051 0.000000 3153.898682 0.000000 0.856585 0.000000 0.516006 0.731697 0.731697 0.731697
6334.407715 0.000000 3645.142090 0.000000 0.109944 0.000000 0.993938 0.473167 0.473167 0.473167
6333.880371 0.000000 3633.976318 0.000000 0.730179 0.000000 0.683256 0.672577 0.672577 0.672577
6333.821289 0.000000 3632.944092 0.000000 0.787741 0.000000 0.616007 0.697502 0.697502 0.697502
6347.190430 0.000000 3643.046631 0.000000 0.994707 0.000000 -0.102756 0.913289 0.913289 0.913289
6335.313477 0.000000 3645.316895 0.000000 0.040408 0.000000 0.999183 0.453534 0.453534 0.453534
6345.062500 0.000000 3641.672607 0.000000 0.946264 0.000000 -0.323396 0.977012 0.977012 0.977012
6443.808105 0.000000 3589.304443 0.000000 0.615578 0.000000 -0.788076 1.139812 1.139812 1.139812
6442.302246 0.000000 3585.139404 0.000000 0.060606 0.000000 -0.998162 1.309401 1.309401 1.309401
6455.877441 0.000000 3584.327637 0.000000 0.223614 0.000000 0.974678 0.505638 0.505638 0.505638
6443.029297 0.000000 3584.166260 0.000000 0.647158 0.000000 -0.762356 1.128347 1.128347 1.128347
6444.516113 0.000000 3591.761963 0.000000 0.984564 0.000000 0.175026 0.834791 0.834791 0.834791
6481.655273 0.000000 3595.381836 0.000000 0.360736 0.000000 0.932668 0.546041 0.546041 0.546041
6489.435547 0.000000 3601.558105 0.000000 0.657987 0.000000 -0.753030 1.124324 1.124324 1.124324
6480.275391 0.000000 3606.324951 0.000000 0.766558 0.000000 -0.642176 1.080603 1.080603 1.080603
6481.199219 0.000000 3607.648682 0.000000 0.984371 0.000000 0.176107 0.834482 0.834482 0.834482
6481.619629 0.000000 3594.389404 0.000000 0.174694 0.000000 -0.984623 1.277043 1.277043 1.277043
6489.185547 0.000000 3600.611816 0.000000 0.557606 0.000000 -0.830105 1.159972 1.159972 1.159972
6488.171875 0.000000 3601.808594 0.000000 0.563274 0.000000 -0.826270 1.158046 1.158046 1.158046
6481.284668 0.000000 3612.544189 0.000000 0.051793 0.000000 0.998658 0.456742 0.456742 0.456742
6467.600098 0.000000 3708.813965 0.000000 0.270523 0.000000 -0.962714 1.249362 1.249362 1.249362
6466.441895 0.000000 3708.547607 0.000000 0.882066 0.000000 0.471126 0.746226 0.746226 0.746226
6467.926270 0.000000 3709.909912 0.000000 0.998931 0.000000 -0.046227 0.897331 0.897331 0.897331
6466.542969 0.000000 3709.546631 0.000000 0.931492 0.000000 0.363763 0.779515 0.779515 0.779515
7242.429199 0.000000 3302.710693 0.000000 0.884699 0.000000 -0.466162 1.020820 1.020820 1.020820
7241.314941 0.000000 3307.516357 0.000000 0.999100 0.000000 -0.042408 0.896255 0.896255 0.896255
7238.357422 0.000000 3309.560303 0.000000 0.602644 0.000000 -0.798010 1.144403 1.144403 1.144403
7195.273926 0.000000 3376.427979 0.000000 0.858069 0.000000 0.513535 0.732509 0.732509 0.732509
7194.711426 0.000000 3377.843994 0.000000 0.561224 0.000000 -0.827664 1.158744 1.158744 1.158744
7194.034668 0.000000 3376.275879 0.000000 0.987390 0.000000 -0.158305 0.929063 0.929063 0.929063
7201.675293 0.000000 3380.886963 0.000000 0.515170 0.000000 -0.857088 1.174129 1.174129 1.174129
7200.920898 0.000000 3381.979736 0.000000 0.153737 0.000000 -0.988112 1.283024 1.283024 1.283024
"}
