object={
	name="tree_savanna_generator_1_0"
	clamp_to_water_level=no
	render_under_water=no
	generated_content=yes
	layer="tree_layer"
	pdxmesh="tree_acacia_01_mesh"
	count=896
	transform="1180.008057 0.000000 2864.552979 0.000000 0.978693 0.000000 0.205328 0.681569 0.681569 0.681569
1167.762695 0.000000 2857.949219 0.000000 0.041729 0.000000 -0.999129 0.836280 0.836280 0.836280
1172.363892 0.000000 2861.963379 0.000000 0.999928 0.000000 -0.012038 0.701073 0.701073 0.701073
1179.335571 0.000000 2851.111816 0.000000 0.315774 0.000000 -0.948834 0.811366 0.811366 0.811366
1180.078247 0.000000 2861.369385 0.000000 0.865242 0.000000 -0.501354 0.746806 0.746806 0.746806
1171.955322 0.000000 2854.698975 0.000000 0.141416 0.000000 -0.989950 0.827354 0.827354 0.827354
1184.205566 0.000000 2860.788574 0.000000 0.786390 0.000000 0.617730 0.640655 0.640655 0.640655
1181.137939 0.000000 2880.527832 0.000000 0.755660 0.000000 0.654965 0.636351 0.636351 0.636351
1183.804932 0.000000 2884.362061 0.000000 0.262053 0.000000 -0.965053 0.816368 0.816368 0.816368
1184.087036 0.000000 2887.396240 0.000000 0.878955 0.000000 0.476905 0.655692 0.655692 0.655692
1679.700195 0.000000 2665.996094 0.000000 0.978545 0.000000 0.206034 0.681504 0.681504 0.681504
1683.468262 0.000000 2664.792236 0.000000 0.462364 0.000000 -0.886690 0.797160 0.797160 0.797160
1680.964966 0.000000 2663.549805 0.000000 0.009199 0.000000 0.999958 0.560820 0.560820 0.560820
1707.418579 0.000000 2670.720947 0.000000 0.997560 0.000000 -0.069813 0.706227 0.706227 0.706227
1711.417603 0.000000 2687.197754 0.000000 0.253822 0.000000 -0.967251 0.817127 0.817127 0.817127
1739.939575 0.000000 2674.540039 0.000000 0.998975 0.000000 0.045272 0.695964 0.695964 0.695964
1551.437134 0.000000 2719.189941 0.000000 0.059124 0.000000 0.998251 0.565273 0.565273 0.565273
1550.991943 0.000000 2717.350342 0.000000 0.148130 0.000000 -0.988968 0.826749 0.826749 0.826749
1553.737915 0.000000 2719.501953 0.000000 0.822463 0.000000 0.568819 0.646072 0.646072 0.646072
1672.223145 0.000000 2705.031006 0.000000 0.339997 0.000000 0.940427 0.590919 0.590919 0.590919
1674.436401 0.000000 2704.773438 0.000000 0.676377 0.000000 0.736556 0.626206 0.626206 0.626206
1676.491211 0.000000 2712.641357 0.000000 0.699575 0.000000 -0.714559 0.770944 0.770944 0.770944
1706.040405 0.000000 2690.734131 0.000000 0.984194 0.000000 -0.177093 0.715867 0.715867 0.715867
1684.301392 0.000000 2733.994629 0.000000 0.558971 0.000000 -0.829187 0.787135 0.787135 0.787135
1734.880737 0.000000 2695.460449 0.000000 0.731210 0.000000 -0.682152 0.766908 0.766908 0.766908
1709.827637 0.000000 2779.762695 0.000000 0.522697 0.000000 -0.852518 0.790979 0.790979 0.790979
1725.071533 0.000000 2784.551270 0.000000 0.632338 0.000000 0.774693 0.621013 0.621013 0.621013
1738.272217 0.000000 2780.851318 0.000000 0.946036 0.000000 0.324062 0.670586 0.670586 0.670586
1741.626831 0.000000 2775.117188 0.000000 0.999942 0.000000 -0.010749 0.700958 0.700958 0.700958
1739.939575 0.000000 2802.508789 0.000000 0.028186 0.000000 -0.999603 0.837488 0.837488 0.837488
1741.191284 0.000000 2804.674561 0.000000 0.657585 0.000000 -0.753380 0.776042 0.776042 0.776042
1739.050537 0.000000 2804.343750 0.000000 0.999957 0.000000 -0.009311 0.700830 0.700830 0.700830
1821.638184 0.000000 2698.994385 0.000000 0.312232 0.000000 -0.950006 0.811699 0.811699 0.811699
1821.695190 0.000000 2708.961426 0.000000 0.630297 0.000000 0.776354 0.620779 0.620779 0.620779
1822.281372 0.000000 2712.790527 0.000000 0.965019 0.000000 0.262180 0.676356 0.676356 0.676356
1822.430664 0.000000 2706.202881 0.000000 0.737272 0.000000 -0.675596 0.766112 0.766112 0.766112
1817.581421 0.000000 2703.866455 0.000000 0.114029 0.000000 0.993477 0.570185 0.570185 0.570185
1816.558105 0.000000 2709.187012 0.000000 0.122987 0.000000 0.992408 0.570989 0.570989 0.570989
1819.367188 0.000000 2706.008057 0.000000 0.769917 0.000000 -0.638144 0.761683 0.761683 0.761683
1854.954468 0.000000 2717.368652 0.000000 0.983970 0.000000 -0.178337 0.715980 0.715980 0.715980
1828.265625 0.000000 2705.610596 0.000000 0.468324 0.000000 -0.883557 0.796560 0.796560 0.796560
1827.194336 0.000000 2713.589844 0.000000 0.423708 0.000000 -0.905799 0.801004 0.801004 0.801004
1820.000122 0.000000 2733.400635 0.000000 0.357072 0.000000 -0.934077 0.807457 0.807457 0.807457
1816.823364 0.000000 2726.454590 0.000000 0.936614 0.000000 -0.350362 0.731904 0.731904 0.731904
1820.840454 0.000000 2728.937500 0.000000 0.465985 0.000000 -0.884793 0.796796 0.796796 0.796796
1823.048950 0.000000 2726.133301 0.000000 0.545115 0.000000 0.838362 0.611384 0.611384 0.611384
1817.386841 0.000000 2744.751709 0.000000 0.411408 0.000000 -0.911451 0.802210 0.802210 0.802210
1820.249023 0.000000 2724.437988 0.000000 0.927952 0.000000 0.372701 0.665961 0.665961 0.665961
1821.647339 0.000000 2727.257324 0.000000 0.997317 0.000000 -0.073210 0.706531 0.706531 0.706531
1847.272461 0.000000 2729.039062 0.000000 0.999936 0.000000 -0.011282 0.701006 0.701006 0.701006
1832.150635 0.000000 2723.582520 0.000000 0.954659 0.000000 -0.297703 0.726942 0.726942 0.726942
1825.911133 0.000000 2735.488037 0.000000 0.308889 0.000000 -0.951098 0.812012 0.812012 0.812012
1830.142944 0.000000 2730.726318 0.000000 0.206154 0.000000 -0.978519 0.821493 0.821493 0.821493
1826.484253 0.000000 2727.692627 0.000000 0.539809 0.000000 0.841787 0.610821 0.610821 0.610821
1828.768921 0.000000 2728.160400 0.000000 0.280926 0.000000 0.959729 0.585380 0.585380 0.585380
1828.603638 0.000000 2731.969482 0.000000 0.336595 0.000000 0.941650 0.590597 0.590597 0.590597
1854.770386 0.000000 2719.577148 0.000000 0.005702 0.000000 0.999984 0.560508 0.560508 0.560508
1831.998535 0.000000 2725.750977 0.000000 0.976817 0.000000 0.214076 0.680771 0.680771 0.680771
1827.021973 0.000000 2723.543945 0.000000 0.344554 0.000000 0.938767 0.591352 0.591352 0.591352
1825.834961 0.000000 2731.128418 0.000000 0.892228 0.000000 -0.451585 0.741760 0.741760 0.741760
1864.865601 0.000000 2708.875488 0.000000 0.559946 0.000000 -0.828529 0.787030 0.787030 0.787030
1856.593994 0.000000 2719.258057 0.000000 0.343181 0.000000 0.939269 0.591221 0.591221 0.591221
1862.323486 0.000000 2707.719727 0.000000 0.199624 0.000000 -0.979872 0.822088 0.822088 0.822088
1858.042236 0.000000 2717.608154 0.000000 0.991213 0.000000 -0.132275 0.711824 0.711824 0.711824
1862.051147 0.000000 2705.904785 0.000000 0.064257 0.000000 0.997933 0.565731 0.565731 0.565731
1874.802368 0.000000 2725.001953 0.000000 0.949052 0.000000 0.315118 0.671428 0.671428 0.671428
1873.043579 0.000000 2722.128174 0.000000 0.393081 0.000000 0.919504 0.596005 0.596005 0.596005
1904.235596 0.000000 2738.232178 0.000000 0.068289 0.000000 0.997666 0.566091 0.566091 0.566091
1892.257812 0.000000 2737.602783 0.000000 0.123931 0.000000 0.992291 0.571074 0.571074 0.571074
1915.314697 0.000000 2742.535156 0.000000 0.699764 0.000000 -0.714374 0.770921 0.770921 0.770921
1895.991089 0.000000 2734.224121 0.000000 0.736332 0.000000 -0.676620 0.766236 0.766236 0.766236
1907.156494 0.000000 2744.612793 0.000000 0.919180 0.000000 -0.393839 0.736079 0.736079 0.736079
1891.992920 0.000000 2733.276611 0.000000 0.752315 0.000000 0.658803 0.635898 0.635898 0.635898
1901.684082 0.000000 2749.184082 0.000000 0.972544 0.000000 -0.232719 0.720933 0.720933 0.720933
1879.268555 0.000000 2761.031250 0.000000 0.971315 0.000000 -0.237796 0.721399 0.721399 0.721399
1881.809937 0.000000 2756.093018 0.000000 0.803961 0.000000 -0.594682 0.756762 0.756762 0.756762
1917.128662 0.000000 2757.755859 0.000000 0.011470 0.000000 0.999934 0.561022 0.561022 0.561022
1918.443237 0.000000 2766.947266 0.000000 0.881186 0.000000 0.472769 0.656111 0.656111 0.656111
1918.973999 0.000000 2755.235352 0.000000 0.734224 0.000000 -0.678907 0.766513 0.766513 0.766513
1920.956055 0.000000 2756.840576 0.000000 0.834229 0.000000 -0.551419 0.752056 0.752056 0.752056
1933.768066 0.000000 2760.566650 0.000000 0.654017 0.000000 -0.756480 0.776463 0.776463 0.776463
1924.757202 0.000000 2760.152588 0.000000 0.977752 0.000000 0.209764 0.681165 0.681165 0.681165
1933.914795 0.000000 2762.306152 0.000000 0.517302 0.000000 -0.855803 0.791542 0.791542 0.791542
1936.829590 0.000000 2774.528076 0.000000 0.540068 0.000000 0.841621 0.610848 0.610848 0.610848
1933.518311 0.000000 2764.525391 0.000000 0.994528 0.000000 0.104466 0.690672 0.690672 0.690672
1929.962891 0.000000 2763.649170 0.000000 0.691592 0.000000 -0.722289 0.771935 0.771935 0.771935
1932.027832 0.000000 2787.101074 0.000000 0.544404 0.000000 0.838823 0.611308 0.611308 0.611308
1929.963745 0.000000 2789.834961 0.000000 0.947817 0.000000 0.318814 0.671080 0.671080 0.671080
1928.613159 0.000000 2784.940674 0.000000 0.972416 0.000000 -0.233253 0.720982 0.720982 0.720982
1736.636597 0.000000 2816.932861 0.000000 0.698430 0.000000 -0.715678 0.771087 0.771087 0.771087
1740.479614 0.000000 2817.075684 0.000000 0.255527 0.000000 -0.966802 0.816970 0.816970 0.816970
1758.289185 0.000000 2872.751465 0.000000 0.957284 0.000000 -0.289149 0.726144 0.726144 0.726144
1768.877319 0.000000 2868.836426 0.000000 0.523286 0.000000 -0.852157 0.790918 0.790918 0.790918
1763.909058 0.000000 2869.396240 0.000000 0.459770 0.000000 -0.888038 0.797421 0.797421 0.797421
1772.366211 0.000000 2878.299561 0.000000 0.636530 0.000000 0.771252 0.621497 0.621497 0.621497
1768.991089 0.000000 2871.470703 0.000000 0.411277 0.000000 -0.911510 0.802223 0.802223 0.802223
1758.438477 0.000000 2898.156006 0.000000 0.992433 0.000000 -0.122783 0.710971 0.710971 0.710971
1777.465088 0.000000 2906.406982 0.000000 0.834397 0.000000 -0.551164 0.752029 0.752029 0.752029
1789.642090 0.000000 2890.947510 0.000000 0.732449 0.000000 -0.680822 0.766746 0.766746 0.766746
1771.288818 0.000000 2888.424316 0.000000 0.559482 0.000000 -0.828842 0.787080 0.787080 0.787080
1768.158447 0.000000 2883.543457 0.000000 0.915563 0.000000 -0.402175 0.736889 0.736889 0.736889
1776.233032 0.000000 2893.748047 0.000000 0.821400 0.000000 0.570353 0.645906 0.645906 0.645906
1774.022461 0.000000 2896.077637 0.000000 0.916931 0.000000 -0.399045 0.736584 0.736584 0.736584
1768.632690 0.000000 2880.917236 0.000000 0.904295 0.000000 0.426909 0.660689 0.660689 0.660689
1770.032593 0.000000 2882.687256 0.000000 0.988957 0.000000 0.148206 0.686742 0.686742 0.686742
1770.872192 0.000000 2881.311279 0.000000 0.593958 0.000000 0.804496 0.616682 0.616682 0.616682
1781.052734 0.000000 2911.434082 0.000000 0.995237 0.000000 0.097486 0.691298 0.691298 0.691298
1781.123291 0.000000 2923.096924 0.000000 0.584426 0.000000 0.811447 0.615631 0.615631 0.615631
1779.881104 0.000000 2918.683350 0.000000 0.145921 0.000000 -0.989296 0.826948 0.826948 0.826948
1778.263306 0.000000 2914.988281 0.000000 0.982550 0.000000 -0.185999 0.716675 0.716675 0.716675
1777.710571 0.000000 2911.455078 0.000000 0.231940 0.000000 0.972730 0.580862 0.580862 0.580862
1819.120850 0.000000 2841.333008 0.000000 0.849130 0.000000 0.528183 0.650405 0.650405 0.650405
1819.929932 0.000000 2832.560791 0.000000 0.253559 0.000000 -0.967320 0.817152 0.817152 0.817152
1821.695190 0.000000 2836.930176 0.000000 0.253872 0.000000 -0.967238 0.817123 0.817123 0.817123
1813.645020 0.000000 2841.028564 0.000000 0.892365 0.000000 -0.451314 0.741732 0.741732 0.741732
1818.154541 0.000000 2835.687256 0.000000 0.033447 0.000000 -0.999440 0.837018 0.837018 0.837018
1819.326416 0.000000 2838.511719 0.000000 0.976602 0.000000 0.215053 0.680682 0.680682 0.680682
1817.458618 0.000000 2843.941406 0.000000 0.490689 0.000000 0.871335 0.605711 0.605711 0.605711
1820.896240 0.000000 2844.771484 0.000000 0.461125 0.000000 -0.887335 0.797285 0.797285 0.797285
1842.221313 0.000000 2827.569336 0.000000 0.946739 0.000000 0.322001 0.670780 0.670780 0.670780
1846.729736 0.000000 2830.293701 0.000000 0.411219 0.000000 -0.911537 0.802229 0.802229 0.802229
1826.046143 0.000000 2845.576904 0.000000 0.957739 0.000000 -0.287639 0.726004 0.726004 0.726004
1853.044189 0.000000 2839.322998 0.000000 0.675904 0.000000 0.736990 0.626149 0.626149 0.626149
1832.384521 0.000000 2844.498291 0.000000 0.292778 0.000000 0.956181 0.586482 0.586482 0.586482
1824.230347 0.000000 2838.787598 0.000000 0.119625 0.000000 0.992819 0.570687 0.570687 0.570687
1849.722534 0.000000 2838.243652 0.000000 0.586196 0.000000 0.810169 0.615825 0.615825 0.615825
1834.406372 0.000000 2842.641113 0.000000 0.124221 0.000000 0.992255 0.571100 0.571100 0.571100
1838.699219 0.000000 2840.032959 0.000000 0.615255 0.000000 -0.788328 0.780935 0.780935 0.780935
1843.931274 0.000000 2837.764404 0.000000 0.970225 0.000000 -0.242205 0.721804 0.721804 0.721804
1838.701172 0.000000 2842.644775 0.000000 0.989052 0.000000 0.147567 0.686800 0.686800 0.686800
1825.787231 0.000000 2844.144531 0.000000 0.000997 0.000000 1.000000 0.560089 0.560089 0.560089
1792.006226 0.000000 2872.405029 0.000000 0.992581 0.000000 -0.121585 0.710863 0.710863 0.710863
1792.131348 0.000000 2860.788574 0.000000 0.262361 0.000000 -0.964970 0.816340 0.816340 0.816340
1818.154541 0.000000 2867.679443 0.000000 0.988373 0.000000 0.152051 0.686395 0.686395 0.686395
1819.257446 0.000000 2851.111816 0.000000 0.834711 0.000000 -0.550689 0.751978 0.751978 0.751978
1820.000122 0.000000 2861.369385 0.000000 0.865307 0.000000 -0.501243 0.746795 0.746795 0.746795
1815.230347 0.000000 2849.071289 0.000000 0.634222 0.000000 0.773151 0.621230 0.621230 0.621230
1820.840454 0.000000 2856.906250 0.000000 0.768139 0.000000 -0.640284 0.761931 0.761931 0.761931
1823.046631 0.000000 2874.770020 0.000000 0.988520 0.000000 0.151087 0.686482 0.686482 0.686482
1821.626465 0.000000 2864.392090 0.000000 0.654226 0.000000 -0.756299 0.776438 0.776438 0.776438
1821.437622 0.000000 2849.936035 0.000000 0.736636 0.000000 -0.676290 0.766196 0.766196 0.766196
1822.985718 0.000000 2851.211914 0.000000 0.891645 0.000000 -0.452736 0.741875 0.741875 0.741875
1851.116943 0.000000 2873.325195 0.000000 0.752104 0.000000 0.659045 0.635869 0.635869 0.635869
1839.680664 0.000000 2857.949219 0.000000 0.808660 0.000000 -0.588276 0.756054 0.756054 0.756054
1832.869507 0.000000 2868.836426 0.000000 0.918795 0.000000 -0.394734 0.736166 0.736166 0.736166
1853.055908 0.000000 2848.535645 0.000000 0.732511 0.000000 -0.680755 0.766738 0.766738 0.766738
1827.901245 0.000000 2869.396240 0.000000 0.097847 0.000000 -0.995201 0.831265 0.831265 0.831265
1830.971924 0.000000 2873.157715 0.000000 0.893416 0.000000 -0.449230 0.741524 0.741524 0.741524
1834.825562 0.000000 2847.406006 0.000000 0.237136 0.000000 0.971476 0.581338 0.581338 0.581338
1838.583130 0.000000 2854.116943 0.000000 0.342809 0.000000 0.939405 0.591186 0.591186 0.591186
1828.752441 0.000000 2850.424561 0.000000 0.144764 0.000000 -0.989466 0.827052 0.827052 0.827052
1842.221313 0.000000 2859.561523 0.000000 0.064097 0.000000 0.997944 0.565717 0.565717 0.565717
1840.945435 0.000000 2855.502930 0.000000 0.890979 0.000000 -0.454044 0.742005 0.742005 0.742005
1835.089722 0.000000 2870.311523 0.000000 0.711588 0.000000 0.702597 0.630567 0.630567 0.630567
1832.839233 0.000000 2856.926514 0.000000 0.012034 0.000000 0.999928 0.561073 0.561073 0.561073
1843.164307 0.000000 2872.581543 0.000000 0.648309 0.000000 -0.761378 0.777133 0.777133 0.777133
1838.239868 0.000000 2873.326172 0.000000 0.487659 0.000000 0.873034 0.605402 0.605402 0.605402
1845.684204 0.000000 2878.584473 0.000000 0.495857 0.000000 0.868404 0.606241 0.606241 0.606241
1831.998535 0.000000 2853.719727 0.000000 0.998937 0.000000 0.046088 0.695891 0.695891 0.695891
1823.804810 0.000000 2849.675781 0.000000 0.946663 0.000000 0.322225 0.670759 0.670759 0.670759
1825.210571 0.000000 2874.038818 0.000000 0.036808 0.000000 -0.999322 0.836719 0.836719 0.836719
1842.017090 0.000000 2865.691162 0.000000 0.755490 0.000000 0.655160 0.636328 0.636328 0.636328
1831.901245 0.000000 2866.831299 0.000000 0.785489 0.000000 0.618876 0.640525 0.640525 0.640525
1827.176025 0.000000 2849.392578 0.000000 0.492649 0.000000 0.870228 0.605912 0.605912 0.605912
1837.931274 0.000000 2878.437744 0.000000 0.150132 0.000000 -0.988666 0.826568 0.826568 0.826568
1841.135620 0.000000 2873.079834 0.000000 0.884123 0.000000 0.467254 0.656668 0.656668 0.656668
1825.053955 0.000000 2867.413574 0.000000 0.152992 0.000000 -0.988227 0.826311 0.826311 0.826311
1825.592896 0.000000 2851.561279 0.000000 0.749574 0.000000 0.661920 0.635528 0.635528 0.635528
1824.114502 0.000000 2853.957764 0.000000 0.184170 0.000000 0.982894 0.576509 0.576509 0.576509
1866.256592 0.000000 2844.835693 0.000000 0.733123 0.000000 -0.680096 0.766657 0.766657 0.766657
1863.442139 0.000000 2845.988770 0.000000 0.306233 0.000000 -0.951957 0.812261 0.812261 0.812261
1861.562012 0.000000 2846.604492 0.000000 0.692411 0.000000 -0.721503 0.771833 0.771833 0.771833
1857.710571 0.000000 2840.646240 0.000000 0.865213 0.000000 -0.501405 0.746811 0.746811 0.746811
1859.236816 0.000000 2840.153564 0.000000 0.983417 0.000000 -0.181360 0.716254 0.716254 0.716254
1888.590088 0.000000 2847.226807 0.000000 0.917971 0.000000 -0.396648 0.736351 0.736351 0.736351
1861.188843 0.000000 2861.927002 0.000000 0.907362 0.000000 0.420350 0.661334 0.661334 0.661334
1868.035645 0.000000 2851.085449 0.000000 0.695843 0.000000 -0.718193 0.771409 0.771409 0.771409
1885.052002 0.000000 2848.535645 0.000000 0.957844 0.000000 -0.287288 0.725971 0.725971 0.725971
1860.162109 0.000000 2877.017090 0.000000 0.719035 0.000000 0.694974 0.631516 0.631516 0.631516
1886.950562 0.000000 2877.329590 0.000000 0.308309 0.000000 -0.951286 0.812066 0.812066 0.812066
1867.923950 0.000000 2866.493164 0.000000 0.389387 0.000000 0.921074 0.595648 0.595648 0.595648
1875.489868 0.000000 2877.865723 0.000000 0.891813 0.000000 -0.452405 0.741841 0.741841 0.741841
1883.318604 0.000000 2870.503906 0.000000 0.436538 0.000000 0.899686 0.600263 0.600263 0.600263
1858.437988 0.000000 2867.314941 0.000000 0.838158 0.000000 -0.545428 0.751417 0.751417 0.751417
1858.159302 0.000000 2871.188232 0.000000 0.826669 0.000000 0.562689 0.646735 0.646735 0.646735
1887.149902 0.000000 2849.854248 0.000000 0.176144 0.000000 0.984364 0.575781 0.575781 0.575781
1867.737183 0.000000 2875.234131 0.000000 0.671891 0.000000 0.740650 0.625665 0.625665 0.625665
1866.665527 0.000000 2860.658936 0.000000 0.691080 0.000000 -0.722778 0.771998 0.771998 0.771998
1860.673218 0.000000 2848.651123 0.000000 0.835053 0.000000 -0.550169 0.751922 0.751922 0.751922
1865.614990 0.000000 2863.014160 0.000000 0.927737 0.000000 0.373234 0.665910 0.665910 0.665910
1887.054321 0.000000 2867.822998 0.000000 0.584687 0.000000 0.811259 0.615659 0.615659 0.615659
1871.910156 0.000000 2873.750732 0.000000 0.694220 0.000000 -0.719762 0.771610 0.771610 0.771610
1883.901733 0.000000 2849.679932 0.000000 0.926687 0.000000 0.375834 0.665660 0.665660 0.665660
1863.148682 0.000000 2869.008545 0.000000 0.948417 0.000000 0.317025 0.671248 0.671248 0.671248
1867.197266 0.000000 2871.803711 0.000000 0.930113 0.000000 0.367274 0.666481 0.666481 0.666481
1864.130737 0.000000 2870.176514 0.000000 0.853158 0.000000 0.521652 0.651088 0.651088 0.651088
1886.357788 0.000000 2852.848877 0.000000 0.992061 0.000000 -0.125759 0.711238 0.711238 0.711238
1896.861694 0.000000 2868.836426 0.000000 0.917672 0.000000 -0.397339 0.736418 0.736418 0.736418
1892.257812 0.000000 2865.571533 0.000000 0.395253 0.000000 0.918572 0.596216 0.596216 0.596216
1894.135132 0.000000 2858.695068 0.000000 0.977175 0.000000 0.212438 0.680921 0.680921 0.680921
1892.567871 0.000000 2871.605713 0.000000 0.228714 0.000000 0.973494 0.580567 0.580567 0.580567
1894.041260 0.000000 2864.026611 0.000000 0.628099 0.000000 0.778134 0.620527 0.620527 0.620527
1898.409058 0.000000 2864.734375 0.000000 0.709652 0.000000 0.704552 0.630321 0.630321 0.630321
1893.101807 0.000000 2874.088379 0.000000 0.694964 0.000000 -0.719045 0.771518 0.771518 0.771518
1887.796997 0.000000 2849.675781 0.000000 0.992380 0.000000 -0.123216 0.711010 0.711010 0.711010
1889.419556 0.000000 2854.385986 0.000000 0.698926 0.000000 -0.715194 0.771025 0.771025 0.771025
1891.303223 0.000000 2859.442627 0.000000 0.997360 0.000000 -0.072623 0.706478 0.706478 0.706478
1795.093506 0.000000 2879.665283 0.000000 0.147101 0.000000 -0.989121 0.826842 0.826842 0.826842
1794.734009 0.000000 2892.677246 0.000000 0.938106 0.000000 -0.346348 0.731522 0.731522 0.731522
1834.260498 0.000000 2908.820068 0.000000 0.467944 0.000000 -0.883758 0.796599 0.796599 0.796599
1847.272461 0.000000 2889.000000 0.000000 0.692205 0.000000 -0.721701 0.771859 0.771859 0.771859
1841.457275 0.000000 2906.406982 0.000000 0.991527 0.000000 -0.129901 0.711610 0.711610 0.711610
1832.717407 0.000000 2891.601562 0.000000 0.999909 0.000000 -0.013491 0.701202 0.701202 0.701202
1843.448730 0.000000 2888.737549 0.000000 0.979133 0.000000 0.203221 0.681761 0.681761 0.681761
1850.776123 0.000000 2888.323242 0.000000 0.906063 0.000000 0.423143 0.661059 0.661059 0.661059
1842.956177 0.000000 2881.099609 0.000000 0.997280 0.000000 -0.073708 0.706575 0.706575 0.706575
1835.089722 0.000000 2902.303711 0.000000 0.633576 0.000000 0.773680 0.621156 0.621156 0.621156
1826.441895 0.000000 2899.307129 0.000000 0.649795 0.000000 -0.760110 0.776959 0.776959 0.776959
1837.179565 0.000000 2900.651123 0.000000 0.252947 0.000000 -0.967480 0.817208 0.817208 0.817208
1845.684204 0.000000 2910.576660 0.000000 0.851430 0.000000 0.524468 0.650794 0.650794 0.650794
1844.294556 0.000000 2900.421875 0.000000 0.775351 0.000000 -0.631531 0.760920 0.760920 0.760920
1852.836548 0.000000 2888.898438 0.000000 0.541357 0.000000 0.840793 0.610985 0.610985 0.610985
1830.783447 0.000000 2892.607666 0.000000 0.257610 0.000000 -0.966249 0.816778 0.816778 0.816778
1855.011475 0.000000 2892.959229 0.000000 0.774738 0.000000 -0.632282 0.761007 0.761007 0.761007
1855.045044 0.000000 2886.094238 0.000000 0.791829 0.000000 0.610743 0.641444 0.641444 0.641444
1830.055054 0.000000 2897.857910 0.000000 0.966398 0.000000 0.257051 0.676830 0.676830 0.676830
1836.337891 0.000000 2889.775391 0.000000 0.419788 0.000000 -0.907622 0.801389 0.801389 0.801389
1835.089233 0.000000 2886.812256 0.000000 0.773502 0.000000 -0.633794 0.761181 0.761181 0.761181
1856.005005 0.000000 2887.396240 0.000000 0.613883 0.000000 -0.789397 0.781090 0.781090 0.781090
1879.602905 0.000000 2908.984131 0.000000 0.422536 0.000000 -0.906346 0.801119 0.801119 0.801119
1886.950562 0.000000 2909.321777 0.000000 0.992810 0.000000 -0.119704 0.710694 0.710694 0.710694
1864.146729 0.000000 2883.543457 0.000000 0.734316 0.000000 -0.678808 0.766501 0.766501 0.766501
1875.850708 0.000000 2898.044922 0.000000 0.001932 0.000000 0.999998 0.560172 0.560172 0.560172
1860.748535 0.000000 2882.416748 0.000000 0.696339 0.000000 -0.717713 0.771347 0.771347 0.771347
1862.139038 0.000000 2890.687256 0.000000 0.233940 0.000000 0.972251 0.581045 0.581045 0.581045
1885.087280 0.000000 2907.146240 0.000000 0.466021 0.000000 -0.884774 0.796792 0.796792 0.796792
1864.620972 0.000000 2880.917236 0.000000 0.937782 0.000000 -0.347226 0.731605 0.731605 0.731605
1879.222534 0.000000 2881.063477 0.000000 0.999950 0.000000 -0.010001 0.700891 0.700891 0.700891
1877.090454 0.000000 2902.500000 0.000000 0.308627 0.000000 -0.951183 0.812037 0.812037 0.812037
1864.835327 0.000000 2888.918701 0.000000 0.441085 0.000000 0.897465 0.600714 0.600714 0.600714
1869.775879 0.000000 2888.535400 0.000000 0.988576 0.000000 0.150725 0.686515 0.686515 0.686515
1873.610107 0.000000 2889.717529 0.000000 0.916863 0.000000 -0.399203 0.736600 0.736600 0.736600
1881.379028 0.000000 2904.712646 0.000000 0.891241 0.000000 -0.453530 0.741954 0.741954 0.741954
1876.471191 0.000000 2884.437500 0.000000 0.917441 0.000000 -0.397873 0.736470 0.736470 0.736470
1866.848022 0.000000 2884.342773 0.000000 0.362392 0.000000 -0.932026 0.806949 0.806949 0.806949
1877.465210 0.000000 2881.078613 0.000000 0.652774 0.000000 -0.757552 0.776609 0.776609 0.776609
1861.137695 0.000000 2886.436035 0.000000 0.851412 0.000000 0.524498 0.650791 0.650791 0.650791
1880.033569 0.000000 2895.256348 0.000000 0.981916 0.000000 -0.189318 0.716976 0.716976 0.716976
1888.119629 0.000000 2892.780762 0.000000 0.315287 0.000000 -0.948996 0.811412 0.811412 0.811412
1866.256592 0.000000 2940.812256 0.000000 0.510967 0.000000 -0.859600 0.792200 0.792200 0.792200
1878.648926 0.000000 2932.353760 0.000000 0.945919 0.000000 0.324404 0.670554 0.670554 0.670554
1875.160400 0.000000 2936.565918 0.000000 0.786920 0.000000 0.617055 0.640731 0.640731 0.640731
1874.365845 0.000000 2939.958008 0.000000 0.954459 0.000000 -0.298341 0.727001 0.727001 0.727001
1879.748779 0.000000 2936.640625 0.000000 0.999843 0.000000 -0.017718 0.701579 0.701579 0.701579
1824.715576 0.000000 2971.799561 0.000000 0.999355 0.000000 0.035922 0.696798 0.696798 0.696798
1821.059814 0.000000 2976.504395 0.000000 0.840654 0.000000 -0.541573 0.751008 0.751008 0.751008
1872.224731 0.000000 2944.759521 0.000000 0.492012 0.000000 0.870588 0.605847 0.605847 0.605847
1883.922119 0.000000 2992.521729 0.000000 0.693707 0.000000 -0.720257 0.771673 0.771673 0.771673
1879.372681 0.000000 2987.259033 0.000000 0.717695 0.000000 0.696357 0.631345 0.631345 0.631345
1900.660156 0.000000 2987.539062 0.000000 0.864461 0.000000 -0.502700 0.746945 0.746945 0.746945
1888.959961 0.000000 2980.785889 0.000000 0.997270 0.000000 -0.073838 0.706587 0.706587 0.706587
1845.044922 0.000000 3007.410645 0.000000 0.751220 0.000000 0.660052 0.635750 0.635750 0.635750
1842.806274 0.000000 3012.931641 0.000000 0.954483 0.000000 -0.298264 0.726994 0.726994 0.726994
1853.691284 0.000000 3028.883301 0.000000 0.894825 0.000000 -0.446418 0.741244 0.741244 0.741244
1847.226440 0.000000 3009.032227 0.000000 0.085630 0.000000 -0.996327 0.832359 0.832359 0.832359
1915.109131 0.000000 3033.286133 0.000000 0.631743 0.000000 0.775178 0.620945 0.620945 0.620945
1910.645020 0.000000 3028.330322 0.000000 0.149459 0.000000 -0.988768 0.826629 0.826629 0.826629
1888.119629 0.000000 3020.749512 0.000000 0.498004 0.000000 0.867175 0.606461 0.606461 0.606461
1892.257812 0.000000 3025.532471 0.000000 0.866197 0.000000 -0.499702 0.746636 0.746636 0.746636
1898.676025 0.000000 3033.164307 0.000000 0.280166 0.000000 0.959952 0.585309 0.585309 0.585309
1891.852295 0.000000 3023.359131 0.000000 0.966149 0.000000 0.257985 0.676744 0.676744 0.676744
1869.853760 0.000000 3044.134277 0.000000 0.709674 0.000000 0.704530 0.630324 0.630324 0.630324
1903.394165 0.000000 3071.104004 0.000000 0.522513 0.000000 -0.852631 0.790998 0.790998 0.790998
1932.346680 0.000000 3070.252686 0.000000 0.972012 0.000000 -0.234930 0.721136 0.721136 0.721136
1932.027832 0.000000 3075.030762 0.000000 0.773339 0.000000 -0.633993 0.761204 0.761204 0.761204
5979.359375 0.000000 1628.523438 0.000000 0.995151 0.000000 0.098359 0.888711 0.888711 0.888711
6020.256348 0.000000 1605.637207 0.000000 0.031665 0.000000 -0.999499 1.076371 1.076371 1.076371
6129.633789 0.000000 1619.917969 0.000000 0.230425 0.000000 0.973090 0.746644 0.746644 0.746644
6132.013672 0.000000 1623.600952 0.000000 0.491522 0.000000 0.870865 0.778881 0.778881 0.778881
5969.913574 0.000000 1824.501221 0.000000 0.998929 0.000000 0.046270 0.894696 0.894696 0.894696
7056.309082 0.000000 648.042053 0.000000 0.389361 0.000000 0.921085 0.765830 0.765830 0.765830
7049.179199 0.000000 664.895630 0.000000 0.563466 0.000000 -0.826140 1.011408 1.011408 1.011408
7053.208496 0.000000 651.911133 0.000000 0.957671 0.000000 -0.287863 0.933460 0.933460 0.933460
7312.789551 0.000000 379.024139 0.000000 0.494159 0.000000 0.869371 0.779229 0.779229 0.779229
7308.929688 0.000000 366.400116 0.000000 0.124514 0.000000 0.992218 0.734305 0.734305 0.734305
7308.251465 0.000000 367.675812 0.000000 0.181228 0.000000 0.983441 0.740883 0.740883 0.740883
7307.322266 0.000000 359.019562 0.000000 0.878604 0.000000 0.477551 0.842949 0.842949 0.842949
7313.201172 0.000000 379.839020 0.000000 0.997152 0.000000 -0.075420 0.908651 0.908651 0.908651
7311.000488 0.000000 386.711487 0.000000 0.946344 0.000000 0.323160 0.862292 0.862292 0.862292
7482.925293 0.000000 395.046875 0.000000 0.827176 0.000000 0.561943 0.831619 0.831619 0.831619
7485.339355 0.000000 390.852448 0.000000 0.609387 0.000000 -0.792873 1.004910 1.004910 1.004910
7482.615234 0.000000 391.271332 0.000000 0.717236 0.000000 0.696830 0.811653 0.811653 0.811653
7512.886230 0.000000 400.429047 0.000000 0.930481 0.000000 0.366340 0.857020 0.857020 0.857020
7491.784180 0.000000 404.240051 0.000000 0.904513 0.000000 0.426447 0.849515 0.849515 0.849515
7495.209961 0.000000 403.432800 0.000000 0.560342 0.000000 -0.828261 1.011841 1.011841 1.011841
7511.398926 0.000000 406.762756 0.000000 0.538396 0.000000 0.842692 0.785149 0.785149 0.785149
7500.434082 0.000000 401.056488 0.000000 0.068840 0.000000 0.997628 0.727895 0.727895 0.727895
7550.497070 0.000000 496.935425 0.000000 0.757933 0.000000 0.652333 0.818565 0.818565 0.818565
7555.680176 0.000000 489.541779 0.000000 0.880738 0.000000 0.473604 0.843463 0.843463 0.843463
7311.561035 0.000000 513.353333 0.000000 0.112674 0.000000 0.993632 0.732939 0.732939 0.732939
7388.129883 0.000000 570.031921 0.000000 0.999053 0.000000 0.043506 0.895013 0.895013 0.895013
7381.680176 0.000000 573.984680 0.000000 0.652366 0.000000 -0.757904 0.998560 0.998560 0.998560
7386.680176 0.000000 564.227356 0.000000 0.842169 0.000000 -0.539214 0.965260 0.965260 0.965260
7385.473145 0.000000 569.985779 0.000000 0.983680 0.000000 -0.179929 0.920731 0.920731 0.920731
7385.800293 0.000000 567.460022 0.000000 0.567749 0.000000 -0.823202 1.010813 1.010813 1.010813
7394.515137 0.000000 570.113281 0.000000 0.650146 0.000000 -0.759809 0.998895 0.998895 0.998895
7394.647949 0.000000 567.115295 0.000000 0.174973 0.000000 0.984573 0.740154 0.740154 0.740154
7393.355957 0.000000 570.101990 0.000000 0.711945 0.000000 0.702235 0.810787 0.810787 0.810787
7378.280762 0.000000 577.662231 0.000000 0.360403 0.000000 -0.932797 1.037750 1.037750 1.037750
7379.548340 0.000000 577.055359 0.000000 0.774257 0.000000 -0.632871 0.978525 0.978525 0.978525
7240.057617 0.000000 748.125000 0.000000 0.992132 0.000000 -0.125193 0.914384 0.914384 0.914384
7236.481934 0.000000 742.959473 0.000000 0.946419 0.000000 0.322941 0.862318 0.862318 0.862318
7237.465820 0.000000 739.968994 0.000000 0.756196 0.000000 0.654345 0.818260 0.818260 0.818260
7240.650879 0.000000 741.002075 0.000000 0.180418 0.000000 0.983590 0.740788 0.740788 0.740788
7635.147949 0.000000 594.607361 0.000000 0.516666 0.000000 -0.856187 1.017782 1.017782 1.017782
7639.584473 0.000000 602.684326 0.000000 0.657218 0.000000 -0.753700 0.997824 0.997824 0.997824
7644.435059 0.000000 606.904968 0.000000 0.499139 0.000000 0.866522 0.779886 0.779886 0.779886
7638.175781 0.000000 602.366150 0.000000 0.001932 0.000000 0.999998 0.720221 0.720221 0.720221
7645.491211 0.000000 596.704407 0.000000 0.931638 0.000000 0.363387 0.857383 0.857383 0.857383
7657.695801 0.000000 603.187988 0.000000 0.418905 0.000000 -0.908030 1.030469 1.030469 1.030469
7653.349609 0.000000 600.401917 0.000000 0.718139 0.000000 0.695899 0.811802 0.811802 0.811802
7650.530273 0.000000 600.700500 0.000000 0.387751 0.000000 0.921764 0.765629 0.765629 0.765629
7632.267578 0.000000 637.630432 0.000000 0.994383 0.000000 0.105843 0.887848 0.887848 0.887848
7628.985352 0.000000 637.699707 0.000000 0.965211 0.000000 0.261472 0.869685 0.869685 0.869685
7504.208984 0.000000 811.269836 0.000000 0.589609 0.000000 0.807689 0.792258 0.792258 0.792258
7504.958496 0.000000 801.436462 0.000000 0.999829 0.000000 -0.018514 0.902122 0.902122 0.902122
7500.864746 0.000000 805.947632 0.000000 0.146640 0.000000 -0.989190 1.063136 1.063136 1.063136
7655.190430 0.000000 787.339050 0.000000 0.197310 0.000000 -0.980341 1.057240 1.057240 1.057240
7669.604492 0.000000 784.212036 0.000000 0.808359 0.000000 -0.588689 0.972128 0.972128 0.972128
7650.796875 0.000000 874.507202 0.000000 0.771887 0.000000 -0.635760 0.978953 0.978953 0.978953
7651.788086 0.000000 875.221252 0.000000 0.442617 0.000000 0.896711 0.772542 0.772542 0.772542
7662.506836 0.000000 880.357544 0.000000 0.468627 0.000000 -0.883396 1.024110 1.024110 1.024110
7663.270996 0.000000 881.752014 0.000000 0.562033 0.000000 -0.827115 1.011607 1.011607 1.011607
7704.862793 0.000000 848.319641 0.000000 0.806630 0.000000 -0.591057 0.972464 0.972464 0.972464
7694.069824 0.000000 844.435608 0.000000 0.999815 0.000000 -0.019223 0.902203 0.902203 0.902203
6167.785156 0.000000 1534.329834 0.000000 0.534081 0.000000 0.845433 0.784563 0.784563 0.784563
7086.352051 0.000000 1091.794800 0.000000 0.282736 0.000000 0.959198 0.752847 0.752847 0.752847
7136.655762 0.000000 1088.807495 0.000000 0.892625 0.000000 -0.450799 0.953590 0.953590 0.953590
7136.405762 0.000000 1107.843262 0.000000 0.678288 0.000000 0.734796 0.805420 0.805420 0.805420
6812.693359 0.000000 1508.954590 0.000000 0.387059 0.000000 0.922055 0.765543 0.765543 0.765543
6816.189453 0.000000 1519.330322 0.000000 0.121524 0.000000 0.992589 0.733960 0.733960 0.733960
6164.694336 0.000000 1539.079590 0.000000 0.819193 0.000000 0.573518 0.830008 0.830008 0.830008
6206.480469 0.000000 1549.287476 0.000000 0.085745 0.000000 -0.996317 1.070162 1.070162 1.070162
6217.492676 0.000000 1540.072388 0.000000 0.918393 0.000000 -0.395670 0.946616 0.946616 0.946616
6587.567383 0.000000 1632.031494 0.000000 0.635527 0.000000 0.772079 0.798918 0.798918 0.798918
6606.624512 0.000000 1654.959351 0.000000 0.984156 0.000000 -0.177303 0.920425 0.920425 0.920425
6610.107910 0.000000 1655.705322 0.000000 0.956690 0.000000 -0.291109 0.933849 0.933849 0.933849
6649.416016 0.000000 1650.034668 0.000000 0.282610 0.000000 0.959235 0.752832 0.752832 0.752832
6554.491699 0.000000 1711.184570 0.000000 0.699146 0.000000 -0.714979 0.991283 0.991283 0.991283
6556.124023 0.000000 1718.234863 0.000000 0.369931 0.000000 -0.929059 1.036577 1.036577 1.036577
6554.112793 0.000000 1712.682129 0.000000 0.680281 0.000000 0.732951 0.805731 0.805731 0.805731
6555.418945 0.000000 1711.762817 0.000000 0.938341 0.000000 -0.345712 0.940451 0.940451 0.940451
6554.728516 0.000000 1702.951050 0.000000 0.752493 0.000000 0.658600 0.817614 0.817614 0.817614
6555.300293 0.000000 1710.676880 0.000000 0.207014 0.000000 -0.978338 1.056105 1.056105 1.056105
6566.933105 0.000000 1719.999146 0.000000 0.315389 0.000000 -0.948963 1.043231 1.043231 1.043231
6562.304688 0.000000 1710.536865 0.000000 0.882551 0.000000 0.470217 0.843903 0.843903 0.843903
6566.001465 0.000000 1710.920654 0.000000 0.628658 0.000000 0.777682 0.797902 0.797902 0.797902
6626.422363 0.000000 1693.039795 0.000000 0.905707 0.000000 0.423905 0.849837 0.849837 0.849837
6618.671875 0.000000 1699.393066 0.000000 0.254547 0.000000 -0.967060 1.050506 1.050506 1.050506
6624.703613 0.000000 1703.903076 0.000000 0.038213 0.000000 -0.999270 1.075620 1.075620 1.075620
6625.490723 0.000000 1702.042969 0.000000 0.096759 0.000000 -0.995308 1.068895 1.068895 1.068895
6366.603516 0.000000 1794.112183 0.000000 0.656842 0.000000 -0.754028 0.997881 0.997881 0.997881
6366.431641 0.000000 1795.469727 0.000000 0.436959 0.000000 0.899481 0.771820 0.771820 0.771820
6375.457031 0.000000 1802.559570 0.000000 0.755457 0.000000 0.655199 0.818131 0.818131 0.818131
6441.844238 0.000000 1818.891113 0.000000 0.564192 0.000000 -0.825643 1.011307 1.011307 1.011307
6441.050781 0.000000 1818.118042 0.000000 0.936399 0.000000 -0.350936 0.941089 0.941089 0.941089
6438.884766 0.000000 1819.972046 0.000000 0.947496 0.000000 0.319769 0.862702 0.862702 0.862702
6436.114746 0.000000 1824.901245 0.000000 0.364598 0.000000 -0.931165 1.037234 1.037234 1.037234
6584.169434 0.000000 1885.295410 0.000000 0.285112 0.000000 0.958494 0.753131 0.753131 0.753131
6589.723145 0.000000 1890.701904 0.000000 0.591076 0.000000 0.806616 0.792467 0.792467 0.792467
6584.560547 0.000000 1898.175293 0.000000 0.790839 0.000000 0.612024 0.824528 0.824528 0.824528
6606.364258 0.000000 1905.575806 0.000000 0.893094 0.000000 -0.449870 0.953471 0.953471 0.953471
6601.053711 0.000000 1910.409546 0.000000 0.439684 0.000000 0.898152 0.772167 0.772167 0.772167
6597.349609 0.000000 1896.862671 0.000000 0.364589 0.000000 -0.931168 1.037235 1.037235 1.037235
6598.742188 0.000000 1899.703735 0.000000 0.997018 0.000000 -0.077163 0.908851 0.908851 0.908851
6607.399902 0.000000 1905.501953 0.000000 0.771593 0.000000 -0.636116 0.979006 0.979006 0.979006
6711.013184 0.000000 1565.312256 0.000000 0.413165 0.000000 -0.910656 1.031192 1.031192 1.031192
6716.298828 0.000000 1565.083984 0.000000 0.151815 0.000000 -0.988409 1.062536 1.062536 1.062536
6715.269531 0.000000 1564.539062 0.000000 0.999890 0.000000 -0.014810 0.901697 0.901697 0.901697
6714.424805 0.000000 1568.598633 0.000000 0.988434 0.000000 0.151654 0.882554 0.882554 0.882554
6692.972656 0.000000 1598.909180 0.000000 0.389791 0.000000 0.920904 0.765883 0.765883 0.765883
6692.083496 0.000000 1568.963745 0.000000 0.999969 0.000000 -0.007927 0.900908 0.900908 0.900908
6692.654785 0.000000 1568.119873 0.000000 0.342211 0.000000 0.939623 0.760023 0.760023 0.760023
6715.506348 0.000000 1569.045654 0.000000 0.586021 0.000000 0.810296 0.791750 0.791750 0.791750
6684.552246 0.000000 1630.655029 0.000000 0.534237 0.000000 0.845335 0.784584 0.784584 0.784584
6698.495605 0.000000 1607.124756 0.000000 0.607868 0.000000 -0.794038 1.005129 1.005129 1.005129
6694.691895 0.000000 1600.834595 0.000000 0.893620 0.000000 -0.448824 0.953337 0.953337 0.953337
6691.607910 0.000000 1603.534912 0.000000 0.690042 0.000000 -0.723769 0.992733 0.992733 0.992733
6676.872559 0.000000 1640.443237 0.000000 0.251526 0.000000 -0.967851 1.050864 1.050864 1.050864
6679.362305 0.000000 1646.348389 0.000000 0.140124 0.000000 -0.990134 1.063890 1.063890 1.063890
6873.537598 0.000000 1683.968506 0.000000 0.790343 0.000000 0.612664 0.824435 0.824435 0.824435
6869.197266 0.000000 1673.980835 0.000000 0.317387 0.000000 -0.948296 1.042990 1.042990 1.042990
6859.947266 0.000000 1686.291504 0.000000 0.991897 0.000000 -0.127042 0.914597 0.914597 0.914597
6865.485840 0.000000 1672.662231 0.000000 0.853105 0.000000 0.521740 0.837102 0.837102 0.837102
6869.934082 0.000000 1672.478271 0.000000 0.566353 0.000000 -0.824163 1.011007 1.011007 1.011007
6872.125000 0.000000 1682.277222 0.000000 0.903950 0.000000 0.427639 0.849364 0.849364 0.849364
6908.474121 0.000000 1691.443237 0.000000 0.987327 0.000000 0.158701 0.881737 0.881737 0.881737
6909.409668 0.000000 1702.532104 0.000000 0.964818 0.000000 0.262917 0.869514 0.869514 0.869514
6890.970215 0.000000 1785.187134 0.000000 0.674381 0.000000 0.738384 0.804812 0.804812 0.804812
6941.479004 0.000000 1659.381592 0.000000 0.463615 0.000000 -0.886037 1.024759 1.024759 1.024759
6955.116211 0.000000 1659.530884 0.000000 0.036257 0.000000 -0.999343 1.075844 1.075844 1.075844
6943.239258 0.000000 1661.801270 0.000000 0.988997 0.000000 0.147938 0.882985 0.882985 0.882985
6945.706055 0.000000 1658.761963 0.000000 0.615061 0.000000 -0.788480 1.004087 1.004087 1.004087
6953.643555 0.000000 1662.177734 0.000000 0.463177 0.000000 -0.886266 1.024815 1.024815 1.024815
6920.362793 0.000000 1687.759888 0.000000 0.999290 0.000000 0.037679 0.895681 0.895681 0.895681
6931.036133 0.000000 1687.417114 0.000000 0.785794 0.000000 0.618489 0.823588 0.823588 0.823588
6922.292969 0.000000 1695.056885 0.000000 0.751029 0.000000 0.660269 0.817359 0.817359 0.817359
6925.545898 0.000000 1685.971680 0.000000 0.905163 0.000000 0.425065 0.849690 0.849690 0.849690
6931.310547 0.000000 1686.045776 0.000000 0.956230 0.000000 -0.292615 0.934029 0.934029 0.934029
6926.189941 0.000000 1692.472290 0.000000 0.938654 0.000000 -0.344862 0.940347 0.940347 0.940347
6928.876953 0.000000 1686.159668 0.000000 0.695737 0.000000 -0.718297 0.991828 0.991828 0.991828
6943.384277 0.000000 1671.693115 0.000000 0.362928 0.000000 -0.931817 1.037440 1.037440 1.037440
6951.276367 0.000000 1683.120239 0.000000 0.737146 0.000000 -0.675734 0.985022 0.985022 0.985022
6948.000000 0.000000 1668.369751 0.000000 0.289027 0.000000 0.957321 0.753599 0.753599 0.753599
6950.691406 0.000000 1668.855591 0.000000 0.699704 0.000000 -0.714433 0.991193 0.991193 0.991193
6947.078125 0.000000 1664.712036 0.000000 0.395366 0.000000 0.918524 0.766578 0.766578 0.766578
6948.949707 0.000000 1668.519287 0.000000 0.318487 0.000000 -0.947927 1.042857 1.042857 1.042857
6922.204590 0.000000 1695.687134 0.000000 0.260893 0.000000 -0.965368 1.049754 1.049754 1.049754
6925.917969 0.000000 1696.972046 0.000000 0.089914 0.000000 -0.995950 1.069683 1.069683 1.069683
6911.828613 0.000000 1713.112305 0.000000 0.866392 0.000000 -0.499365 0.959916 0.959916 0.959916
6919.325195 0.000000 1716.316772 0.000000 0.715411 0.000000 0.698704 0.811354 0.811354 0.811354
6921.795410 0.000000 1696.684326 0.000000 0.976596 0.000000 0.215080 0.875160 0.875160 0.875160
6913.542480 0.000000 1751.461548 0.000000 0.999256 0.000000 0.038559 0.895580 0.895580 0.895580
6913.425293 0.000000 1757.842529 0.000000 0.752536 0.000000 0.658551 0.817621 0.817621 0.817621
6917.958496 0.000000 1742.912842 0.000000 0.939642 0.000000 -0.342160 0.940017 0.940017 0.940017
6916.699219 0.000000 1750.798096 0.000000 0.919863 0.000000 -0.392241 0.946188 0.946188 0.946188
6916.449707 0.000000 1743.419678 0.000000 0.729536 0.000000 -0.683943 0.986305 0.986305 0.986305
6825.651367 0.000000 1821.085693 0.000000 0.147759 0.000000 -0.989023 1.063006 1.063006 1.063006
6834.884766 0.000000 1822.123535 0.000000 0.939899 0.000000 -0.341453 0.939931 0.939931 0.939931
6824.374512 0.000000 1815.728638 0.000000 0.232005 0.000000 0.972715 0.746830 0.746830 0.746830
6826.592285 0.000000 1816.061523 0.000000 0.948861 0.000000 0.315694 0.863195 0.863195 0.863195
6828.310059 0.000000 1807.324219 0.000000 0.545361 0.000000 0.838201 0.786099 0.786099 0.786099
6834.107422 0.000000 1822.885498 0.000000 0.671438 0.000000 0.741061 0.804356 0.804356 0.804356
6816.818359 0.000000 1812.658203 0.000000 0.139761 0.000000 -0.990185 1.063932 1.063932 1.063932
6826.978027 0.000000 1817.179321 0.000000 0.736702 0.000000 -0.676217 0.985097 0.985097 0.985097
6893.921875 0.000000 1792.948608 0.000000 0.607509 0.000000 -0.794313 1.005181 1.005181 1.005181
6892.818848 0.000000 1792.758789 0.000000 0.253909 0.000000 -0.967228 1.050582 1.050582 1.050582
6685.368164 0.000000 2010.282959 0.000000 0.654287 0.000000 -0.756246 0.998269 0.998269 0.998269
6685.510254 0.000000 2011.295654 0.000000 0.636516 0.000000 0.771264 0.799065 0.799065 0.799065
6709.739746 0.000000 1988.502197 0.000000 0.808329 0.000000 -0.588731 0.972134 0.972134 0.972134
6681.207520 0.000000 2016.675415 0.000000 0.515558 0.000000 -0.856854 1.017930 1.017930 1.017930
6685.437012 0.000000 2022.453979 0.000000 0.863098 0.000000 -0.505037 0.960668 0.960668 0.960668
6821.660645 0.000000 2010.343628 0.000000 0.999961 0.000000 -0.008802 0.901009 0.901009 0.901009
6821.030762 0.000000 2011.163818 0.000000 0.592115 0.000000 0.805853 0.792615 0.792615 0.792615
6808.214355 0.000000 2022.626587 0.000000 0.335045 0.000000 0.942202 0.759151 0.759151 0.759151
6813.945801 0.000000 2025.302856 0.000000 0.839261 0.000000 -0.543729 0.965876 0.965876 0.965876
6828.988281 0.000000 2029.993896 0.000000 0.257506 0.000000 -0.966277 1.050156 1.050156 1.050156
6841.978027 0.000000 2040.033447 0.000000 0.940370 0.000000 -0.340153 0.939772 0.939772 0.939772
6840.587402 0.000000 2041.927734 0.000000 0.122521 0.000000 0.992466 0.734075 0.734075 0.734075
6820.639160 0.000000 2016.010498 0.000000 0.314938 0.000000 -0.949112 1.043286 1.043286 1.043286
6817.286133 0.000000 2024.593994 0.000000 0.147464 0.000000 -0.989067 1.063040 1.063040 1.063040
7166.212891 0.000000 1928.478882 0.000000 0.695266 0.000000 -0.718752 0.991903 0.991903 0.991903
7162.674316 0.000000 1942.730347 0.000000 0.361253 0.000000 -0.932468 1.037646 1.037646 1.037646
7166.559570 0.000000 1941.489136 0.000000 0.999245 0.000000 0.038854 0.895546 0.895546 0.895546
7144.759277 0.000000 1937.765869 0.000000 0.418579 0.000000 -0.908180 1.030510 1.030510 1.030510
7165.506836 0.000000 1943.721802 0.000000 0.999152 0.000000 0.041162 0.895282 0.895282 0.895282
7155.534668 0.000000 1931.583008 0.000000 0.820016 0.000000 0.572341 0.830173 0.830173 0.830173
7165.840820 0.000000 1942.020996 0.000000 0.997015 0.000000 -0.077210 0.908856 0.908856 0.908856
7438.718750 0.000000 1535.479004 0.000000 0.557211 0.000000 -0.830371 1.012274 1.012274 1.012274
7449.263672 0.000000 1530.732178 0.000000 0.308497 0.000000 -0.951225 1.044063 1.044063 1.044063
7443.841797 0.000000 1528.592529 0.000000 0.977404 0.000000 0.211378 0.875594 0.875594 0.875594
7377.723145 0.000000 1572.469238 0.000000 0.003449 0.000000 0.999994 0.720395 0.720395 0.720395
7410.126953 0.000000 1637.267456 0.000000 0.152018 0.000000 -0.988378 1.062512 1.062512 1.062512
7411.047363 0.000000 1637.543091 0.000000 0.657399 0.000000 -0.753543 0.997796 0.997796 0.997796
7299.498535 0.000000 1789.282593 0.000000 0.915965 0.000000 -0.401259 0.947314 0.947314 0.947314
7533.573242 0.000000 1570.572754 0.000000 0.568337 0.000000 -0.822796 1.010731 1.010731 1.010731
7531.513184 0.000000 1567.695801 0.000000 0.250190 0.000000 -0.968197 1.051022 1.051022 1.051022
7532.249512 0.000000 1570.550537 0.000000 0.085798 0.000000 -0.996313 1.070156 1.070156 1.070156
7559.202148 0.000000 1555.151489 0.000000 0.772698 0.000000 -0.634774 0.978806 0.978806 0.978806
7563.131836 0.000000 1538.144897 0.000000 0.938262 0.000000 -0.345925 0.940476 0.940476 0.940476
7562.435059 0.000000 1539.776367 0.000000 0.999039 0.000000 0.043830 0.894976 0.894976 0.894976
7539.159668 0.000000 1746.326050 0.000000 0.398510 0.000000 0.917164 0.766970 0.766970 0.766970
7538.469238 0.000000 1752.855103 0.000000 0.977804 0.000000 0.209524 0.875811 0.875811 0.875811
7533.084961 0.000000 1736.816650 0.000000 0.417133 0.000000 -0.908846 1.030693 1.030693 1.030693
7533.544922 0.000000 1753.599731 0.000000 0.035067 0.000000 -0.999385 1.075981 1.075981 1.075981
7536.146484 0.000000 1750.778198 0.000000 0.146684 0.000000 -0.989183 1.063130 1.063130 1.063130
7536.205078 0.000000 1739.043335 0.000000 0.652230 0.000000 -0.758021 0.998580 0.998580 0.998580
7531.745117 0.000000 1732.506958 0.000000 0.592832 0.000000 0.805326 0.792716 0.792716 0.792716
7542.354492 0.000000 1746.167236 0.000000 0.999925 0.000000 -0.012285 0.901408 0.901408 0.901408
7536.802734 0.000000 1750.144043 0.000000 0.852633 0.000000 0.522511 0.836998 0.836998 0.836998
7222.950684 0.000000 1853.241943 0.000000 0.003681 0.000000 0.999993 0.720422 0.720422 0.720422
7206.315918 0.000000 1849.407593 0.000000 0.208983 0.000000 -0.977919 1.055874 1.055874 1.055874
7224.040039 0.000000 1841.316650 0.000000 0.971792 0.000000 -0.235841 0.927282 0.927282 0.927282
7242.429199 0.000000 1799.077881 0.000000 0.809199 0.000000 -0.587535 0.971964 0.971964 0.971964
7243.330078 0.000000 1798.667969 0.000000 0.988536 0.000000 0.150985 0.882632 0.882632 0.882632
7219.947266 0.000000 1861.940552 0.000000 0.916699 0.000000 -0.399579 0.947104 0.947104 0.947104
7210.895508 0.000000 1873.487793 0.000000 0.200169 0.000000 -0.979761 1.056906 1.056906 1.056906
7230.576172 0.000000 1875.111816 0.000000 0.614436 0.000000 -0.788967 1.004178 1.004178 1.004178
7222.566406 0.000000 1895.369995 0.000000 0.983080 0.000000 -0.183177 0.921110 0.921110 0.921110
7223.783691 0.000000 1888.741577 0.000000 0.976248 0.000000 0.216655 0.874975 0.874975 0.874975
7228.642578 0.000000 1892.860840 0.000000 0.976441 0.000000 0.215784 0.875077 0.875077 0.875077
7231.130859 0.000000 1892.541016 0.000000 0.999175 0.000000 0.040609 0.895345 0.895345 0.895345
7307.800293 0.000000 1793.325684 0.000000 0.994808 0.000000 0.101770 0.888318 0.888318 0.888318
7358.339844 0.000000 1805.224976 0.000000 0.283022 0.000000 0.959113 0.752881 0.752881 0.752881
7334.446777 0.000000 1821.041260 0.000000 0.067152 0.000000 0.997743 0.727701 0.727701 0.727701
7337.118164 0.000000 1819.941162 0.000000 0.977171 0.000000 0.212454 0.875468 0.875468 0.875468
7350.263184 0.000000 1802.417603 0.000000 0.999783 0.000000 -0.020853 0.902390 0.902390 0.902390
7316.718750 0.000000 1828.076050 0.000000 0.147472 0.000000 -0.989066 1.063039 1.063039 1.063039
7331.539062 0.000000 1825.797852 0.000000 0.994606 0.000000 0.103725 0.888093 0.888093 0.888093
7353.080078 0.000000 1841.041504 0.000000 0.735040 0.000000 -0.678023 0.985379 0.985379 0.985379
7341.932617 0.000000 1823.887695 0.000000 0.628833 0.000000 0.777541 0.797928 0.797928 0.797928
7343.310059 0.000000 1841.517578 0.000000 0.964312 0.000000 0.264769 0.869294 0.869294 0.869294
7346.810059 0.000000 1838.621094 0.000000 0.461610 0.000000 -0.887083 1.025018 1.025018 1.025018
7342.900391 0.000000 1844.331787 0.000000 0.987133 0.000000 0.159902 0.881598 0.881598 0.881598
7359.773926 0.000000 1841.081055 0.000000 0.636608 0.000000 0.771187 0.799079 0.799079 0.799079
7323.258301 0.000000 1872.795044 0.000000 0.956960 0.000000 -0.290220 0.933742 0.933742 0.933742
7315.614258 0.000000 1870.205444 0.000000 0.198159 0.000000 -0.980170 1.057141 1.057141 1.057141
7302.778320 0.000000 1886.223145 0.000000 0.710340 0.000000 0.703859 0.810525 0.810525 0.810525
7325.759277 0.000000 1874.406006 0.000000 0.315904 0.000000 -0.948791 1.043169 1.043169 1.043169
7321.613770 0.000000 1863.083130 0.000000 0.592574 0.000000 0.805516 0.792680 0.792680 0.792680
7296.909180 0.000000 1878.347046 0.000000 0.170916 0.000000 0.985286 0.739682 0.739682 0.739682
7296.392090 0.000000 1879.905518 0.000000 0.956080 0.000000 -0.293106 0.934088 0.934088 0.934088
7302.073242 0.000000 1887.111572 0.000000 0.870170 0.000000 -0.492752 0.959043 0.959043 0.959043
7324.489258 0.000000 1874.774536 0.000000 0.884660 0.000000 0.466237 0.844419 0.844419 0.844419
7330.853027 0.000000 1864.879883 0.000000 0.444165 0.000000 0.895945 0.772740 0.772740 0.772740
7296.300293 0.000000 1893.051392 0.000000 0.519171 0.000000 -0.854671 1.017447 1.017447 1.017447
7303.411133 0.000000 1887.585938 0.000000 0.680565 0.000000 0.732687 0.805776 0.805776 0.805776
7177.263184 0.000000 1940.155151 0.000000 0.999851 0.000000 -0.017249 0.901977 0.901977 0.901977
7239.338867 0.000000 1925.946289 0.000000 0.608292 0.000000 -0.793714 1.005068 1.005068 1.005068
7231.130859 0.000000 1924.533203 0.000000 0.850289 0.000000 0.526316 0.836486 0.836486 0.836486
7326.377441 0.000000 1958.320801 0.000000 0.970738 0.000000 -0.240142 0.927790 0.927790 0.927790
7302.408691 0.000000 1961.383545 0.000000 0.558210 0.000000 -0.829700 1.012136 1.012136 1.012136
7310.912598 0.000000 1963.326538 0.000000 0.957438 0.000000 -0.288639 0.933553 0.933553 0.933553
7310.167969 0.000000 1962.720581 0.000000 0.982987 0.000000 -0.183673 0.921168 0.921168 0.921168
7351.517090 0.000000 1955.972046 0.000000 0.880898 0.000000 0.473306 0.843502 0.843502 0.843502
7332.334473 0.000000 1961.883301 0.000000 0.970828 0.000000 -0.239776 0.927747 0.927747 0.927747
7330.639648 0.000000 1963.661499 0.000000 0.059784 0.000000 0.998211 0.726855 0.726855 0.726855
7550.166016 0.000000 1992.463257 0.000000 0.734379 0.000000 -0.678739 0.985490 0.985490 0.985490
7549.100098 0.000000 1997.992310 0.000000 0.983680 0.000000 -0.179929 0.920731 0.920731 0.920731
7604.391602 0.000000 1974.726562 0.000000 0.284907 0.000000 0.958555 0.753107 0.753107 0.753107
7610.560059 0.000000 1983.466675 0.000000 0.984229 0.000000 -0.176897 0.920378 0.920378 0.920378
7611.188477 0.000000 1982.370117 0.000000 0.317958 0.000000 -0.948105 1.042921 1.042921 1.042921
7562.152832 0.000000 1988.561401 0.000000 0.647353 0.000000 -0.762191 0.999315 0.999315 0.999315
7560.470703 0.000000 1997.285767 0.000000 0.632457 0.000000 0.774595 0.798463 0.798463 0.798463
7560.936523 0.000000 2006.386108 0.000000 0.210917 0.000000 -0.977504 1.055648 1.055648 1.055648
7561.283691 0.000000 1992.309570 0.000000 0.824270 0.000000 0.566197 0.831029 0.831029 0.831029
7558.617188 0.000000 1988.777466 0.000000 0.255567 0.000000 -0.966791 1.050386 1.050386 1.050386
7562.030273 0.000000 2002.232910 0.000000 0.261693 0.000000 -0.965151 1.049659 1.049659 1.049659
7562.205566 0.000000 2003.388916 0.000000 0.198850 0.000000 -0.980030 1.057061 1.057061 1.057061
7577.055176 0.000000 1989.868042 0.000000 0.281523 0.000000 0.959555 0.752702 0.752702 0.752702
7558.318359 0.000000 1997.880737 0.000000 0.999895 0.000000 -0.014492 0.901661 0.901661 0.901661
7565.198730 0.000000 1998.982910 0.000000 0.892141 0.000000 -0.451756 0.953713 0.953713 0.953713
7564.231934 0.000000 1994.821411 0.000000 0.001881 0.000000 0.999998 0.720215 0.720215 0.720215
7566.713867 0.000000 1984.480835 0.000000 0.997531 0.000000 -0.070231 0.908054 0.908054 0.908054
7566.217773 0.000000 1985.774292 0.000000 0.999949 0.000000 -0.010057 0.901152 0.901152 0.901152
7612.353027 0.000000 1984.746582 0.000000 0.756031 0.000000 0.654536 0.818231 0.818231 0.818231
7615.420898 0.000000 1996.999512 0.000000 0.994718 0.000000 0.102641 0.888217 0.888217 0.888217
7663.270996 0.000000 2033.470703 0.000000 0.808325 0.000000 -0.588736 0.972135 0.972135 0.972135
7709.517578 0.000000 1564.384766 0.000000 0.992180 0.000000 -0.124815 0.914340 0.914340 0.914340
7709.091309 0.000000 1565.745361 0.000000 0.316535 0.000000 -0.948581 1.043093 1.043093 1.043093
7712.326660 0.000000 1565.292725 0.000000 0.769408 0.000000 -0.638758 0.979398 0.979398 0.979398
7735.454590 0.000000 1602.555542 0.000000 0.868488 0.000000 -0.495709 0.959433 0.959433 0.959433
7737.759277 0.000000 1609.892578 0.000000 0.150220 0.000000 -0.988653 1.062721 1.062721 1.062721
7736.019531 0.000000 1618.292847 0.000000 0.788720 0.000000 0.614753 0.824132 0.824132 0.824132
7735.069824 0.000000 1617.665283 0.000000 0.543192 0.000000 0.839609 0.785802 0.785802 0.785802
7743.997070 0.000000 1621.489014 0.000000 0.116086 0.000000 0.993239 0.733333 0.733333 0.733333
7704.988770 0.000000 1706.972778 0.000000 0.395591 0.000000 0.918427 0.766606 0.766606 0.766606
7715.547363 0.000000 1713.852783 0.000000 0.751206 0.000000 0.660067 0.817390 0.817390 0.817390
7713.723633 0.000000 1715.596069 0.000000 0.825629 0.000000 0.564213 0.831305 0.831305 0.831305
7712.335449 0.000000 1715.694824 0.000000 0.970111 0.000000 -0.242662 0.928087 0.928087 0.928087
7775.052734 0.000000 1718.088379 0.000000 0.512243 0.000000 -0.858840 1.018373 1.018373 1.018373
7781.581055 0.000000 1716.870605 0.000000 0.929033 0.000000 0.369997 0.856569 0.856569 0.856569
7732.840820 0.000000 1751.879761 0.000000 0.970521 0.000000 -0.241018 0.927893 0.927893 0.927893
7741.546875 0.000000 1740.333984 0.000000 0.210954 0.000000 -0.977496 1.055643 1.055643 1.055643
7711.339844 0.000000 1756.807007 0.000000 0.544578 0.000000 0.838711 0.785992 0.785992 0.785992
7707.190918 0.000000 1761.945435 0.000000 0.957737 0.000000 -0.287645 0.933434 0.933434 0.933434
7710.477539 0.000000 1776.622925 0.000000 0.988742 0.000000 0.149631 0.882789 0.882789 0.882789
7698.111328 0.000000 1772.711304 0.000000 0.709603 0.000000 0.704602 0.810405 0.810405 0.810405
7684.533691 0.000000 1760.072998 0.000000 0.988127 0.000000 0.153641 0.882324 0.882324 0.882324
7691.275391 0.000000 1766.675781 0.000000 0.338239 0.000000 0.941060 0.759539 0.759539 0.759539
7722.664551 0.000000 1771.881714 0.000000 0.883204 0.000000 0.468990 0.844063 0.844063 0.844063
7722.993652 0.000000 1770.900635 0.000000 0.027953 0.000000 -0.999609 1.076796 1.076796 1.076796
7714.968262 0.000000 1772.615112 0.000000 0.469237 0.000000 -0.883072 1.024030 1.024030 1.024030
7746.285645 0.000000 1757.024170 0.000000 0.822693 0.000000 0.568486 0.830711 0.830711 0.830711
7794.793457 0.000000 1770.734253 0.000000 0.711964 0.000000 0.702216 0.810790 0.810790 0.810790
7805.068848 0.000000 1774.046997 0.000000 0.915218 0.000000 -0.402959 0.947527 0.947527 0.947527
7717.341797 0.000000 1816.105103 0.000000 0.823891 0.000000 0.566748 0.830952 0.830952 0.830952
7726.150879 0.000000 1805.598877 0.000000 0.869405 0.000000 -0.494100 0.959221 0.959221 0.959221
7740.097168 0.000000 1812.386475 0.000000 0.895365 0.000000 -0.445333 0.952889 0.952889 0.952889
7719.877441 0.000000 1807.391235 0.000000 0.977703 0.000000 0.209993 0.875756 0.875756 0.875756
7716.349609 0.000000 1816.630249 0.000000 0.750421 0.000000 0.660961 0.817254 0.817254 0.817254
7763.559570 0.000000 1806.221069 0.000000 0.999941 0.000000 -0.010829 0.901241 0.901241 0.901241
7754.558594 0.000000 1800.689941 0.000000 0.034295 0.000000 -0.999412 1.076069 1.076069 1.076069
7768.101562 0.000000 1805.466553 0.000000 0.633797 0.000000 0.773500 0.798662 0.798662 0.798662
7771.273926 0.000000 1805.627197 0.000000 0.442540 0.000000 0.896749 0.772532 0.772532 0.772532
7749.332520 0.000000 1810.123535 0.000000 0.098616 0.000000 -0.995126 1.068681 1.068681 1.068681
7752.896484 0.000000 1807.271973 0.000000 0.977628 0.000000 0.210340 0.875715 0.875715 0.875715
7760.580078 0.000000 1813.244141 0.000000 0.736997 0.000000 -0.675896 0.985048 0.985048 0.985048
7765.087891 0.000000 1801.949585 0.000000 0.719160 0.000000 0.694844 0.811970 0.811970 0.811970
7769.540527 0.000000 1805.798584 0.000000 0.997271 0.000000 -0.073830 0.908468 0.908468 0.908468
7774.259766 0.000000 1795.469727 0.000000 0.978372 0.000000 0.206851 0.876124 0.876124 0.876124
7769.766602 0.000000 1813.361328 0.000000 0.398638 0.000000 0.917108 0.766986 0.766986 0.766986
7767.833984 0.000000 1800.025879 0.000000 0.584579 0.000000 0.811337 0.791546 0.791546 0.791546
7756.807617 0.000000 1804.759766 0.000000 0.982450 0.000000 -0.186525 0.921500 0.921500 0.921500
7758.713867 0.000000 1811.452515 0.000000 0.931214 0.000000 0.364473 0.857250 0.857250 0.857250
7753.633789 0.000000 1806.241211 0.000000 0.588127 0.000000 0.808768 0.792048 0.792048 0.792048
7765.824707 0.000000 1800.447021 0.000000 0.394862 0.000000 0.918741 0.766515 0.766515 0.766515
7748.434570 0.000000 1810.047607 0.000000 0.227812 0.000000 0.973705 0.746337 0.746337 0.746337
7772.419434 0.000000 1918.584717 0.000000 0.145440 0.000000 -0.989367 1.063274 1.063274 1.063274
7745.608887 0.000000 1909.246338 0.000000 0.592930 0.000000 0.805254 0.792730 0.792730 0.792730
7750.430176 0.000000 1909.242920 0.000000 0.937677 0.000000 -0.347508 0.940670 0.940670 0.940670
7767.229492 0.000000 1902.285889 0.000000 0.836162 0.000000 -0.548483 0.966526 0.966526 0.966526
7744.337402 0.000000 1911.897705 0.000000 0.511255 0.000000 -0.859429 1.018505 1.018505 1.018505
7747.496094 0.000000 1902.624878 0.000000 0.283468 0.000000 0.958982 0.752935 0.752935 0.752935
7766.373535 0.000000 1903.424561 0.000000 0.254262 0.000000 -0.967135 1.050540 1.050540 1.050540
7754.124512 0.000000 1915.674805 0.000000 0.172038 0.000000 0.985090 0.739813 0.739813 0.739813
7758.849609 0.000000 1908.316162 0.000000 0.904167 0.000000 0.427180 0.849423 0.849423 0.849423
7782.644043 0.000000 1914.862549 0.000000 0.917997 0.000000 -0.396587 0.946730 0.946730 0.946730
7782.720703 0.000000 1915.948608 0.000000 0.970623 0.000000 -0.240605 0.927844 0.927844 0.927844
7721.097168 0.000000 1944.583130 0.000000 0.002373 0.000000 0.999997 0.720272 0.720272 0.720272
7732.750977 0.000000 1953.305176 0.000000 0.992907 0.000000 -0.118897 0.913657 0.913657 0.913657
7770.195312 0.000000 1924.604980 0.000000 0.675708 0.000000 0.737169 0.805018 0.805018 0.805018
7774.357910 0.000000 1927.432861 0.000000 0.869396 0.000000 -0.494115 0.959223 0.959223 0.959223
7786.138184 0.000000 1921.545654 0.000000 0.999900 0.000000 -0.014166 0.901623 0.901623 0.901623
7783.285156 0.000000 1930.528320 0.000000 0.977912 0.000000 0.209018 0.875870 0.875870 0.875870
7707.190918 0.000000 2017.882935 0.000000 0.513714 0.000000 -0.857961 1.018177 1.018177 1.018177
7708.929199 0.000000 2023.429199 0.000000 0.895204 0.000000 -0.445657 0.952931 0.952931 0.952931
7703.841797 0.000000 2023.971191 0.000000 0.988192 0.000000 0.153219 0.882373 0.882373 0.882373
7707.385254 0.000000 2016.936279 0.000000 0.982408 0.000000 -0.186748 0.921526 0.921526 0.921526
7716.989746 0.000000 2023.723877 0.000000 0.205276 0.000000 -0.978704 1.056309 1.056309 1.056309
7764.393066 0.000000 2027.315674 0.000000 0.009801 0.000000 0.999952 0.721123 0.721123 0.721123
7759.177734 0.000000 2022.782349 0.000000 0.824113 0.000000 0.566426 0.830997 0.830997 0.830997
7762.545410 0.000000 2019.921143 0.000000 0.250300 0.000000 -0.968168 1.051010 1.051010 1.051010
7765.959473 0.000000 2040.825562 0.000000 0.612276 0.000000 -0.790644 1.004491 1.004491 1.004491
7800.656738 0.000000 2040.923584 0.000000 0.997498 0.000000 -0.070690 0.908107 0.908107 0.908107
7795.205078 0.000000 2037.959839 0.000000 0.715863 0.000000 0.698241 0.811428 0.811428 0.811428
7794.179199 0.000000 2036.960693 0.000000 0.790994 0.000000 0.611823 0.824557 0.824557 0.824557
7801.422363 0.000000 2041.626465 0.000000 0.393050 0.000000 0.919517 0.766289 0.766289 0.766289
7803.147949 0.000000 2030.598755 0.000000 0.893923 0.000000 -0.448221 0.953259 0.953259 0.953259
7809.711914 0.000000 2035.517944 0.000000 0.634821 0.000000 0.772659 0.798813 0.798813 0.798813
7809.346191 0.000000 2021.964844 0.000000 0.336581 0.000000 0.941654 0.759337 0.759337 0.759337
6125.091797 0.000000 2327.226562 0.000000 0.069971 0.000000 0.997549 0.728025 0.728025 0.728025
6124.037109 0.000000 2326.135254 0.000000 0.285508 0.000000 0.958376 0.753178 0.753178 0.753178
6124.732910 0.000000 2329.320068 0.000000 0.919653 0.000000 -0.392731 0.946249 0.946249 0.946249
5926.652832 0.000000 2549.086670 0.000000 0.940082 0.000000 -0.340948 0.939869 0.939869 0.939869
5929.113281 0.000000 2553.938232 0.000000 0.418497 0.000000 -0.908218 1.030521 1.030521 1.030521
5910.726562 0.000000 2567.206055 0.000000 0.995529 0.000000 0.094461 0.889159 0.889159 0.889159
5918.486328 0.000000 2563.282227 0.000000 0.343392 0.000000 0.939192 0.760167 0.760167 0.760167
5910.233887 0.000000 2566.364258 0.000000 0.060729 0.000000 0.998154 0.726963 0.726963 0.726963
5997.059570 0.000000 2593.531494 0.000000 0.854235 0.000000 0.519888 0.837351 0.837351 0.837351
6035.923828 0.000000 2652.181152 0.000000 0.999873 0.000000 -0.015970 0.901830 0.901830 0.901830
6034.937500 0.000000 2664.792236 0.000000 0.971836 0.000000 -0.235660 0.927261 0.927261 0.927261
6040.582031 0.000000 2665.069824 0.000000 0.801669 0.000000 -0.597768 0.973420 0.973420 0.973420
6026.586914 0.000000 2658.525146 0.000000 0.772255 0.000000 -0.635312 0.978886 0.978886 0.978886
6026.622559 0.000000 2659.502930 0.000000 0.711895 0.000000 0.702286 0.810779 0.810779 0.810779
6049.821777 0.000000 2660.935303 0.000000 0.636242 0.000000 0.771490 0.799024 0.799024 0.799024
6123.916992 0.000000 2628.288330 0.000000 0.338096 0.000000 0.941112 0.759522 0.759522 0.759522
6122.570312 0.000000 2629.546387 0.000000 0.836708 0.000000 -0.547650 0.966412 0.966412 0.966412
6116.707031 0.000000 2627.329346 0.000000 0.040265 0.000000 -0.999189 1.075385 1.075385 1.075385
6023.639160 0.000000 2947.527832 0.000000 0.203281 0.000000 -0.979121 1.056542 1.056542 1.056542
6226.181641 0.000000 2558.705811 0.000000 0.735155 0.000000 -0.677899 0.985359 0.985359 0.985359
6771.833984 0.000000 2556.204590 0.000000 0.822697 0.000000 0.568481 0.830711 0.830711 0.830711
6152.347656 0.000000 2618.867676 0.000000 0.695829 0.000000 -0.718207 0.991813 0.991813 0.991813
6199.992188 0.000000 2615.215332 0.000000 0.467481 0.000000 -0.884003 1.024258 1.024258 1.024258
6199.760254 0.000000 2618.192139 0.000000 0.824800 0.000000 0.565424 0.831136 0.831136 0.831136
6204.274414 0.000000 2617.531982 0.000000 0.988031 0.000000 0.154258 0.882253 0.882253 0.882253
6226.291016 0.000000 2572.516113 0.000000 0.941243 0.000000 -0.337730 0.939477 0.939477 0.939477
6227.735840 0.000000 2563.508057 0.000000 0.988892 0.000000 0.148634 0.882904 0.882904 0.882904
6218.721191 0.000000 2573.802002 0.000000 0.786653 0.000000 0.617395 0.823748 0.823748 0.823748
6249.817383 0.000000 2574.053711 0.000000 0.250881 0.000000 -0.968018 1.050941 1.050941 1.050941
6223.361816 0.000000 2620.756836 0.000000 0.736286 0.000000 -0.676670 0.985168 0.985168 0.985168
6211.069336 0.000000 2626.544189 0.000000 0.964922 0.000000 0.262537 0.869559 0.869559 0.869559
6392.642090 0.000000 2681.771484 0.000000 0.521656 0.000000 -0.853156 1.017113 1.017113 1.017113
6393.594238 0.000000 2681.470215 0.000000 0.113739 0.000000 0.993511 0.733062 0.733062 0.733062
6429.064453 0.000000 2576.462402 0.000000 0.444289 0.000000 0.895884 0.772756 0.772756 0.772756
6443.477539 0.000000 2563.155762 0.000000 0.609819 0.000000 -0.792541 1.004847 1.004847 1.004847
6447.337891 0.000000 2566.649658 0.000000 0.630954 0.000000 0.775820 0.798241 0.798241 0.798241
6453.131348 0.000000 2579.825195 0.000000 0.097873 0.000000 -0.995199 1.068766 1.068766 1.068766
6413.039062 0.000000 2701.829834 0.000000 0.715906 0.000000 0.698197 0.811435 0.811435 0.811435
6414.647949 0.000000 2710.701660 0.000000 0.289002 0.000000 0.957328 0.753596 0.753596 0.753596
6399.282715 0.000000 2687.912109 0.000000 0.283189 0.000000 0.959064 0.752901 0.752901 0.752901
6423.998047 0.000000 2695.807129 0.000000 0.999089 0.000000 0.042664 0.895110 0.895110 0.895110
6409.567383 0.000000 2711.263428 0.000000 0.997151 0.000000 -0.075430 0.908652 0.908652 0.908652
6418.131348 0.000000 2711.447510 0.000000 0.918211 0.000000 -0.396092 0.946668 0.946668 0.946668
6417.811523 0.000000 2779.997070 0.000000 0.232714 0.000000 0.972545 0.746914 0.746914 0.746914
6187.115723 0.000000 2837.309082 0.000000 0.949903 0.000000 0.312544 0.863575 0.863575 0.863575
6194.185547 0.000000 2846.635498 0.000000 0.992271 0.000000 -0.124094 0.914257 0.914257 0.914257
6320.951172 0.000000 2997.839355 0.000000 0.801402 0.000000 -0.598127 0.973472 0.973472 0.973472
6319.682129 0.000000 3008.743896 0.000000 0.784879 0.000000 0.619650 0.823419 0.823419 0.823419
6626.384766 0.000000 2896.621826 0.000000 0.999025 0.000000 0.044142 0.894940 0.894940 0.894940
6640.838379 0.000000 2894.610107 0.000000 0.849125 0.000000 0.528192 0.836233 0.836233 0.836233
6640.509766 0.000000 2895.568848 0.000000 0.316692 0.000000 -0.948528 1.043074 1.043074 1.043074
6586.198242 0.000000 2952.307617 0.000000 0.613606 0.000000 -0.789613 1.004299 1.004299 1.004299
6573.437012 0.000000 2960.062012 0.000000 0.368351 0.000000 -0.929687 1.036772 1.036772 1.036772
6587.800293 0.000000 2963.020996 0.000000 0.463509 0.000000 -0.886092 1.024772 1.024772 1.024772
6581.329102 0.000000 2962.345947 0.000000 0.538402 0.000000 0.842688 0.785150 0.785150 0.785150
6581.661133 0.000000 2955.247803 0.000000 0.983415 0.000000 -0.181369 0.920899 0.920899 0.920899
6582.518066 0.000000 2959.166748 0.000000 0.234399 0.000000 0.972140 0.747112 0.747112 0.747112
6586.538574 0.000000 2956.975830 0.000000 0.670180 0.000000 0.742199 0.804162 0.804162 0.804162
6595.104980 0.000000 2956.326172 0.000000 0.630608 0.000000 0.776102 0.798190 0.798190 0.798190
6845.817871 0.000000 2578.234131 0.000000 0.542150 0.000000 0.840282 0.785660 0.785660 0.785660
6841.113281 0.000000 2582.306152 0.000000 0.340911 0.000000 0.940095 0.759865 0.759865 0.759865
6816.388184 0.000000 2590.215576 0.000000 0.926746 0.000000 0.375688 0.855866 0.855866 0.855866
6842.507324 0.000000 2573.069580 0.000000 0.826028 0.000000 0.563629 0.831386 0.831386 0.831386
6818.368164 0.000000 2581.751709 0.000000 0.342815 0.000000 0.939403 0.760097 0.760097 0.760097
6841.866699 0.000000 2582.967773 0.000000 0.615050 0.000000 -0.788488 1.004089 1.004089 1.004089
6818.566895 0.000000 2593.455078 0.000000 0.542272 0.000000 0.840203 0.785677 0.785677 0.785677
6819.093750 0.000000 2592.485596 0.000000 0.065850 0.000000 0.997829 0.727551 0.727551 0.727551
6848.102539 0.000000 2587.893311 0.000000 0.978259 0.000000 0.207388 0.876061 0.876061 0.876061
6849.113281 0.000000 2577.480957 0.000000 0.897154 0.000000 -0.441718 0.952427 0.952427 0.952427
6850.627930 0.000000 2584.216064 0.000000 0.771410 0.000000 -0.636339 0.979039 0.979039 0.979039
6857.512695 0.000000 2583.294678 0.000000 0.224772 0.000000 0.974411 0.745979 0.745979 0.745979
6848.817383 0.000000 2576.480713 0.000000 0.392410 0.000000 0.919790 0.766209 0.766209 0.766209
6786.484375 0.000000 2623.727783 0.000000 0.062971 0.000000 0.998015 0.727221 0.727221 0.727221
6791.393555 0.000000 2638.247559 0.000000 0.931612 0.000000 0.363455 0.857375 0.857375 0.857375
6785.879395 0.000000 2631.716064 0.000000 0.895567 0.000000 -0.444926 0.952837 0.952837 0.952837
6803.225098 0.000000 2636.297119 0.000000 0.787239 0.000000 0.616648 0.823856 0.823856 0.823856
6786.722168 0.000000 2646.607422 0.000000 0.972277 0.000000 -0.233831 0.927045 0.927045 0.927045
6789.326172 0.000000 2632.682861 0.000000 0.895546 0.000000 -0.444970 0.952843 0.952843 0.952843
6793.210449 0.000000 2648.411133 0.000000 0.258395 0.000000 -0.966039 1.050050 1.050050 1.050050
6800.343750 0.000000 2641.268066 0.000000 0.258795 0.000000 -0.965932 1.050003 1.050003 1.050003
6788.551758 0.000000 2641.844482 0.000000 0.927731 0.000000 0.373248 0.856168 0.856168 0.856168
6817.302246 0.000000 2639.511475 0.000000 0.791231 0.000000 0.611518 0.824601 0.824601 0.824601
6820.532715 0.000000 2630.498535 0.000000 0.398893 0.000000 0.916997 0.767018 0.767018 0.767018
6825.548828 0.000000 2633.405029 0.000000 0.715297 0.000000 0.698821 0.811335 0.811335 0.811335
6822.252930 0.000000 2641.041504 0.000000 0.997494 0.000000 -0.070745 0.908113 0.908113 0.908113
6869.150391 0.000000 2637.787598 0.000000 0.608168 0.000000 -0.793808 1.005086 1.005086 1.005086
6871.477051 0.000000 2646.215820 0.000000 0.414528 0.000000 -0.910037 1.031021 1.031021 1.031021
6866.212891 0.000000 2636.500488 0.000000 0.145260 0.000000 -0.989393 1.063295 1.063295 1.063295
6864.043457 0.000000 2633.914795 0.000000 0.284981 0.000000 0.958533 0.753115 0.753115 0.753115
6873.312012 0.000000 2635.636475 0.000000 0.537531 0.000000 0.843244 0.785031 0.785031 0.785031
6885.465332 0.000000 2629.071045 0.000000 0.591807 0.000000 0.806080 0.792571 0.792571 0.792571
6899.858398 0.000000 2628.500000 0.000000 0.997067 0.000000 -0.076539 0.908779 0.908779 0.908779
6879.163086 0.000000 2643.959229 0.000000 0.415297 0.000000 -0.909686 1.030924 1.030924 1.030924
6791.393555 0.000000 2693.758789 0.000000 0.232108 0.000000 0.972690 0.746842 0.746842 0.746842
6788.400879 0.000000 2697.703613 0.000000 0.930687 0.000000 0.365816 0.857084 0.857084 0.857084
6787.596191 0.000000 2691.269287 0.000000 0.087141 0.000000 -0.996196 1.070002 1.070002 1.070002
7101.050781 0.000000 2580.992676 0.000000 0.711907 0.000000 0.702273 0.810781 0.810781 0.810781
7101.317383 0.000000 2586.142334 0.000000 0.183711 0.000000 0.982980 0.741172 0.741172 0.741172
7120.812988 0.000000 2586.485107 0.000000 0.692460 0.000000 -0.721456 0.992350 0.992350 0.992350
7110.327637 0.000000 2585.228027 0.000000 0.495584 0.000000 0.868560 0.779417 0.779417 0.779417
7107.621582 0.000000 2577.641846 0.000000 0.609812 0.000000 -0.792546 1.004848 1.004848 1.004848
7104.071289 0.000000 2587.893311 0.000000 0.976586 0.000000 0.215129 0.875154 0.875154 0.875154
7120.012207 0.000000 2579.697510 0.000000 0.788352 0.000000 0.615224 0.824064 0.824064 0.824064
7111.753906 0.000000 2590.848145 0.000000 0.209170 0.000000 -0.977879 1.055853 1.055853 1.055853
7108.937988 0.000000 2577.013916 0.000000 0.984211 0.000000 -0.176997 0.920390 0.920390 0.920390
7059.587402 0.000000 2656.547607 0.000000 0.903798 0.000000 0.427959 0.849324 0.849324 0.849324
7069.133789 0.000000 2665.763184 0.000000 0.801508 0.000000 -0.597983 0.973451 0.973451 0.973451
6978.565918 0.000000 2713.589844 0.000000 0.698004 0.000000 -0.716094 0.991466 0.991466 0.991466
6977.085938 0.000000 2712.677490 0.000000 0.785012 0.000000 0.619481 0.823444 0.823444 0.823444
6978.612305 0.000000 2712.184814 0.000000 0.946524 0.000000 0.322633 0.862355 0.862355 0.862355
6987.018066 0.000000 2709.340332 0.000000 0.982194 0.000000 -0.187871 0.921657 0.921657 0.921657
6977.406738 0.000000 2713.578613 0.000000 0.510981 0.000000 -0.859592 1.018542 1.018542 1.018542
6968.071289 0.000000 2801.082275 0.000000 0.415176 0.000000 -0.909741 1.030939 1.030939 1.030939
6978.691406 0.000000 2804.209473 0.000000 0.173315 0.000000 0.984866 0.739961 0.739961 0.739961
7102.551758 0.000000 2704.396240 0.000000 0.991380 0.000000 -0.131021 0.915057 0.915057 0.915057
7114.445312 0.000000 2710.350586 0.000000 0.949862 0.000000 0.312670 0.863560 0.863560 0.863560
6712.153809 0.000000 2845.061035 0.000000 0.544612 0.000000 0.838688 0.785996 0.785996 0.785996
6712.603027 0.000000 2841.732422 0.000000 0.965031 0.000000 0.262136 0.869606 0.869606 0.869606
6707.261230 0.000000 2866.052734 0.000000 0.335357 0.000000 0.942091 0.759188 0.759188 0.759188
6714.182617 0.000000 2856.331055 0.000000 0.905426 0.000000 0.424504 0.849761 0.849761 0.849761
6712.983887 0.000000 2863.827393 0.000000 0.086776 0.000000 -0.996228 1.070044 1.070044 1.070044
6716.243164 0.000000 2856.906250 0.000000 0.070458 0.000000 0.997515 0.728081 0.728081 0.728081
6708.588379 0.000000 2876.716309 0.000000 0.522585 0.000000 -0.852587 1.016988 1.016988 1.016988
6709.495117 0.000000 2860.628174 0.000000 0.903929 0.000000 0.427682 0.849359 0.849359 0.849359
6713.203613 0.000000 2848.472412 0.000000 0.632822 0.000000 0.774297 0.798517 0.798517 0.798517
6708.204590 0.000000 2877.826904 0.000000 0.592844 0.000000 0.805317 0.792718 0.792718 0.792718
6704.741699 0.000000 2866.625000 0.000000 0.788986 0.000000 0.614412 0.824182 0.824182 0.824182
6713.513672 0.000000 2863.038818 0.000000 0.918650 0.000000 -0.395072 0.946541 0.946541 0.946541
6713.623535 0.000000 2875.385254 0.000000 0.997008 0.000000 -0.077301 0.908867 0.908867 0.908867
6707.177734 0.000000 2857.611816 0.000000 0.999412 0.000000 0.034283 0.896071 0.896071 0.896071
6713.884277 0.000000 2889.580078 0.000000 0.710586 0.000000 0.703611 0.810565 0.810565 0.810565
6729.427246 0.000000 2882.687256 0.000000 0.063186 0.000000 0.998002 0.727245 0.727245 0.727245
6720.995605 0.000000 2883.553467 0.000000 0.029714 0.000000 -0.999558 1.076594 1.076594 1.076594
6731.059570 0.000000 2887.567871 0.000000 0.919592 0.000000 -0.392874 0.946267 0.946267 0.946267
6839.544922 0.000000 2930.688477 0.000000 0.995146 0.000000 0.098412 0.888704 0.888704 0.888704
6838.830566 0.000000 2934.887939 0.000000 0.656225 0.000000 -0.754566 0.997975 0.997975 0.997975
6847.389648 0.000000 2936.389404 0.000000 0.737210 0.000000 -0.675664 0.985011 0.985011 0.985011
6662.043945 0.000000 3062.441895 0.000000 0.895775 0.000000 -0.444508 0.952784 0.952784 0.952784
6832.888672 0.000000 2965.847168 0.000000 0.977245 0.000000 0.212113 0.875508 0.875508 0.875508
6964.033203 0.000000 2825.179932 0.000000 0.398563 0.000000 0.917141 0.766977 0.766977 0.766977
6965.922363 0.000000 2824.197021 0.000000 0.545079 0.000000 0.838385 0.786060 0.786060 0.786060
6951.374023 0.000000 2956.632568 0.000000 0.904601 0.000000 0.426259 0.849539 0.849539 0.849539
6990.577637 0.000000 2966.639160 0.000000 0.864843 0.000000 -0.502043 0.960271 0.960271 0.960271
6992.027832 0.000000 2963.603760 0.000000 0.994712 0.000000 0.102703 0.888210 0.888210 0.888210
6992.706543 0.000000 2962.601562 0.000000 0.604684 0.000000 -0.796466 1.005588 1.005588 1.005588
6995.430176 0.000000 2960.177734 0.000000 0.894708 0.000000 -0.446652 0.953058 0.953058 0.953058
6986.627441 0.000000 2957.708252 0.000000 0.630033 0.000000 0.776569 0.798105 0.798105 0.798105
6925.045410 0.000000 3007.279297 0.000000 0.713574 0.000000 0.700580 0.811053 0.811053 0.811053
6925.422852 0.000000 3025.003906 0.000000 0.489849 0.000000 0.871807 0.778661 0.778661 0.778661
6924.504395 0.000000 3024.415771 0.000000 0.144039 0.000000 -0.989572 1.063437 1.063437 1.063437
7543.429688 0.000000 2064.453369 0.000000 0.443864 0.000000 0.896094 0.772701 0.772701 0.772701
7554.987793 0.000000 2060.544922 0.000000 0.948804 0.000000 0.315864 0.863174 0.863174 0.863174
7806.044434 0.000000 2047.741211 0.000000 0.442237 0.000000 0.896898 0.772493 0.772493 0.772493
7808.895020 0.000000 2050.379150 0.000000 0.999814 0.000000 -0.019262 0.902207 0.902207 0.902207
8016.191895 0.000000 2183.666992 0.000000 0.397177 0.000000 0.917742 0.766804 0.766804 0.766804
8009.265625 0.000000 2183.150879 0.000000 0.991965 0.000000 -0.126511 0.914536 0.914536 0.914536
8016.467285 0.000000 2182.656738 0.000000 0.693685 0.000000 -0.720278 0.992155 0.992155 0.992155
7750.354004 0.000000 2441.266357 0.000000 0.976594 0.000000 0.215091 0.875158 0.875158 0.875158
7331.707520 0.000000 2665.010498 0.000000 0.864756 0.000000 -0.502192 0.960290 0.960290 0.960290
7370.053711 0.000000 2674.068848 0.000000 0.223408 0.000000 0.974725 0.745819 0.745819 0.745819
7175.551758 0.000000 2705.031006 0.000000 0.978310 0.000000 0.207145 0.876090 0.876090 0.876090
7220.985352 0.000000 2745.052002 0.000000 0.680012 0.000000 0.733201 0.805689 0.805689 0.805689
7226.685059 0.000000 2741.593018 0.000000 0.883198 0.000000 0.469000 0.844061 0.844061 0.844061
7236.449707 0.000000 2746.119629 0.000000 0.714290 0.000000 0.699850 0.811170 0.811170 0.811170
7233.066406 0.000000 2737.441895 0.000000 0.914870 0.000000 -0.403749 0.947626 0.947626 0.947626
7226.010742 0.000000 2753.646240 0.000000 0.931387 0.000000 0.364030 0.857304 0.857304 0.857304
7370.413574 0.000000 2694.859131 0.000000 0.359207 0.000000 -0.933258 1.037897 1.037897 1.037897
7417.023926 0.000000 2698.730713 0.000000 0.907049 0.000000 0.421026 0.850201 0.850201 0.850201
7403.690918 0.000000 2693.523193 0.000000 0.442452 0.000000 0.896792 0.772521 0.772521 0.772521
7407.607422 0.000000 2692.742432 0.000000 0.991433 0.000000 -0.130614 0.915010 0.915010 0.915010
7408.541504 0.000000 2694.531738 0.000000 0.869005 0.000000 -0.494803 0.959314 0.959314 0.959314
7402.902832 0.000000 2703.627686 0.000000 0.693103 0.000000 -0.720838 0.992247 0.992247 0.992247
7422.274902 0.000000 2749.360840 0.000000 0.823426 0.000000 0.567424 0.830858 0.830858 0.830858
7393.366699 0.000000 2749.600342 0.000000 0.038995 0.000000 -0.999239 1.075530 1.075530 1.075530
7396.886719 0.000000 2750.627930 0.000000 0.937811 0.000000 -0.347145 0.940626 0.940626 0.940626
7394.775391 0.000000 2750.725830 0.000000 0.882482 0.000000 0.470346 0.843886 0.843886 0.843886
7416.016602 0.000000 2737.097900 0.000000 0.334516 0.000000 0.942390 0.759086 0.759086 0.759086
7394.328613 0.000000 2748.781982 0.000000 0.170272 0.000000 0.985397 0.739607 0.739607 0.739607
7394.410156 0.000000 2751.696533 0.000000 0.917200 0.000000 -0.398427 0.946960 0.946960 0.946960
7415.760254 0.000000 2752.530762 0.000000 0.949559 0.000000 0.313588 0.863449 0.863449 0.863449
7434.000488 0.000000 2681.250244 0.000000 0.999935 0.000000 -0.011421 0.901309 0.901309 0.901309
7438.273438 0.000000 2685.358154 0.000000 0.633551 0.000000 0.773701 0.798625 0.798625 0.798625
7435.085938 0.000000 2681.885742 0.000000 0.255866 0.000000 -0.966712 1.050350 1.050350 1.050350
7610.660645 0.000000 2610.031494 0.000000 0.965784 0.000000 0.259349 0.869937 0.869937 0.869937
7643.289551 0.000000 2573.439697 0.000000 0.884399 0.000000 0.466733 0.844355 0.844355 0.844355
7643.240723 0.000000 2584.272461 0.000000 0.883338 0.000000 0.468736 0.844095 0.844095 0.844095
7672.108887 0.000000 2566.493652 0.000000 0.841466 0.000000 -0.540309 0.965409 0.965409 0.965409
7664.216797 0.000000 2565.588623 0.000000 0.364520 0.000000 -0.931196 1.037244 1.037244 1.037244
7656.902344 0.000000 2585.930420 0.000000 0.497935 0.000000 0.867215 0.779727 0.779727 0.779727
7670.839844 0.000000 2568.077637 0.000000 0.905740 0.000000 0.423835 0.849846 0.849846 0.849846
7671.166504 0.000000 2572.197998 0.000000 0.751140 0.000000 0.660143 0.817378 0.817378 0.817378
7445.484863 0.000000 2710.531738 0.000000 0.791406 0.000000 0.611291 0.824634 0.824634 0.824634
7496.927734 0.000000 2735.045410 0.000000 0.563337 0.000000 -0.826227 1.011426 1.011426 1.011426
7508.249023 0.000000 2732.991455 0.000000 0.926733 0.000000 0.375721 0.855862 0.855862 0.855862
7499.404785 0.000000 2732.325684 0.000000 0.152167 0.000000 -0.988355 1.062495 1.062495 1.062495
7622.034180 0.000000 2718.908447 0.000000 0.523032 0.000000 -0.852313 1.016928 1.016928 1.016928
7623.372070 0.000000 2719.382812 0.000000 0.999435 0.000000 0.033616 0.896147 0.896147 0.896147
7237.041992 0.000000 2937.060547 0.000000 0.364947 0.000000 -0.931028 1.037191 1.037191 1.037191
7679.413086 0.000000 2572.858887 0.000000 0.840734 0.000000 -0.541448 0.965564 0.965564 0.965564
7682.792969 0.000000 2570.093262 0.000000 0.183819 0.000000 0.982960 0.741185 0.741185 0.741185
7687.436035 0.000000 2563.621582 0.000000 0.231383 0.000000 0.972863 0.746757 0.746757 0.746757
7698.805176 0.000000 2570.539062 0.000000 0.202823 0.000000 -0.979215 1.056596 1.056596 1.056596
7686.454102 0.000000 2563.113770 0.000000 0.949018 0.000000 0.315221 0.863252 0.863252 0.863252
7690.419434 0.000000 2563.526367 0.000000 0.987589 0.000000 0.157058 0.881928 0.881928 0.881928
7762.662598 0.000000 2611.341064 0.000000 0.988445 0.000000 0.151580 0.882563 0.882563 0.882563
7764.628906 0.000000 2604.109131 0.000000 0.995349 0.000000 0.096331 0.888944 0.888944 0.888944
7757.065430 0.000000 2618.797852 0.000000 0.041481 0.000000 -0.999139 1.075245 1.075245 1.075245
7742.473633 0.000000 2672.404053 0.000000 0.209403 0.000000 -0.977830 1.055825 1.055825 1.055825
7731.212891 0.000000 2677.803467 0.000000 0.937926 0.000000 -0.346835 0.940588 0.940588 0.940588
7772.968750 0.000000 2644.977051 0.000000 0.712389 0.000000 0.701785 0.810859 0.810859 0.810859
7775.000488 0.000000 2628.424561 0.000000 0.398439 0.000000 0.917195 0.766961 0.766961 0.766961
7768.980957 0.000000 2634.746338 0.000000 0.908945 0.000000 0.416916 0.850720 0.850720 0.850720
7753.694336 0.000000 2640.789062 0.000000 0.065531 0.000000 0.997850 0.727515 0.727515 0.727515
7743.727051 0.000000 2640.885742 0.000000 0.997858 0.000000 -0.065414 0.907501 0.907501 0.907501
7769.755371 0.000000 2633.642578 0.000000 0.285773 0.000000 0.958297 0.753210 0.753210 0.753210
7748.840820 0.000000 2636.827881 0.000000 0.207385 0.000000 -0.978259 1.056062 1.056062 1.056062
7774.650879 0.000000 2638.227295 0.000000 0.973259 0.000000 -0.229712 0.926560 0.926560 0.926560
7749.229980 0.000000 2635.803223 0.000000 0.092812 0.000000 -0.995684 1.069349 1.069349 1.069349
7751.127930 0.000000 2631.056641 0.000000 0.037934 0.000000 -0.999280 1.075652 1.075652 1.075652
7773.645508 0.000000 2641.186279 0.000000 0.491816 0.000000 0.870699 0.778920 0.778920 0.778920
7774.509766 0.000000 2642.924316 0.000000 0.991425 0.000000 -0.130678 0.915018 0.915018 0.915018
7745.513184 0.000000 2637.579834 0.000000 0.170457 0.000000 0.985365 0.739629 0.739629 0.739629
7770.618652 0.000000 2645.616455 0.000000 0.903769 0.000000 0.428021 0.849316 0.849316 0.849316
7769.202637 0.000000 2635.636475 0.000000 0.802922 0.000000 -0.596084 0.973180 0.973180 0.973180
7751.266113 0.000000 2633.313477 0.000000 0.592631 0.000000 0.805474 0.792688 0.792688 0.792688
7795.485352 0.000000 2649.812500 0.000000 0.416921 0.000000 -0.908943 1.030719 1.030719 1.030719
7792.409668 0.000000 2649.134521 0.000000 0.539516 0.000000 0.841975 0.785301 0.785301 0.785301
7784.465332 0.000000 2640.275146 0.000000 0.772379 0.000000 -0.635162 0.978864 0.978864 0.978864
7864.462402 0.000000 2585.794922 0.000000 0.438507 0.000000 0.898728 0.772017 0.772017 0.772017
7877.531738 0.000000 2586.202881 0.000000 0.283771 0.000000 0.958892 0.752971 0.752971 0.752971
7885.049805 0.000000 2586.805664 0.000000 0.903673 0.000000 0.428222 0.849290 0.849290 0.849290
6213.104980 0.000000 3130.890381 0.000000 0.207766 0.000000 -0.978179 1.056017 1.056017 1.056017
6211.325195 0.000000 3151.327881 0.000000 0.292151 0.000000 0.956372 0.753973 0.753973 0.753973
6210.265625 0.000000 3151.652832 0.000000 0.988949 0.000000 0.148257 0.882948 0.882948 0.882948
6151.471680 0.000000 3365.594727 0.000000 0.437888 0.000000 0.899030 0.771938 0.771938 0.771938
6158.832031 0.000000 3367.807861 0.000000 0.774590 0.000000 -0.632464 0.978464 0.978464 0.978464
6151.471680 0.000000 3372.531006 0.000000 0.281137 0.000000 0.959668 0.752656 0.752656 0.752656
6152.068848 0.000000 3375.008301 0.000000 0.868814 0.000000 -0.495139 0.959358 0.959358 0.959358
6672.039551 0.000000 3071.686035 0.000000 0.254357 0.000000 -0.967110 1.050529 1.050529 1.050529
6778.721191 0.000000 3254.410156 0.000000 0.770816 0.000000 -0.637058 0.979146 0.979146 0.979146
6781.766602 0.000000 3249.037842 0.000000 0.677223 0.000000 0.735778 0.805254 0.805254 0.805254
6325.360352 0.000000 3602.189697 0.000000 0.586958 0.000000 0.809617 0.791883 0.791883 0.791883
6329.602051 0.000000 3609.243652 0.000000 0.095403 0.000000 -0.995439 1.069051 1.069051 1.069051
6319.549805 0.000000 3606.873047 0.000000 0.718607 0.000000 0.695416 0.811879 0.811879 0.811879
6380.005859 0.000000 3637.814941 0.000000 0.424186 0.000000 -0.905575 1.029802 1.029802 1.029802
6364.286133 0.000000 3656.710938 0.000000 0.280669 0.000000 0.959805 0.752600 0.752600 0.752600
6357.975098 0.000000 3653.157959 0.000000 0.423446 0.000000 -0.905921 1.029895 1.029895 1.029895
6378.539062 0.000000 3653.296387 0.000000 0.311867 0.000000 -0.950126 1.043656 1.043656 1.043656
6379.037109 0.000000 3648.150635 0.000000 0.180534 0.000000 0.983569 0.740802 0.740802 0.740802
6379.134277 0.000000 3652.586670 0.000000 0.863651 0.000000 -0.504089 0.960542 0.960542 0.960542
6381.844727 0.000000 3652.934814 0.000000 0.808487 0.000000 -0.588514 0.972103 0.972103 0.972103
6411.779785 0.000000 3625.595703 0.000000 0.675653 0.000000 0.737220 0.805010 0.805010 0.805010
6445.250000 0.000000 3643.551758 0.000000 0.203068 0.000000 -0.979165 1.056567 1.056567 1.056567
6440.845215 0.000000 3633.351807 0.000000 0.991986 0.000000 -0.126350 0.914517 0.914517 0.914517
6440.629395 0.000000 3632.032959 0.000000 0.626184 0.000000 0.779675 0.797538 0.797538 0.797538
7253.140137 0.000000 3301.951660 0.000000 0.251217 0.000000 -0.967931 1.050901 1.050901 1.050901
7254.716797 0.000000 3307.180908 0.000000 0.937058 0.000000 -0.349175 0.940874 0.940874 0.940874
7261.605469 0.000000 3307.951172 0.000000 0.121771 0.000000 0.992558 0.733989 0.733989 0.733989
7260.197754 0.000000 3303.823242 0.000000 0.893868 0.000000 -0.448330 0.953273 0.953273 0.953273
7261.891113 0.000000 3304.990234 0.000000 0.994516 0.000000 0.104584 0.887994 0.887994 0.887994
7265.247559 0.000000 3311.347412 0.000000 0.884352 0.000000 0.466821 0.844344 0.844344 0.844344
7264.763672 0.000000 3302.276611 0.000000 0.774716 0.000000 -0.632310 0.978441 0.978441 0.978441
7264.625488 0.000000 3303.512451 0.000000 0.040960 0.000000 -0.999161 1.075305 1.075305 1.075305
7265.231445 0.000000 3304.281494 0.000000 0.254125 0.000000 -0.967171 1.050556 1.050556 1.050556
7305.122070 0.000000 3291.581787 0.000000 0.955319 0.000000 -0.295575 0.934384 0.934384 0.934384
"}
object={
	name="tree_savanna_generator_1_1"
	clamp_to_water_level=no
	render_under_water=no
	generated_content=yes
	layer="tree_layer"
	pdxmesh="tree_acacia_02_mesh"
	count=821
	transform="1533.673340 0.000000 2730.986572 0.000000 0.968557 0.000000 -0.248793 0.722409 0.722409 0.722409
1164.121582 0.000000 2851.085449 0.000000 0.914352 0.000000 0.404920 0.662844 0.662844 0.662844
1170.888306 0.000000 2852.970703 0.000000 0.014678 0.000000 -0.999892 0.838692 0.838692 0.838692
1168.306030 0.000000 2851.626709 0.000000 0.933412 0.000000 -0.358806 0.732709 0.732709 0.732709
1176.901489 0.000000 2854.423340 0.000000 0.999801 0.000000 0.019952 0.698222 0.698222 0.698222
1177.785400 0.000000 2858.691650 0.000000 0.967606 0.000000 0.252466 0.677252 0.677252 0.677252
1189.270874 0.000000 2861.927002 0.000000 0.680959 0.000000 0.732321 0.626762 0.626762 0.626762
1668.285156 0.000000 2673.618408 0.000000 0.241387 0.000000 0.970429 0.581729 0.581729 0.581729
1704.014526 0.000000 2670.239746 0.000000 0.555835 0.000000 -0.831293 0.787472 0.787472 0.787472
1760.723389 0.000000 2683.869873 0.000000 0.017764 0.000000 -0.999842 0.838417 0.838417 0.838417
1553.824585 0.000000 2719.219238 0.000000 0.081187 0.000000 0.996699 0.567244 0.567244 0.567244
1548.074707 0.000000 2723.116699 0.000000 0.239422 0.000000 -0.970915 0.818452 0.818452 0.818452
1678.259399 0.000000 2713.365234 0.000000 0.080558 0.000000 0.996750 0.567188 0.567188 0.567188
1717.237183 0.000000 2690.798340 0.000000 0.641262 0.000000 -0.767322 0.777955 0.777955 0.777955
1721.448975 0.000000 2689.731445 0.000000 0.506343 0.000000 0.862332 0.607321 0.607321 0.607321
1709.873291 0.000000 2692.220215 0.000000 0.353544 0.000000 -0.935418 0.807793 0.807793 0.807793
1696.017944 0.000000 2744.436279 0.000000 0.762992 0.000000 -0.646408 0.762644 0.762644 0.762644
1748.293579 0.000000 2702.002441 0.000000 0.935879 0.000000 -0.352322 0.732090 0.732090 0.732090
1751.210938 0.000000 2704.688477 0.000000 0.597110 0.000000 -0.802159 0.782968 0.782968 0.782968
1731.101318 0.000000 2687.712158 0.000000 0.014951 0.000000 0.999888 0.561333 0.561333 0.561333
1769.983276 0.000000 2693.858398 0.000000 0.350415 0.000000 0.936594 0.591909 0.591909 0.591909
1768.006348 0.000000 2693.758789 0.000000 0.990245 0.000000 0.139340 0.687541 0.687541 0.687541
1704.219238 0.000000 2769.015381 0.000000 0.356684 0.000000 0.934225 0.592506 0.592506 0.592506
1707.756714 0.000000 2779.257568 0.000000 0.192728 0.000000 0.981252 0.577285 0.577285 0.577285
1739.752808 0.000000 2779.257568 0.000000 0.760959 0.000000 0.648800 0.637076 0.637076 0.637076
1728.020630 0.000000 2791.419678 0.000000 0.887628 0.000000 -0.460560 0.742658 0.742658 0.742658
1734.880737 0.000000 2791.437012 0.000000 0.981286 0.000000 0.192555 0.682730 0.682730 0.682730
1737.987183 0.000000 2789.834961 0.000000 0.913188 0.000000 -0.407538 0.737412 0.737412 0.737412
1815.203125 0.000000 2704.688477 0.000000 0.549760 0.000000 -0.835323 0.788121 0.788121 0.788121
1822.862427 0.000000 2710.655518 0.000000 0.760223 0.000000 -0.649663 0.763025 0.763025 0.763025
1820.701782 0.000000 2709.992676 0.000000 0.980192 0.000000 -0.198050 0.717769 0.717769 0.717769
1851.116943 0.000000 2713.364258 0.000000 0.990782 0.000000 0.135464 0.687889 0.687889 0.687889
1824.084839 0.000000 2706.401855 0.000000 0.505264 0.000000 -0.862965 0.792791 0.792791 0.792791
1827.901245 0.000000 2709.435303 0.000000 0.932185 0.000000 0.361982 0.666988 0.666988 0.666988
1823.790161 0.000000 2703.673828 0.000000 0.861647 0.000000 -0.507509 0.747441 0.747441 0.747441
1849.292358 0.000000 2718.447510 0.000000 0.796243 0.000000 -0.604977 0.757909 0.757909 0.757909
1815.276367 0.000000 2729.039062 0.000000 0.950795 0.000000 0.309820 0.671925 0.671925 0.671925
1821.638184 0.000000 2730.986572 0.000000 0.410344 0.000000 0.911931 0.597686 0.597686 0.597686
1818.780029 0.000000 2728.362305 0.000000 0.014176 0.000000 -0.999900 0.838736 0.838736 0.838736
1813.098267 0.000000 2742.539062 0.000000 0.890637 0.000000 -0.454715 0.742072 0.742072 0.742072
1812.298462 0.000000 2740.460938 0.000000 0.990126 0.000000 0.140180 0.687465 0.687465 0.687465
1823.015381 0.000000 2732.998291 0.000000 0.239849 0.000000 -0.970810 0.818413 0.818413 0.818413
1822.365601 0.000000 2724.880127 0.000000 0.239271 0.000000 0.970953 0.581534 0.581534 0.581534
1824.008911 0.000000 2727.435303 0.000000 0.989508 0.000000 -0.144477 0.712922 0.712922 0.712922
1835.281006 0.000000 2728.463379 0.000000 0.643873 0.000000 -0.765133 0.777651 0.777651 0.777651
1827.507568 0.000000 2730.054199 0.000000 0.505892 0.000000 -0.862597 0.792726 0.792726 0.792726
1849.154175 0.000000 2719.402100 0.000000 0.860090 0.000000 0.510142 0.652286 0.652286 0.652286
1847.226440 0.000000 2721.102539 0.000000 0.295185 0.000000 0.955440 0.586707 0.586707 0.586707
1825.427368 0.000000 2726.417236 0.000000 0.017575 0.000000 -0.999846 0.838434 0.838434 0.838434
1863.897339 0.000000 2706.870361 0.000000 0.354005 0.000000 0.935244 0.592250 0.592250 0.592250
1885.132568 0.000000 2725.763672 0.000000 0.013253 0.000000 -0.999912 0.838819 0.838819 0.838819
1885.687378 0.000000 2740.953613 0.000000 0.761449 0.000000 -0.648225 0.762857 0.762857 0.762857
1874.952271 0.000000 2721.138672 0.000000 0.980494 0.000000 0.196549 0.682367 0.682367 0.682367
1886.854614 0.000000 2742.647705 0.000000 0.953967 0.000000 -0.299912 0.727148 0.727148 0.727148
1875.869385 0.000000 2726.730225 0.000000 0.979930 0.000000 0.199343 0.682113 0.682113 0.682113
1887.041138 0.000000 2726.133301 0.000000 0.996132 0.000000 0.087864 0.692159 0.692159 0.692159
1876.471191 0.000000 2724.476562 0.000000 0.759594 0.000000 -0.650397 0.763111 0.763111 0.763111
1875.263916 0.000000 2723.749268 0.000000 0.718983 0.000000 -0.695028 0.768490 0.768490 0.768490
1887.326782 0.000000 2745.531982 0.000000 0.863721 0.000000 0.503971 0.652924 0.652924 0.652924
1915.109131 0.000000 2745.356445 0.000000 0.990743 0.000000 0.135748 0.687864 0.687864 0.687864
1899.395142 0.000000 2734.705322 0.000000 0.969652 0.000000 0.244488 0.677986 0.677986 0.677986
1911.598999 0.000000 2749.023193 0.000000 0.553057 0.000000 0.833144 0.612231 0.612231 0.612231
1890.476440 0.000000 2727.692627 0.000000 0.799869 0.000000 -0.600174 0.757373 0.757373 0.757373
1892.595825 0.000000 2731.969482 0.000000 0.250613 0.000000 0.968087 0.582577 0.582577 0.582577
1897.403687 0.000000 2750.520264 0.000000 0.999778 0.000000 -0.021063 0.701877 0.701877 0.701877
1889.419556 0.000000 2726.417236 0.000000 0.759488 0.000000 -0.650521 0.763126 0.763126 0.763126
1888.095215 0.000000 2731.445557 0.000000 0.935830 0.000000 -0.352451 0.732103 0.732103 0.732103
1898.260254 0.000000 2749.912109 0.000000 0.860047 0.000000 0.510215 0.652278 0.652278 0.652278
1881.429443 0.000000 2753.715820 0.000000 0.728825 0.000000 0.684700 0.632781 0.632781 0.632781
1881.089355 0.000000 2761.046387 0.000000 0.887311 0.000000 0.461172 0.657280 0.657280 0.657280
1880.435913 0.000000 2752.530762 0.000000 0.500914 0.000000 0.865497 0.606761 0.606761 0.606761
1930.248779 0.000000 2780.851318 0.000000 0.248804 0.000000 0.968554 0.582411 0.582411 0.582411
1921.899414 0.000000 2767.480225 0.000000 0.953643 0.000000 0.300941 0.672756 0.672756 0.672756
1934.002930 0.000000 2768.108887 0.000000 0.861209 0.000000 -0.508251 0.961095 0.961095 0.961095
1930.657715 0.000000 2764.682373 0.000000 0.305274 0.000000 0.952265 0.587649 0.587649 0.587649
1924.591919 0.000000 2763.961670 0.000000 0.357311 0.000000 0.933985 0.592566 0.592566 0.592566
1932.166260 0.000000 2768.322754 0.000000 0.995917 0.000000 0.090272 0.889641 0.889641 0.889641
1936.644653 0.000000 2771.650635 0.000000 0.981650 0.000000 0.190691 0.682900 0.682900 0.682900
1927.999756 0.000000 2762.325195 0.000000 0.910288 0.000000 0.413975 0.661959 0.661959 0.661959
1929.345703 0.000000 2762.428467 0.000000 0.083726 0.000000 0.996489 0.567471 0.567471 0.567471
1935.205566 0.000000 2767.896729 0.000000 0.801787 0.000000 0.597610 0.642913 0.642913 0.642913
1926.774048 0.000000 2785.989502 0.000000 0.999660 0.000000 -0.026088 0.702325 0.702325 0.702325
1752.835693 0.000000 2829.216553 0.000000 0.991312 0.000000 0.131531 0.688243 0.688243 0.688243
1751.210938 0.000000 2832.657227 0.000000 0.076977 0.000000 0.997033 0.566867 0.566867 0.566867
1763.202148 0.000000 2873.550781 0.000000 0.409099 0.000000 -0.912490 0.802436 0.802436 0.802436
1771.097534 0.000000 2870.311523 0.000000 0.990333 0.000000 0.138707 0.687598 0.687598 0.687598
1762.171021 0.000000 2871.188232 0.000000 0.198157 0.000000 0.980170 0.577779 0.577779 0.577779
1771.748901 0.000000 2875.234131 0.000000 0.503468 0.000000 0.864014 0.607024 0.607024 0.607024
1768.392334 0.000000 2876.490479 0.000000 0.990993 0.000000 0.133915 0.688029 0.688029 0.688029
1768.877319 0.000000 2900.828613 0.000000 0.967319 0.000000 0.253561 0.677152 0.677152 0.677152
1779.501587 0.000000 2909.857910 0.000000 0.502404 0.000000 -0.864633 0.793086 0.793086 0.793086
1790.868774 0.000000 2888.244385 0.000000 0.125711 0.000000 -0.992067 0.828766 0.828766 0.828766
1762.449707 0.000000 2899.307129 0.000000 0.502811 0.000000 0.864397 0.606956 0.606956 0.606956
1773.605225 0.000000 2893.782959 0.000000 0.996189 0.000000 0.087216 0.692217 0.692217 0.692217
1774.792236 0.000000 2891.935547 0.000000 0.996703 0.000000 0.081139 0.692760 0.692760 0.692760
1772.475708 0.000000 2881.060059 0.000000 0.555503 0.000000 0.831515 0.612493 0.612493 0.612493
1783.280273 0.000000 2920.992188 0.000000 0.196110 0.000000 0.980582 0.577593 0.577593 0.577593
1776.236450 0.000000 2912.767334 0.000000 0.933121 0.000000 0.359563 0.667219 0.667219 0.667219
1776.233032 0.000000 2925.740234 0.000000 0.299169 0.000000 -0.954200 0.812921 0.812921 0.812921
1783.207031 0.000000 2928.633789 0.000000 0.794889 0.000000 0.606755 0.641892 0.641892 0.641892
1773.673828 0.000000 2911.302734 0.000000 0.761378 0.000000 -0.648308 0.762866 0.762866 0.762866
1814.656738 0.000000 2836.377197 0.000000 0.685213 0.000000 0.728343 0.627281 0.627281 0.627281
1812.021118 0.000000 2843.239258 0.000000 0.306414 0.000000 0.951898 0.587756 0.587756 0.587756
1821.095093 0.000000 2843.161865 0.000000 0.456458 0.000000 -0.889745 0.797753 0.797753 0.797753
1817.296265 0.000000 2846.416260 0.000000 0.082262 0.000000 -0.996611 0.832660 0.832660 0.832660
1819.200928 0.000000 2843.312500 0.000000 0.600005 0.000000 0.799996 0.617354 0.617354 0.617354
1817.386841 0.000000 2840.728271 0.000000 0.910545 0.000000 0.413410 0.662015 0.662015 0.662015
1822.171997 0.000000 2846.831543 0.000000 0.680169 0.000000 -0.733055 0.773334 0.773334 0.773334
1840.243408 0.000000 2834.208740 0.000000 0.014652 0.000000 -0.999893 0.838694 0.838694 0.838694
1835.402954 0.000000 2830.681885 0.000000 0.298339 0.000000 0.954460 0.587001 0.587001 0.587001
1839.401978 0.000000 2847.158691 0.000000 0.913455 0.000000 -0.406940 0.737353 0.737353 0.737353
1830.971924 0.000000 2841.165527 0.000000 0.761893 0.000000 0.647703 0.637204 0.637204 0.637204
1842.473389 0.000000 2838.085449 0.000000 0.406541 0.000000 0.913633 0.597314 0.597314 0.597314
1840.225220 0.000000 2829.763672 0.000000 0.453714 0.000000 0.891147 0.601972 0.601972 0.601972
1843.854614 0.000000 2834.060547 0.000000 0.017922 0.000000 0.999839 0.561597 0.561597 0.561597
1845.115479 0.000000 2827.120361 0.000000 0.889540 0.000000 -0.456858 0.742287 0.742287 0.742287
1824.719238 0.000000 2837.192139 0.000000 0.912532 0.000000 0.409004 0.662445 0.662445 0.662445
1826.163208 0.000000 2839.196045 0.000000 0.862567 0.000000 -0.505943 0.747280 0.747280 0.747280
1832.983276 0.000000 2839.478516 0.000000 0.969532 0.000000 0.244965 0.677943 0.677943 0.677943
1852.377930 0.000000 2835.052246 0.000000 0.188316 0.000000 0.982108 0.576885 0.576885 0.576885
1844.294556 0.000000 2836.437500 0.000000 0.553333 0.000000 -0.832960 0.787740 0.787740 0.787740
1835.741089 0.000000 2843.241943 0.000000 0.909852 0.000000 -0.414934 0.738135 0.738135 0.738135
1840.171265 0.000000 2832.290527 0.000000 0.305852 0.000000 0.952079 0.587704 0.587704 0.587704
1841.302612 0.000000 2836.994141 0.000000 0.646031 0.000000 -0.763311 0.777400 0.777400 0.777400
1847.752686 0.000000 2840.664062 0.000000 0.502467 0.000000 0.864597 0.606921 0.606921 0.606921
1835.201172 0.000000 2839.811523 0.000000 0.138913 0.000000 0.990305 0.572421 0.572421 0.572421
1838.508789 0.000000 2836.203125 0.000000 0.949623 0.000000 -0.313395 0.728411 0.728411 0.728411
1825.045166 0.000000 2844.980225 0.000000 0.980933 0.000000 -0.194346 0.717432 0.717432 0.717432
1824.997437 0.000000 2846.153076 0.000000 0.966234 0.000000 -0.257668 0.723227 0.723227 0.723227
1813.048828 0.000000 2847.449707 0.000000 0.025817 0.000000 0.999667 0.562301 0.562301 0.562301
1815.610718 0.000000 2876.991943 0.000000 0.549390 0.000000 0.835566 0.611839 0.611839 0.611839
1822.958374 0.000000 2877.329590 0.000000 0.996706 0.000000 0.081095 0.692764 0.692764 0.692764
1792.719482 0.000000 2875.822998 0.000000 0.409244 0.000000 -0.912425 0.802422 0.802422 0.802422
1819.326416 0.000000 2870.503906 0.000000 0.990480 0.000000 0.137660 0.687692 0.687692 0.687692
1823.157715 0.000000 2849.854248 0.000000 0.085522 0.000000 0.996336 0.567632 0.567632 0.567632
1823.015381 0.000000 2860.967041 0.000000 0.086945 0.000000 0.996213 0.567759 0.567759 0.567759
1819.824585 0.000000 2868.781250 0.000000 0.557300 0.000000 0.830311 0.612686 0.612686 0.612686
1819.909546 0.000000 2849.679932 0.000000 0.457028 0.000000 0.889452 0.602304 0.602304 0.602304
1820.477783 0.000000 2850.776367 0.000000 0.083042 0.000000 -0.996546 0.832590 0.832590 0.832590
1845.044922 0.000000 2847.449707 0.000000 0.637757 0.000000 -0.770237 0.778361 0.778361 0.778361
1844.281860 0.000000 2861.963379 0.000000 0.504464 0.000000 0.863433 0.607127 0.607127 0.607127
1843.854614 0.000000 2866.052734 0.000000 0.833233 0.000000 -0.552922 0.752216 0.752216 0.752216
1848.522827 0.000000 2871.152832 0.000000 0.455270 0.000000 0.890353 0.602128 0.602128 0.602128
1824.715576 0.000000 2875.822998 0.000000 0.509062 0.000000 -0.860730 0.792398 0.792398 0.792398
1839.648682 0.000000 2868.989746 0.000000 0.858331 0.000000 -0.513097 0.748021 0.748021 0.748021
1826.163208 0.000000 2871.188232 0.000000 0.996767 0.000000 -0.080351 0.707169 0.707169 0.707169
1832.874634 0.000000 2874.805176 0.000000 0.832098 0.000000 -0.554628 0.752399 0.752399 0.752399
1837.779785 0.000000 2856.543213 0.000000 0.884252 0.000000 -0.467010 0.743307 0.743307 0.743307
1837.597412 0.000000 2861.790771 0.000000 0.684201 0.000000 -0.729294 0.772842 0.772842 0.772842
1835.741089 0.000000 2875.234131 0.000000 0.130014 0.000000 -0.991512 0.828379 0.828379 0.828379
1830.785767 0.000000 2849.973877 0.000000 0.511236 0.000000 0.859441 0.607827 0.607827 0.607827
1845.906738 0.000000 2866.369385 0.000000 0.683380 0.000000 -0.730062 0.772942 0.772942 0.772942
1829.109619 0.000000 2874.088379 0.000000 0.013740 0.000000 -0.999906 0.838775 0.838775 0.838775
1823.863892 0.000000 2877.504395 0.000000 0.999700 0.000000 0.024507 0.697816 0.697816 0.697816
1825.834961 0.000000 2859.097168 0.000000 0.644540 0.000000 0.764571 0.622426 0.622426 0.622426
1837.926514 0.000000 2858.282715 0.000000 0.687140 0.000000 0.726525 0.627518 0.627518 0.627518
1825.834473 0.000000 2857.318604 0.000000 0.550040 0.000000 -0.835138 0.788091 0.788091 0.788091
1828.624756 0.000000 2852.080811 0.000000 0.996684 0.000000 -0.081374 0.707261 0.707261 0.707261
1830.125488 0.000000 2851.453369 0.000000 0.999545 0.000000 0.030173 0.697310 0.697310 0.697310
1823.840820 0.000000 2847.873047 0.000000 0.999431 0.000000 -0.033730 0.703007 0.703007 0.703007
1843.656738 0.000000 2871.128174 0.000000 0.989469 0.000000 0.144745 0.687054 0.687054 0.687054
1841.423828 0.000000 2862.617920 0.000000 0.602785 0.000000 -0.797904 0.782336 0.782336 0.782336
1828.000732 0.000000 2861.245361 0.000000 0.996627 0.000000 -0.082066 0.707322 0.707322 0.707322
1826.337036 0.000000 2852.888428 0.000000 0.887344 0.000000 0.461107 0.657287 0.657287 0.657287
1864.865601 0.000000 2836.844238 0.000000 0.967943 0.000000 -0.251172 0.722628 0.722628 0.722628
1862.968018 0.000000 2841.165527 0.000000 0.828473 0.000000 -0.560028 0.752979 0.752979 0.752979
1856.715332 0.000000 2837.192139 0.000000 0.863611 0.000000 0.504160 0.652905 0.652905 0.652905
1862.323486 0.000000 2835.688477 0.000000 0.358702 0.000000 0.933452 0.592699 0.592699 0.592699
1856.226440 0.000000 2838.787598 0.000000 0.909862 0.000000 -0.414912 0.738133 0.738133 0.738133
1871.398071 0.000000 2879.150879 0.000000 0.799522 0.000000 0.600636 0.642576 0.642576 0.642576
1875.850708 0.000000 2866.052734 0.000000 0.548034 0.000000 -0.836456 0.788305 0.788305 0.788305
1886.273560 0.000000 2872.751465 0.000000 0.025642 0.000000 0.999671 0.562286 0.562286 0.562286
1877.217651 0.000000 2850.759277 0.000000 0.133354 0.000000 -0.991068 0.828079 0.828079 0.828079
1872.190918 0.000000 2872.014648 0.000000 0.832425 0.000000 0.554138 0.647653 0.647653 0.647653
1868.354492 0.000000 2878.299561 0.000000 0.505888 0.000000 -0.862599 0.792726 0.792726 0.792726
1862.781860 0.000000 2849.973877 0.000000 0.511279 0.000000 0.859415 0.607832 0.607832 0.607832
1886.968018 0.000000 2857.924561 0.000000 0.075394 0.000000 0.997154 0.566726 0.566726 0.566726
1896.709595 0.000000 2859.609375 0.000000 0.185388 0.000000 0.982665 0.576619 0.576619 0.576619
1889.903320 0.000000 2863.456787 0.000000 0.636282 0.000000 -0.771457 0.778532 0.778532 0.778532
1888.711426 0.000000 2869.184326 0.000000 0.456235 0.000000 -0.889859 0.797775 0.797775 0.797775
1896.975464 0.000000 2871.470703 0.000000 0.603362 0.000000 -0.797467 0.782272 0.782272 0.782272
1890.038330 0.000000 2877.569092 0.000000 0.022815 0.000000 -0.999740 0.837966 0.837966 0.837966
1888.095215 0.000000 2859.414307 0.000000 0.981021 0.000000 -0.193903 0.717392 0.717392 0.717392
1845.044922 0.000000 2879.441895 0.000000 0.188259 0.000000 0.982119 0.576880 0.576880 0.576880
1832.869507 0.000000 2900.828613 0.000000 0.989416 0.000000 0.145105 0.687021 0.687021 0.687021
1848.823975 0.000000 2893.200928 0.000000 0.679630 0.000000 -0.733555 0.773399 0.773399 0.773399
1849.154175 0.000000 2879.363037 0.000000 0.684121 0.000000 -0.729368 0.772852 0.772852 0.772852
1838.583130 0.000000 2886.109131 0.000000 0.348879 0.000000 0.937168 0.591763 0.591763 0.591763
1851.253540 0.000000 2883.104004 0.000000 0.079824 0.000000 -0.996809 0.832878 0.832878 0.832878
1828.752441 0.000000 2882.416748 0.000000 0.351338 0.000000 -0.936249 0.808003 0.808003 0.808003
1830.327393 0.000000 2899.672852 0.000000 0.356092 0.000000 0.934451 0.592449 0.592449 0.592449
1840.194824 0.000000 2904.006836 0.000000 0.932760 0.000000 0.360497 0.667130 0.667130 0.667130
1838.239868 0.000000 2905.318359 0.000000 0.190794 0.000000 0.981630 0.577110 0.577110 0.577110
1836.370361 0.000000 2885.476318 0.000000 0.999758 0.000000 0.021983 0.698040 0.698040 0.698040
1834.416870 0.000000 2896.726562 0.000000 0.400055 0.000000 -0.916491 0.803317 0.803317 0.803317
1831.901245 0.000000 2898.823486 0.000000 0.508256 0.000000 0.861206 0.607519 0.607519 0.607519
1836.545898 0.000000 2887.214844 0.000000 0.996356 0.000000 -0.085297 0.707612 0.707612 0.707612
1834.851929 0.000000 2884.342773 0.000000 0.989964 0.000000 0.141318 0.687362 0.687362 0.687362
1832.891357 0.000000 2887.171387 0.000000 0.084443 0.000000 -0.996428 0.832465 0.832465 0.832465
1838.538696 0.000000 2880.682861 0.000000 0.799876 0.000000 0.600165 0.642628 0.642628 0.642628
1838.945801 0.000000 2897.333740 0.000000 0.951824 0.000000 0.306644 0.672222 0.672222 0.672222
1836.063232 0.000000 2893.276855 0.000000 0.548767 0.000000 -0.835975 0.788227 0.788227 0.788227
1839.900146 0.000000 2886.571533 0.000000 0.598656 0.000000 -0.801007 0.782797 0.782797 0.782797
1845.044922 0.000000 2911.434082 0.000000 0.727042 0.000000 -0.686592 0.767450 0.767450 0.767450
1861.188843 0.000000 2893.919189 0.000000 0.856940 0.000000 -0.515416 0.748262 0.748262 0.748262
1882.772217 0.000000 2888.323242 0.000000 0.508548 0.000000 -0.861034 0.792451 0.792451 0.792451
1877.111572 0.000000 2891.104736 0.000000 0.404904 0.000000 0.914359 0.597155 0.597155 0.597155
1886.422852 0.000000 2898.156006 0.000000 0.510375 0.000000 -0.859952 0.792262 0.792262 0.792262
1872.941528 0.000000 2887.495117 0.000000 0.799202 0.000000 -0.601063 0.757472 0.757472 0.757472
1858.480347 0.000000 2887.653564 0.000000 0.999797 0.000000 0.020169 0.698202 0.698202 0.698202
1868.463989 0.000000 2881.060059 0.000000 0.800201 0.000000 -0.599732 0.757323 0.757323 0.757323
1860.599731 0.000000 2891.930420 0.000000 0.130330 0.000000 0.991471 0.571649 0.571649 0.571649
1887.007568 0.000000 2892.959229 0.000000 0.192398 0.000000 0.981317 0.577255 0.577255 0.577255
1882.674805 0.000000 2892.161621 0.000000 0.546068 0.000000 -0.837741 0.788515 0.788515 0.788515
1887.054321 0.000000 2899.815186 0.000000 0.831506 0.000000 -0.555516 0.752494 0.752494 0.752494
1884.756714 0.000000 2894.781494 0.000000 0.761015 0.000000 -0.648734 0.762916 0.762916 0.762916
1883.359375 0.000000 2897.961182 0.000000 0.505469 0.000000 -0.862845 0.792769 0.792769 0.792769
1887.994507 0.000000 2904.397217 0.000000 0.501048 0.000000 0.865420 0.606775 0.606775 0.606775
1871.398071 0.000000 2943.135254 0.000000 0.498792 0.000000 -0.866721 0.793458 0.793458 0.793458
1880.550293 0.000000 2933.132324 0.000000 0.862265 0.000000 -0.506458 0.747333 0.747333 0.747333
1823.046631 0.000000 2970.746582 0.000000 0.999770 0.000000 0.021441 0.698089 0.698089 0.698089
1824.002319 0.000000 2968.381592 0.000000 0.500886 0.000000 0.865513 0.606758 0.606758 0.606758
1877.041016 0.000000 2943.426270 0.000000 0.721206 0.000000 -0.692720 0.768205 0.768205 0.768205
1882.888306 0.000000 2981.523193 0.000000 0.862104 0.000000 0.506732 0.652639 0.652639 0.652639
1878.329224 0.000000 2980.260010 0.000000 0.399825 0.000000 -0.916591 0.803340 0.803340 0.803340
1915.918213 0.000000 2992.521729 0.000000 0.861252 0.000000 -0.508178 0.747511 0.747511 0.747511
1888.001099 0.000000 2983.372803 0.000000 0.764690 0.000000 0.644398 0.637590 0.637590 0.637590
1910.645020 0.000000 2996.338135 0.000000 0.887115 0.000000 0.461549 0.657242 0.657242 0.657242
1906.044312 0.000000 2991.866211 0.000000 0.348337 0.000000 0.937369 0.591711 0.591711 0.591711
1854.277466 0.000000 3032.712402 0.000000 0.080877 0.000000 0.996724 0.567216 0.567216 0.567216
1854.426758 0.000000 3026.124756 0.000000 0.239700 0.000000 0.970847 0.581574 0.581574 0.581574
1851.322510 0.000000 3030.464844 0.000000 0.859753 0.000000 -0.510711 0.747773 0.747773 0.747773
1853.044189 0.000000 3031.276123 0.000000 0.996246 0.000000 -0.086570 0.707725 0.707725 0.707725
1852.697876 0.000000 3029.914551 0.000000 0.996098 0.000000 -0.088251 0.707876 0.707876 0.707876
1877.041016 0.000000 3007.410645 0.000000 0.400652 0.000000 0.916230 0.596741 0.596741 0.596741
1912.515015 0.000000 3031.113770 0.000000 0.412577 0.000000 0.910923 0.597904 0.597904 0.597904
1910.666016 0.000000 3031.488770 0.000000 0.082777 0.000000 0.996568 0.567386 0.567386 0.567386
1868.035645 0.000000 3043.038574 0.000000 0.888451 0.000000 -0.458971 0.742499 0.742499 0.742499
1868.366455 0.000000 3045.437256 0.000000 0.640959 0.000000 0.767575 0.622010 0.622010 0.622010
1898.252686 0.000000 3068.781006 0.000000 0.598651 0.000000 -0.801010 0.782797 0.782797 0.782797
1923.889526 0.000000 3029.357178 0.000000 0.995626 0.000000 -0.093427 0.708339 0.708339 0.708339
1922.151489 0.000000 3031.149170 0.000000 0.989767 0.000000 -0.142693 0.712761 0.712761 0.712761
1934.256226 0.000000 3074.205566 0.000000 0.980955 0.000000 -0.194237 0.717422 0.717422 0.717422
5978.697266 0.000000 1629.466553 0.000000 0.886772 0.000000 -0.462206 0.955059 0.955059 0.955059
5978.043945 0.000000 1628.564941 0.000000 0.724397 0.000000 0.689384 0.812837 0.812837 0.812837
6008.595215 0.000000 1620.413086 0.000000 0.951738 0.000000 0.306913 0.864253 0.864253 0.864253
6009.244141 0.000000 1617.096191 0.000000 0.304596 0.000000 0.952482 0.755468 0.755468 0.755468
6011.366699 0.000000 1614.700317 0.000000 0.301480 0.000000 -0.953473 1.044907 1.044907 1.044907
6128.133301 0.000000 1619.932007 0.000000 0.765505 0.000000 0.643430 0.819904 0.819904 0.819904
6133.645020 0.000000 1622.797241 0.000000 0.452865 0.000000 -0.891579 1.026145 1.026145 1.026145
5972.678223 0.000000 1820.974243 0.000000 0.954165 0.000000 0.299280 0.865171 0.865171 0.865171
5974.084961 0.000000 1820.529663 0.000000 0.952917 0.000000 -0.303231 0.935304 0.935304 0.935304
5972.731934 0.000000 1819.840454 0.000000 0.860038 0.000000 -0.510229 0.961358 0.961358 0.961358
5997.048340 0.000000 1797.705444 0.000000 0.679802 0.000000 -0.733396 0.994344 0.994344 0.994344
5969.145996 0.000000 1825.186401 0.000000 0.453234 0.000000 -0.891392 1.026097 1.026097 1.026097
7057.462402 0.000000 648.912170 0.000000 0.999765 0.000000 0.021702 0.897513 0.897513 0.897513
7060.795898 0.000000 655.345886 0.000000 0.238245 0.000000 0.971205 0.747566 0.747566 0.747566
7294.290527 0.000000 381.938934 0.000000 0.407997 0.000000 0.912983 0.768158 0.768158 0.768158
7307.702637 0.000000 358.093597 0.000000 0.073786 0.000000 -0.997274 1.071537 1.071537 1.071537
7304.744141 0.000000 383.098389 0.000000 0.298342 0.000000 -0.954459 1.045284 1.045284 1.045284
7306.421387 0.000000 359.429413 0.000000 0.452597 0.000000 -0.891715 1.026179 1.026179 1.026179
7306.430664 0.000000 387.079865 0.000000 0.798254 0.000000 0.602320 0.825927 0.825927 0.825927
7483.175781 0.000000 380.828186 0.000000 0.594386 0.000000 0.804180 0.792938 0.792938 0.792938
7511.832031 0.000000 407.754456 0.000000 0.018480 0.000000 0.999829 0.722118 0.722118 0.722118
7501.323730 0.000000 400.687012 0.000000 0.886002 0.000000 -0.463682 0.955250 0.955250 0.955250
7502.515137 0.000000 407.264038 0.000000 0.990943 0.000000 0.134285 0.884565 0.884565 0.884565
7510.378906 0.000000 406.515564 0.000000 0.990260 0.000000 0.139229 0.883994 0.883994 0.883994
7512.004883 0.000000 401.668213 0.000000 0.508513 0.000000 0.861054 0.781130 0.781130 0.781130
7490.628906 0.000000 404.795288 0.000000 0.995598 0.000000 -0.093725 0.910756 0.910756 0.910756
7510.291016 0.000000 403.711029 0.000000 0.019081 0.000000 0.999818 0.722187 0.722187 0.722187
7510.748535 0.000000 407.505096 0.000000 0.025326 0.000000 0.999679 0.722902 0.722902 0.722902
7555.978027 0.000000 481.229370 0.000000 0.764780 0.000000 -0.644292 0.980225 0.980225 0.980225
7556.307129 0.000000 490.242676 0.000000 0.452673 0.000000 0.891677 0.773831 0.773831 0.773831
7557.410645 0.000000 490.240723 0.000000 0.858498 0.000000 -0.512818 0.961703 0.961703 0.961703
7555.003906 0.000000 481.001129 0.000000 0.406366 0.000000 0.913710 0.767954 0.767954 0.767954
7554.152344 0.000000 489.886230 0.000000 0.999708 0.000000 -0.024147 0.902767 0.902767 0.902767
7380.506348 0.000000 573.278870 0.000000 0.910230 0.000000 0.414104 0.851074 0.851074 0.851074
7384.707520 0.000000 569.282898 0.000000 0.996309 0.000000 -0.085842 0.909849 0.909849 0.909849
7383.497559 0.000000 578.805603 0.000000 0.642098 0.000000 -0.766622 1.000103 1.000103 1.000103
7236.035645 0.000000 732.080017 0.000000 0.307502 0.000000 0.951547 0.755818 0.755818 0.755818
7240.509766 0.000000 749.590393 0.000000 0.911348 0.000000 -0.411636 0.948615 0.948615 0.948615
7244.895996 0.000000 741.963257 0.000000 0.077342 0.000000 0.997005 0.728872 0.728872 0.728872
7233.797363 0.000000 748.307434 0.000000 0.888214 0.000000 0.459430 0.845299 0.845299 0.845299
7645.570801 0.000000 601.306152 0.000000 0.981512 0.000000 0.191400 0.877931 0.877931 0.877931
7640.585449 0.000000 606.963074 0.000000 0.296333 0.000000 -0.955085 1.045525 1.045525 1.045525
7638.275391 0.000000 595.664124 0.000000 0.403653 0.000000 0.914912 0.767613 0.767613 0.767613
7643.118164 0.000000 602.839111 0.000000 0.999388 0.000000 -0.034980 0.904009 0.904009 0.904009
7644.491699 0.000000 601.000793 0.000000 0.968847 0.000000 -0.247660 0.928678 0.928678 0.928678
7652.482422 0.000000 590.481689 0.000000 0.934638 0.000000 0.355600 0.858339 0.858339 0.858339
7651.984863 0.000000 604.111267 0.000000 0.996539 0.000000 -0.083124 0.909536 0.909536 0.909536
7625.977051 0.000000 633.750122 0.000000 0.980339 0.000000 0.197320 0.877239 0.877239 0.877239
7620.613281 0.000000 631.071533 0.000000 0.358206 0.000000 0.933642 0.761980 0.761980 0.761980
7268.088867 0.000000 898.901062 0.000000 0.078576 0.000000 -0.996908 1.070987 1.070987 1.070987
7269.075684 0.000000 898.424255 0.000000 0.999650 0.000000 -0.026466 0.903033 0.903033 0.903033
7668.102051 0.000000 785.858704 0.000000 0.980729 0.000000 -0.195372 0.922533 0.922533 0.922533
7667.804199 0.000000 778.747498 0.000000 0.913704 0.000000 -0.406381 0.947955 0.947955 0.947955
7666.437500 0.000000 779.855164 0.000000 0.794837 0.000000 -0.606822 0.974720 0.974720 0.974720
7655.493164 0.000000 881.476257 0.000000 0.932694 0.000000 0.360668 0.857718 0.857718 0.857718
7663.460938 0.000000 880.767212 0.000000 0.306364 0.000000 0.951914 0.755680 0.755680 0.755680
7648.719727 0.000000 880.894775 0.000000 0.887504 0.000000 0.460799 0.845123 0.845123 0.845123
7700.020996 0.000000 851.587036 0.000000 0.689812 0.000000 -0.723988 0.992769 0.992769 0.992769
7690.554688 0.000000 842.019165 0.000000 0.640708 0.000000 -0.767784 1.000311 1.000311 1.000311
7097.916016 0.000000 1075.119873 0.000000 0.891607 0.000000 0.452810 0.846152 0.846152 0.846152
7091.794922 0.000000 1084.563965 0.000000 0.022474 0.000000 0.999747 0.722576 0.722576 0.722576
7130.131836 0.000000 1096.760742 0.000000 0.911282 0.000000 -0.411782 0.948634 0.948634 0.948634
7131.196777 0.000000 1096.590332 0.000000 0.762092 0.000000 -0.647468 0.980702 0.980702 0.980702
7145.954590 0.000000 1103.970093 0.000000 0.599191 0.000000 -0.800606 1.006376 1.006376 1.006376
7136.142090 0.000000 1088.017944 0.000000 0.299134 0.000000 0.954211 0.754811 0.754811 0.754811
6816.735352 0.000000 1518.240601 0.000000 0.129009 0.000000 -0.991643 1.065175 1.065175 1.065175
6821.322266 0.000000 1512.956421 0.000000 0.981749 0.000000 0.190179 0.878073 0.878073 0.878073
6821.099121 0.000000 1511.848877 0.000000 0.018367 0.000000 -0.999831 1.077895 1.077895 1.077895
6167.528320 0.000000 1535.794678 0.000000 0.454594 0.000000 0.890698 0.774078 0.774078 0.774078
6216.276367 0.000000 1593.445557 0.000000 0.794080 0.000000 0.607814 0.825137 0.825137 0.825137
6218.194336 0.000000 1586.334473 0.000000 0.026223 0.000000 0.999656 0.723005 0.723005 0.723005
6229.158691 0.000000 1588.067383 0.000000 0.999582 0.000000 0.028905 0.896687 0.896687 0.896687
6218.369629 0.000000 1587.490479 0.000000 0.020682 0.000000 0.999786 0.722370 0.722370 0.722370
6231.555176 0.000000 1590.473633 0.000000 0.601844 0.000000 0.798613 0.794004 0.794004 0.794004
6575.318848 0.000000 1628.999023 0.000000 0.399164 0.000000 -0.916880 1.032948 1.032948 1.032948
6587.521973 0.000000 1633.030029 0.000000 0.758484 0.000000 -0.651692 0.981339 0.981339 0.981339
6621.109375 0.000000 1653.219116 0.000000 0.555852 0.000000 0.831281 0.787539 0.787539 0.787539
6612.452637 0.000000 1648.381348 0.000000 0.910881 0.000000 0.412669 0.851255 0.851255 0.851255
6618.781738 0.000000 1650.265869 0.000000 0.718927 0.000000 -0.695085 0.988068 0.988068 0.988068
6647.452148 0.000000 1647.560913 0.000000 0.455973 0.000000 -0.889993 1.025745 1.025745 1.025745
6636.469727 0.000000 1651.095215 0.000000 0.499991 0.000000 -0.866031 1.020001 1.020001 1.020001
6495.514648 0.000000 1682.651855 0.000000 0.952387 0.000000 0.304893 0.864497 0.864497 0.864497
6505.048828 0.000000 1679.303223 0.000000 0.885957 0.000000 -0.463768 0.955261 0.955261 0.955261
6515.612793 0.000000 1675.645508 0.000000 0.951839 0.000000 0.306597 0.864291 0.864291 0.864291
6556.470215 0.000000 1719.596436 0.000000 0.990831 0.000000 0.135106 0.884470 0.884470 0.884470
6556.792480 0.000000 1708.806641 0.000000 0.728238 0.000000 0.685324 0.813478 0.813478 0.813478
6567.556641 0.000000 1718.457886 0.000000 0.934074 0.000000 -0.357079 0.941842 0.941842 0.941842
6619.323730 0.000000 1665.968872 0.000000 0.996307 0.000000 0.085862 0.890149 0.890149 0.890149
6624.841797 0.000000 1702.667114 0.000000 0.350441 0.000000 0.936585 0.761029 0.761029 0.761029
6370.970215 0.000000 1800.895508 0.000000 0.410597 0.000000 -0.911817 1.031515 1.031515 1.031515
6382.881836 0.000000 1811.452515 0.000000 0.991141 0.000000 0.132810 0.884736 0.884736 0.884736
6375.265137 0.000000 1793.940674 0.000000 0.979405 0.000000 0.201907 0.876703 0.876703 0.876703
6382.597168 0.000000 1810.529541 0.000000 0.932628 0.000000 -0.360840 0.942304 0.942304 0.942304
6371.824707 0.000000 1801.221436 0.000000 0.981911 0.000000 0.189344 0.878171 0.878171 0.878171
6432.405762 0.000000 1829.067017 0.000000 0.503616 0.000000 0.863928 0.780479 0.780479 0.780479
6450.559082 0.000000 1823.779785 0.000000 0.344260 0.000000 -0.938874 1.039727 1.039727 1.039727
6433.774902 0.000000 1829.138550 0.000000 0.766764 0.000000 0.641929 0.820128 0.820128 0.820128
6588.855957 0.000000 1890.170288 0.000000 0.952217 0.000000 -0.305424 0.935567 0.935567 0.935567
6605.275879 0.000000 1892.415527 0.000000 0.298979 0.000000 -0.954260 1.045207 1.045207 1.045207
6607.589844 0.000000 1904.517212 0.000000 0.912635 0.000000 -0.408776 0.948256 0.948256 0.948256
6596.424316 0.000000 1897.898926 0.000000 0.766327 0.000000 -0.642450 0.979950 0.979950 0.979950
6602.507324 0.000000 1895.054443 0.000000 0.640232 0.000000 -0.768182 1.000382 1.000382 1.000382
6599.429688 0.000000 1898.536133 0.000000 0.981054 0.000000 -0.193732 0.922341 0.922341 0.922341
6598.431152 0.000000 1898.378052 0.000000 0.127057 0.000000 -0.991895 1.065401 1.065401 1.065401
6603.408203 0.000000 1894.644531 0.000000 0.931839 0.000000 -0.362871 0.942553 0.942553 0.942553
6714.607422 0.000000 1565.482178 0.000000 0.552943 0.000000 0.833219 0.787138 0.787138 0.787138
6707.063477 0.000000 1559.448364 0.000000 0.685487 0.000000 -0.728085 0.993452 0.993452 0.993452
6708.693848 0.000000 1562.741455 0.000000 0.724147 0.000000 0.689645 0.812796 0.812796 0.812796
6708.642090 0.000000 1563.902954 0.000000 0.508367 0.000000 -0.861141 1.018890 1.018890 1.018890
6685.642578 0.000000 1596.376953 0.000000 0.891471 0.000000 0.453078 0.846117 0.846117 0.846117
6696.217773 0.000000 1593.445557 0.000000 0.241220 0.000000 -0.970471 1.052083 1.052083 1.052083
6714.073242 0.000000 1569.935181 0.000000 0.996320 0.000000 0.085707 0.890167 0.890167 0.890167
6691.634277 0.000000 1574.404785 0.000000 0.795352 0.000000 -0.606148 0.974623 0.974623 0.974623
6682.017578 0.000000 1630.536987 0.000000 0.795854 0.000000 -0.605489 0.974528 0.974528 0.974528
6683.301758 0.000000 1630.456055 0.000000 0.933420 0.000000 0.358786 0.857949 0.857949 0.857949
6693.644531 0.000000 1599.906128 0.000000 0.504143 0.000000 0.863620 0.780549 0.780549 0.780549
6679.448242 0.000000 1647.560913 0.000000 0.603402 0.000000 0.797437 0.794228 0.794228 0.794228
6684.153809 0.000000 1643.414307 0.000000 0.079803 0.000000 0.996811 0.729155 0.729155 0.729155
6868.849121 0.000000 1672.435425 0.000000 0.760695 0.000000 0.649110 0.819051 0.819051 0.819051
6857.361816 0.000000 1675.914795 0.000000 0.996122 0.000000 0.087981 0.889905 0.889905 0.889905
6908.519531 0.000000 1702.013794 0.000000 0.302808 0.000000 -0.953052 1.044747 1.044747 1.044747
6908.932617 0.000000 1699.696777 0.000000 0.950617 0.000000 0.310365 0.863838 0.863838 0.863838
6890.584473 0.000000 1784.069336 0.000000 0.860788 0.000000 -0.508963 0.961190 0.961190 0.961190
6896.519043 0.000000 1785.345459 0.000000 0.642653 0.000000 0.766158 0.799980 0.799980 0.799980
6887.992676 0.000000 1789.910278 0.000000 0.909329 0.000000 0.416077 0.850826 0.850826 0.850826
6940.470215 0.000000 1659.451050 0.000000 0.989272 0.000000 -0.146086 0.916800 0.916800 0.916800
6943.134766 0.000000 1660.326904 0.000000 0.980279 0.000000 0.197616 0.877205 0.877205 0.877205
6941.336914 0.000000 1658.368896 0.000000 0.909772 0.000000 0.415108 0.850948 0.850948 0.850948
6943.165527 0.000000 1647.931641 0.000000 0.404878 0.000000 -0.914371 1.032233 1.032233 1.032233
6954.222168 0.000000 1659.737305 0.000000 0.952449 0.000000 -0.304698 0.935480 0.935480 0.935480
6926.335938 0.000000 1693.600342 0.000000 0.999428 0.000000 -0.033831 0.903877 0.903877 0.903877
6932.561035 0.000000 1693.005493 0.000000 0.832672 0.000000 0.553766 0.832748 0.832748 0.832748
6917.213867 0.000000 1693.380981 0.000000 0.950166 0.000000 -0.311743 0.936329 0.936329 0.936329
6913.093750 0.000000 1688.927368 0.000000 0.856774 0.000000 -0.515692 0.962087 0.962087 0.962087
6918.890137 0.000000 1688.006958 0.000000 0.185016 0.000000 0.982736 0.741324 0.741324 0.741324
6927.967773 0.000000 1694.733032 0.000000 0.500810 0.000000 -0.865557 1.019893 1.019893 1.019893
6933.967773 0.000000 1692.560913 0.000000 0.013298 0.000000 -0.999912 1.078476 1.078476 1.078476
6928.290527 0.000000 1687.743286 0.000000 0.999598 0.000000 0.028344 0.896752 0.896752 0.896752
6943.465820 0.000000 1665.061646 0.000000 0.889344 0.000000 -0.457239 0.954418 0.954418 0.954418
6913.863770 0.000000 1703.942749 0.000000 0.858623 0.000000 0.512607 0.838325 0.838325 0.838325
6918.162598 0.000000 1708.896729 0.000000 0.999763 0.000000 -0.021792 0.902497 0.902497 0.902497
6931.854492 0.000000 1700.726685 0.000000 0.996614 0.000000 0.082228 0.890567 0.890567 0.890567
6912.806641 0.000000 1702.667114 0.000000 0.995884 0.000000 -0.090641 0.910401 0.910401 0.910401
6918.531738 0.000000 1717.289795 0.000000 0.027366 0.000000 0.999625 0.723136 0.723136 0.723136
6929.635254 0.000000 1703.029541 0.000000 0.410798 0.000000 0.911727 0.768510 0.768510 0.768510
6922.970703 0.000000 1696.627197 0.000000 0.638045 0.000000 0.770000 0.799292 0.799292 0.799292
6918.396484 0.000000 1709.951050 0.000000 0.072961 0.000000 -0.997335 1.071632 1.071632 1.071632
6917.488770 0.000000 1705.943848 0.000000 0.950320 0.000000 0.311275 0.863728 0.863728 0.863728
6920.248535 0.000000 1749.109741 0.000000 0.244061 0.000000 0.969760 0.748253 0.748253 0.748253
6912.956055 0.000000 1750.378296 0.000000 0.545760 0.000000 -0.837941 1.013847 1.013847 1.013847
6921.294434 0.000000 1748.202026 0.000000 0.503970 0.000000 -0.863721 1.019474 1.019474 1.019474
6917.331543 0.000000 1740.021973 0.000000 0.912458 0.000000 -0.409169 0.948305 0.948305 0.948305
6760.806152 0.000000 1841.789307 0.000000 0.348632 0.000000 -0.937260 1.039193 1.039193 1.039193
6819.557129 0.000000 1821.274780 0.000000 0.931767 0.000000 -0.363056 0.942576 0.942576 0.942576
6818.398926 0.000000 1821.008545 0.000000 0.637410 0.000000 0.770525 0.799198 0.799198 0.799198
6899.858398 0.000000 1796.703247 0.000000 0.795024 0.000000 -0.606578 0.974685 0.974685 0.974685
6689.121094 0.000000 2008.849243 0.000000 0.887530 0.000000 0.460750 0.845129 0.845129 0.845129
6821.743164 0.000000 2011.881226 0.000000 0.506505 0.000000 -0.862237 1.019137 1.019137 1.019137
6815.181641 0.000000 2020.509766 0.000000 0.460943 0.000000 0.887430 0.774896 0.774896 0.774896
6843.386230 0.000000 2022.150391 0.000000 0.510711 0.000000 0.859753 0.781422 0.781422 0.781422
6821.099121 0.000000 2023.723877 0.000000 0.184206 0.000000 -0.982888 1.058770 1.058770 1.058770
6841.539551 0.000000 2041.626465 0.000000 0.966511 0.000000 -0.256625 0.929740 0.929740 0.929740
7145.768555 0.000000 1936.960815 0.000000 0.296453 0.000000 0.955047 0.754489 0.754489 0.754489
7166.210449 0.000000 1942.843140 0.000000 0.914337 0.000000 0.404955 0.852223 0.852223 0.852223
7154.871582 0.000000 1930.695190 0.000000 0.996003 0.000000 -0.089320 0.910249 0.910249 0.910249
7156.009766 0.000000 1929.398560 0.000000 0.934098 0.000000 0.357015 0.858166 0.858166 0.858166
7165.109863 0.000000 1942.561523 0.000000 0.950188 0.000000 -0.311677 0.936321 0.936321 0.936321
7155.866699 0.000000 1930.466187 0.000000 0.912163 0.000000 0.409828 0.851612 0.851612 0.851612
7154.500000 0.000000 1931.573853 0.000000 0.352189 0.000000 -0.935929 1.038758 1.038758 1.038758
7445.080078 0.000000 1518.061035 0.000000 0.642182 0.000000 -0.766552 1.000090 1.000090 1.000090
7439.245605 0.000000 1526.268677 0.000000 0.688966 0.000000 0.724794 0.807097 0.807097 0.807097
7384.144043 0.000000 1574.735962 0.000000 0.886932 0.000000 -0.461899 0.955019 0.955019 0.955019
7384.333008 0.000000 1571.320557 0.000000 0.797429 0.000000 -0.603412 0.974229 0.974229 0.974229
7378.150391 0.000000 1580.758179 0.000000 0.935075 0.000000 0.354450 0.858481 0.858481 0.858481
7374.267090 0.000000 1575.340698 0.000000 0.995949 0.000000 -0.089915 0.910317 0.910317 0.910317
7284.977539 0.000000 1785.286499 0.000000 0.504126 0.000000 -0.863630 1.019453 1.019453 1.019453
7312.629883 0.000000 1773.209839 0.000000 0.556612 0.000000 0.830773 0.787644 0.787644 0.787644
7306.979004 0.000000 1781.566895 0.000000 0.981315 0.000000 -0.192408 0.922187 0.922187 0.922187
7550.678223 0.000000 1550.492920 0.000000 0.138455 0.000000 0.990369 0.735917 0.735917 0.735917
7519.313965 0.000000 1575.716553 0.000000 0.990800 0.000000 -0.135331 0.915555 0.915555 0.915555
7525.044434 0.000000 1570.260132 0.000000 0.721067 0.000000 -0.692865 0.987715 0.987715 0.987715
7524.535156 0.000000 1571.587036 0.000000 0.829361 0.000000 -0.558714 0.967934 0.967934 0.967934
7563.340820 0.000000 1539.405762 0.000000 0.446949 0.000000 -0.894559 1.026904 1.026904 1.026904
7563.671387 0.000000 1541.804565 0.000000 0.239290 0.000000 -0.970948 1.052311 1.052311 1.052311
7560.470703 0.000000 1549.395142 0.000000 0.449558 0.000000 0.893251 0.773431 0.773431 0.773431
7551.156738 0.000000 1550.477539 0.000000 0.889524 0.000000 -0.456888 0.954373 0.954373 0.954373
7563.741211 0.000000 1540.553833 0.000000 0.759905 0.000000 -0.650034 0.981088 0.981088 0.981088
7534.741211 0.000000 1747.468140 0.000000 0.303048 0.000000 -0.952975 1.044719 1.044719 1.044719
7528.496582 0.000000 1744.494019 0.000000 0.239595 0.000000 -0.970873 1.052275 1.052275 1.052275
7530.398438 0.000000 1733.765137 0.000000 0.996587 0.000000 -0.082546 0.909470 0.909470 0.909470
7530.856445 0.000000 1745.519043 0.000000 0.599360 0.000000 -0.800479 1.006352 1.006352 1.006352
7538.016113 0.000000 1746.733032 0.000000 0.914738 0.000000 0.404048 0.852337 0.852337 0.852337
7537.096191 0.000000 1751.107178 0.000000 0.913242 0.000000 0.407419 0.851914 0.851914 0.851914
7532.595703 0.000000 1737.727417 0.000000 0.979353 0.000000 0.202156 0.876674 0.876674 0.876674
7229.609375 0.000000 1804.318359 0.000000 0.764349 0.000000 0.644803 0.819698 0.819698 0.819698
7225.951172 0.000000 1854.482300 0.000000 0.297813 0.000000 -0.954624 1.045347 1.045347 1.045347
7234.084473 0.000000 1798.700073 0.000000 0.549020 0.000000 0.835809 0.786600 0.786600 0.786600
7235.567871 0.000000 1798.350098 0.000000 0.398359 0.000000 -0.917230 1.033049 1.033049 1.033049
7216.993652 0.000000 1857.178589 0.000000 0.546243 0.000000 -0.837626 1.013781 1.013781 1.013781
7226.544922 0.000000 1917.396240 0.000000 0.889824 0.000000 0.456305 0.845702 0.845702 0.845702
7231.066895 0.000000 1892.604248 0.000000 0.727041 0.000000 0.686594 0.813278 0.813278 0.813278
7222.703125 0.000000 1888.339722 0.000000 0.934802 0.000000 -0.355170 0.941608 0.941608 0.941608
7231.204102 0.000000 1885.746582 0.000000 0.595316 0.000000 0.803492 0.793070 0.793070 0.793070
7290.215820 0.000000 1882.498779 0.000000 0.411664 0.000000 0.911336 0.768619 0.768619 0.768619
7286.695312 0.000000 1888.339722 0.000000 0.190623 0.000000 -0.981663 1.058022 1.058022 1.058022
7305.314941 0.000000 1800.356445 0.000000 0.999569 0.000000 -0.029367 0.903366 0.903366 0.903366
7305.490234 0.000000 1801.608154 0.000000 0.885525 0.000000 -0.464592 0.955368 0.955368 0.955368
7315.767578 0.000000 1793.897705 0.000000 0.989987 0.000000 -0.141156 0.916229 0.916229 0.916229
7316.764648 0.000000 1829.186401 0.000000 0.016218 0.000000 -0.999868 1.078141 1.078141 1.078141
7317.857910 0.000000 1829.603394 0.000000 0.800515 0.000000 -0.599313 0.973641 0.973641 0.973641
7345.801758 0.000000 1846.327637 0.000000 0.979056 0.000000 -0.203592 0.923494 0.923494 0.923494
7342.977051 0.000000 1845.239746 0.000000 0.910235 0.000000 0.414091 0.851076 0.851076 0.851076
7353.330078 0.000000 1841.987793 0.000000 0.138240 0.000000 0.990399 0.735892 0.735892 0.735892
7328.632324 0.000000 1824.627808 0.000000 0.999664 0.000000 0.025911 0.897030 0.897030 0.897030
7330.504395 0.000000 1825.642456 0.000000 0.404952 0.000000 -0.914338 1.032224 1.032224 1.032224
7346.862305 0.000000 1839.648193 0.000000 0.797436 0.000000 0.603403 0.825772 0.825772 0.825772
7351.280273 0.000000 1838.301514 0.000000 0.934804 0.000000 0.355163 0.858393 0.858393 0.858393
7329.709473 0.000000 1824.877075 0.000000 0.999506 0.000000 -0.031415 0.903600 0.903600 0.903600
7335.924316 0.000000 1839.383423 0.000000 0.410587 0.000000 -0.911821 1.031517 1.031517 1.031517
7347.822266 0.000000 1839.383179 0.000000 0.980280 0.000000 0.197612 0.877205 0.877205 0.877205
7345.119629 0.000000 1847.083740 0.000000 0.448965 0.000000 -0.893549 1.026645 1.026645 1.026645
7366.107910 0.000000 1804.873291 0.000000 0.243460 0.000000 0.969911 0.748182 0.748182 0.748182
7318.938965 0.000000 1885.234131 0.000000 0.298701 0.000000 -0.954347 1.045241 1.045241 1.045241
7314.866211 0.000000 1871.640381 0.000000 0.075642 0.000000 0.997135 0.728676 0.728676 0.728676
7322.687988 0.000000 1875.907104 0.000000 0.683762 0.000000 -0.729705 0.993723 0.993723 0.993723
7312.427734 0.000000 1871.818848 0.000000 0.305119 0.000000 0.952314 0.755531 0.755531 0.755531
7324.198730 0.000000 1869.836304 0.000000 0.401980 0.000000 0.915648 0.767404 0.767404 0.767404
7328.047852 0.000000 1877.426514 0.000000 0.888186 0.000000 -0.459485 0.954708 0.954708 0.954708
7330.179688 0.000000 1865.550293 0.000000 0.830291 0.000000 0.557330 0.832257 0.832257 0.832257
7297.408691 0.000000 1893.996094 0.000000 0.249667 0.000000 -0.968332 1.051084 1.051084 1.051084
7168.169922 0.000000 1937.983032 0.000000 0.952135 0.000000 -0.305678 0.935598 0.935598 0.935598
7242.204590 0.000000 1921.545654 0.000000 0.458562 0.000000 0.888662 0.774589 0.774589 0.774589
7231.181152 0.000000 1920.099487 0.000000 0.891380 0.000000 0.453256 0.846094 0.846094 0.846094
7236.914551 0.000000 1924.456787 0.000000 0.914793 0.000000 0.403923 0.852353 0.852353 0.852353
7324.955078 0.000000 1968.610962 0.000000 0.799182 0.000000 -0.601089 0.973896 0.973896 0.973896
7305.307129 0.000000 1963.844482 0.000000 0.890570 0.000000 -0.454846 0.954110 0.954110 0.954110
7326.412598 0.000000 1959.425049 0.000000 0.950716 0.000000 0.310063 0.863874 0.863874 0.863874
7318.812988 0.000000 1973.164185 0.000000 0.504644 0.000000 -0.863328 1.019385 1.019385 1.019385
7550.363281 0.000000 2004.033936 0.000000 0.303770 0.000000 -0.952745 1.044632 1.044632 1.044632
7542.287109 0.000000 2003.320435 0.000000 0.999607 0.000000 0.028018 0.896789 0.896789 0.896789
7546.660645 0.000000 2003.875854 0.000000 0.828246 0.000000 0.560364 0.831838 0.831838 0.831838
7547.359863 0.000000 2007.426270 0.000000 0.194178 0.000000 0.980966 0.742393 0.742393 0.742393
7545.412109 0.000000 1999.249878 0.000000 0.455000 0.000000 -0.890492 1.025870 1.025870 1.025870
7545.508301 0.000000 2015.674805 0.000000 0.995869 0.000000 0.090801 0.889581 0.889581 0.889581
7605.971191 0.000000 1975.746704 0.000000 0.305271 0.000000 0.952266 0.755549 0.755549 0.755549
7608.680176 0.000000 1976.939209 0.000000 0.292545 0.000000 -0.956252 1.045979 1.045979 1.045979
7563.229004 0.000000 2002.704102 0.000000 0.556711 0.000000 0.830707 0.787657 0.787657 0.787657
7568.228516 0.000000 1989.729248 0.000000 0.451937 0.000000 -0.892050 1.026264 1.026264 1.026264
7558.377441 0.000000 1993.375732 0.000000 0.637914 0.000000 0.770107 0.799273 0.799273 0.799273
7559.312500 0.000000 1994.512695 0.000000 0.996100 0.000000 -0.088228 0.910123 0.910123 0.910123
7564.220215 0.000000 1999.277344 0.000000 0.979903 0.000000 -0.199475 0.923012 0.923012 0.923012
7576.108398 0.000000 1989.200562 0.000000 0.129464 0.000000 -0.991584 1.065123 1.065123 1.065123
7560.708496 0.000000 2001.750244 0.000000 0.862197 0.000000 -0.506573 0.960872 0.960872 0.960872
7563.741211 0.000000 1988.444458 0.000000 0.911449 0.000000 0.411413 0.851413 0.851413 0.851413
7559.299805 0.000000 1996.867065 0.000000 0.026905 0.000000 -0.999638 1.076917 1.076917 1.076917
7565.145996 0.000000 1995.583008 0.000000 0.888339 0.000000 0.459188 0.845331 0.845331 0.845331
7568.766113 0.000000 1996.270508 0.000000 0.021926 0.000000 -0.999760 1.077487 1.077487 1.077487
7707.278320 0.000000 1551.801880 0.000000 0.247763 0.000000 0.968821 0.748690 0.748690 0.748690
7769.825195 0.000000 1596.572754 0.000000 0.858744 0.000000 0.512405 0.838352 0.838352 0.838352
7742.339844 0.000000 1620.127686 0.000000 0.550755 0.000000 0.834667 0.786838 0.786838 0.786838
7735.977539 0.000000 1617.371338 0.000000 0.645972 0.000000 -0.763361 0.999523 0.999523 0.999523
7742.489258 0.000000 1621.567261 0.000000 0.999746 0.000000 0.022525 0.897419 0.897419 0.897419
7734.263672 0.000000 1619.414185 0.000000 0.967915 0.000000 0.251279 0.870894 0.870894 0.870894
7711.366211 0.000000 1714.644043 0.000000 0.645988 0.000000 0.763348 0.800480 0.800480 0.800480
7714.267090 0.000000 1714.275024 0.000000 0.196884 0.000000 0.980427 0.742710 0.742710 0.742710
7715.667480 0.000000 1714.878662 0.000000 0.454618 0.000000 -0.890687 1.025919 1.025919 1.025919
7776.327637 0.000000 1715.694824 0.000000 0.141317 0.000000 0.989964 0.736248 0.736248 0.736248
7779.588867 0.000000 1718.614746 0.000000 0.294571 0.000000 -0.955630 1.045736 1.045736 1.045736
7710.239746 0.000000 1757.603027 0.000000 0.856929 0.000000 0.515435 0.837947 0.837947 0.837947
7738.482422 0.000000 1757.435303 0.000000 0.765865 0.000000 0.643001 0.819968 0.819968 0.819968
7735.572754 0.000000 1754.403076 0.000000 0.183104 0.000000 -0.983094 1.058899 1.058899 1.058899
7735.977539 0.000000 1745.340088 0.000000 0.996030 0.000000 -0.089016 0.910214 0.910214 0.910214
7706.303711 0.000000 1760.551758 0.000000 0.829968 0.000000 -0.557810 0.967809 0.967809 0.967809
7686.361816 0.000000 1769.430420 0.000000 0.456955 0.000000 0.889490 0.774382 0.774382 0.774382
7710.645996 0.000000 1777.741333 0.000000 0.351081 0.000000 -0.936345 1.038893 1.038893 1.038893
7698.804688 0.000000 1773.539673 0.000000 0.968921 0.000000 0.247370 0.871356 0.871356 0.871356
7708.151855 0.000000 1773.859741 0.000000 0.979004 0.000000 -0.203842 0.923523 0.923523 0.923523
7731.576172 0.000000 1780.695190 0.000000 0.911729 0.000000 0.410792 0.851491 0.851491 0.851491
7721.951172 0.000000 1772.924683 0.000000 0.979640 0.000000 -0.200761 0.923163 0.923163 0.923163
7726.717773 0.000000 1779.460327 0.000000 0.799186 0.000000 0.601084 0.826105 0.826105 0.826105
7728.616699 0.000000 1778.890625 0.000000 0.304233 0.000000 -0.952598 1.044576 1.044576 1.044576
7729.992676 0.000000 1778.725220 0.000000 0.763569 0.000000 -0.645726 0.980440 0.980440 0.980440
7719.270020 0.000000 1769.524292 0.000000 0.981280 0.000000 -0.192587 0.922208 0.922208 0.922208
7745.608887 0.000000 1749.285400 0.000000 0.909799 0.000000 0.415050 0.850955 0.850955 0.850955
7796.455566 0.000000 1756.989868 0.000000 0.242159 0.000000 -0.970237 1.051972 1.051972 1.051972
7801.424316 0.000000 1779.945068 0.000000 0.979754 0.000000 -0.200206 0.923098 0.923098 0.923098
7805.700684 0.000000 1778.429443 0.000000 0.135901 0.000000 0.990722 0.735621 0.735621 0.735621
7786.372070 0.000000 1762.743896 0.000000 0.645306 0.000000 0.763924 0.800377 0.800377 0.800377
7714.164062 0.000000 1806.513428 0.000000 0.999631 0.000000 -0.027148 0.903111 0.903111 0.903111
7723.504883 0.000000 1812.025635 0.000000 0.602694 0.000000 0.797973 0.794126 0.794126 0.794126
7728.230469 0.000000 1809.471313 0.000000 0.686112 0.000000 -0.727496 0.993354 0.993354 0.993354
7733.449707 0.000000 1814.750366 0.000000 0.970151 0.000000 0.242503 0.871931 0.871931 0.871931
7726.983887 0.000000 1804.938843 0.000000 0.296207 0.000000 -0.955124 1.045540 1.045540 1.045540
7716.863770 0.000000 1809.201416 0.000000 0.644308 0.000000 0.764766 0.800228 0.800228 0.800228
7729.645996 0.000000 1809.105713 0.000000 0.236823 0.000000 -0.971553 1.052602 1.052602 1.052602
7759.520996 0.000000 1810.458740 0.000000 0.195543 0.000000 0.980695 0.742553 0.742553 0.742553
7743.067871 0.000000 1807.892578 0.000000 0.305535 0.000000 -0.952181 1.044419 1.044419 1.044419
7745.003906 0.000000 1809.668335 0.000000 0.990559 0.000000 -0.137085 0.915758 0.915758 0.915758
7745.112305 0.000000 1801.576416 0.000000 0.989937 0.000000 0.141508 0.883730 0.883730 0.883730
7746.248047 0.000000 1808.887329 0.000000 0.128585 0.000000 -0.991699 1.065224 1.065224 1.065224
7755.500977 0.000000 1812.025635 0.000000 0.553394 0.000000 0.832919 0.787200 0.787200 0.787200
7755.747070 0.000000 1800.905762 0.000000 0.996659 0.000000 0.081676 0.890630 0.890630 0.890630
7772.434570 0.000000 1810.790161 0.000000 0.934481 0.000000 -0.356014 0.941711 0.941711 0.941711
7770.474609 0.000000 1915.539062 0.000000 0.990299 0.000000 -0.138950 0.915974 0.915974 0.915974
7744.854492 0.000000 1910.339233 0.000000 0.240819 0.000000 0.970570 0.747870 0.747870 0.747870
7755.990234 0.000000 1915.923950 0.000000 0.990026 0.000000 -0.140886 0.916198 0.916198 0.916198
7773.445801 0.000000 1919.057983 0.000000 0.073309 0.000000 -0.997309 1.071592 1.071592 1.071592
7746.078125 0.000000 1903.957397 0.000000 0.297054 0.000000 0.954861 0.754561 0.754561 0.754561
7728.417480 0.000000 1945.306396 0.000000 0.722125 0.000000 -0.691762 0.987539 0.987539 0.987539
7751.356445 0.000000 1919.578125 0.000000 0.601948 0.000000 0.798535 0.794019 0.794019 0.794019
7787.741699 0.000000 1921.294434 0.000000 0.978832 0.000000 -0.204664 0.923620 0.923620 0.923620
7789.812500 0.000000 1920.917358 0.000000 0.297575 0.000000 0.954699 0.754624 0.754624 0.754624
7709.453613 0.000000 2015.034546 0.000000 0.798338 0.000000 0.602210 0.825943 0.825943 0.825943
7706.303711 0.000000 2016.489258 0.000000 0.548077 0.000000 0.836428 0.786470 0.786470 0.786470
7705.082520 0.000000 2016.675415 0.000000 0.792188 0.000000 -0.610277 0.975219 0.975219 0.975219
7709.312012 0.000000 2022.453979 0.000000 0.995688 0.000000 -0.092766 0.910645 0.910645 0.910645
7712.585449 0.000000 2016.580933 0.000000 0.347481 0.000000 0.937687 0.760667 0.760667 0.760667
7714.457520 0.000000 2017.595581 0.000000 0.459136 0.000000 0.888366 0.774663 0.774663 0.774663
7714.251953 0.000000 2032.832642 0.000000 0.195026 0.000000 0.980798 0.742492 0.742492 0.742492
7726.198242 0.000000 2017.766479 0.000000 0.996665 0.000000 0.081604 0.890638 0.890638 0.890638
7715.107910 0.000000 2032.514282 0.000000 0.241353 0.000000 -0.970437 1.052067 1.052067 1.052067
7758.188477 0.000000 2030.963257 0.000000 0.935278 0.000000 -0.353915 0.941454 0.941454 0.941454
7801.860840 0.000000 2040.033447 0.000000 0.299161 0.000000 -0.954203 1.045186 1.045186 1.045186
7805.760254 0.000000 2020.161865 0.000000 0.796065 0.000000 0.605211 0.825512 0.825512 0.825512
7811.535645 0.000000 2033.774658 0.000000 0.966352 0.000000 -0.257223 0.929811 0.929811 0.929811
7808.237793 0.000000 2021.020142 0.000000 0.990227 0.000000 0.139465 0.883966 0.883966 0.883966
7809.865234 0.000000 2018.662354 0.000000 0.605875 0.000000 0.795560 0.794584 0.794584 0.794584
5934.457031 0.000000 2557.389404 0.000000 0.447555 0.000000 -0.894256 1.026826 1.026826 1.026826
5928.311523 0.000000 2553.211182 0.000000 0.887667 0.000000 -0.460486 0.954837 0.954837 0.954837
5925.069824 0.000000 2549.331787 0.000000 0.241054 0.000000 0.970512 0.747898 0.747898 0.747898
5935.396973 0.000000 2556.772461 0.000000 0.999712 0.000000 0.023984 0.897251 0.897251 0.897251
5996.928223 0.000000 2592.563477 0.000000 0.686770 0.000000 -0.726875 0.993250 0.993250 0.993250
5982.612305 0.000000 2635.543945 0.000000 0.461110 0.000000 0.887343 0.774918 0.774918 0.774918
5977.569824 0.000000 2626.825439 0.000000 0.999668 0.000000 0.025775 0.897046 0.897046 0.897046
5968.666992 0.000000 2627.248779 0.000000 0.999710 0.000000 -0.024082 0.902760 0.902760 0.902760
6027.528320 0.000000 2659.132324 0.000000 0.757838 0.000000 -0.652443 0.981452 0.981452 0.981452
6024.457520 0.000000 2662.177490 0.000000 0.022724 0.000000 -0.999742 1.077396 1.077396 1.077396
6041.691895 0.000000 2655.518555 0.000000 0.636680 0.000000 -0.771128 1.000911 1.000911 1.000911
6047.493652 0.000000 2663.450928 0.000000 0.133458 0.000000 -0.991054 1.064661 1.064661 1.064661
6127.720215 0.000000 2642.255615 0.000000 0.554109 0.000000 0.832444 0.787299 0.787299 0.787299
6132.592285 0.000000 2635.167236 0.000000 0.685037 0.000000 -0.728508 0.993523 0.993523 0.993523
6129.529297 0.000000 2639.952148 0.000000 0.952604 0.000000 -0.304212 0.935421 0.935421 0.935421
6127.260254 0.000000 2629.633789 0.000000 0.981158 0.000000 0.193209 0.877720 0.877720 0.877720
6126.628418 0.000000 2642.326416 0.000000 0.968750 0.000000 0.248038 0.871277 0.871277 0.871277
6123.165527 0.000000 2628.836670 0.000000 0.862684 0.000000 0.505743 0.839239 0.839239 0.839239
6067.683594 0.000000 2919.857422 0.000000 0.021363 0.000000 -0.999772 1.077552 1.077552 1.077552
6024.846191 0.000000 2954.381592 0.000000 0.884485 0.000000 -0.466569 0.955624 0.955624 0.955624
6022.657227 0.000000 2947.020020 0.000000 0.079408 0.000000 0.996842 0.729109 0.729109 0.729109
6027.145508 0.000000 2951.552246 0.000000 0.969318 0.000000 -0.245812 0.928460 0.928460 0.928460
6033.887207 0.000000 2948.133301 0.000000 0.908619 0.000000 -0.417626 0.949370 0.949370 0.949370
6046.700684 0.000000 3063.719238 0.000000 0.079154 0.000000 0.996862 0.729080 0.729080 0.729080
6198.908691 0.000000 2614.966064 0.000000 0.908287 0.000000 -0.418347 0.949460 0.949460 0.949460
6203.585938 0.000000 2619.229980 0.000000 0.594538 0.000000 -0.804068 1.007041 1.007041 1.007041
6233.168457 0.000000 2570.761963 0.000000 0.950650 0.000000 0.310266 0.863849 0.863849 0.863849
6219.561035 0.000000 2572.364746 0.000000 0.953658 0.000000 0.300892 0.864978 0.864978 0.864978
6233.390137 0.000000 2571.652100 0.000000 0.889037 0.000000 -0.457836 0.954495 0.954495 0.954495
6246.244629 0.000000 2572.685791 0.000000 0.981579 0.000000 -0.191056 0.922029 0.922029 0.922029
6243.321289 0.000000 2575.468506 0.000000 0.979571 0.000000 -0.201099 0.923202 0.923202 0.923202
6242.343750 0.000000 2574.325928 0.000000 0.192559 0.000000 -0.981285 1.057796 1.057796 1.057796
6248.378418 0.000000 2579.598389 0.000000 0.544899 0.000000 -0.838502 1.013964 1.013964 1.013964
6222.275879 0.000000 2620.245850 0.000000 0.508319 0.000000 0.861169 0.781104 0.781104 0.781104
6211.229004 0.000000 2620.041992 0.000000 0.131521 0.000000 0.991313 0.735115 0.735115 0.735115
6210.574219 0.000000 2621.812256 0.000000 0.793800 0.000000 -0.608179 0.974916 0.974916 0.974916
6392.828613 0.000000 2680.767334 0.000000 0.188596 0.000000 -0.982055 1.058258 1.058258 1.058258
6392.027344 0.000000 2680.188721 0.000000 0.936190 0.000000 -0.351495 0.941158 0.941158 0.941158
6398.216309 0.000000 2687.584961 0.000000 0.546302 0.000000 -0.837588 1.013773 1.013773 1.013773
6428.312500 0.000000 2577.701904 0.000000 0.076706 0.000000 -0.997054 1.071201 1.071201 1.071201
6429.809570 0.000000 2577.201904 0.000000 0.690499 0.000000 0.723333 0.807339 0.807339 0.807339
6451.620605 0.000000 2571.426758 0.000000 0.127427 0.000000 -0.991848 1.065358 1.065358 1.065358
6488.171875 0.000000 2578.058594 0.000000 0.911509 0.000000 -0.411281 0.948571 0.948571 0.948571
6502.875977 0.000000 2590.051270 0.000000 0.085484 0.000000 0.996339 0.729808 0.729808 0.729808
6500.199219 0.000000 2568.199463 0.000000 0.450266 0.000000 -0.892894 1.026478 1.026478 1.026478
6502.170898 0.000000 2590.939697 0.000000 0.023368 0.000000 0.999727 0.722678 0.722678 0.722678
6412.971680 0.000000 2700.541016 0.000000 0.858306 0.000000 0.513139 0.838254 0.838254 0.838254
6409.231445 0.000000 2715.722412 0.000000 0.551212 0.000000 0.834365 0.786900 0.786900 0.786900
6423.308105 0.000000 2694.393555 0.000000 0.344528 0.000000 -0.938776 1.039694 1.039694 1.039694
6410.288574 0.000000 2715.479492 0.000000 0.990336 0.000000 -0.138689 0.915944 0.915944 0.915944
6417.458984 0.000000 2769.714600 0.000000 0.074268 0.000000 -0.997238 1.071482 1.071482 1.071482
6195.125977 0.000000 2839.135986 0.000000 0.910369 0.000000 0.413798 0.851113 0.851113 0.851113
6189.635742 0.000000 2837.690430 0.000000 0.884972 0.000000 -0.465645 0.955504 0.955504 0.955504
6183.132324 0.000000 2831.597900 0.000000 0.597119 0.000000 0.802153 0.793328 0.793328 0.793328
6183.370605 0.000000 2841.697021 0.000000 0.499595 0.000000 -0.866259 1.020054 1.020054 1.020054
6326.435547 0.000000 2995.078125 0.000000 0.855748 0.000000 -0.517393 0.962315 0.962315 0.962315
6326.811523 0.000000 3002.711426 0.000000 0.830162 0.000000 0.557523 0.832231 0.832231 0.832231
6639.609375 0.000000 2904.006836 0.000000 0.856597 0.000000 -0.515987 0.962127 0.962127 0.962127
6626.399902 0.000000 2897.985840 0.000000 0.025571 0.000000 0.999673 0.722930 0.722930 0.722930
6583.945312 0.000000 2967.129395 0.000000 0.186799 0.000000 0.982398 0.741532 0.741532 0.741532
6587.418457 0.000000 2957.345947 0.000000 0.826199 0.000000 -0.563378 0.968579 0.968579 0.968579
6572.542480 0.000000 2961.508057 0.000000 0.605807 0.000000 0.795612 0.794574 0.794574 0.794574
6585.685059 0.000000 2957.517334 0.000000 0.356329 0.000000 -0.934361 1.038250 1.038250 1.038250
6583.604492 0.000000 2952.765625 0.000000 0.452654 0.000000 -0.891686 1.026172 1.026172 1.026172
6589.620117 0.000000 2964.126221 0.000000 0.641356 0.000000 -0.767243 1.000214 1.000214 1.000214
6585.495605 0.000000 2978.739502 0.000000 0.349344 0.000000 -0.936995 1.039106 1.039106 1.039106
6818.155273 0.000000 2587.630859 0.000000 0.085304 0.000000 -0.996355 1.070213 1.070213 1.070213
6846.449219 0.000000 2579.893311 0.000000 0.086280 0.000000 0.996271 0.729899 0.729899 0.729899
6843.338379 0.000000 2584.272461 0.000000 0.827510 0.000000 0.561451 0.831688 0.831688 0.831688
6817.263184 0.000000 2590.983398 0.000000 0.981359 0.000000 0.192185 0.877839 0.877839 0.877839
6822.676270 0.000000 2592.592529 0.000000 0.549024 0.000000 0.835806 0.786600 0.786600 0.786600
6815.494141 0.000000 2603.476807 0.000000 0.194274 0.000000 0.980947 0.742405 0.742405 0.742405
6816.181152 0.000000 2591.650635 0.000000 0.450237 0.000000 -0.892909 1.026482 1.026482 1.026482
6848.597656 0.000000 2586.109131 0.000000 0.950336 0.000000 0.311225 0.863734 0.863734 0.863734
6891.741699 0.000000 2622.362061 0.000000 0.688305 0.000000 0.725421 0.806992 0.806992 0.806992
6885.770020 0.000000 2621.985107 0.000000 0.989618 0.000000 0.143725 0.883473 0.883473 0.883473
6801.412109 0.000000 2641.745850 0.000000 0.952329 0.000000 -0.305074 0.935525 0.935525 0.935525
6792.286133 0.000000 2631.233887 0.000000 0.950592 0.000000 0.310444 0.863828 0.863828 0.863828
6794.806641 0.000000 2653.484375 0.000000 0.726928 0.000000 -0.686714 0.986741 0.986741 0.986741
6793.663086 0.000000 2653.935547 0.000000 0.510742 0.000000 0.859734 0.781426 0.781426 0.781426
6787.709961 0.000000 2646.388184 0.000000 0.642059 0.000000 -0.766656 1.000109 1.000109 1.000109
6820.396973 0.000000 2633.719238 0.000000 0.952712 0.000000 0.303874 0.864619 0.864619 0.864619
6824.560547 0.000000 2637.129395 0.000000 0.344051 0.000000 -0.938951 1.039752 1.039752 1.039752
6821.451172 0.000000 2647.901855 0.000000 0.679735 0.000000 -0.733458 0.994354 0.994354 0.994354
6820.710938 0.000000 2646.579346 0.000000 0.763193 0.000000 -0.646171 0.980507 0.980507 0.980507
6832.688477 0.000000 2636.998779 0.000000 0.908434 0.000000 -0.418028 0.949420 0.949420 0.949420
6821.099121 0.000000 2631.575439 0.000000 0.592859 0.000000 -0.805306 1.007280 1.007280 1.007280
6822.853516 0.000000 2641.910156 0.000000 0.910482 0.000000 -0.413548 0.948856 0.948856 0.948856
6790.840820 0.000000 2686.027832 0.000000 0.950521 0.000000 -0.310661 0.936198 0.936198 0.936198
6873.090332 0.000000 2634.746338 0.000000 0.453383 0.000000 -0.891316 1.026078 1.026078 1.026078
6865.485840 0.000000 2632.427734 0.000000 0.451098 0.000000 0.892475 0.773628 0.773628 0.773628
6868.327148 0.000000 2637.014893 0.000000 0.989837 0.000000 0.142210 0.883649 0.883649 0.883649
6868.738281 0.000000 2636.101318 0.000000 0.996852 0.000000 0.079285 0.890905 0.890905 0.890905
6874.728027 0.000000 2645.616455 0.000000 0.724949 0.000000 -0.688802 0.987071 0.987071 0.987071
6901.183105 0.000000 2630.115723 0.000000 0.021614 0.000000 -0.999766 1.077523 1.077523 1.077523
6886.018555 0.000000 2630.228027 0.000000 0.401538 0.000000 0.915842 0.767349 0.767349 0.767349
6789.504395 0.000000 2697.701660 0.000000 0.298357 0.000000 0.954454 0.754718 0.754718 0.754718
7102.402344 0.000000 2586.840332 0.000000 0.931936 0.000000 -0.362623 0.942523 0.942523 0.942523
7096.055664 0.000000 2577.136963 0.000000 0.235935 0.000000 -0.971769 1.052706 1.052706 1.052706
7100.057617 0.000000 2582.023926 0.000000 0.761281 0.000000 0.648422 0.819155 0.819155 0.819155
7101.117676 0.000000 2582.405273 0.000000 0.951655 0.000000 -0.307168 0.935777 0.935777 0.935777
7108.548828 0.000000 2573.997314 0.000000 0.196874 0.000000 -0.980429 1.057292 1.057292 1.057292
7109.410645 0.000000 2577.936035 0.000000 0.990106 0.000000 0.140324 0.883867 0.883867 0.883867
7114.269531 0.000000 2590.838135 0.000000 0.996943 0.000000 0.078129 0.891038 0.891038 0.891038
7108.918945 0.000000 2572.843506 0.000000 0.999402 0.000000 -0.034569 0.903962 0.903962 0.903962
7105.686523 0.000000 2586.535400 0.000000 0.990816 0.000000 0.135217 0.884458 0.884458 0.884458
7114.907227 0.000000 2577.315918 0.000000 0.451182 0.000000 -0.892432 1.026361 1.026361 1.026361
7111.257324 0.000000 2585.759521 0.000000 0.639828 0.000000 -0.768518 1.000442 1.000442 1.000442
7111.671875 0.000000 2584.341553 0.000000 0.450647 0.000000 0.892702 0.773570 0.773570 0.773570
7106.207031 0.000000 2569.378418 0.000000 0.552863 0.000000 0.833272 0.787127 0.787127 0.787127
7064.183105 0.000000 2662.470215 0.000000 0.990613 0.000000 -0.136697 0.915714 0.915714 0.915714
7068.200195 0.000000 2664.953125 0.000000 0.087148 0.000000 0.996195 0.729999 0.729999 0.729999
7060.825684 0.000000 2664.193115 0.000000 0.643407 0.000000 0.765524 0.800093 0.800093 0.800093
7061.173828 0.000000 2665.738525 0.000000 0.550071 0.000000 -0.835118 1.013256 1.013256 1.013256
7066.479980 0.000000 2669.046143 0.000000 0.952854 0.000000 0.303430 0.864672 0.864672 0.864672
7069.914551 0.000000 2665.146484 0.000000 0.890743 0.000000 0.454506 0.845934 0.845934 0.845934
6973.066406 0.000000 2804.937988 0.000000 0.888412 0.000000 -0.459046 0.954651 0.954651 0.954651
6973.573242 0.000000 2804.165283 0.000000 0.912455 0.000000 -0.409176 0.948306 0.948306 0.948306
6978.348633 0.000000 2805.697021 0.000000 0.348900 0.000000 0.937160 0.760840 0.760840 0.760840
6980.439453 0.000000 2808.387939 0.000000 0.995990 0.000000 -0.089461 0.910265 0.910265 0.910265
7073.595215 0.000000 2733.556396 0.000000 0.301525 0.000000 0.953458 0.755098 0.755098 0.755098
7113.624023 0.000000 2717.919922 0.000000 0.024592 0.000000 -0.999698 1.077182 1.077182 1.077182
6713.954102 0.000000 2844.268066 0.000000 0.833285 0.000000 0.552844 0.832875 0.832875 0.832875
6706.570801 0.000000 2872.581543 0.000000 0.460946 0.000000 0.887428 0.774896 0.774896 0.774896
6704.062988 0.000000 2867.627197 0.000000 0.933826 0.000000 0.357728 0.858078 0.858078 0.858078
6708.142090 0.000000 2867.094727 0.000000 0.833227 0.000000 -0.552930 0.967137 0.967137 0.967137
6712.567871 0.000000 2862.545166 0.000000 0.763987 0.000000 -0.645231 0.980366 0.980366 0.980366
6709.762207 0.000000 2877.422119 0.000000 0.757701 0.000000 -0.652602 0.981476 0.981476 0.981476
6703.676270 0.000000 2862.980713 0.000000 0.996093 0.000000 0.088311 0.889867 0.889867 0.889867
6716.222168 0.000000 2868.128662 0.000000 0.686176 0.000000 0.727436 0.806656 0.806656 0.806656
6709.169922 0.000000 2861.732910 0.000000 0.989549 0.000000 -0.144194 0.916581 0.916581 0.916581
6708.757812 0.000000 2860.046631 0.000000 0.028718 0.000000 0.999588 0.723291 0.723291 0.723291
6728.027344 0.000000 2880.917236 0.000000 0.078716 0.000000 0.996897 0.729030 0.729030 0.729030
6728.131836 0.000000 2882.272949 0.000000 0.132881 0.000000 -0.991132 1.064728 1.064728 1.064728
6729.157227 0.000000 2881.577148 0.000000 0.999735 0.000000 0.023040 0.897360 0.897360 0.897360
6729.818848 0.000000 2880.395264 0.000000 0.831064 0.000000 0.556177 0.832416 0.832416 0.832416
6724.650879 0.000000 2879.799561 0.000000 0.979340 0.000000 -0.202220 0.923334 0.923334 0.923334
6836.626465 0.000000 2939.566895 0.000000 0.682414 0.000000 0.730966 0.806065 0.806065 0.806065
6765.090820 0.000000 2973.129395 0.000000 0.990359 0.000000 0.138525 0.884075 0.884075 0.884075
6772.426270 0.000000 2982.998291 0.000000 0.450610 0.000000 0.892721 0.773566 0.773566 0.773566
6768.569336 0.000000 2979.162842 0.000000 0.454612 0.000000 0.890690 0.774080 0.774080 0.774080
6771.913574 0.000000 2986.208496 0.000000 0.126665 0.000000 -0.991946 1.065446 1.065446 1.065446
6768.619629 0.000000 2982.461426 0.000000 0.910670 0.000000 0.413134 0.851196 0.851196 0.851196
6775.581055 0.000000 2984.757812 0.000000 0.724210 0.000000 0.689580 0.812806 0.812806 0.812806
6672.900391 0.000000 3070.280762 0.000000 0.242682 0.000000 0.970106 0.748090 0.748090 0.748090
6840.968262 0.000000 2959.803955 0.000000 0.190290 0.000000 0.981728 0.741939 0.741939 0.741939
6842.754395 0.000000 2961.945557 0.000000 0.953795 0.000000 0.300457 0.865030 0.865030 0.865030
7043.988281 0.000000 2852.080811 0.000000 0.648020 0.000000 0.761623 0.800785 0.800785 0.800785
6948.727539 0.000000 2962.797363 0.000000 0.913259 0.000000 0.407380 0.851919 0.851919 0.851919
6954.279785 0.000000 2963.154541 0.000000 0.136305 0.000000 -0.990667 1.064332 1.064332 1.064332
6954.926758 0.000000 2961.222168 0.000000 0.013064 0.000000 -0.999915 1.078503 1.078503 1.078503
6946.226562 0.000000 2953.284668 0.000000 0.344665 0.000000 -0.938726 1.039677 1.039677 1.039677
6929.168457 0.000000 3007.148926 0.000000 0.194082 0.000000 -0.980985 1.057618 1.057618 1.057618
6989.611328 0.000000 2969.302734 0.000000 0.404102 0.000000 -0.914714 1.032330 1.032330 1.032330
6986.041016 0.000000 2956.635498 0.000000 0.688014 0.000000 -0.725698 0.993054 0.993054 0.993054
7005.096191 0.000000 2963.334961 0.000000 0.951306 0.000000 0.308249 0.864092 0.864092 0.864092
7220.378418 0.000000 2320.217285 0.000000 0.968789 0.000000 0.247886 0.871295 0.871295 0.871295
7220.156738 0.000000 2321.483643 0.000000 0.931158 0.000000 -0.364617 0.942768 0.942768 0.942768
7831.458496 0.000000 2115.933105 0.000000 0.139394 0.000000 0.990237 0.736026 0.736026 0.736026
7826.964355 0.000000 2114.706299 0.000000 0.969817 0.000000 -0.243834 0.928226 0.928226 0.928226
7964.345215 0.000000 2203.318115 0.000000 0.981653 0.000000 0.190675 0.878016 0.878016 0.878016
8042.523438 0.000000 2184.596191 0.000000 0.194912 0.000000 0.980821 0.742479 0.742479 0.742479
8043.420410 0.000000 2192.463379 0.000000 0.951565 0.000000 -0.307448 0.935811 0.935811 0.935811
8042.511719 0.000000 2185.690918 0.000000 0.935562 0.000000 -0.353163 0.941362 0.941362 0.941362
7174.718262 0.000000 2682.675049 0.000000 0.765536 0.000000 0.643393 0.819909 0.819909 0.819909
7174.794922 0.000000 2683.760986 0.000000 0.238243 0.000000 -0.971206 1.052434 1.052434 1.052434
7371.252441 0.000000 2674.540039 0.000000 0.505745 0.000000 0.862683 0.780762 0.780762 0.780762
7366.771484 0.000000 2683.760986 0.000000 0.967170 0.000000 -0.254131 0.929444 0.929444 0.929444
7222.702148 0.000000 2746.773926 0.000000 0.131870 0.000000 0.991267 0.735155 0.735155 0.735155
7236.706543 0.000000 2740.246582 0.000000 0.688832 0.000000 0.724921 0.807075 0.807075 0.807075
7237.728027 0.000000 2741.657227 0.000000 0.605437 0.000000 0.795893 0.794521 0.794521 0.794521
7235.567871 0.000000 2758.115723 0.000000 0.644228 0.000000 0.764834 0.800216 0.800216 0.800216
7365.562500 0.000000 2687.640381 0.000000 0.545067 0.000000 -0.838392 1.013941 1.013941 1.013941
7365.903809 0.000000 2702.678467 0.000000 0.448716 0.000000 0.893674 0.773323 0.773323 0.773323
7398.189941 0.000000 2695.460449 0.000000 0.131655 0.000000 -0.991296 1.064869 1.064869 1.064869
7406.969238 0.000000 2709.028809 0.000000 0.448826 0.000000 0.893619 0.773337 0.773337 0.773337
7412.782715 0.000000 2696.185303 0.000000 0.931615 0.000000 -0.363447 0.942624 0.942624 0.942624
7402.172363 0.000000 2692.389648 0.000000 0.719349 0.000000 -0.694649 0.987998 0.987998 0.987998
7409.576660 0.000000 2694.787354 0.000000 0.690171 0.000000 0.723646 0.807287 0.807287 0.807287
7407.220703 0.000000 2694.618408 0.000000 0.765962 0.000000 0.642886 0.819985 0.819985 0.819985
7395.486816 0.000000 2749.048340 0.000000 0.549837 0.000000 0.835272 0.786712 0.786712 0.786712
7420.411621 0.000000 2747.185303 0.000000 0.794665 0.000000 0.607048 0.825247 0.825247 0.825247
7412.365723 0.000000 2751.473145 0.000000 0.343659 0.000000 -0.939094 1.039800 1.039800 1.039800
7409.023438 0.000000 2751.494141 0.000000 0.760337 0.000000 -0.649529 0.981012 0.981012 0.981012
7395.686035 0.000000 2751.392822 0.000000 0.460855 0.000000 0.887475 0.774885 0.774885 0.774885
7397.251953 0.000000 2760.651611 0.000000 0.996251 0.000000 -0.086511 0.909926 0.909926 0.909926
7439.059082 0.000000 2683.545654 0.000000 0.952545 0.000000 -0.304398 0.935444 0.935444 0.935444
7438.018066 0.000000 2682.683838 0.000000 0.509690 0.000000 -0.860358 1.018714 1.018714 1.018714
7439.213379 0.000000 2684.741211 0.000000 0.996676 0.000000 0.081462 0.890655 0.890655 0.890655
7610.652832 0.000000 2611.727295 0.000000 0.968355 0.000000 0.249575 0.871095 0.871095 0.871095
7633.982910 0.000000 2583.478760 0.000000 0.834067 0.000000 0.551663 0.833038 0.833038 0.833038
7642.409668 0.000000 2573.069580 0.000000 0.639114 0.000000 0.769112 0.799452 0.799452 0.799452
7678.300781 0.000000 2573.037354 0.000000 0.197201 0.000000 0.980363 0.742747 0.742747 0.742747
7672.011230 0.000000 2571.851807 0.000000 0.724512 0.000000 -0.689262 0.987143 0.987143 0.987143
7657.104980 0.000000 2584.426758 0.000000 0.834475 0.000000 0.551046 0.833122 0.833122 0.833122
7438.127441 0.000000 2716.222412 0.000000 0.016981 0.000000 -0.999856 1.078054 1.078054 1.078054
7502.667969 0.000000 2727.964111 0.000000 0.133478 0.000000 0.991052 0.735341 0.735341 0.735341
7509.624023 0.000000 2735.735596 0.000000 0.936671 0.000000 0.350211 0.859000 0.859000 0.859000
7504.529785 0.000000 2726.523926 0.000000 0.795845 0.000000 0.605501 0.825470 0.825470 0.825470
7498.564941 0.000000 2733.762939 0.000000 0.684130 0.000000 0.729360 0.806334 0.806334 0.806334
7616.008789 0.000000 2715.862061 0.000000 0.935533 0.000000 0.353239 0.858629 0.858629 0.858629
7615.072266 0.000000 2709.846191 0.000000 0.191525 0.000000 0.981488 0.742084 0.742084 0.742084
7621.032715 0.000000 2721.979004 0.000000 0.183783 0.000000 -0.982967 1.058820 1.058820 1.058820
7229.443848 0.000000 2939.069092 0.000000 0.720762 0.000000 -0.693183 0.987765 0.987765 0.987765
7237.174805 0.000000 2941.076172 0.000000 0.502682 0.000000 0.864471 0.780355 0.780355 0.780355
7684.867676 0.000000 2577.013916 0.000000 0.990737 0.000000 0.135795 0.884391 0.884391 0.884391
7699.468262 0.000000 2571.426758 0.000000 0.827311 0.000000 0.561745 0.831647 0.831647 0.831647
7757.089844 0.000000 2619.801758 0.000000 0.936886 0.000000 0.349636 0.859070 0.859070 0.859070
7767.240723 0.000000 2612.121094 0.000000 0.990225 0.000000 -0.139481 0.916036 0.916036 0.916036
7755.674316 0.000000 2615.272217 0.000000 0.890189 0.000000 0.455591 0.845794 0.845794 0.845794
7759.680664 0.000000 2618.717773 0.000000 0.186390 0.000000 0.982476 0.741484 0.741484 0.741484
7692.900391 0.000000 2647.148438 0.000000 0.720666 0.000000 0.693283 0.812219 0.812219 0.812219
7689.200684 0.000000 2643.983398 0.000000 0.797283 0.000000 0.603605 0.825743 0.825743 0.825743
7730.730469 0.000000 2664.792236 0.000000 0.909996 0.000000 -0.414617 0.948990 0.948990 0.948990
7736.984863 0.000000 2666.738525 0.000000 0.832400 0.000000 0.554176 0.832692 0.832692 0.832692
7737.283203 0.000000 2673.784668 0.000000 0.189190 0.000000 -0.981940 1.058189 1.058189 1.058189
7729.298828 0.000000 2673.738037 0.000000 0.243428 0.000000 -0.969919 1.051822 1.051822 1.051822
7736.003418 0.000000 2667.828369 0.000000 0.085025 0.000000 0.996379 0.729755 0.729755 0.729755
7765.077637 0.000000 2630.115723 0.000000 0.645359 0.000000 -0.763880 0.999615 0.999615 0.999615
7746.007812 0.000000 2636.739746 0.000000 0.991222 0.000000 0.132207 0.884806 0.884806 0.884806
7760.891602 0.000000 2633.780029 0.000000 0.980484 0.000000 0.196598 0.877324 0.877324 0.877324
7750.724609 0.000000 2651.768799 0.000000 0.831510 0.000000 0.555509 0.832508 0.832508 0.832508
7746.964355 0.000000 2636.404297 0.000000 0.759967 0.000000 -0.649962 0.981077 0.981077 0.981077
7763.336426 0.000000 2640.255859 0.000000 0.508884 0.000000 0.860835 0.781179 0.781179 0.781179
7768.416016 0.000000 2633.995605 0.000000 0.989869 0.000000 0.141986 0.883674 0.883674 0.883674
7775.063965 0.000000 2639.689453 0.000000 0.999609 0.000000 0.027971 0.896794 0.896794 0.896794
7798.343750 0.000000 2645.968750 0.000000 0.995800 0.000000 -0.091551 0.910506 0.910506 0.910506
7775.053711 0.000000 2643.959229 0.000000 0.350394 0.000000 0.936603 0.761023 0.761023 0.761023
7775.129395 0.000000 2638.211914 0.000000 0.244467 0.000000 -0.969658 1.051699 1.051699 1.051699
7874.270020 0.000000 2588.821045 0.000000 0.827546 0.000000 0.561397 0.831695 0.831695 0.831695
6212.574707 0.000000 3130.025879 0.000000 0.979449 0.000000 0.201691 0.876728 0.876728 0.876728
6212.160645 0.000000 3131.494141 0.000000 0.639018 0.000000 0.769192 0.799437 0.799437 0.799437
6213.852051 0.000000 3133.860107 0.000000 0.349708 0.000000 0.936859 0.760939 0.760939 0.760939
6150.789062 0.000000 3364.441650 0.000000 0.354238 0.000000 0.935155 0.761494 0.761494 0.761494
6780.096680 0.000000 3253.859863 0.000000 0.758944 0.000000 -0.651156 0.981258 0.981258 0.981258
6790.905762 0.000000 3255.624023 0.000000 0.075893 0.000000 0.997116 0.728705 0.728705 0.728705
6318.152832 0.000000 3607.845459 0.000000 0.761745 0.000000 -0.647877 0.980763 0.980763 0.980763
6320.539551 0.000000 3611.511963 0.000000 0.951445 0.000000 0.307818 0.864144 0.864144 0.864144
6321.322266 0.000000 3611.050049 0.000000 0.349238 0.000000 -0.937034 1.039118 1.039118 1.039118
6357.249512 0.000000 3653.865723 0.000000 0.605726 0.000000 0.795673 0.794562 0.794562 0.794562
6378.310059 0.000000 3649.123779 0.000000 0.510293 0.000000 -0.860000 1.018633 1.018633 1.018633
6434.167969 0.000000 3628.497559 0.000000 0.294260 0.000000 0.955725 0.754226 0.754226 0.754226
6445.225586 0.000000 3642.547852 0.000000 0.131497 0.000000 -0.991317 1.064888 1.064888 1.064888
6589.908691 0.000000 3587.779053 0.000000 0.996730 0.000000 0.080807 0.890730 0.890730 0.890730
7254.069824 0.000000 3310.176514 0.000000 0.551930 0.000000 0.833891 0.786999 0.786999 0.786999
7255.551270 0.000000 3306.034424 0.000000 0.410747 0.000000 0.911749 0.768504 0.768504 0.768504
7261.110352 0.000000 3305.606934 0.000000 0.990442 0.000000 -0.137931 0.915856 0.915856 0.915856
7261.366699 0.000000 3302.141602 0.000000 0.757561 0.000000 -0.652764 0.981501 0.981501 0.981501
7257.815918 0.000000 3318.788086 0.000000 0.602952 0.000000 0.797778 0.794163 0.794163 0.794163
7176.077148 0.000000 3394.147949 0.000000 0.979762 0.000000 0.200166 0.876907 0.876907 0.876907
7300.338379 0.000000 3369.539551 0.000000 0.862548 0.000000 -0.505975 0.960792 0.960792 0.960792
"}
object={
	name="tree_savanna_generator_1_2"
	clamp_to_water_level=no
	render_under_water=no
	generated_content=yes
	layer="tree_layer"
	pdxmesh="tree_acacia_03_mesh"
	count=869
	transform="1181.137939 0.000000 2848.535645 0.000000 0.152620 0.000000 0.988285 0.573656 0.573656 0.573656
1183.804932 0.000000 2852.369873 0.000000 0.734035 0.000000 0.679112 0.633462 0.633462 0.633462
1187.585693 0.000000 2858.022949 0.000000 0.320344 0.000000 0.947301 0.589064 0.589064 0.589064
1669.212280 0.000000 2669.973877 0.000000 0.777327 0.000000 0.629097 0.639359 0.639359 0.639359
1682.825806 0.000000 2661.017578 0.000000 0.177976 0.000000 -0.984035 0.824053 0.824053 0.824053
1672.223145 0.000000 2673.038818 0.000000 0.652446 0.000000 0.757835 0.623352 0.623352 0.623352
1670.346924 0.000000 2675.727539 0.000000 0.851730 0.000000 -0.523980 0.749155 0.749155 0.749155
1723.278198 0.000000 2687.294922 0.000000 0.849474 0.000000 -0.527631 0.749537 0.749537 0.749537
1746.063843 0.000000 2671.944336 0.000000 0.864695 0.000000 0.502297 0.653097 0.653097 0.653097
1750.741455 0.000000 2670.332764 0.000000 0.395981 0.000000 -0.918259 0.803713 0.803713 0.803713
1777.465088 0.000000 2682.461670 0.000000 0.611298 0.000000 0.791400 0.618619 0.618619 0.618619
1553.492432 0.000000 2714.453857 0.000000 0.978020 0.000000 -0.208511 0.718721 0.718721 0.718721
1563.961182 0.000000 2768.576416 0.000000 0.977815 0.000000 -0.209468 0.718808 0.718808 0.718808
1677.199097 0.000000 2708.697998 0.000000 0.987503 0.000000 -0.157603 0.714105 0.714105 0.714105
1677.799316 0.000000 2696.582275 0.000000 0.970477 0.000000 0.241195 0.678289 0.678289 0.678289
1674.688965 0.000000 2700.697998 0.000000 0.609846 0.000000 0.792520 0.618455 0.618455 0.618455
1721.169800 0.000000 2687.409912 0.000000 0.224683 0.000000 -0.974432 0.819802 0.819802 0.819802
1719.242065 0.000000 2689.110352 0.000000 0.200035 0.000000 0.979789 0.577950 0.577950 0.577950
1691.136475 0.000000 2745.356445 0.000000 0.773175 0.000000 0.634193 0.638773 0.638773 0.638773
1685.064453 0.000000 2719.480957 0.000000 0.437171 0.000000 -0.899378 0.799675 0.799675 0.799675
1693.710815 0.000000 2740.953613 0.000000 0.818442 0.000000 -0.574590 0.754555 0.754555 0.754555
1696.734863 0.000000 2741.215576 0.000000 0.420909 0.000000 0.907103 0.598721 0.598721 0.598721
1747.460449 0.000000 2696.784424 0.000000 0.396244 0.000000 -0.918145 0.803688 0.803688 0.803688
1709.630737 0.000000 2775.117188 0.000000 0.777189 0.000000 0.629267 0.639339 0.639339 0.639339
1741.823730 0.000000 2779.762695 0.000000 0.538922 0.000000 -0.842356 0.789273 0.789273 0.789273
1819.204712 0.000000 2717.200928 0.000000 0.938583 0.000000 0.345052 0.668601 0.668601 0.668601
1821.095093 0.000000 2715.193115 0.000000 0.468838 0.000000 0.883284 0.603492 0.603492 0.603492
1814.733643 0.000000 2702.324951 0.000000 0.983654 0.000000 0.180068 0.683863 0.683863 0.683863
1816.157593 0.000000 2706.743164 0.000000 0.310934 0.000000 0.950432 0.588180 0.588180 0.588180
1820.381836 0.000000 2707.083496 0.000000 0.208570 0.000000 0.978007 0.578727 0.578727 0.578727
1824.719238 0.000000 2709.223389 0.000000 0.332212 0.000000 -0.943205 0.809817 0.809817 0.809817
1815.610718 0.000000 2749.023193 0.000000 0.957381 0.000000 0.288829 0.673886 0.673886 0.673886
1822.864868 0.000000 2728.283447 0.000000 0.883458 0.000000 -0.468511 0.743459 0.743459 0.743459
1814.677734 0.000000 2743.559082 0.000000 0.963489 0.000000 -0.267747 0.724158 0.724158 0.724158
1829.192749 0.000000 2733.958252 0.000000 0.782773 0.000000 -0.622308 0.759865 0.759865 0.759865
1845.044922 0.000000 2719.480957 0.000000 0.650211 0.000000 0.759754 0.623089 0.623089 0.623089
1855.722900 0.000000 2724.401123 0.000000 0.735427 0.000000 0.677604 0.633645 0.633645 0.633645
1849.433350 0.000000 2721.723633 0.000000 0.200591 0.000000 0.979675 0.578000 0.578000 0.578000
1851.905640 0.000000 2721.711182 0.000000 0.470028 0.000000 0.882652 0.603612 0.603612 0.603612
1827.832886 0.000000 2727.061035 0.000000 0.563136 0.000000 0.826364 0.613313 0.613313 0.613313
1860.261719 0.000000 2705.610596 0.000000 0.489103 0.000000 -0.872226 0.794451 0.794451 0.794451
1862.045166 0.000000 2704.065674 0.000000 0.532453 0.000000 -0.846460 0.789956 0.789956 0.789956
1855.859985 0.000000 2717.543457 0.000000 0.870426 0.000000 0.492299 0.654124 0.654124 0.654124
1861.565552 0.000000 2709.292725 0.000000 0.854089 0.000000 -0.520127 0.748752 0.748752 0.748752
1856.005005 0.000000 2727.435303 0.000000 0.441393 0.000000 -0.897314 0.799256 0.799256 0.799256
1885.630371 0.000000 2730.986572 0.000000 0.994916 0.000000 -0.100712 0.708991 0.708991 0.708991
1886.273560 0.000000 2744.782715 0.000000 0.222226 0.000000 -0.974995 0.820027 0.820027 0.820027
1872.941528 0.000000 2727.534180 0.000000 0.852961 0.000000 -0.521975 0.748945 0.748945 0.748945
1881.288452 0.000000 2750.439697 0.000000 0.988708 0.000000 -0.149856 0.713407 0.713407 0.713407
1872.923340 0.000000 2725.549561 0.000000 0.870481 0.000000 0.492202 0.654134 0.654134 0.654134
1885.040283 0.000000 2743.346436 0.000000 0.514425 0.000000 0.857535 0.608159 0.608159 0.608159
1875.690552 0.000000 2722.557861 0.000000 0.823362 0.000000 -0.567517 0.753787 0.753787 0.753787
1893.184937 0.000000 2733.958252 0.000000 0.535765 0.000000 -0.844367 0.789607 0.789607 0.789607
1915.192993 0.000000 2749.193115 0.000000 0.000771 0.000000 -1.000000 0.839931 0.839931 0.839931
1912.283447 0.000000 2746.160889 0.000000 0.892685 0.000000 0.450682 0.658331 0.658331 0.658331
1917.083374 0.000000 2747.185303 0.000000 0.629790 0.000000 -0.776765 0.779279 0.779279 0.779279
1888.244873 0.000000 2730.137939 0.000000 0.945066 0.000000 -0.326879 0.729679 0.729679 0.729679
1901.589600 0.000000 2733.822021 0.000000 0.988638 0.000000 -0.150316 0.713448 0.713448 0.713448
1892.761108 0.000000 2728.160400 0.000000 0.772780 0.000000 0.634674 0.638718 0.638718 0.638718
1899.733276 0.000000 2747.265381 0.000000 0.486760 0.000000 -0.873536 0.794690 0.794690 0.794690
1881.150269 0.000000 2751.394287 0.000000 0.091958 0.000000 0.995763 0.568208 0.568208 0.568208
1883.249634 0.000000 2755.135254 0.000000 0.286235 0.000000 -0.958159 0.814127 0.814127 0.814127
1877.795898 0.000000 2758.084473 0.000000 0.896063 0.000000 0.443928 0.659004 0.659004 0.659004
1882.888306 0.000000 2757.577881 0.000000 0.173999 0.000000 -0.984746 0.824413 0.824413 0.824413
1900.460083 0.000000 2753.091309 0.000000 0.999155 0.000000 -0.041096 0.703664 0.703664 0.703664
1896.070923 0.000000 2751.375000 0.000000 0.773266 0.000000 0.634082 0.638786 0.638786 0.638786
1918.353882 0.000000 2756.872314 0.000000 0.997351 0.000000 0.072735 0.693512 0.693512 0.693512
1920.073120 0.000000 2770.386230 0.000000 0.973557 0.000000 0.228446 0.679458 0.679458 0.679458
1928.705688 0.000000 2763.632812 0.000000 0.648185 0.000000 0.761483 0.622852 0.622852 0.622852
1939.842896 0.000000 2770.076172 0.000000 0.036797 0.000000 0.999323 0.563280 0.563280 0.563280
1936.159546 0.000000 2768.306152 0.000000 0.671805 0.000000 -0.740728 0.774345 0.774345 0.774345
1921.714478 0.000000 2769.434082 0.000000 0.088967 0.000000 0.996035 0.567940 0.567940 0.567940
1947.984497 0.000000 2797.385010 0.000000 0.770476 0.000000 0.637469 0.638395 0.638395 0.638395
1734.249512 0.000000 2815.609131 0.000000 0.954930 0.000000 0.296832 0.673140 0.673140 0.673140
1738.837280 0.000000 2815.413818 0.000000 0.031546 0.000000 0.999502 0.562812 0.562812 0.562812
1753.589233 0.000000 2831.835205 0.000000 0.941551 0.000000 0.336872 0.669377 0.669377 0.669377
1770.268311 0.000000 2876.827881 0.000000 0.677167 0.000000 -0.735829 0.773698 0.773698 0.773698
1790.962280 0.000000 2877.329590 0.000000 0.177607 0.000000 -0.984101 0.824086 0.824086 0.824086
1766.979736 0.000000 2873.157715 0.000000 0.673806 0.000000 -0.738908 0.774104 0.774104 0.774104
1768.211426 0.000000 2864.991943 0.000000 0.999161 0.000000 -0.040952 0.703651 0.703651 0.703651
1767.453857 0.000000 2877.980957 0.000000 0.942050 0.000000 0.335472 0.669509 0.669509 0.669509
1766.335205 0.000000 2867.680664 0.000000 0.992651 0.000000 0.121015 0.689188 0.689188 0.689188
1768.006714 0.000000 2862.192871 0.000000 0.713475 0.000000 -0.700681 0.769194 0.769194 0.769194
1769.719849 0.000000 2866.805908 0.000000 0.253237 0.000000 0.967404 0.582819 0.582819 0.582819
1769.419312 0.000000 2878.489014 0.000000 0.999367 0.000000 -0.035578 0.703172 0.703172 0.703172
1772.047363 0.000000 2883.077637 0.000000 0.836128 0.000000 0.548534 0.648252 0.648252 0.648252
1760.092651 0.000000 2898.354980 0.000000 0.717284 0.000000 -0.696781 0.768708 0.768708 0.768708
1760.727051 0.000000 2901.176514 0.000000 0.582990 0.000000 -0.812479 0.784527 0.784527 0.784527
1772.378174 0.000000 2885.476318 0.000000 0.435028 0.000000 -0.900417 0.799887 0.799887 0.799887
1773.865479 0.000000 2884.173340 0.000000 0.394944 0.000000 -0.918705 0.803814 0.803814 0.803814
1779.456543 0.000000 2920.729736 0.000000 0.151262 0.000000 0.988494 0.573533 0.573533 0.573533
1779.862427 0.000000 2930.037109 0.000000 0.211816 0.000000 0.977310 0.579023 0.579023 0.579023
1781.807617 0.000000 2918.045410 0.000000 0.947151 0.000000 -0.320789 0.729105 0.729105 0.729105
1778.963989 0.000000 2913.091797 0.000000 0.669309 0.000000 -0.742984 0.774645 0.774645 0.774645
1781.042236 0.000000 2928.068848 0.000000 0.963539 0.000000 -0.267570 0.724142 0.724142 0.724142
1780.302368 0.000000 2932.414062 0.000000 0.418274 0.000000 0.908321 0.598462 0.598462 0.598462
1823.046631 0.000000 2842.777832 0.000000 0.982515 0.000000 0.186186 0.683308 0.683308 0.683308
1822.236084 0.000000 2844.072266 0.000000 0.648978 0.000000 0.760807 0.622945 0.622945 0.622945
1818.610840 0.000000 2846.240234 0.000000 0.069286 0.000000 -0.997597 0.833820 0.833820 0.833820
1819.828613 0.000000 2842.292236 0.000000 0.540073 0.000000 -0.841618 0.789151 0.789151 0.789151
1851.200806 0.000000 2845.169678 0.000000 0.153350 0.000000 0.988172 0.573722 0.573722 0.573722
1830.633179 0.000000 2838.496582 0.000000 0.387154 0.000000 -0.922015 0.804568 0.804568 0.804568
1840.973999 0.000000 2845.091309 0.000000 0.520432 0.000000 0.853903 0.608784 0.608784 0.608784
1843.164307 0.000000 2840.589355 0.000000 0.173546 0.000000 -0.984826 0.824454 0.824454 0.824454
1838.239868 0.000000 2841.333984 0.000000 0.033563 0.000000 0.999437 0.562992 0.562992 0.562992
1829.565918 0.000000 2846.604492 0.000000 0.940792 0.000000 0.338985 0.669177 0.669177 0.669177
1838.956787 0.000000 2845.319092 0.000000 0.691554 0.000000 0.722325 0.628061 0.628061 0.628061
1823.863892 0.000000 2845.512207 0.000000 0.282793 0.000000 -0.959181 0.814447 0.814447 0.814447
1846.673828 0.000000 2839.535645 0.000000 0.030008 0.000000 0.999550 0.562675 0.562675 0.562675
1836.177979 0.000000 2832.307129 0.000000 0.988280 0.000000 -0.152655 0.713659 0.713659 0.713659
1827.454834 0.000000 2846.702393 0.000000 0.927181 0.000000 -0.374613 0.734223 0.734223 0.734223
1838.166504 0.000000 2837.690430 0.000000 0.001791 0.000000 -0.999998 0.839840 0.839840 0.839840
1833.635498 0.000000 2838.183105 0.000000 0.699198 0.000000 0.714929 0.629009 0.629009 0.629009
1844.735718 0.000000 2835.102539 0.000000 0.975694 0.000000 -0.219137 0.719691 0.719691 0.719691
1850.489136 0.000000 2837.111328 0.000000 0.281751 0.000000 -0.959487 0.814544 0.814544 0.814544
1847.963257 0.000000 2836.066406 0.000000 0.944800 0.000000 -0.327646 0.729752 0.729752 0.729752
1827.889893 0.000000 2842.611572 0.000000 0.396310 0.000000 -0.918117 0.803681 0.803681 0.803681
1819.929932 0.000000 2864.552979 0.000000 0.927670 0.000000 -0.373402 0.734106 0.734106 0.734106
1818.780029 0.000000 2856.331055 0.000000 0.997207 0.000000 0.074681 0.693338 0.693338 0.693338
1792.723145 0.000000 2869.184326 0.000000 0.840562 0.000000 0.541716 0.648977 0.648977 0.648977
1821.553345 0.000000 2851.415527 0.000000 0.616456 0.000000 0.787389 0.619201 0.619201 0.619201
1820.381836 0.000000 2867.044434 0.000000 0.999984 0.000000 0.005695 0.699492 0.699492 0.699492
1818.896118 0.000000 2853.554443 0.000000 0.592093 0.000000 -0.805870 0.783525 0.783525 0.783525
1794.050049 0.000000 2877.569092 0.000000 0.569569 0.000000 0.821943 0.614009 0.614009 0.614009
1817.458618 0.000000 2875.933594 0.000000 0.230040 0.000000 -0.973181 0.819312 0.819312 0.819312
1822.975830 0.000000 2857.924561 0.000000 0.988181 0.000000 -0.153294 0.713717 0.713717 0.713717
1794.886597 0.000000 2862.255615 0.000000 0.257231 0.000000 0.966350 0.583187 0.583187 0.583187
1823.211792 0.000000 2869.262451 0.000000 0.975819 0.000000 -0.218580 0.719640 0.719640 0.719640
1818.670532 0.000000 2849.622803 0.000000 0.342235 0.000000 -0.939614 0.808868 0.808868 0.808868
1834.260498 0.000000 2876.827881 0.000000 0.629447 0.000000 -0.777043 0.779319 0.779319 0.779319
1847.272461 0.000000 2857.007812 0.000000 0.316376 0.000000 0.948634 0.588691 0.588691 0.588691
1836.039551 0.000000 2851.085449 0.000000 0.672118 0.000000 -0.740444 0.774308 0.774308 0.774308
1830.237793 0.000000 2847.601318 0.000000 0.036204 0.000000 0.999344 0.563227 0.563227 0.563227
1848.823975 0.000000 2861.208740 0.000000 0.340744 0.000000 -0.940156 0.809010 0.809010 0.809010
1834.683838 0.000000 2873.203369 0.000000 0.625843 0.000000 -0.779949 0.779731 0.779731 0.779731
1827.089600 0.000000 2847.673096 0.000000 0.806358 0.000000 0.591428 0.643598 0.643598 0.643598
1833.975464 0.000000 2853.819336 0.000000 0.058229 0.000000 -0.998303 0.834807 0.834807 0.834807
1830.327393 0.000000 2867.680664 0.000000 0.983720 0.000000 0.179706 0.683896 0.683896 0.683896
1832.624878 0.000000 2848.925049 0.000000 0.785760 0.000000 -0.618531 0.759436 0.759436 0.759436
1826.730103 0.000000 2860.685059 0.000000 0.941747 0.000000 0.336321 0.669429 0.669429 0.669429
1828.575684 0.000000 2871.605713 0.000000 0.255054 0.000000 0.966927 0.582986 0.582986 0.582986
1830.049072 0.000000 2864.026611 0.000000 0.965107 0.000000 -0.261854 0.723614 0.723614 0.723614
1835.038818 0.000000 2868.328125 0.000000 0.038317 0.000000 0.999266 0.563416 0.563416 0.563416
1827.021973 0.000000 2851.512695 0.000000 0.749838 0.000000 -0.661622 0.764437 0.764437 0.764437
1840.171265 0.000000 2864.282715 0.000000 0.360117 0.000000 0.932907 0.592834 0.592834 0.592834
1845.181641 0.000000 2876.716309 0.000000 0.854484 0.000000 -0.519478 0.748685 0.748685 0.748685
1831.076172 0.000000 2857.164795 0.000000 0.997470 0.000000 0.071082 0.693659 0.693659 0.693659
1832.891357 0.000000 2855.179199 0.000000 0.033455 0.000000 0.999440 0.562982 0.562982 0.562982
1826.331055 0.000000 2869.011963 0.000000 0.999042 0.000000 -0.043763 0.703902 0.703902 0.703902
1825.427368 0.000000 2854.385986 0.000000 0.955996 0.000000 0.293379 0.673462 0.673462 0.673462
1836.542969 0.000000 2876.733887 0.000000 0.586750 0.000000 -0.809768 0.784114 0.784114 0.784114
1836.063232 0.000000 2861.284668 0.000000 0.033344 0.000000 0.999444 0.562972 0.562972 0.562972
1840.656372 0.000000 2867.627197 0.000000 0.535258 0.000000 -0.844689 0.789660 0.789660 0.789660
1830.579102 0.000000 2862.639404 0.000000 0.837586 0.000000 0.546306 0.648489 0.648489 0.648489
1879.602905 0.000000 2844.999756 0.000000 0.963562 0.000000 -0.267485 0.724134 0.724134 0.724134
1867.085815 0.000000 2838.319336 0.000000 0.976188 0.000000 -0.216925 0.719489 0.719489 0.719489
1867.737183 0.000000 2843.241943 0.000000 0.963134 0.000000 -0.269023 0.724276 0.724276 0.724276
1858.760376 0.000000 2843.568359 0.000000 0.513590 0.000000 0.858036 0.608072 0.608072 0.608072
1864.380615 0.000000 2844.498291 0.000000 0.692456 0.000000 0.721460 0.628172 0.628172 0.628172
1855.840332 0.000000 2842.650146 0.000000 0.208195 0.000000 0.978087 0.578692 0.578692 0.578692
1883.922119 0.000000 2864.552979 0.000000 0.536257 0.000000 -0.844054 0.789555 0.789555 0.789555
1885.687378 0.000000 2868.922363 0.000000 0.877408 0.000000 -0.479745 0.744596 0.744596 0.744596
1864.146729 0.000000 2851.551270 0.000000 0.542638 0.000000 -0.839966 0.788879 0.788879 0.788879
1864.199707 0.000000 2864.991943 0.000000 0.360068 0.000000 0.932926 0.592829 0.592829 0.592829
1872.221313 0.000000 2861.755859 0.000000 0.701724 0.000000 0.712449 0.629324 0.629324 0.629324
1866.821655 0.000000 2847.406006 0.000000 0.656002 0.000000 0.754759 0.623771 0.623771 0.623771
1860.261719 0.000000 2865.571533 0.000000 0.029888 0.000000 0.999553 0.562664 0.562664 0.562664
1863.994995 0.000000 2862.192871 0.000000 0.178157 0.000000 -0.984002 0.824036 0.824036 0.824036
1879.372681 0.000000 2859.290283 0.000000 0.731612 0.000000 0.681721 0.633145 0.633145 0.633145
1883.014160 0.000000 2848.286133 0.000000 0.170313 0.000000 -0.985390 0.824746 0.824746 0.824746
1883.608521 0.000000 2858.445312 0.000000 0.257710 0.000000 0.966222 0.583231 0.583231 0.583231
1887.041138 0.000000 2854.102051 0.000000 0.533004 0.000000 -0.846113 0.789898 0.789898 0.789898
1860.471558 0.000000 2867.638428 0.000000 0.284788 0.000000 -0.958591 0.814262 0.814262 0.814262
1884.241211 0.000000 2852.406738 0.000000 0.068597 0.000000 -0.997644 0.833881 0.833881 0.833881
1888.119629 0.000000 2860.788574 0.000000 0.629215 0.000000 -0.777232 0.779345 0.779345 0.779345
1889.617188 0.000000 2850.183838 0.000000 0.963552 0.000000 -0.267521 0.724137 0.724137 0.724137
1895.438232 0.000000 2877.980957 0.000000 0.992198 0.000000 0.124673 0.688859 0.688859 0.688859
1888.959961 0.000000 2852.817139 0.000000 0.069326 0.000000 -0.997594 0.833816 0.833816 0.833816
1887.782349 0.000000 2863.634766 0.000000 0.700972 0.000000 0.713189 0.629230 0.629230 0.629230
1890.756470 0.000000 2875.560547 0.000000 0.384186 0.000000 -0.923256 0.804855 0.804855 0.804855
1889.706665 0.000000 2872.638428 0.000000 0.359612 0.000000 0.933102 0.592785 0.592785 0.592785
1890.962402 0.000000 2864.629639 0.000000 0.977354 0.000000 -0.211611 0.719004 0.719004 0.719004
1797.196655 0.000000 2893.919189 0.000000 0.413375 0.000000 0.910561 0.597982 0.597982 0.597982
1836.039551 0.000000 2883.077637 0.000000 0.822037 0.000000 -0.569434 0.753994 0.753994 0.753994
1830.237793 0.000000 2879.593506 0.000000 0.514261 0.000000 0.857634 0.608141 0.608141 0.608141
1827.901245 0.000000 2901.388428 0.000000 0.869563 0.000000 0.493823 0.653968 0.653968 0.653968
1832.203613 0.000000 2896.984131 0.000000 0.995432 0.000000 -0.095474 0.708522 0.708522 0.708522
1835.927856 0.000000 2898.485352 0.000000 0.651702 0.000000 0.758475 0.623265 0.623265 0.623265
1843.854614 0.000000 2898.044922 0.000000 0.366540 0.000000 0.930402 0.593448 0.593448 0.593448
1834.683838 0.000000 2905.195557 0.000000 0.964332 0.000000 -0.264697 0.723876 0.723876 0.723876
1851.996216 0.000000 2893.361572 0.000000 0.590809 0.000000 -0.806812 0.783666 0.783666 0.783666
1854.860962 0.000000 2888.244385 0.000000 0.317869 0.000000 0.948135 0.588831 0.588831 0.588831
1848.819458 0.000000 2886.415527 0.000000 0.444537 0.000000 -0.895761 0.798943 0.798943 0.798943
1832.624878 0.000000 2880.917236 0.000000 0.650586 0.000000 0.759433 0.623133 0.623133 0.623133
1830.633179 0.000000 2902.480957 0.000000 0.992919 0.000000 0.118793 0.689387 0.689387 0.689387
1843.164307 0.000000 2904.573730 0.000000 0.919820 0.000000 0.392341 0.664066 0.664066 0.664066
1838.267944 0.000000 2882.252441 0.000000 0.334223 0.000000 -0.942494 0.809627 0.809627 0.809627
1845.034424 0.000000 2896.076660 0.000000 0.370915 0.000000 0.928667 0.593868 0.593868 0.593868
1853.549438 0.000000 2883.407715 0.000000 0.987363 0.000000 -0.158474 0.714184 0.714184 0.714184
1838.784424 0.000000 2891.935547 0.000000 0.541884 0.000000 -0.840453 0.788959 0.788959 0.788959
1851.612427 0.000000 2890.437500 0.000000 0.773413 0.000000 0.633902 0.638807 0.638807 0.638807
1837.120361 0.000000 2897.523682 0.000000 0.319392 0.000000 0.947623 0.588974 0.588974 0.588974
1839.255493 0.000000 2884.753662 0.000000 0.613956 0.000000 0.789340 0.618918 0.618918 0.618918
1839.668091 0.000000 2882.102051 0.000000 0.971015 0.000000 0.239018 0.678489 0.678489 0.678489
1880.184570 0.000000 2883.745605 0.000000 0.153713 0.000000 0.988115 0.573754 0.573754 0.573754
1856.123535 0.000000 2892.780762 0.000000 0.255429 0.000000 0.966828 0.583021 0.583021 0.583021
1864.713501 0.000000 2891.601562 0.000000 0.470913 0.000000 0.882179 0.603701 0.603701 0.603701
1875.444824 0.000000 2888.737549 0.000000 0.748393 0.000000 -0.663255 0.764631 0.764631 0.764631
1868.664062 0.000000 2891.562500 0.000000 0.282898 0.000000 -0.959150 0.814437 0.814437 0.814437
1856.248779 0.000000 2890.098877 0.000000 0.628474 0.000000 -0.777831 0.779430 0.779430 0.779430
1870.264038 0.000000 2882.252441 0.000000 0.486373 0.000000 -0.873751 0.794729 0.794729 0.794729
1880.149780 0.000000 2898.696289 0.000000 0.607302 0.000000 0.794471 0.618169 0.618169 0.618169
1880.550293 0.000000 2901.140137 0.000000 0.671396 0.000000 -0.741099 0.774395 0.774395 0.774395
1877.458008 0.000000 2888.138428 0.000000 0.421015 0.000000 0.907054 0.598731 0.598731 0.598731
1857.831055 0.000000 2891.089355 0.000000 0.802680 0.000000 0.596410 0.643046 0.643046 0.643046
1868.541992 0.000000 2887.214844 0.000000 0.995491 0.000000 -0.094859 0.708467 0.708467 0.708467
1870.534790 0.000000 2880.682861 0.000000 0.609074 0.000000 0.793113 0.618368 0.618368 0.618368
1882.582886 0.000000 2903.822510 0.000000 0.041890 0.000000 0.999122 0.563735 0.563735 0.563735
1893.184937 0.000000 2893.919189 0.000000 0.124290 0.000000 -0.992246 0.828894 0.828894 0.828894
1888.077026 0.000000 2898.354980 0.000000 0.494669 0.000000 -0.869082 0.793881 0.793881 0.793881
1877.637207 0.000000 2937.005127 0.000000 0.069384 0.000000 -0.997590 0.833811 0.833811 0.833811
1869.808105 0.000000 2939.723633 0.000000 0.290089 0.000000 -0.957000 0.813768 0.813768 0.813768
1880.518921 0.000000 2935.137207 0.000000 0.319943 0.000000 0.947437 0.589026 0.589026 0.589026
1877.177734 0.000000 2940.700684 0.000000 0.730531 0.000000 0.682879 0.633004 0.633004 0.633004
1887.994507 0.000000 2936.389404 0.000000 0.590218 0.000000 -0.807244 0.783732 0.783732 0.783732
1830.971924 0.000000 2969.134277 0.000000 0.802008 0.000000 0.597313 0.642946 0.642946 0.642946
1835.089722 0.000000 2966.288086 0.000000 0.386791 0.000000 -0.922167 0.804603 0.804603 0.804603
1887.718994 0.000000 2980.338623 0.000000 0.994708 0.000000 -0.102746 0.709174 0.709174 0.709174
1875.160400 0.000000 3000.550293 0.000000 0.252577 0.000000 0.967577 0.582758 0.582758 0.582758
1848.522827 0.000000 3031.113770 0.000000 0.941282 0.000000 0.337623 0.669306 0.669306 0.669306
1856.715332 0.000000 3029.145264 0.000000 0.994714 0.000000 -0.102680 0.709168 0.709168 0.709168
1901.607300 0.000000 3031.054688 0.000000 0.783645 0.000000 -0.621209 0.759740 0.759740 0.759740
1894.964111 0.000000 3033.118652 0.000000 0.222610 0.000000 -0.974908 0.819992 0.819992 0.819992
1899.081909 0.000000 3030.272461 0.000000 0.962429 0.000000 -0.271535 0.724509 0.724509 0.724509
1909.086548 0.000000 3030.468750 0.000000 0.037945 0.000000 0.999280 0.563383 0.563383 0.563383
1913.375122 0.000000 3032.681396 0.000000 0.612776 0.000000 0.790257 0.618785 0.618785 0.618785
1919.990601 0.000000 3032.365967 0.000000 0.341380 0.000000 -0.939925 0.808950 0.808950 0.808950
6014.684570 0.000000 1616.661987 0.000000 0.918962 0.000000 0.394345 0.853550 0.853550 0.853550
6014.865723 0.000000 1614.477295 0.000000 0.668965 0.000000 -0.743294 0.996025 0.996025 0.996025
6020.494629 0.000000 1609.969238 0.000000 0.940369 0.000000 0.340155 0.860227 0.860227 0.860227
6004.526855 0.000000 1808.342285 0.000000 0.368829 0.000000 0.929497 0.593668 0.593668 0.593668
6001.748535 0.000000 1799.006104 0.000000 0.958543 0.000000 0.284947 0.866889 0.866889 0.866889
6000.713379 0.000000 1798.750610 0.000000 0.068752 0.000000 -0.997634 1.072115 1.072115 1.072115
7048.347168 0.000000 664.009888 0.000000 0.930853 0.000000 -0.365394 0.942864 0.942864 0.942864
7053.290039 0.000000 650.821716 0.000000 0.330067 0.000000 -0.943958 1.041454 1.041454 1.041454
7302.778320 0.000000 382.590363 0.000000 0.982074 0.000000 0.188495 0.878270 0.878270 0.878270
7303.716797 0.000000 381.099762 0.000000 0.009444 0.000000 -0.999955 1.078918 1.078918 1.078918
7302.450684 0.000000 381.392792 0.000000 0.010817 0.000000 -0.999941 1.078760 1.078760 1.078760
7306.425781 0.000000 358.101013 0.000000 0.988031 0.000000 -0.154256 0.917747 0.917747 0.917747
7303.730469 0.000000 383.387268 0.000000 0.088075 0.000000 0.996114 0.730106 0.730106 0.730106
7303.957031 0.000000 385.526733 0.000000 0.756431 0.000000 -0.654074 0.981699 0.981699 0.981699
7303.411133 0.000000 383.953186 0.000000 0.973082 0.000000 0.230459 0.873352 0.873352 0.873352
7517.000000 0.000000 405.523834 0.000000 0.851425 0.000000 -0.524477 0.963266 0.963266 0.963266
7506.842773 0.000000 399.999725 0.000000 0.584241 0.000000 -0.811580 1.008501 1.008501 1.008501
7510.358398 0.000000 402.495392 0.000000 0.881015 0.000000 -0.473089 0.956470 0.956470 0.956470
7516.124512 0.000000 404.730286 0.000000 0.516902 0.000000 0.856045 0.782249 0.782249 0.782249
7558.586426 0.000000 481.108063 0.000000 0.751741 0.000000 -0.659459 0.982517 0.982517 0.982517
7561.346680 0.000000 501.636139 0.000000 0.514785 0.000000 0.857320 0.781966 0.781966 0.781966
7566.518555 0.000000 496.451324 0.000000 0.999849 0.000000 0.017382 0.898008 0.898008 0.898008
7393.651367 0.000000 571.027588 0.000000 0.994834 0.000000 -0.101513 0.911653 0.911653 0.911653
7227.340332 0.000000 749.884949 0.000000 0.485847 0.000000 -0.874044 1.021864 1.021864 1.021864
7226.460449 0.000000 749.514893 0.000000 0.100245 0.000000 0.994963 0.731507 0.731507 0.731507
7241.314941 0.000000 748.141357 0.000000 0.279947 0.000000 -0.960015 1.047486 1.047486 1.047486
7237.079590 0.000000 738.463318 0.000000 0.870039 0.000000 0.492983 0.840926 0.840926 0.840926
7646.500977 0.000000 597.817261 0.000000 0.838168 0.000000 0.545412 0.833894 0.833894 0.833894
7638.342773 0.000000 594.448486 0.000000 0.631409 0.000000 -0.775450 1.001692 1.001692 1.001692
7645.448242 0.000000 600.049866 0.000000 0.464004 0.000000 0.885833 0.775292 0.775292 0.775292
7649.746582 0.000000 588.346497 0.000000 0.677516 0.000000 -0.735508 0.994700 0.994700 0.994700
7621.926758 0.000000 631.035645 0.000000 0.825317 0.000000 -0.564669 0.968759 0.968759 0.968759
7624.276855 0.000000 632.017700 0.000000 0.995182 0.000000 -0.098041 0.911253 0.911253 0.911253
7624.104492 0.000000 633.679993 0.000000 0.671382 0.000000 -0.741112 0.995652 0.995652 0.995652
7621.127930 0.000000 637.638794 0.000000 0.319629 0.000000 0.947543 0.757281 0.757281 0.757281
7640.100586 0.000000 613.536499 0.000000 0.755330 0.000000 -0.655344 0.981891 0.981891 0.981891
7624.210449 0.000000 628.075073 0.000000 0.929527 0.000000 -0.368755 0.943278 0.943278 0.943278
7653.371582 0.000000 613.563232 0.000000 0.997087 0.000000 0.076278 0.891251 0.891251 0.891251
7650.600586 0.000000 619.989624 0.000000 0.926627 0.000000 -0.375983 0.944170 0.944170 0.944170
7651.788086 0.000000 619.283752 0.000000 0.917522 0.000000 0.397686 0.853133 0.853133 0.853133
7505.494629 0.000000 811.069031 0.000000 0.819333 0.000000 -0.573317 0.969964 0.969964 0.969964
7667.472168 0.000000 779.864258 0.000000 0.260366 0.000000 0.965510 0.750184 0.750184 0.750184
7641.107422 0.000000 868.553955 0.000000 0.757069 0.000000 -0.653335 0.981587 0.981587 0.981587
7649.015625 0.000000 881.894897 0.000000 0.444624 0.000000 -0.895717 1.027201 1.027201 1.027201
7662.235352 0.000000 881.825806 0.000000 0.848456 0.000000 -0.529266 0.963912 0.963912 0.963912
7647.068359 0.000000 886.291565 0.000000 0.941910 0.000000 0.335866 0.860749 0.860749 0.860749
7699.140137 0.000000 850.544861 0.000000 0.333419 0.000000 -0.942779 1.041047 1.041047 1.041047
7689.952637 0.000000 843.041626 0.000000 0.987288 0.000000 -0.158941 0.918291 0.918291 0.918291
6634.318848 0.000000 1203.584229 0.000000 0.173197 0.000000 -0.984887 1.060052 1.060052 1.060052
6166.858887 0.000000 1534.819092 0.000000 0.944858 0.000000 -0.327481 0.938232 0.938232 0.938232
7094.429688 0.000000 1078.351440 0.000000 0.609974 0.000000 0.792422 0.795175 0.795175 0.795175
7089.970215 0.000000 1071.082275 0.000000 0.370958 0.000000 0.928650 0.763549 0.763549 0.763549
7087.027832 0.000000 1090.539551 0.000000 0.957203 0.000000 0.289418 0.866354 0.866354 0.866354
7137.793945 0.000000 1107.744507 0.000000 0.729722 0.000000 0.683744 0.813726 0.813726 0.813726
7144.970703 0.000000 1103.443848 0.000000 0.393623 0.000000 -0.919272 1.033640 1.033640 1.033640
7136.173828 0.000000 1106.186157 0.000000 0.094425 0.000000 0.995532 0.730836 0.730836 0.730836
6817.263184 0.000000 1503.249146 0.000000 0.583921 0.000000 -0.811810 1.008546 1.008546 1.008546
6813.756836 0.000000 1509.177124 0.000000 0.179091 0.000000 -0.983832 1.059366 1.059366 1.059366
6817.302246 0.000000 1519.785034 0.000000 0.222636 0.000000 -0.974902 1.054272 1.054272 1.054272
6820.160156 0.000000 1512.457275 0.000000 0.493809 0.000000 -0.869570 1.020817 1.020817 1.020817
6823.389648 0.000000 1510.047852 0.000000 0.771061 0.000000 0.636762 0.820898 0.820898 0.820898
6819.250977 0.000000 1519.726196 0.000000 0.616206 0.000000 0.787585 0.796079 0.796079 0.796079
6820.532715 0.000000 1510.771973 0.000000 0.787013 0.000000 -0.616937 0.976186 0.976186 0.976186
6216.775879 0.000000 1540.806763 0.000000 0.983783 0.000000 0.179360 0.879335 0.879335 0.879335
6222.411133 0.000000 1585.653931 0.000000 0.774164 0.000000 0.632985 0.821459 0.821459 0.821459
6222.682617 0.000000 1584.185669 0.000000 0.671039 0.000000 -0.741422 0.995705 0.995705 0.995705
6588.563965 0.000000 1630.655029 0.000000 0.988541 0.000000 -0.150955 0.917365 0.917365 0.917365
6587.285156 0.000000 1628.523438 0.000000 0.849277 0.000000 -0.527947 0.963734 0.963734 0.963734
6611.435547 0.000000 1659.528320 0.000000 0.907976 0.000000 -0.419021 0.949546 0.949546 0.949546
6611.629883 0.000000 1658.054688 0.000000 0.777087 0.000000 0.629394 0.821989 0.821989 0.821989
6607.514648 0.000000 1655.349609 0.000000 0.588761 0.000000 -0.808307 1.007862 1.007862 1.007862
6649.564941 0.000000 1651.976318 0.000000 0.231216 0.000000 -0.972902 1.053263 1.053263 1.053263
6655.169922 0.000000 1660.326904 0.000000 0.998907 0.000000 -0.046750 0.905359 0.905359 0.905359
6647.366211 0.000000 1646.348389 0.000000 0.212447 0.000000 0.977173 0.744532 0.744532 0.744532
6624.228516 0.000000 1657.395752 0.000000 0.769335 0.000000 0.638845 0.820588 0.820588 0.820588
6505.404785 0.000000 1675.914795 0.000000 0.804738 0.000000 0.593631 0.827170 0.827170 0.827170
6505.786133 0.000000 1678.272461 0.000000 0.588960 0.000000 -0.808162 1.007833 1.007833 1.007833
6502.442871 0.000000 1674.432739 0.000000 0.278679 0.000000 -0.960384 1.047637 1.047637 1.047637
6511.213379 0.000000 1669.868042 0.000000 0.918527 0.000000 0.395359 0.853423 0.853423 0.853423
6554.781738 0.000000 1715.946167 0.000000 0.999987 0.000000 0.005104 0.899415 0.899415 0.899415
6560.476074 0.000000 1715.694824 0.000000 0.994945 0.000000 -0.100425 0.911527 0.911527 0.911527
6634.328125 0.000000 1695.056885 0.000000 0.486112 0.000000 -0.873896 1.021829 1.021829 1.021829
6623.258789 0.000000 1690.931396 0.000000 0.339339 0.000000 -0.940664 1.040327 1.040327 1.040327
6622.279297 0.000000 1704.533569 0.000000 0.627754 0.000000 -0.778412 1.002231 1.002231 1.002231
6620.967773 0.000000 1699.696777 0.000000 0.995272 0.000000 -0.097132 0.911148 0.911148 0.911148
6621.719238 0.000000 1698.748779 0.000000 0.152603 0.000000 0.988288 0.737556 0.737556 0.737556
6366.494629 0.000000 1798.359863 0.000000 0.002197 0.000000 -0.999998 1.079748 1.079748 1.079748
6362.367188 0.000000 1796.636230 0.000000 0.625332 0.000000 -0.780359 1.002587 1.002587 1.002587
6367.235840 0.000000 1807.892578 0.000000 0.521126 0.000000 0.853480 0.782816 0.782816 0.782816
6367.715820 0.000000 1795.485718 0.000000 0.679177 0.000000 -0.733974 0.994441 0.994441 0.994441
6450.154297 0.000000 1822.885498 0.000000 0.145319 0.000000 0.989385 0.736712 0.736712 0.736712
6422.800781 0.000000 1824.355347 0.000000 0.537558 0.000000 -0.843226 1.014965 1.014965 1.014965
6436.190430 0.000000 1826.674561 0.000000 0.421675 0.000000 0.906747 0.769881 0.769881 0.769881
6434.459961 0.000000 1827.762695 0.000000 0.982101 0.000000 0.188356 0.878286 0.878286 0.878286
6437.177246 0.000000 1826.197632 0.000000 0.964152 0.000000 -0.265351 0.930776 0.930776 0.930776
6434.033203 0.000000 1826.709229 0.000000 0.206482 0.000000 0.978450 0.743833 0.743833 0.743833
6585.969727 0.000000 1884.502441 0.000000 0.994957 0.000000 -0.100301 0.911513 0.911513 0.911513
6589.194824 0.000000 1896.597778 0.000000 0.946722 0.000000 -0.322052 0.937574 0.937574 0.937574
6585.347168 0.000000 1899.816284 0.000000 0.892826 0.000000 0.450402 0.846461 0.846461 0.846461
6600.401855 0.000000 1911.705200 0.000000 0.371329 0.000000 0.928501 0.763595 0.763595 0.763595
6597.527832 0.000000 1897.896973 0.000000 0.423162 0.000000 0.906054 0.770069 0.770069 0.770069
6603.075195 0.000000 1895.810059 0.000000 0.671899 0.000000 -0.740643 0.995572 0.995572 0.995572
6709.047852 0.000000 1561.341187 0.000000 0.908049 0.000000 -0.418863 0.949526 0.949526 0.949526
6706.096191 0.000000 1559.728760 0.000000 0.920098 0.000000 0.391688 0.853881 0.853881 0.853881
6685.687988 0.000000 1593.063965 0.000000 0.678841 0.000000 -0.734285 0.994494 0.994494 0.994494
6696.598145 0.000000 1584.533081 0.000000 0.418680 0.000000 0.908134 0.769503 0.769503 0.769503
6691.010742 0.000000 1570.802124 0.000000 0.692035 0.000000 0.721864 0.807583 0.807583 0.807583
6685.578613 0.000000 1631.128296 0.000000 0.532232 0.000000 -0.846598 1.015687 1.015687 1.015687
6695.226074 0.000000 1601.987549 0.000000 0.982311 0.000000 0.187257 0.878414 0.878414 0.878414
6676.631836 0.000000 1635.056152 0.000000 0.750900 0.000000 -0.660416 0.982663 0.982663 0.982663
6678.140137 0.000000 1646.582642 0.000000 0.089470 0.000000 0.995990 0.730266 0.730266 0.730266
6684.944336 0.000000 1631.667847 0.000000 0.958490 0.000000 0.285125 0.866867 0.866867 0.866867
6677.957520 0.000000 1640.486084 0.000000 0.565564 0.000000 0.824704 0.788883 0.788883 0.788883
6874.452637 0.000000 1679.192383 0.000000 0.425468 0.000000 0.904973 0.770361 0.770361 0.770361
6868.044922 0.000000 1673.461060 0.000000 0.991820 0.000000 0.127645 0.885333 0.885333 0.885333
6852.739258 0.000000 1683.109985 0.000000 0.321108 0.000000 0.947043 0.757460 0.757460 0.757460
6872.805176 0.000000 1683.052856 0.000000 0.413192 0.000000 0.910644 0.768811 0.768811 0.768811
6857.000000 0.000000 1690.149292 0.000000 0.997901 0.000000 0.064760 0.892574 0.892574 0.892574
6856.228516 0.000000 1691.986816 0.000000 0.926673 0.000000 -0.375868 0.944156 0.944156 0.944156
6909.684082 0.000000 1698.748779 0.000000 0.362513 0.000000 0.931979 0.762509 0.762509 0.762509
6891.854980 0.000000 1784.867920 0.000000 0.963318 0.000000 -0.268362 0.931134 0.931134 0.931134
6886.501465 0.000000 1789.049072 0.000000 0.142280 0.000000 0.989826 0.736360 0.736360 0.736360
6894.779785 0.000000 1785.112061 0.000000 0.994846 0.000000 -0.101400 0.911640 0.911640 0.911640
6944.090820 0.000000 1660.119873 0.000000 0.446220 0.000000 -0.894923 1.026997 1.026997 1.026997
6952.787109 0.000000 1662.785889 0.000000 0.999941 0.000000 0.010896 0.898751 0.898751 0.898751
6955.918457 0.000000 1661.030640 0.000000 0.866034 0.000000 0.499985 0.840002 0.840002 0.840002
6954.787109 0.000000 1661.726685 0.000000 0.390993 0.000000 -0.920394 1.033967 1.033967 1.033967
6944.785156 0.000000 1659.348755 0.000000 0.820861 0.000000 -0.571128 0.969658 0.969658 0.969658
6943.433594 0.000000 1660.830444 0.000000 0.066125 0.000000 -0.997811 1.072417 1.072417 1.072417
6929.852539 0.000000 1686.366699 0.000000 0.905203 0.000000 -0.424980 0.950299 0.950299 0.950299
6934.449219 0.000000 1686.203003 0.000000 0.892438 0.000000 0.451170 0.846362 0.846362 0.846362
6925.310547 0.000000 1694.726807 0.000000 0.954965 0.000000 0.296719 0.865479 0.865479 0.865479
6921.014648 0.000000 1686.464233 0.000000 0.802526 0.000000 0.596618 0.826744 0.826744 0.826744
6933.734863 0.000000 1693.711182 0.000000 0.311670 0.000000 0.950190 0.756320 0.756320 0.756320
6932.666504 0.000000 1690.710205 0.000000 0.937513 0.000000 0.347949 0.859276 0.859276 0.859276
6942.459473 0.000000 1671.495361 0.000000 0.928143 0.000000 -0.372225 0.943706 0.943706 0.943706
6924.091797 0.000000 1691.978638 0.000000 0.947728 0.000000 -0.319079 0.937214 0.937214 0.937214
6942.659668 0.000000 1664.795044 0.000000 0.285497 0.000000 -0.958380 1.046823 1.046823 1.046823
6927.001953 0.000000 1694.371094 0.000000 0.233198 0.000000 -0.972429 1.053029 1.053029 1.053029
6912.193359 0.000000 1689.387939 0.000000 0.199062 0.000000 0.979987 0.742964 0.742964 0.742964
6929.170410 0.000000 1687.122803 0.000000 0.818609 0.000000 -0.574351 0.970108 0.970108 0.970108
6916.842285 0.000000 1692.466431 0.000000 0.264258 0.000000 0.964452 0.750646 0.750646 0.750646
6937.486328 0.000000 1679.328003 0.000000 0.700504 0.000000 0.713649 0.808935 0.808935 0.808935
6947.593750 0.000000 1678.679565 0.000000 0.485600 0.000000 -0.874181 1.021896 1.021896 1.021896
6950.837891 0.000000 1682.144653 0.000000 0.696925 0.000000 0.717144 0.808362 0.808362 0.808362
6947.585938 0.000000 1665.836914 0.000000 0.146092 0.000000 0.989271 0.736801 0.736801 0.736801
6928.324707 0.000000 1703.784302 0.000000 0.152135 0.000000 0.988360 0.737501 0.737501 0.737501
6937.193359 0.000000 1700.350830 0.000000 0.312816 0.000000 0.949814 0.756458 0.756458 0.756458
6916.385254 0.000000 1705.945801 0.000000 0.947662 0.000000 -0.319274 0.937238 0.937238 0.937238
6918.664551 0.000000 1696.811157 0.000000 0.582239 0.000000 -0.813018 1.008784 1.008784 1.008784
6936.186523 0.000000 1701.270874 0.000000 0.413797 0.000000 0.910369 0.768887 0.768887 0.768887
6929.028809 0.000000 1697.217651 0.000000 0.206784 0.000000 0.978387 0.743868 0.743868 0.743868
6921.133789 0.000000 1697.866211 0.000000 0.202262 0.000000 0.979331 0.743339 0.743339 0.743339
6928.008301 0.000000 1696.021973 0.000000 0.956219 0.000000 0.292651 0.865967 0.865967 0.865967
6912.424316 0.000000 1757.245850 0.000000 0.334318 0.000000 -0.942460 1.040938 1.040938 1.040938
6917.459961 0.000000 1741.975830 0.000000 0.987974 0.000000 -0.154622 0.917790 0.917790 0.917790
6762.679688 0.000000 1832.682129 0.000000 0.864651 0.000000 0.502373 0.839686 0.839686 0.839686
6826.074707 0.000000 1817.461060 0.000000 0.469779 0.000000 0.882784 0.776040 0.776040 0.776040
6816.110352 0.000000 1813.442139 0.000000 0.676519 0.000000 -0.736425 0.994856 0.994856 0.994856
6824.000488 0.000000 1821.902466 0.000000 0.995417 0.000000 -0.095629 0.910975 0.910975 0.910975
6819.154785 0.000000 1820.237427 0.000000 0.615143 0.000000 0.788416 0.795925 0.795925 0.795925
6821.777832 0.000000 1822.180298 0.000000 0.170441 0.000000 -0.985368 1.060373 1.060373 1.060373
6900.852539 0.000000 1793.344238 0.000000 0.693900 0.000000 0.720072 0.807879 0.807879 0.807879
6888.693848 0.000000 1796.744263 0.000000 0.234138 0.000000 -0.972203 1.052918 1.052918 1.052918
6901.632324 0.000000 1792.517334 0.000000 0.093542 0.000000 0.995615 0.730735 0.730735 0.730735
6685.687988 0.000000 2008.962402 0.000000 0.852016 0.000000 -0.523516 0.963137 0.963137 0.963137
6684.501465 0.000000 2011.365112 0.000000 0.123787 0.000000 -0.992309 1.065778 1.065778 1.065778
6681.627441 0.000000 2011.596191 0.000000 0.926466 0.000000 -0.376378 0.944219 0.944219 0.944219
6708.792969 0.000000 1988.036987 0.000000 0.066158 0.000000 -0.997809 1.072413 1.072413 1.072413
6709.932129 0.000000 1989.564331 0.000000 0.999127 0.000000 -0.041774 0.904788 0.904788 0.904788
6689.441895 0.000000 2009.750366 0.000000 0.937889 0.000000 0.346934 0.859400 0.859400 0.859400
6684.466309 0.000000 2016.738770 0.000000 0.175908 0.000000 -0.984407 1.059737 1.059737 1.059737
6814.406250 0.000000 2029.170288 0.000000 0.735048 0.000000 0.678015 0.814622 0.814622 0.814622
6813.038574 0.000000 2023.429199 0.000000 0.321753 0.000000 0.946824 0.757538 0.757538 0.757538
6812.252441 0.000000 2024.135864 0.000000 0.863966 0.000000 0.503550 0.839530 0.839530 0.839530
6817.225586 0.000000 2025.521729 0.000000 0.221584 0.000000 -0.975141 1.054396 1.054396 1.054396
6842.693359 0.000000 2022.872925 0.000000 0.997529 0.000000 0.070249 0.891943 0.891943 0.891943
7164.395996 0.000000 1943.541748 0.000000 0.311279 0.000000 0.950319 0.756273 0.756273 0.756273
7153.450684 0.000000 1928.599731 0.000000 0.093380 0.000000 0.995631 0.730716 0.730716 0.730716
7144.543457 0.000000 1936.447144 0.000000 0.124472 0.000000 -0.992223 1.065699 1.065699 1.065699
7166.988281 0.000000 1929.265625 0.000000 0.203944 0.000000 0.978983 0.743535 0.743535 0.743535
7155.078613 0.000000 1925.472778 0.000000 0.675187 0.000000 -0.737647 0.995063 0.995063 0.995063
7439.905273 0.000000 1534.772095 0.000000 0.255743 0.000000 0.966745 0.749635 0.749635 0.749635
7557.653320 0.000000 1531.998413 0.000000 0.882210 0.000000 -0.470857 0.956180 0.956180 0.956180
7556.940918 0.000000 1531.281006 0.000000 0.141768 0.000000 0.989900 0.736300 0.736300 0.736300
7384.757812 0.000000 1570.004761 0.000000 0.941348 0.000000 0.337438 0.860558 0.860558 0.860558
7376.831543 0.000000 1572.534058 0.000000 0.919567 0.000000 0.392932 0.853726 0.853726 0.853726
7416.897949 0.000000 1648.124390 0.000000 0.756252 0.000000 -0.654280 0.981730 0.981730 0.981730
7416.016602 0.000000 1649.363525 0.000000 0.425924 0.000000 0.904759 0.770418 0.770418 0.770418
7417.987305 0.000000 1633.919556 0.000000 0.883653 0.000000 -0.468143 0.955828 0.955828 0.955828
7306.371094 0.000000 1780.593750 0.000000 0.771958 0.000000 0.635673 0.821060 0.821060 0.821060
7312.756348 0.000000 1774.883545 0.000000 0.978673 0.000000 -0.205424 0.923709 0.923709 0.923709
7301.602051 0.000000 1786.398315 0.000000 0.916079 0.000000 0.400999 0.852719 0.852719 0.852719
7299.096191 0.000000 1788.245239 0.000000 0.714582 0.000000 -0.699552 0.988782 0.988782 0.988782
7526.045898 0.000000 1567.189697 0.000000 0.825662 0.000000 -0.564166 0.968689 0.968689 0.968689
7525.430664 0.000000 1571.765869 0.000000 0.092230 0.000000 0.995738 0.730584 0.730584 0.730584
7529.287598 0.000000 1576.411133 0.000000 0.757451 0.000000 -0.652892 0.981520 0.981520 0.981520
7529.462891 0.000000 1577.662842 0.000000 0.149698 0.000000 0.988732 0.737219 0.737219 0.737219
7521.900391 0.000000 1570.771729 0.000000 0.122313 0.000000 -0.992492 1.065949 1.065949 1.065949
7552.677734 0.000000 1548.652832 0.000000 0.288081 0.000000 -0.957606 1.046514 1.046514 1.046514
7561.903809 0.000000 1551.860718 0.000000 0.898372 0.000000 0.439236 0.847890 0.847890 0.847890
7560.399414 0.000000 1550.421143 0.000000 0.651816 0.000000 0.758377 0.801357 0.801357 0.801357
7562.989746 0.000000 1541.102173 0.000000 0.334175 0.000000 -0.942511 1.040955 1.040955 1.040955
7533.202637 0.000000 1743.045410 0.000000 0.841985 0.000000 0.539502 0.834701 0.834701 0.834701
7537.994629 0.000000 1751.681885 0.000000 0.094695 0.000000 0.995506 0.730868 0.730868 0.730868
7530.993652 0.000000 1733.055298 0.000000 0.586632 0.000000 -0.809853 1.008163 1.008163 1.008163
7536.216309 0.000000 1751.727661 0.000000 0.883380 0.000000 -0.468657 0.955894 0.955894 0.955894
7228.710449 0.000000 1804.783203 0.000000 0.029988 0.000000 0.999550 0.723437 0.723437 0.723437
7207.660156 0.000000 1848.521240 0.000000 0.987936 0.000000 -0.154865 0.917818 0.917818 0.917818
7225.095703 0.000000 1841.041504 0.000000 0.169083 0.000000 -0.985602 1.060531 1.060531 1.060531
7232.589844 0.000000 1802.407593 0.000000 0.839087 0.000000 0.543997 0.834088 0.834088 0.834088
7233.575684 0.000000 1805.782959 0.000000 0.148573 0.000000 0.988901 0.737088 0.737088 0.737088
7285.312988 0.000000 1809.280273 0.000000 0.791219 0.000000 -0.611534 0.975401 0.975401 0.975401
7211.521973 0.000000 1872.541504 0.000000 0.964749 0.000000 -0.263171 0.930517 0.930517 0.930517
7231.099609 0.000000 1884.272217 0.000000 0.820072 0.000000 -0.572260 0.969816 0.969816 0.969816
7219.070801 0.000000 1861.488403 0.000000 0.754744 0.000000 -0.656019 0.981994 0.981994 0.981994
7228.399902 0.000000 1888.770020 0.000000 0.422054 0.000000 0.906571 0.769929 0.769929 0.769929
7229.660156 0.000000 1889.098145 0.000000 0.867714 0.000000 0.497063 0.840388 0.840388 0.840388
7222.073730 0.000000 1894.528320 0.000000 0.691538 0.000000 0.722340 0.807504 0.807504 0.807504
7237.973633 0.000000 1878.730957 0.000000 0.835419 0.000000 0.549613 0.833319 0.833319 0.833319
7289.150391 0.000000 1892.303955 0.000000 0.173409 0.000000 -0.984850 1.060028 1.060028 1.060028
7288.143555 0.000000 1893.223999 0.000000 0.790472 0.000000 -0.612499 0.975541 0.975541 0.975541
7304.171875 0.000000 1801.184448 0.000000 0.841785 0.000000 0.539813 0.834658 0.834658 0.834658
7296.676758 0.000000 1806.170288 0.000000 0.001993 0.000000 -0.999998 1.079772 1.079772 1.079772
7306.196777 0.000000 1793.576904 0.000000 0.178385 0.000000 -0.983961 1.059449 1.059449 1.059449
7355.202637 0.000000 1806.653442 0.000000 0.011887 0.000000 -0.999929 1.078638 1.078638 1.078638
7336.169922 0.000000 1819.955566 0.000000 0.648821 0.000000 0.760941 0.800906 0.800906 0.800906
7352.421875 0.000000 1833.272949 0.000000 0.116220 0.000000 -0.993224 1.066652 1.066652 1.066652
7354.394043 0.000000 1839.153320 0.000000 0.606170 0.000000 0.795335 0.794626 0.794626 0.794626
7344.169922 0.000000 1846.754761 0.000000 0.284451 0.000000 -0.958691 1.046948 1.046948 1.046948
7339.871582 0.000000 1852.983765 0.000000 0.289070 0.000000 -0.957308 1.046395 1.046395 1.046395
7358.520508 0.000000 1840.607300 0.000000 0.836305 0.000000 0.548265 0.833504 0.833504 0.833504
7352.024414 0.000000 1841.316650 0.000000 0.485524 0.000000 -0.874223 1.021906 1.021906 1.021906
7350.377930 0.000000 1842.143799 0.000000 0.848558 0.000000 -0.529102 0.963890 0.963890 0.963890
7355.202637 0.000000 1838.645630 0.000000 0.308781 0.000000 0.951133 0.755972 0.755972 0.755972
7364.108887 0.000000 1808.577637 0.000000 0.489636 0.000000 -0.871927 1.021367 1.021367 1.021367
7369.482422 0.000000 1801.608154 0.000000 0.903089 0.000000 -0.429453 0.950866 0.950866 0.950866
7362.644531 0.000000 1812.451538 0.000000 0.970959 0.000000 0.239245 0.872316 0.872316 0.872316
7325.057129 0.000000 1875.600586 0.000000 0.787476 0.000000 -0.616345 0.976099 0.976099 0.976099
7328.755859 0.000000 1876.642578 0.000000 0.310614 0.000000 0.950536 0.756192 0.756192 0.756192
7296.925293 0.000000 1891.795532 0.000000 0.999940 0.000000 0.010923 0.898748 0.898748 0.898748
7168.067383 0.000000 1941.410889 0.000000 0.461856 0.000000 0.886955 0.775014 0.775014 0.775014
7168.778320 0.000000 1936.636963 0.000000 0.541395 0.000000 -0.840769 1.014443 1.014443 1.014443
7230.624512 0.000000 1920.732544 0.000000 0.011317 0.000000 -0.999936 1.078703 1.078703 1.078703
7243.808105 0.000000 1921.294434 0.000000 0.735800 0.000000 0.677199 0.814750 0.814750 0.814750
7311.013184 0.000000 1962.168091 0.000000 0.389541 0.000000 -0.921009 1.034148 1.034148 1.034148
7305.999512 0.000000 1962.768188 0.000000 0.145418 0.000000 0.989370 0.736723 0.736723 0.736723
7298.302734 0.000000 1968.848267 0.000000 0.613063 0.000000 0.790034 0.795623 0.795623 0.795623
7303.343750 0.000000 1962.520508 0.000000 0.713541 0.000000 -0.700614 0.988953 0.988953 0.988953
7333.471191 0.000000 1962.913818 0.000000 0.333373 0.000000 -0.942795 1.041053 1.041053 1.041053
7547.683105 0.000000 2003.255249 0.000000 0.147805 0.000000 0.989017 0.736999 0.736999 0.736999
7548.671387 0.000000 1996.736328 0.000000 0.583104 0.000000 -0.812397 1.008662 1.008662 1.008662
7546.668457 0.000000 2002.179932 0.000000 0.971229 0.000000 0.238149 0.872445 0.872445 0.872445
7606.903809 0.000000 1981.210693 0.000000 0.514472 0.000000 0.857507 0.781924 0.781924 0.781924
7553.743164 0.000000 2003.525757 0.000000 0.569250 0.000000 0.822165 0.789396 0.789396 0.789396
7561.717773 0.000000 2000.945190 0.000000 0.995231 0.000000 -0.097546 0.911196 0.911196 0.911196
7559.299805 0.000000 1989.930664 0.000000 0.997125 0.000000 0.075778 0.891308 0.891308 0.891308
7565.227539 0.000000 1994.493652 0.000000 0.999110 0.000000 -0.042177 0.904835 0.904835 0.904835
7572.780273 0.000000 2005.356323 0.000000 0.790897 0.000000 -0.611949 0.975461 0.975461 0.975461
7559.252441 0.000000 1992.278442 0.000000 0.634661 0.000000 -0.772791 1.001210 1.001210 1.001210
7562.684082 0.000000 1995.827026 0.000000 0.716467 0.000000 -0.697621 0.988473 0.988473 0.988473
7557.253418 0.000000 1995.959473 0.000000 0.390345 0.000000 -0.920669 1.034048 1.034048 1.034048
7569.718262 0.000000 1984.462158 0.000000 0.363008 0.000000 0.931786 0.762570 0.762570 0.762570
7559.628418 0.000000 1988.873657 0.000000 0.522528 0.000000 0.852622 0.783004 0.783004 0.783004
7562.989746 0.000000 1988.992798 0.000000 0.363633 0.000000 0.931542 0.762647 0.762647 0.762647
7604.766602 0.000000 1985.297363 0.000000 0.695443 0.000000 0.718581 0.808125 0.808125 0.808125
7605.546387 0.000000 1984.470459 0.000000 0.517619 0.000000 0.855611 0.782345 0.782345 0.782345
7603.023926 0.000000 1989.457153 0.000000 0.145659 0.000000 0.989335 0.736751 0.736751 0.736751
7606.656250 0.000000 1984.316284 0.000000 0.896898 0.000000 0.442238 0.847506 0.847506 0.847506
7663.460938 0.000000 2032.485962 0.000000 0.895520 0.000000 0.445021 0.847151 0.847151 0.847151
7662.506836 0.000000 2032.076294 0.000000 0.468198 0.000000 0.883624 0.775835 0.775835 0.775835
7708.177734 0.000000 1565.083984 0.000000 0.854152 0.000000 -0.520024 0.962668 0.962668 0.962668
7768.732422 0.000000 1596.246094 0.000000 0.994725 0.000000 -0.102578 0.911775 0.911775 0.911775
7769.156738 0.000000 1597.500732 0.000000 0.698199 0.000000 0.715903 0.808565 0.808565 0.808565
7731.111816 0.000000 1612.547119 0.000000 0.436911 0.000000 -0.899505 1.028186 1.028186 1.028186
7737.012695 0.000000 1608.150269 0.000000 0.317731 0.000000 0.948181 0.757051 0.757051 0.757051
7746.160156 0.000000 1614.560303 0.000000 0.437533 0.000000 -0.899202 1.028107 1.028107 1.028107
7725.448242 0.000000 1717.963867 0.000000 0.063566 0.000000 -0.997978 1.072711 1.072711 1.072711
7713.014648 0.000000 1714.791626 0.000000 0.169616 0.000000 -0.985510 1.060469 1.060469 1.060469
7714.082031 0.000000 1712.004272 0.000000 0.543342 0.000000 -0.839512 1.014177 1.014177 1.014177
7773.002441 0.000000 1715.639648 0.000000 0.169989 0.000000 -0.985446 1.060426 1.060426 1.060426
7785.690430 0.000000 1713.015503 0.000000 0.998870 0.000000 -0.047521 0.905448 0.905448 0.905448
7780.843262 0.000000 1717.534912 0.000000 0.902682 0.000000 -0.430308 0.950974 0.950974 0.950974
7778.244141 0.000000 1712.910767 0.000000 0.823399 0.000000 -0.567463 0.969147 0.969147 0.969147
7789.317383 0.000000 1713.324219 0.000000 0.997730 0.000000 0.067343 0.892277 0.892277 0.892277
7779.100098 0.000000 1712.592407 0.000000 0.998780 0.000000 -0.049386 0.905661 0.905661 0.905661
7710.468750 0.000000 1758.920166 0.000000 0.439251 0.000000 -0.898364 1.027888 1.027888 1.027888
7711.879395 0.000000 1759.492432 0.000000 0.676321 0.000000 -0.736607 0.994886 0.994886 0.994886
7711.997070 0.000000 1756.096436 0.000000 0.227812 0.000000 -0.973705 1.053663 1.053663 1.053663
7719.906250 0.000000 1729.198608 0.000000 0.228276 0.000000 -0.973596 1.053609 1.053609 1.053609
7733.955566 0.000000 1751.801392 0.000000 0.058636 0.000000 -0.998279 1.073277 1.073277 1.073277
7734.164062 0.000000 1754.084961 0.000000 0.211684 0.000000 0.977338 0.744442 0.744442 0.744442
7712.326660 0.000000 1757.245850 0.000000 0.029856 0.000000 0.999554 0.723422 0.723422 0.723422
7699.115723 0.000000 1772.508057 0.000000 0.114564 0.000000 -0.993416 1.066843 1.066843 1.066843
7707.430664 0.000000 1760.000244 0.000000 0.999874 0.000000 0.015867 0.898182 0.898182 0.898182
7691.116211 0.000000 1762.090210 0.000000 0.937129 0.000000 0.348983 0.859150 0.859150 0.859150
7683.513184 0.000000 1766.357910 0.000000 0.059139 0.000000 -0.998250 1.073219 1.073219 1.073219
7690.942383 0.000000 1767.841309 0.000000 0.972652 0.000000 0.232265 0.873139 0.873139 0.873139
7729.502930 0.000000 1771.827026 0.000000 0.877710 0.000000 -0.479192 0.957265 0.957265 0.957265
7714.303711 0.000000 1763.778320 0.000000 0.918116 0.000000 0.396311 0.853304 0.853304 0.853304
7713.116211 0.000000 1769.584229 0.000000 0.441520 0.000000 -0.897251 1.027598 1.027598 1.027598
7711.730957 0.000000 1777.096680 0.000000 0.777498 0.000000 0.628886 0.822064 0.822064 0.822064
7714.885742 0.000000 1762.755249 0.000000 0.365923 0.000000 0.930645 0.762929 0.762929 0.762929
7744.488281 0.000000 1754.312256 0.000000 0.785818 0.000000 -0.618458 0.976407 0.976407 0.976407
7747.973145 0.000000 1755.829956 0.000000 0.810461 0.000000 0.585793 0.828282 0.828282 0.828282
7745.064941 0.000000 1756.410156 0.000000 0.117277 0.000000 -0.993099 1.066530 1.066530 1.066530
7800.691895 0.000000 1779.029419 0.000000 0.536117 0.000000 -0.844143 1.015161 1.015161 1.015161
7795.456543 0.000000 1771.622070 0.000000 0.853253 0.000000 -0.521498 0.962865 0.962865 0.962865
7729.333984 0.000000 1808.155273 0.000000 0.998847 0.000000 -0.048013 0.905504 0.905504 0.905504
7766.550293 0.000000 1801.265625 0.000000 0.751017 0.000000 -0.660283 0.982643 0.982643 0.982643
7773.704590 0.000000 1810.421631 0.000000 0.711437 0.000000 -0.702749 0.989296 0.989296 0.989296
7774.431641 0.000000 1794.112183 0.000000 0.149463 0.000000 0.988767 0.737192 0.737192 0.737192
7754.316406 0.000000 1812.585938 0.000000 0.533213 0.000000 -0.845981 1.015554 1.015554 1.015554
7758.483887 0.000000 1814.920288 0.000000 0.999991 0.000000 0.004293 0.899508 0.899508 0.899508
7750.601562 0.000000 1803.727173 0.000000 0.881026 0.000000 -0.473068 0.956467 0.956467 0.956467
7748.629883 0.000000 1811.078735 0.000000 0.227448 0.000000 -0.973790 1.053706 1.053706 1.053706
7753.880371 0.000000 1807.798218 0.000000 0.988595 0.000000 -0.150600 0.917323 0.917323 0.917323
7759.564453 0.000000 1796.961182 0.000000 0.258171 0.000000 0.966099 0.749923 0.749923 0.749923
7752.375977 0.000000 1806.358643 0.000000 0.999832 0.000000 0.018337 0.897899 0.897899 0.897899
7759.061035 0.000000 1797.836792 0.000000 0.817909 0.000000 -0.575347 0.970248 0.970248 0.970248
7763.336426 0.000000 1808.459106 0.000000 0.309248 0.000000 0.950981 0.756028 0.756028 0.756028
7745.172852 0.000000 1800.648682 0.000000 0.611358 0.000000 0.791354 0.795375 0.795375 0.795375
7748.852051 0.000000 1796.488037 0.000000 0.882445 0.000000 -0.470415 0.956122 0.956122 0.956122
7767.459961 0.000000 1801.046997 0.000000 0.774588 0.000000 0.632466 0.821535 0.821535 0.821535
7772.020996 0.000000 1803.375244 0.000000 0.676245 0.000000 -0.736677 0.994898 0.994898 0.994898
7775.543945 0.000000 1795.485718 0.000000 0.265935 0.000000 0.963991 0.750845 0.750845 0.750845
7766.007324 0.000000 1902.520142 0.000000 0.937181 0.000000 0.348844 0.859167 0.859167 0.859167
7755.018555 0.000000 1915.468384 0.000000 0.519085 0.000000 0.854723 0.782542 0.782542 0.782542
7746.160156 0.000000 1902.489990 0.000000 0.629286 0.000000 -0.777174 1.002005 1.002005 1.002005
7771.394531 0.000000 1915.401855 0.000000 0.221520 0.000000 -0.975156 1.054403 1.054403 1.054403
7770.157227 0.000000 1914.490967 0.000000 0.878028 0.000000 -0.478610 0.957189 0.957189 0.957189
7780.341797 0.000000 1912.606812 0.000000 0.865888 0.000000 0.500238 0.839968 0.839968 0.839968
7727.476562 0.000000 1944.241333 0.000000 0.264330 0.000000 0.964432 0.750654 0.750654 0.750654
7727.684570 0.000000 1946.881714 0.000000 0.994615 0.000000 -0.103637 0.911897 0.911897 0.911897
7737.095703 0.000000 1956.288330 0.000000 0.234508 0.000000 -0.972114 1.052875 1.052875 1.052875
7733.530762 0.000000 1952.478271 0.000000 0.179542 0.000000 -0.983750 1.059314 1.059314 1.059314
7748.030273 0.000000 1922.651123 0.000000 0.088466 0.000000 0.996079 0.730151 0.730151 0.730151
7770.169922 0.000000 1925.781006 0.000000 0.202964 0.000000 0.979186 0.743421 0.743421 0.743421
7749.403320 0.000000 1923.679932 0.000000 0.972316 0.000000 0.233670 0.872973 0.872973 0.872973
7719.666016 0.000000 2012.701294 0.000000 0.692097 0.000000 0.721805 0.807593 0.807593 0.807593
7708.819336 0.000000 2015.574097 0.000000 0.879648 0.000000 -0.475626 0.956800 0.956800 0.956800
7697.463379 0.000000 2018.135376 0.000000 0.806012 0.000000 0.591899 0.827416 0.827416 0.827416
7702.015137 0.000000 2022.497070 0.000000 0.789220 0.000000 -0.614111 0.975775 0.975775 0.975775
7715.958496 0.000000 2016.854370 0.000000 0.560130 0.000000 0.828405 0.788130 0.788130 0.788130
7716.423340 0.000000 2022.646973 0.000000 0.696569 0.000000 0.717489 0.808305 0.808305 0.808305
7715.492188 0.000000 2017.750977 0.000000 0.008369 0.000000 -0.999965 1.079041 1.079041 1.079041
7763.501465 0.000000 2016.703857 0.000000 0.972895 0.000000 0.231245 0.873259 0.873259 0.873259
7763.548340 0.000000 2019.640869 0.000000 0.994989 0.000000 -0.099983 0.911476 0.911476 0.911476
7804.410156 0.000000 2021.935669 0.000000 0.966015 0.000000 -0.258486 0.929960 0.929960 0.929960
7802.339355 0.000000 2031.106445 0.000000 0.582690 0.000000 -0.812695 1.008720 1.008720 1.008720
7812.622070 0.000000 2035.024048 0.000000 0.877573 0.000000 -0.479442 0.957298 0.957298 0.957298
6129.894043 0.000000 2336.376221 0.000000 0.417407 0.000000 0.908720 0.769342 0.769342 0.769342
5917.310059 0.000000 2557.503174 0.000000 0.957504 0.000000 0.288419 0.866473 0.866473 0.866473
5931.241211 0.000000 2555.312256 0.000000 0.656966 0.000000 0.753921 0.802138 0.802138 0.802138
5927.446289 0.000000 2548.113525 0.000000 0.788102 0.000000 -0.615545 0.975983 0.975983 0.975983
5925.888184 0.000000 2549.704102 0.000000 0.906861 0.000000 -0.421429 0.949850 0.949850 0.949850
5965.394043 0.000000 2638.826660 0.000000 0.095973 0.000000 0.995384 0.731015 0.731015 0.731015
5972.011230 0.000000 2634.294434 0.000000 0.842243 0.000000 0.539099 0.834755 0.834755 0.834755
5983.745117 0.000000 2634.161377 0.000000 0.696340 0.000000 0.717712 0.808268 0.808268 0.808268
6034.444824 0.000000 2657.154297 0.000000 0.221747 0.000000 -0.975104 1.054377 1.054377 1.054377
6032.536133 0.000000 2658.143799 0.000000 0.313792 0.000000 0.949492 0.756576 0.756576 0.756576
6030.744141 0.000000 2660.808350 0.000000 0.928345 0.000000 -0.371719 0.943643 0.943643 0.943643
6048.452637 0.000000 2660.864014 0.000000 0.421758 0.000000 0.906708 0.769891 0.769891 0.769891
6120.194336 0.000000 2635.664062 0.000000 0.804002 0.000000 0.594626 0.827028 0.827028 0.827028
6116.229492 0.000000 2626.479248 0.000000 0.853323 0.000000 -0.521383 0.962850 0.962850 0.962850
6126.732422 0.000000 2628.816162 0.000000 0.628205 0.000000 -0.778048 1.002164 1.002164 1.002164
6128.900879 0.000000 2638.672607 0.000000 0.849906 0.000000 -0.526935 0.963597 0.963597 0.963597
6121.451660 0.000000 2635.680420 0.000000 0.415961 0.000000 0.909382 0.769160 0.769160 0.769160
6127.763672 0.000000 2628.758057 0.000000 0.041263 0.000000 0.999148 0.724730 0.724730 0.724730
6014.772949 0.000000 2944.482422 0.000000 0.893532 0.000000 0.449000 0.846641 0.846641 0.846641
6015.293457 0.000000 2945.652344 0.000000 0.717575 0.000000 -0.696481 0.988291 0.988291 0.988291
6025.463379 0.000000 2955.602295 0.000000 0.287664 0.000000 -0.957731 1.046564 1.046564 1.046564
6015.579102 0.000000 2944.749023 0.000000 0.939153 0.000000 0.343498 0.859820 0.859820 0.859820
6198.150879 0.000000 2616.684814 0.000000 0.313253 0.000000 0.949670 0.756511 0.756511 0.756511
6199.559082 0.000000 2614.223633 0.000000 0.893779 0.000000 0.448507 0.846704 0.846704 0.846704
6230.194824 0.000000 2574.356201 0.000000 0.099691 0.000000 0.995018 0.731443 0.731443 0.731443
6228.934570 0.000000 2561.156738 0.000000 0.965313 0.000000 -0.261096 0.930270 0.930270 0.930270
6222.901367 0.000000 2579.264893 0.000000 0.486304 0.000000 -0.873790 1.021804 1.021804 1.021804
6217.881348 0.000000 2560.473389 0.000000 0.465306 0.000000 0.885150 0.775460 0.775460 0.775460
6227.236328 0.000000 2569.682129 0.000000 0.673936 0.000000 -0.738790 0.995257 0.995257 0.995257
6249.080078 0.000000 2575.084473 0.000000 0.041562 0.000000 0.999136 0.724764 0.724764 0.724764
6255.730957 0.000000 2575.051025 0.000000 0.978401 0.000000 -0.206715 0.923860 0.923860 0.923860
6211.044434 0.000000 2629.467041 0.000000 0.995182 0.000000 -0.098046 0.911253 0.911253 0.911253
6446.020996 0.000000 2566.187256 0.000000 0.939143 0.000000 0.343527 0.859816 0.859816 0.859816
6447.609375 0.000000 2576.353027 0.000000 0.906602 0.000000 -0.421987 0.949920 0.949920 0.949920
6450.957520 0.000000 2570.539062 0.000000 0.009066 0.000000 -0.999959 1.078961 1.078961 1.078961
6446.383789 0.000000 2577.411865 0.000000 0.470126 0.000000 0.882599 0.776085 0.776085 0.776085
6448.861816 0.000000 2574.688232 0.000000 0.043861 0.000000 0.999038 0.725028 0.725028 0.725028
6450.585938 0.000000 2571.417725 0.000000 0.203355 0.000000 0.979105 0.743466 0.743466 0.743466
6500.436035 0.000000 2569.734863 0.000000 0.755089 0.000000 -0.655622 0.981934 0.981934 0.981934
6501.361328 0.000000 2568.698486 0.000000 0.490363 0.000000 -0.871518 1.021271 1.021271 1.021271
6408.425293 0.000000 2711.509766 0.000000 0.919241 0.000000 0.393694 0.853631 0.853631 0.853631
6195.763672 0.000000 2836.437500 0.000000 0.970586 0.000000 0.240755 0.872138 0.872138 0.872138
6189.978027 0.000000 2836.203125 0.000000 0.314980 0.000000 0.949098 0.756719 0.756719 0.756719
6189.366699 0.000000 2830.779785 0.000000 0.987246 0.000000 -0.159202 0.918321 0.918321 0.918321
6194.158691 0.000000 2839.416260 0.000000 0.998905 0.000000 -0.046791 0.905364 0.905364 0.905364
6194.590332 0.000000 2847.529785 0.000000 0.749289 0.000000 -0.662244 0.982942 0.982942 0.982942
6312.865234 0.000000 3006.457764 0.000000 0.865255 0.000000 0.501332 0.839824 0.839824 0.839824
6321.218750 0.000000 2999.797119 0.000000 0.775825 0.000000 0.630948 0.821760 0.821760 0.821760
6323.043945 0.000000 3004.444092 0.000000 0.930050 0.000000 -0.367434 0.943115 0.943115 0.943115
6638.811035 0.000000 2904.838623 0.000000 0.865654 0.000000 0.500643 0.839915 0.839915 0.839915
6589.113281 0.000000 2964.898926 0.000000 0.940445 0.000000 0.339946 0.860253 0.860253 0.860253
6577.579102 0.000000 2963.589844 0.000000 0.068491 0.000000 -0.997652 1.072145 1.072145 1.072145
6584.515625 0.000000 2952.999512 0.000000 0.784000 0.000000 -0.620761 0.976743 0.976743 0.976743
6586.101074 0.000000 2956.145996 0.000000 0.920538 0.000000 0.390653 0.854010 0.854010 0.854010
6586.777832 0.000000 2963.641357 0.000000 0.538053 0.000000 -0.842911 1.014898 1.014898 1.014898
6581.115723 0.000000 2963.731445 0.000000 0.866576 0.000000 0.499045 0.840126 0.840126 0.840126
6591.058594 0.000000 2953.015625 0.000000 0.568425 0.000000 0.822735 0.789281 0.789281 0.789281
6577.630371 0.000000 2969.162598 0.000000 0.995399 0.000000 -0.095822 0.910997 0.910997 0.910997
6587.415039 0.000000 2959.458252 0.000000 0.359036 0.000000 0.933324 0.762082 0.762082 0.762082
6582.861816 0.000000 2966.880127 0.000000 0.734222 0.000000 0.678910 0.814483 0.814483 0.814483
6584.560547 0.000000 2953.917480 0.000000 0.938083 0.000000 0.346411 0.859464 0.859464 0.859464
6589.908691 0.000000 2947.935303 0.000000 0.312518 0.000000 0.949912 0.756422 0.756422 0.756422
6593.151367 0.000000 2962.486816 0.000000 0.971872 0.000000 0.235511 0.872756 0.872756 0.872756
6595.797363 0.000000 2952.940186 0.000000 0.803848 0.000000 0.594835 0.826998 0.826998 0.826998
6780.291016 0.000000 2684.810547 0.000000 0.808017 0.000000 0.589159 0.827805 0.827805 0.827805
6778.170410 0.000000 2667.126465 0.000000 0.817990 0.000000 -0.575233 0.970232 0.970232 0.970232
6815.150391 0.000000 2588.100342 0.000000 0.147333 0.000000 0.989087 0.736945 0.736945 0.736945
6842.507812 0.000000 2585.395508 0.000000 0.977958 0.000000 -0.208804 0.924104 0.924104 0.924104
6842.069824 0.000000 2572.239746 0.000000 0.837433 0.000000 0.546540 0.833740 0.833740 0.833740
6841.978027 0.000000 2583.900635 0.000000 0.649173 0.000000 0.760641 0.800959 0.800959 0.800959
6845.115723 0.000000 2579.428711 0.000000 0.999938 0.000000 0.011143 0.898723 0.898723 0.898723
6846.764160 0.000000 2574.242920 0.000000 0.945346 0.000000 -0.326069 0.938061 0.938061 0.938061
6846.623047 0.000000 2578.939941 0.000000 0.393750 0.000000 -0.919218 1.033624 1.033624 1.033624
6815.643555 0.000000 2602.169189 0.000000 0.631512 0.000000 -0.775366 1.001676 1.001676 1.001676
6815.661133 0.000000 2595.290283 0.000000 0.699123 0.000000 0.715001 0.808713 0.808713 0.808713
6818.702148 0.000000 2603.505127 0.000000 0.154848 0.000000 0.987938 0.737816 0.737816 0.737816
6823.210449 0.000000 2593.745361 0.000000 0.771681 0.000000 0.636010 0.821010 0.821010 0.821010
6819.601562 0.000000 2593.610352 0.000000 0.819135 0.000000 -0.573600 0.970003 0.970003 0.970003
6815.987305 0.000000 2594.353516 0.000000 0.915770 0.000000 0.401704 0.852630 0.852630 0.852630
6851.714355 0.000000 2585.000000 0.000000 0.992203 0.000000 0.124630 0.885681 0.885681 0.885681
6890.296875 0.000000 2622.830322 0.000000 0.907294 0.000000 -0.420497 0.949732 0.949732 0.949732
6888.996094 0.000000 2617.922607 0.000000 0.919072 0.000000 0.394089 0.853582 0.853582 0.853582
6789.443848 0.000000 2640.081299 0.000000 0.988887 0.000000 -0.148667 0.917099 0.917099 0.917099
6788.164062 0.000000 2632.183838 0.000000 0.850301 0.000000 -0.526297 0.963511 0.963511 0.963511
6784.822266 0.000000 2630.440674 0.000000 0.963720 0.000000 -0.266914 0.930961 0.930961 0.930961
6819.656738 0.000000 2641.626221 0.000000 0.982932 0.000000 0.183970 0.878798 0.878798 0.878798
6823.336914 0.000000 2644.090088 0.000000 0.785334 0.000000 -0.619072 0.976497 0.976497 0.976497
6818.901367 0.000000 2643.113037 0.000000 0.114219 0.000000 -0.993456 1.066883 1.066883 1.066883
6819.776855 0.000000 2642.652100 0.000000 0.997580 0.000000 0.069526 0.892026 0.892026 0.892026
6864.332520 0.000000 2631.557617 0.000000 0.994181 0.000000 -0.107722 0.912368 0.912368 0.912368
6875.207520 0.000000 2644.835938 0.000000 0.945612 0.000000 -0.325297 0.937967 0.937967 0.937967
6879.023438 0.000000 2633.093750 0.000000 0.770114 0.000000 0.637907 0.820728 0.820728 0.820728
6884.007812 0.000000 2628.135498 0.000000 0.253730 0.000000 0.967275 0.749397 0.749397 0.749397
6887.233398 0.000000 2631.056641 0.000000 0.848053 0.000000 -0.529911 0.963999 0.963999 0.963999
6896.604004 0.000000 2630.547363 0.000000 0.279370 0.000000 -0.960183 1.047555 1.047555 1.047555
6884.957520 0.000000 2628.284912 0.000000 0.993055 0.000000 0.117649 0.886487 0.886487 0.886487
6780.948242 0.000000 2691.454590 0.000000 0.920863 0.000000 0.389885 0.854105 0.854105 0.854105
6781.699707 0.000000 2690.506592 0.000000 0.941188 0.000000 0.337884 0.860504 0.860504 0.860504
6786.999023 0.000000 2690.528564 0.000000 0.963158 0.000000 -0.268936 0.931202 0.931202 0.931202
7097.361328 0.000000 2577.808105 0.000000 0.976934 0.000000 -0.213543 0.924660 0.924660 0.924660
7102.567383 0.000000 2581.332764 0.000000 0.310191 0.000000 0.950674 0.756141 0.756141 0.756141
7101.514648 0.000000 2583.565430 0.000000 0.919746 0.000000 0.392514 0.853778 0.853778 0.853778
7121.512695 0.000000 2579.683594 0.000000 0.987163 0.000000 -0.159714 0.918380 0.918380 0.918380
7106.880371 0.000000 2568.708008 0.000000 0.850677 0.000000 -0.525689 0.963429 0.963429 0.963429
7112.547363 0.000000 2576.290771 0.000000 0.612016 0.000000 0.790845 0.795471 0.795471 0.795471
7115.563965 0.000000 2591.445801 0.000000 0.825680 0.000000 -0.564138 0.968685 0.968685 0.968685
7058.319824 0.000000 2657.154297 0.000000 0.908015 0.000000 -0.418937 0.949535 0.949535 0.949535
7064.457031 0.000000 2665.069824 0.000000 0.000647 0.000000 -1.000000 1.079926 1.079926 1.079926
7066.042480 0.000000 2668.216309 0.000000 0.999979 0.000000 0.006425 0.899264 0.899264 0.899264
7065.094727 0.000000 2663.892578 0.000000 0.964531 0.000000 -0.263971 0.930612 0.930612 0.930612
7064.501953 0.000000 2665.987793 0.000000 0.589789 0.000000 -0.807557 1.007716 1.007716 1.007716
6979.698730 0.000000 2712.968750 0.000000 0.870747 0.000000 0.491732 0.841091 0.841091 0.841091
6982.489746 0.000000 2716.822510 0.000000 0.994836 0.000000 -0.101497 0.911651 0.911651 0.911651
6983.980957 0.000000 2717.683594 0.000000 0.393442 0.000000 -0.919350 1.033662 1.033662 1.033662
6972.190918 0.000000 2804.144287 0.000000 0.920377 0.000000 0.391031 0.853963 0.853963 0.853963
6981.073242 0.000000 2809.091797 0.000000 0.991869 0.000000 0.127259 0.885377 0.885377 0.885377
7114.620117 0.000000 2716.321045 0.000000 0.881467 0.000000 -0.472245 0.956360 0.956360 0.956360
7104.765625 0.000000 2715.090820 0.000000 0.494838 0.000000 -0.868985 1.020682 1.020682 1.020682
7103.146484 0.000000 2724.337891 0.000000 0.233893 0.000000 -0.972262 1.052947 1.052947 1.052947
6713.555176 0.000000 2841.431152 0.000000 0.541070 0.000000 -0.840977 1.014487 1.014487 1.014487
6711.560547 0.000000 2866.704102 0.000000 0.394360 0.000000 -0.918956 1.033548 1.033548 1.033548
6718.451660 0.000000 2854.102051 0.000000 0.768399 0.000000 0.639972 0.820421 0.820421 0.820421
6715.515137 0.000000 2855.218262 0.000000 0.178654 0.000000 -0.983912 1.059417 1.059417 1.059417
6707.618164 0.000000 2873.757812 0.000000 0.010961 0.000000 -0.999940 1.078744 1.078744 1.078744
6716.104492 0.000000 2869.953613 0.000000 0.807760 0.000000 0.589512 0.827755 0.827755 0.827755
6708.346680 0.000000 2860.960205 0.000000 0.970823 0.000000 0.239799 0.872251 0.872251 0.872251
6712.263672 0.000000 2875.044189 0.000000 0.629799 0.000000 -0.776758 1.001929 1.001929 1.001929
6719.411621 0.000000 2855.404053 0.000000 0.112311 0.000000 -0.993673 1.067103 1.067103 1.067103
6720.747070 0.000000 2861.912354 0.000000 0.937713 0.000000 0.347410 0.859342 0.859342 0.859342
6719.672852 0.000000 2851.227783 0.000000 0.942002 0.000000 0.335607 0.860781 0.860781 0.860781
6721.894531 0.000000 2858.202393 0.000000 0.442763 0.000000 -0.896639 1.027439 1.027439 1.027439
6725.528320 0.000000 2883.445557 0.000000 0.915206 0.000000 0.402987 0.852470 0.852470 0.852470
6730.496094 0.000000 2885.483887 0.000000 0.987167 0.000000 -0.159688 0.918378 0.918378 0.918378
6836.485352 0.000000 2934.492188 0.000000 0.806943 0.000000 0.590629 0.827597 0.827597 0.827597
6836.678223 0.000000 2938.405518 0.000000 0.987035 0.000000 -0.160502 0.918472 0.918472 0.918472
6838.749023 0.000000 2938.727051 0.000000 0.939612 0.000000 0.342243 0.859973 0.859973 0.859973
6840.128906 0.000000 2929.972656 0.000000 0.359984 0.000000 0.932958 0.762198 0.762198 0.762198
6768.344238 0.000000 2983.471680 0.000000 0.151599 0.000000 0.988442 0.737439 0.737439 0.737439
6770.918457 0.000000 2986.437500 0.000000 0.628361 0.000000 -0.777922 1.002141 1.002141 1.002141
6839.428711 0.000000 2959.240723 0.000000 0.906109 0.000000 -0.423044 0.950054 0.950054 0.950054
6835.085449 0.000000 2946.503174 0.000000 0.997798 0.000000 0.066319 0.892395 0.892395 0.892395
6837.640137 0.000000 2944.236084 0.000000 0.983202 0.000000 0.182519 0.878967 0.878967 0.878967
6837.467773 0.000000 2945.979492 0.000000 0.042797 0.000000 0.999084 0.724906 0.724906 0.724906
6835.661621 0.000000 2947.414307 0.000000 0.614062 0.000000 0.789258 0.795768 0.795768 0.795768
6828.516113 0.000000 2960.431396 0.000000 0.560714 0.000000 0.828010 0.788210 0.788210 0.788210
6964.837402 0.000000 2824.154053 0.000000 0.057640 0.000000 -0.998337 1.073391 1.073391 1.073391
6965.185547 0.000000 2825.699463 0.000000 0.736278 0.000000 0.676679 0.814831 0.814831 0.814831
6949.702637 0.000000 2963.657227 0.000000 0.487713 0.000000 -0.873004 1.021619 1.021619 1.021619
6954.104492 0.000000 2961.998535 0.000000 0.809059 0.000000 0.587728 0.828008 0.828008 0.828008
6953.420898 0.000000 2965.034668 0.000000 0.917862 0.000000 0.396899 0.853231 0.853231 0.853231
6928.869141 0.000000 3006.296387 0.000000 0.425682 0.000000 0.904873 0.770388 0.770388 0.770388
6996.405762 0.000000 2960.061035 0.000000 0.999825 0.000000 0.018682 0.897859 0.897859 0.897859
6987.112305 0.000000 2971.210693 0.000000 0.853911 0.000000 -0.520419 0.962721 0.962721 0.962721
6989.569336 0.000000 2962.697998 0.000000 0.994780 0.000000 -0.102040 0.911713 0.911713 0.911713
7006.414062 0.000000 2970.746582 0.000000 0.437226 0.000000 -0.899352 1.028146 1.028146 1.028146
6987.018066 0.000000 2965.277832 0.000000 0.999829 0.000000 0.018517 0.897878 0.897878 0.897878
7284.768555 0.000000 2309.069092 0.000000 0.956068 0.000000 0.293146 0.865907 0.865907 0.865907
7672.581543 0.000000 2558.486572 0.000000 0.586167 0.000000 -0.810191 1.008229 1.008229 1.008229
7831.442871 0.000000 2114.430664 0.000000 0.892897 0.000000 0.450261 0.846479 0.846479 0.846479
7961.255859 0.000000 2193.901855 0.000000 0.394185 0.000000 -0.919031 1.033570 1.033570 1.033570
8012.861328 0.000000 2199.257812 0.000000 0.436813 0.000000 -0.899552 1.028198 1.028198 1.028198
8021.976074 0.000000 2190.449951 0.000000 0.850256 0.000000 -0.526369 0.963521 0.963521 0.963521
7685.637695 0.000000 2555.748291 0.000000 0.147466 0.000000 0.989067 0.736960 0.736960 0.736960
7685.555176 0.000000 2554.210693 0.000000 0.997079 0.000000 0.076381 0.891239 0.891239 0.891239
7684.925293 0.000000 2555.031006 0.000000 0.948474 0.000000 -0.316855 0.936946 0.936946 0.936946
8038.411133 0.000000 2307.176270 0.000000 0.334002 0.000000 -0.942572 1.040976 1.040976 1.040976
7364.890625 0.000000 2686.643555 0.000000 0.712247 0.000000 -0.701929 0.989164 0.989164 0.989164
7398.061523 0.000000 2686.916260 0.000000 0.584397 0.000000 -0.811468 1.008479 1.008479 1.008479
7237.692383 0.000000 2747.701416 0.000000 0.100144 0.000000 0.994973 0.731495 0.731495 0.731495
7240.576172 0.000000 2748.913574 0.000000 0.803781 0.000000 0.594925 0.826985 0.826985 0.826985
7230.498047 0.000000 2753.877686 0.000000 0.999853 0.000000 0.017139 0.898036 0.898036 0.898036
7231.454590 0.000000 2757.981201 0.000000 0.970853 0.000000 0.239675 0.872265 0.872265 0.872265
7360.949707 0.000000 2690.222900 0.000000 0.999984 0.000000 0.005704 0.899346 0.899346 0.899346
7371.870605 0.000000 2695.261719 0.000000 0.281427 0.000000 -0.959583 1.047309 1.047309 1.047309
7379.595215 0.000000 2691.476807 0.000000 0.278117 0.000000 -0.960547 1.047704 1.047704 1.047704
7364.572754 0.000000 2687.846436 0.000000 0.436217 0.000000 -0.899841 1.028274 1.028274 1.028274
7399.399414 0.000000 2687.390625 0.000000 0.089750 0.000000 0.995964 0.730298 0.730298 0.730298
7416.042480 0.000000 2699.820557 0.000000 0.809774 0.000000 0.586742 0.828148 0.828148 0.828148
7406.312988 0.000000 2691.404297 0.000000 0.417700 0.000000 0.908585 0.769379 0.769379 0.769379
7419.794434 0.000000 2690.815430 0.000000 0.423579 0.000000 0.905859 0.770122 0.770122 0.770122
7407.249512 0.000000 2709.979736 0.000000 0.941768 0.000000 0.336263 0.860701 0.860701 0.860701
7415.611816 0.000000 2746.160889 0.000000 0.955735 0.000000 0.294229 0.865777 0.865777 0.865777
7409.528809 0.000000 2745.217285 0.000000 0.318784 0.000000 0.947828 0.757179 0.757179 0.757179
7395.084473 0.000000 2748.010742 0.000000 0.150225 0.000000 0.988652 0.737280 0.737280 0.737280
7382.546875 0.000000 2759.159180 0.000000 0.648160 0.000000 0.761504 0.800806 0.800806 0.800806
7383.880859 0.000000 2759.791504 0.000000 0.945589 0.000000 -0.325364 0.937975 0.937975 0.937975
7416.329102 0.000000 2755.031494 0.000000 0.998892 0.000000 -0.047056 0.905394 0.905394 0.905394
7396.568848 0.000000 2751.830811 0.000000 0.523480 0.000000 0.852038 0.783132 0.783132 0.783132
7437.248047 0.000000 2686.484619 0.000000 0.440884 0.000000 -0.897564 1.027679 1.027679 1.027679
7611.675293 0.000000 2611.106934 0.000000 0.905405 0.000000 -0.424549 0.950244 0.950244 0.950244
7640.748047 0.000000 2588.003906 0.000000 0.515234 0.000000 0.857050 0.782026 0.782026 0.782026
7641.172363 0.000000 2589.258545 0.000000 0.977078 0.000000 -0.212880 0.924582 0.924582 0.924582
7676.923828 0.000000 2571.025635 0.000000 0.973046 0.000000 0.230612 0.873334 0.873334 0.873334
7672.443848 0.000000 2559.441162 0.000000 0.776203 0.000000 0.630483 0.821828 0.821828 0.821828
7674.065430 0.000000 2568.401367 0.000000 0.820874 0.000000 -0.571109 0.969655 0.969655 0.969655
7647.519531 0.000000 2582.850098 0.000000 0.206140 0.000000 0.978523 0.743792 0.743792 0.743792
7673.020508 0.000000 2567.916016 0.000000 0.992798 0.000000 0.119799 0.886239 0.886239 0.886239
7670.182617 0.000000 2572.196533 0.000000 0.939395 0.000000 0.342838 0.859900 0.859900 0.859900
7665.687988 0.000000 2564.227051 0.000000 0.199570 0.000000 0.979884 0.743024 0.743024 0.743024
7620.756348 0.000000 2620.239990 0.000000 0.566116 0.000000 0.824326 0.788960 0.788960 0.788960
7445.990723 0.000000 2711.566895 0.000000 0.988137 0.000000 -0.153576 0.917668 0.917668 0.917668
7439.213379 0.000000 2716.733398 0.000000 0.978471 0.000000 -0.206384 0.923821 0.923821 0.923821
7439.719727 0.000000 2714.694336 0.000000 0.957695 0.000000 0.287784 0.866549 0.866549 0.866549
7497.725586 0.000000 2736.765625 0.000000 0.971809 0.000000 0.235771 0.872726 0.872726 0.872726
7489.143555 0.000000 2729.349854 0.000000 0.257281 0.000000 0.966337 0.749818 0.749818 0.749818
7496.200195 0.000000 2727.210449 0.000000 0.174603 0.000000 -0.984639 1.059889 1.059889 1.059889
7497.911621 0.000000 2735.571533 0.000000 0.880831 0.000000 -0.473431 0.956514 0.956514 0.956514
7497.328125 0.000000 2727.018066 0.000000 0.258741 0.000000 0.965947 0.749991 0.749991 0.749991
7491.519531 0.000000 2721.579102 0.000000 0.057736 0.000000 -0.998332 1.073380 1.073380 1.073380
7614.504883 0.000000 2709.301514 0.000000 0.462806 0.000000 0.886460 0.775137 0.775137 0.775137
7616.703125 0.000000 2715.090820 0.000000 0.992725 0.000000 0.120405 0.886169 0.886169 0.886169
7628.860352 0.000000 2721.500244 0.000000 0.586678 0.000000 -0.809821 1.008157 1.008157 1.008157
7229.301758 0.000000 2938.056396 0.000000 0.999873 0.000000 0.015948 0.898172 0.898172 0.898172
7242.986816 0.000000 2933.285645 0.000000 0.735951 0.000000 0.677035 0.814775 0.814775 0.814775
7236.803223 0.000000 2940.161865 0.000000 0.947154 0.000000 -0.320779 0.937420 0.937420 0.937420
7681.770020 0.000000 2567.731689 0.000000 0.878087 0.000000 -0.478501 0.957175 0.957175 0.957175
7685.334473 0.000000 2576.096924 0.000000 0.963773 0.000000 -0.266722 0.930939 0.930939 0.930939
7683.784180 0.000000 2570.807129 0.000000 0.489047 0.000000 -0.872257 1.021444 1.021444 1.021444
7684.355957 0.000000 2575.216553 0.000000 0.155229 0.000000 0.987879 0.737860 0.737860 0.737860
7680.574707 0.000000 2567.692139 0.000000 0.011983 0.000000 -0.999928 1.078627 1.078627 1.078627
7690.383789 0.000000 2562.548584 0.000000 0.115923 0.000000 -0.993258 1.066686 1.066686 1.066686
7684.442383 0.000000 2577.860107 0.000000 0.735234 0.000000 0.677814 0.814654 0.814654 0.814654
7763.132324 0.000000 2610.115234 0.000000 0.927737 0.000000 -0.373234 0.943830 0.943830 0.943830
7754.367188 0.000000 2614.374023 0.000000 0.123809 0.000000 -0.992306 1.065776 1.065776 1.065776
7754.479004 0.000000 2615.866211 0.000000 0.609910 0.000000 0.792471 0.795166 0.795166 0.795166
7762.173828 0.000000 2621.187744 0.000000 0.387775 0.000000 -0.921754 1.034368 1.034368 1.034368
7688.997559 0.000000 2642.860596 0.000000 0.939294 0.000000 0.343112 0.859867 0.859867 0.859867
7739.207520 0.000000 2672.599854 0.000000 0.562776 0.000000 0.826609 0.788496 0.788496 0.788496
7720.473145 0.000000 2672.267334 0.000000 0.999963 0.000000 0.008553 0.899020 0.899020 0.899020
7768.371094 0.000000 2633.077637 0.000000 0.610641 0.000000 0.791907 0.795272 0.795272 0.795272
7748.847168 0.000000 2645.308350 0.000000 0.995123 0.000000 -0.098638 0.911321 0.911321 0.911321
7762.537598 0.000000 2640.822754 0.000000 0.207423 0.000000 0.978251 0.743943 0.743943 0.743943
7773.432617 0.000000 2647.549805 0.000000 0.976941 0.000000 -0.213509 0.924656 0.924656 0.924656
7748.644043 0.000000 2644.270020 0.000000 0.443063 0.000000 -0.896490 1.027401 1.027401 1.027401
7749.358398 0.000000 2637.757080 0.000000 0.708502 0.000000 -0.705709 0.989774 0.989774 0.989774
7749.665527 0.000000 2645.680664 0.000000 0.963489 0.000000 -0.267750 0.931061 0.931061 0.931061
7773.475586 0.000000 2644.204346 0.000000 0.286901 0.000000 -0.957960 1.046655 1.046655 1.046655
7794.437988 0.000000 2648.636230 0.000000 0.962655 0.000000 -0.270730 0.931415 0.931415 0.931415
7795.798828 0.000000 2648.319092 0.000000 0.175436 0.000000 -0.984491 1.059792 1.059792 1.059792
7778.125000 0.000000 2633.362793 0.000000 0.384456 0.000000 -0.923143 1.034780 1.034780 1.034780
7743.727051 0.000000 2672.877930 0.000000 0.612288 0.000000 0.790635 0.795510 0.795510 0.795510
7803.418945 0.000000 2655.781494 0.000000 0.315764 0.000000 0.948838 0.756814 0.756814 0.756814
7864.648926 0.000000 2584.790771 0.000000 0.905118 0.000000 -0.425161 0.950322 0.950322 0.950322
7875.428223 0.000000 2589.087402 0.000000 0.734926 0.000000 0.678148 0.814602 0.814602 0.814602
7885.963379 0.000000 2586.707275 0.000000 0.154016 0.000000 0.988068 0.737719 0.737719 0.737719
7874.371094 0.000000 2589.820068 0.000000 0.385349 0.000000 -0.922771 1.034669 1.034669 1.034669
7875.472656 0.000000 2593.610352 0.000000 0.490174 0.000000 -0.871625 1.021296 1.021296 1.021296
6213.734863 0.000000 3130.070068 0.000000 0.313990 0.000000 0.949426 0.756600 0.756600 0.756600
6205.770020 0.000000 3138.397217 0.000000 0.626532 0.000000 -0.779396 1.002410 1.002410 1.002410
6205.955566 0.000000 3139.888428 0.000000 0.964585 0.000000 -0.263772 0.930588 0.930588 0.930588
6152.312500 0.000000 3368.801514 0.000000 0.930421 0.000000 -0.366492 0.942999 0.942999 0.942999
6149.181152 0.000000 3367.395752 0.000000 0.611833 0.000000 0.790987 0.795444 0.795444 0.795444
6151.800293 0.000000 3364.537598 0.000000 0.418673 0.000000 0.908137 0.769502 0.769502 0.769502
6781.021484 0.000000 3248.298340 0.000000 0.088275 0.000000 0.996096 0.730129 0.730129 0.730129
6227.688965 0.000000 3584.321045 0.000000 0.170491 0.000000 -0.985359 1.060367 1.060367 1.060367
6332.345703 0.000000 3612.583984 0.000000 0.615717 0.000000 0.787967 0.796008 0.796008 0.796008
6324.188965 0.000000 3602.915039 0.000000 0.849476 0.000000 -0.527627 0.963691 0.963691 0.963691
6380.625488 0.000000 3636.471436 0.000000 0.999282 0.000000 -0.037894 0.904343 0.904343 0.904343
6381.954590 0.000000 3636.007812 0.000000 0.992060 0.000000 0.125763 0.885550 0.885550 0.885550
6363.354980 0.000000 3649.484619 0.000000 0.145187 0.000000 0.989404 0.736696 0.736696 0.736696
6365.219727 0.000000 3657.520996 0.000000 0.061777 0.000000 -0.998090 1.072916 1.072916 1.072916
6356.881836 0.000000 3652.740967 0.000000 0.997610 0.000000 0.069096 0.892076 0.892076 0.892076
6376.961426 0.000000 3647.673340 0.000000 0.591408 0.000000 -0.806373 1.007486 1.007486 1.007486
6379.276367 0.000000 3649.629395 0.000000 0.286174 0.000000 -0.958178 1.046742 1.046742 1.046742
6441.854492 0.000000 3632.546875 0.000000 0.635190 0.000000 -0.772356 1.001132 1.001132 1.001132
6444.394043 0.000000 3642.078125 0.000000 0.994856 0.000000 -0.101302 0.911628 0.911628 0.911628
6455.315430 0.000000 3643.446533 0.000000 0.287321 0.000000 -0.957834 1.046605 1.046605 1.046605
6454.795898 0.000000 3642.555176 0.000000 0.648756 0.000000 0.760996 0.800896 0.800896 0.800896
6588.971680 0.000000 3587.235840 0.000000 0.836505 0.000000 0.547960 0.833546 0.833546 0.833546
7293.568359 0.000000 3291.962891 0.000000 0.749596 0.000000 -0.661895 0.982889 0.982889 0.982889
7293.436035 0.000000 3290.983154 0.000000 0.586944 0.000000 -0.809627 1.008119 1.008119 1.008119
7253.673340 0.000000 3300.181885 0.000000 0.820035 0.000000 -0.572313 0.969823 0.969823 0.969823
7257.829102 0.000000 3316.994141 0.000000 0.870545 0.000000 0.492088 0.841044 0.841044 0.841044
7252.152832 0.000000 3313.241455 0.000000 0.518028 0.000000 0.855364 0.782400 0.782400 0.782400
7253.865723 0.000000 3301.243896 0.000000 0.787037 0.000000 -0.616906 0.976181 0.976181 0.976181
7260.192871 0.000000 3302.521973 0.000000 0.966116 0.000000 -0.258109 0.929916 0.929916 0.929916
7256.921387 0.000000 3316.880127 0.000000 0.426004 0.000000 0.904721 0.770428 0.770428 0.770428
7304.173828 0.000000 3291.596191 0.000000 0.002188 0.000000 -0.999998 1.079749 1.079749 1.079749
7300.027832 0.000000 3355.439453 0.000000 0.854025 0.000000 -0.520231 0.962696 0.962696 0.962696
7298.076660 0.000000 3366.317139 0.000000 0.692999 0.000000 0.720939 0.807736 0.807736 0.807736
7300.100098 0.000000 3365.207520 0.000000 0.956202 0.000000 0.292708 0.865960 0.865960 0.865960
"}
object={
	name="tree_savanna_generator_1_3"
	clamp_to_water_level=no
	render_under_water=no
	generated_content=yes
	layer="tree_layer"
	pdxmesh="tree_acacia_04_mesh"
	count=857
	transform="1181.716309 0.000000 2858.955322 0.000000 0.619293 0.000000 0.785160 0.619523 0.619523 0.619523
1166.665161 0.000000 2854.116943 0.000000 0.998585 0.000000 -0.053179 0.704742 0.704742 0.704742
1184.162964 0.000000 2866.362793 0.000000 0.375896 0.000000 -0.926662 0.805654 0.805654 0.805654
1701.208374 0.000000 2669.973877 0.000000 0.473271 0.000000 -0.880917 0.796061 0.796061 0.796061
1723.216431 0.000000 2685.208740 0.000000 0.051314 0.000000 -0.998683 0.835425 0.835425 0.835425
1736.215332 0.000000 2673.038818 0.000000 0.476644 0.000000 0.879096 0.604281 0.604281 0.604281
1552.263794 0.000000 2720.814209 0.000000 0.998614 0.000000 0.052625 0.695308 0.695308 0.695308
1557.676270 0.000000 2745.052002 0.000000 0.816325 0.000000 0.577592 0.645118 0.645118 0.645118
1554.991333 0.000000 2721.138672 0.000000 0.575736 0.000000 -0.817636 0.785320 0.785320 0.785320
1558.340698 0.000000 2747.149658 0.000000 0.901507 0.000000 0.432764 0.660111 0.660111 0.660111
1565.669434 0.000000 2762.978760 0.000000 0.480373 0.000000 -0.877064 0.795340 0.795340 0.795340
1680.262939 0.000000 2706.239990 0.000000 0.572016 0.000000 0.820242 0.614275 0.614275 0.614275
1684.036743 0.000000 2715.270508 0.000000 0.775365 0.000000 -0.631513 0.760918 0.760918 0.760918
1680.993530 0.000000 2717.122559 0.000000 0.813827 0.000000 -0.581108 0.755267 0.755267 0.755267
1674.686646 0.000000 2698.588379 0.000000 0.004276 0.000000 0.999991 0.560381 0.560381 0.560381
1679.761841 0.000000 2715.537842 0.000000 0.975633 0.000000 -0.219408 0.719715 0.719715 0.719715
1682.389282 0.000000 2716.012695 0.000000 0.710233 0.000000 0.703967 0.630395 0.630395 0.630395
1723.269165 0.000000 2691.150879 0.000000 0.899901 0.000000 -0.436093 0.740219 0.740219 0.740219
1710.283569 0.000000 2690.299316 0.000000 0.430312 0.000000 0.902680 0.599647 0.599647 0.599647
1694.296997 0.000000 2744.782715 0.000000 0.429213 0.000000 -0.903203 0.800461 0.800461 0.800461
1694.878052 0.000000 2742.647705 0.000000 0.974601 0.000000 -0.223948 0.720131 0.720131 0.720131
1746.233032 0.000000 2699.600586 0.000000 0.743581 0.000000 0.668646 0.634725 0.634725 0.634725
1766.089966 0.000000 2693.055420 0.000000 0.662395 0.000000 0.749154 0.624529 0.624529 0.624529
1706.276123 0.000000 2780.851318 0.000000 0.738190 0.000000 -0.674593 0.765991 0.765991 0.765991
1701.208374 0.000000 2765.950439 0.000000 0.047536 0.000000 0.998870 0.564238 0.564238 0.564238
1700.281250 0.000000 2769.594971 0.000000 0.164031 0.000000 -0.986455 0.825314 0.825314 0.825314
1728.609619 0.000000 2783.242432 0.000000 0.745912 0.000000 -0.666045 0.764964 0.764964 0.764964
1743.413696 0.000000 2815.166504 0.000000 0.374406 0.000000 -0.927265 0.805797 0.805797 0.805797
1729.636719 0.000000 2786.199463 0.000000 0.813296 0.000000 -0.581850 0.755348 0.755348 0.755348
1728.979492 0.000000 2788.832764 0.000000 0.923513 0.000000 0.383567 0.664915 0.664915 0.664915
1819.120850 0.000000 2713.364258 0.000000 0.156556 0.000000 -0.987669 0.825989 0.825989 0.825989
1819.929932 0.000000 2704.592041 0.000000 0.847511 0.000000 -0.530778 0.749868 0.749868 0.749868
1819.824585 0.000000 2708.820312 0.000000 0.426816 0.000000 -0.904339 0.800698 0.800698 0.800698
1824.127441 0.000000 2700.827637 0.000000 0.998297 0.000000 0.058338 0.694798 0.694798 0.694798
1824.715576 0.000000 2715.862061 0.000000 0.809331 0.000000 -0.587353 0.755952 0.755952 0.755952
1826.441895 0.000000 2707.354004 0.000000 0.052235 0.000000 0.998635 0.564658 0.564658 0.564658
1851.197021 0.000000 2715.343750 0.000000 0.335454 0.000000 0.942057 0.590489 0.590489 0.590489
1821.140381 0.000000 2725.763672 0.000000 0.054919 0.000000 0.998491 0.564897 0.564897 0.564897
1821.553345 0.000000 2723.446777 0.000000 0.624285 0.000000 0.781197 0.620091 0.620091 0.620091
1817.458618 0.000000 2747.964844 0.000000 0.843439 0.000000 0.537226 0.649452 0.649452 0.649452
1836.039551 0.000000 2723.116699 0.000000 0.266500 0.000000 0.963835 0.584043 0.584043 0.584043
1830.869019 0.000000 2727.452637 0.000000 0.849424 0.000000 0.527711 0.650454 0.650454 0.650454
1830.237793 0.000000 2719.632568 0.000000 0.278839 0.000000 0.960338 0.585186 0.585186 0.585186
1851.253540 0.000000 2723.143066 0.000000 0.782076 0.000000 0.623183 0.640035 0.640035 0.640035
1832.839233 0.000000 2728.957764 0.000000 0.277065 0.000000 -0.960851 0.814979 0.814979 0.814979
1850.892212 0.000000 2725.585693 0.000000 0.960036 0.000000 -0.279878 0.725282 0.725282 0.725282
1825.834473 0.000000 2729.349854 0.000000 0.473197 0.000000 -0.880957 0.796068 0.796068 0.796068
1829.141602 0.000000 2726.475098 0.000000 0.526379 0.000000 -0.850250 0.790594 0.790594 0.790594
1827.524536 0.000000 2728.668945 0.000000 0.998606 0.000000 0.052783 0.695293 0.695293 0.695293
1864.199707 0.000000 2705.031006 0.000000 0.976930 0.000000 0.213561 0.680818 0.680818 0.680818
1858.437988 0.000000 2707.354004 0.000000 0.582209 0.000000 0.813039 0.615387 0.615387 0.615387
1865.708130 0.000000 2706.844971 0.000000 0.785186 0.000000 0.619260 0.640481 0.640481 0.640481
1883.318604 0.000000 2742.535156 0.000000 0.810526 0.000000 0.585703 0.644229 0.644229 0.644229
1886.968018 0.000000 2729.955811 0.000000 0.850299 0.000000 0.526300 0.650602 0.650602 0.650602
1882.582886 0.000000 2743.861572 0.000000 0.058401 0.000000 0.998293 0.565208 0.565208 0.565208
1909.633301 0.000000 2745.052002 0.000000 0.744956 0.000000 -0.667114 0.765092 0.765092 0.765092
1895.438232 0.000000 2750.012207 0.000000 0.999960 0.000000 -0.008967 0.700799 0.700799 0.700799
1896.866821 0.000000 2746.836426 0.000000 0.225296 0.000000 0.974290 0.580254 0.580254 0.580254
1894.775635 0.000000 2732.646729 0.000000 0.531981 0.000000 -0.846757 0.790005 0.790005 0.790005
1915.189209 0.000000 2747.335938 0.000000 0.739689 0.000000 -0.672949 0.765792 0.765792 0.765792
1889.827148 0.000000 2731.128418 0.000000 0.701631 0.000000 -0.712541 0.770688 0.770688 0.770688
1898.906006 0.000000 2750.799072 0.000000 0.974123 0.000000 0.226018 0.873874 0.873874 0.873874
1901.923462 0.000000 2750.468994 0.000000 0.923293 0.000000 0.384097 0.854825 0.854825 0.854825
1899.256226 0.000000 2748.313232 0.000000 0.998370 0.000000 0.057067 0.694911 0.694911 0.694911
1900.031738 0.000000 2755.108887 0.000000 0.323208 0.000000 -0.946328 0.810667 0.810667 0.810667
1896.617065 0.000000 2752.948486 0.000000 0.102219 0.000000 -0.994762 0.830874 0.830874 0.830874
1935.668945 0.000000 2761.972656 0.000000 0.385443 0.000000 0.922732 0.595266 0.595266 0.595266
1931.916138 0.000000 2770.516602 0.000000 0.780090 0.000000 -0.625667 0.760248 0.760248 0.760248
1932.326172 0.000000 2761.806641 0.000000 0.113178 0.000000 0.993575 0.570109 0.570109 0.570109
1920.102783 0.000000 2757.981201 0.000000 0.786568 0.000000 0.617503 0.640680 0.640680 0.640680
1935.424316 0.000000 2771.218018 0.000000 0.998403 0.000000 0.056500 0.893522 0.893522 0.893522
1936.936890 0.000000 2769.236816 0.000000 0.426854 0.000000 0.904320 0.599306 0.599306 0.599306
1930.813843 0.000000 2783.421631 0.000000 0.961969 0.000000 -0.273158 0.724659 0.724659 0.724659
1930.852661 0.000000 2785.334717 0.000000 0.382663 0.000000 -0.923888 0.805002 0.805002 0.805002
1760.727051 0.000000 2869.184326 0.000000 0.974709 0.000000 0.223478 0.679913 0.679913 0.679913
1768.882446 0.000000 2874.805176 0.000000 0.327480 0.000000 -0.944858 0.810264 0.810264 0.810264
1770.921631 0.000000 2878.767822 0.000000 0.384831 0.000000 0.922987 0.595207 0.595207 0.595207
1766.245605 0.000000 2879.593506 0.000000 0.474652 0.000000 0.880174 0.604079 0.604079 0.604079
1775.409790 0.000000 2911.143066 0.000000 0.577617 0.000000 0.816308 0.614885 0.614885 0.614885
1763.909058 0.000000 2901.388428 0.000000 0.999992 0.000000 -0.003989 0.700356 0.700356 0.700356
1771.097534 0.000000 2902.303711 0.000000 0.900523 0.000000 -0.434808 0.740091 0.740091 0.740091
1774.247681 0.000000 2905.318359 0.000000 0.161966 0.000000 -0.986796 0.825501 0.825501 0.825501
1781.692017 0.000000 2910.576660 0.000000 0.277036 0.000000 0.960860 0.585019 0.585019 0.585019
1778.814087 0.000000 2916.955078 0.000000 0.778239 0.000000 -0.627968 0.760512 0.760512 0.760512
1776.231812 0.000000 2915.611084 0.000000 0.379213 0.000000 -0.925310 0.805335 0.805335 0.805335
1782.737549 0.000000 2926.270264 0.000000 0.976700 0.000000 0.214611 0.680722 0.680722 0.680722
1814.309448 0.000000 2843.126221 0.000000 0.746810 0.000000 -0.665038 0.764844 0.764844 0.764844
1822.862427 0.000000 2838.624268 0.000000 0.743116 0.000000 -0.669162 0.765337 0.765337 0.765337
1820.809326 0.000000 2841.477295 0.000000 0.476396 0.000000 0.879231 0.604256 0.604256 0.604256
1834.260498 0.000000 2844.835693 0.000000 0.974300 0.000000 -0.225252 0.720250 0.720250 0.720250
1850.150635 0.000000 2835.687256 0.000000 0.942464 0.000000 0.334309 0.669619 0.669619 0.669619
1843.493774 0.000000 2845.873535 0.000000 0.745711 0.000000 -0.666269 0.764991 0.764991 0.764991
1835.089722 0.000000 2838.319336 0.000000 0.902096 0.000000 0.431535 0.660232 0.660232 0.660232
1845.094360 0.000000 2838.515625 0.000000 0.044087 0.000000 0.999028 0.563931 0.563931 0.563931
1828.575684 0.000000 2839.613525 0.000000 0.104189 0.000000 0.994558 0.569303 0.569303 0.569303
1845.906738 0.000000 2834.377197 0.000000 0.961112 0.000000 0.276158 0.675063 0.675063 0.675063
1854.858521 0.000000 2838.624268 0.000000 0.705457 0.000000 0.708753 0.629792 0.629792 0.629792
1849.382935 0.000000 2840.728271 0.000000 0.212048 0.000000 -0.977259 0.820956 0.820956 0.820956
1853.622559 0.000000 2832.399902 0.000000 0.786108 0.000000 0.618089 0.640614 0.640614 0.640614
1852.805420 0.000000 2841.477295 0.000000 0.840426 0.000000 -0.541926 0.751045 0.751045 0.751045
1841.765503 0.000000 2839.836182 0.000000 0.877417 0.000000 0.479728 0.655406 0.655406 0.655406
1838.945801 0.000000 2833.349365 0.000000 0.669624 0.000000 0.742700 0.625392 0.625392 0.625392
1840.656372 0.000000 2835.635010 0.000000 0.816535 0.000000 -0.577296 0.754850 0.754850 0.754850
1825.714478 0.000000 2840.646240 0.000000 0.962309 0.000000 0.271959 0.675452 0.675452 0.675452
1850.586792 0.000000 2839.838135 0.000000 0.999999 0.000000 0.001438 0.699872 0.699872 0.699872
1848.695923 0.000000 2833.074463 0.000000 0.433999 0.000000 0.900914 0.600011 0.600011 0.600011
1831.370361 0.000000 2842.635986 0.000000 0.707036 0.000000 -0.707177 0.770009 0.770009 0.770009
1852.697876 0.000000 2837.961426 0.000000 0.482647 0.000000 -0.875815 0.795109 0.795109 0.795109
1836.396606 0.000000 2839.217529 0.000000 0.430677 0.000000 -0.902506 0.800317 0.800317 0.800317
1796.269531 0.000000 2865.571533 0.000000 0.577626 0.000000 0.816302 0.614886 0.614886 0.614886
1794.734009 0.000000 2860.685059 0.000000 0.960827 0.000000 0.277148 0.674971 0.674971 0.674971
1820.112305 0.000000 2855.218262 0.000000 0.523457 0.000000 -0.852052 0.790900 0.790900 0.790900
1822.319702 0.000000 2848.863770 0.000000 0.877123 0.000000 -0.480266 0.744649 0.744649 0.744649
1821.537964 0.000000 2847.371094 0.000000 0.742510 0.000000 0.669834 0.634582 0.634582 0.634582
1824.008911 0.000000 2855.404053 0.000000 0.155935 0.000000 0.987767 0.573955 0.573955 0.573955
1837.615112 0.000000 2871.093750 0.000000 0.437922 0.000000 0.899013 0.600400 0.600400 0.600400
1828.265625 0.000000 2865.571533 0.000000 0.167957 0.000000 0.985794 0.575041 0.575041 0.575041
1837.812012 0.000000 2875.739258 0.000000 0.974180 0.000000 -0.225773 0.720297 0.720297 0.720297
1831.446045 0.000000 2877.980957 0.000000 0.627450 0.000000 0.778657 0.620452 0.620452 0.620452
1842.052124 0.000000 2863.897461 0.000000 0.810314 0.000000 -0.585995 0.755803 0.755803 0.755803
1836.358398 0.000000 2878.299561 0.000000 0.328387 0.000000 0.944543 0.589821 0.589821 0.589821
1844.294556 0.000000 2868.429688 0.000000 0.277647 0.000000 -0.960683 0.814925 0.814925 0.814925
1838.198120 0.000000 2866.721436 0.000000 0.741307 0.000000 0.671166 0.634422 0.634422 0.634422
1828.603638 0.000000 2859.938232 0.000000 0.974218 0.000000 0.225611 0.679717 0.679717 0.679717
1842.512573 0.000000 2861.420654 0.000000 0.207108 0.000000 -0.978318 0.821407 0.821407 0.821407
1830.055054 0.000000 2865.865723 0.000000 0.960999 0.000000 -0.276550 0.724973 0.724973 0.724973
1828.475464 0.000000 2867.638428 0.000000 0.975261 0.000000 0.221058 0.680134 0.680134 0.680134
1836.177979 0.000000 2864.299316 0.000000 0.270629 0.000000 -0.962684 0.815575 0.815575 0.815575
1839.914062 0.000000 2873.750732 0.000000 0.660589 0.000000 -0.750748 0.775686 0.775686 0.775686
1833.169434 0.000000 2861.074707 0.000000 0.814274 0.000000 0.580480 0.644802 0.644802 0.644802
1832.011475 0.000000 2858.301758 0.000000 0.431621 0.000000 0.902055 0.599776 0.599776 0.599776
1831.663330 0.000000 2863.590088 0.000000 0.943638 0.000000 -0.330979 0.730066 0.730066 0.730066
1838.508789 0.000000 2868.195312 0.000000 0.961535 0.000000 -0.274683 0.724800 0.724800 0.724800
1828.365234 0.000000 2847.369385 0.000000 0.941548 0.000000 -0.336880 0.730624 0.730624 0.730624
1869.808105 0.000000 2843.747070 0.000000 0.992795 0.000000 -0.119829 0.710706 0.710706 0.710706
1866.679932 0.000000 2841.211182 0.000000 0.810550 0.000000 0.585670 0.644233 0.644233 0.644233
1868.354492 0.000000 2846.307373 0.000000 0.537155 0.000000 0.843483 0.610540 0.610540 0.610540
1864.870728 0.000000 2842.812988 0.000000 0.097758 0.000000 -0.995210 0.831273 0.831273 0.831273
1860.571777 0.000000 2839.613525 0.000000 0.169003 0.000000 0.985616 0.575135 0.575135 0.575135
1858.042236 0.000000 2845.576904 0.000000 0.373887 0.000000 0.927474 0.594153 0.594153 0.594153
1885.137695 0.000000 2846.358154 0.000000 0.777542 0.000000 -0.628831 0.760611 0.760611 0.760611
1859.450928 0.000000 2846.702393 0.000000 0.580303 0.000000 -0.814400 0.784822 0.784822 0.784822
1879.268555 0.000000 2857.007812 0.000000 0.572499 0.000000 0.819906 0.614327 0.614327 0.614327
1877.041016 0.000000 2847.449707 0.000000 0.741056 0.000000 0.671443 0.634389 0.634389 0.634389
1874.802368 0.000000 2852.970703 0.000000 0.943463 0.000000 0.331477 0.669887 0.669887 0.669887
1877.795898 0.000000 2854.061035 0.000000 0.099710 0.000000 -0.995017 0.831098 0.831098 0.831098
1860.748535 0.000000 2850.424561 0.000000 0.809645 0.000000 -0.586920 0.755905 0.755905 0.755905
1886.422852 0.000000 2866.163818 0.000000 0.841667 0.000000 -0.539997 0.750841 0.750841 0.750841
1885.087280 0.000000 2875.154053 0.000000 0.052218 0.000000 0.998636 0.564656 0.564656 0.564656
1881.429443 0.000000 2849.692383 0.000000 0.622391 0.000000 -0.782707 0.780125 0.780125 0.780125
1865.708130 0.000000 2866.805908 0.000000 0.220809 0.000000 -0.975317 0.820157 0.820157 0.820157
1873.785522 0.000000 2879.180176 0.000000 0.986007 0.000000 -0.166705 0.714928 0.714928 0.714928
1871.738403 0.000000 2875.498779 0.000000 0.904686 0.000000 0.426080 0.660770 0.660770 0.660770
1868.174072 0.000000 2864.299316 0.000000 0.104147 0.000000 0.994562 0.569299 0.569299 0.569299
1864.807251 0.000000 2873.133057 0.000000 0.662080 0.000000 0.749434 0.624491 0.624491 0.624491
1864.074829 0.000000 2847.351562 0.000000 0.777981 0.000000 -0.628287 0.760548 0.760548 0.760548
1881.809937 0.000000 2852.069580 0.000000 0.921130 0.000000 0.389255 0.664365 0.664365 0.664365
1878.859497 0.000000 2850.751953 0.000000 0.269174 0.000000 -0.963092 0.815710 0.815710 0.815710
1885.639526 0.000000 2855.226074 0.000000 0.167096 0.000000 -0.985941 0.825037 0.825037 0.825037
1882.277344 0.000000 2854.841064 0.000000 0.325375 0.000000 0.945585 0.589537 0.589537 0.589537
1891.893433 0.000000 2869.396240 0.000000 0.616300 0.000000 -0.787511 0.780817 0.780817 0.780817
1888.590088 0.000000 2879.218994 0.000000 0.279922 0.000000 0.960023 0.585286 0.585286 0.585286
1896.195801 0.000000 2864.991943 0.000000 0.901338 0.000000 0.433117 0.660076 0.660076 0.660076
1899.920044 0.000000 2866.493164 0.000000 0.052039 0.000000 -0.998645 0.835360 0.835360 0.835360
1891.186523 0.000000 2873.550781 0.000000 0.531604 0.000000 0.846993 0.609955 0.609955 0.609955
1888.707764 0.000000 2875.822998 0.000000 0.212887 0.000000 -0.977077 0.820880 0.820880 0.820880
1894.344238 0.000000 2875.670166 0.000000 0.620260 0.000000 -0.784396 0.780368 0.780368 0.780368
1890.155396 0.000000 2871.188232 0.000000 0.219584 0.000000 0.975594 0.579732 0.579732 0.579732
1897.704224 0.000000 2866.805908 0.000000 0.479214 0.000000 -0.877698 0.795458 0.795458 0.795458
1895.893433 0.000000 2866.831299 0.000000 0.272367 0.000000 -0.962193 0.815414 0.815414 0.815414
1888.262329 0.000000 2851.227783 0.000000 0.102436 0.000000 0.994740 0.569146 0.569146 0.569146
1817.158081 0.000000 2879.363037 0.000000 0.385422 0.000000 0.922740 0.595264 0.595264 0.595264
1830.869019 0.000000 2887.413574 0.000000 0.998143 0.000000 -0.060912 0.705432 0.705432 0.705432
1846.652832 0.000000 2900.361572 0.000000 0.665392 0.000000 -0.746494 0.775114 0.775114 0.775114
1847.606812 0.000000 2908.984131 0.000000 0.961782 0.000000 0.273817 0.675280 0.675280 0.675280
1840.225220 0.000000 2893.748047 0.000000 0.961709 0.000000 0.274074 0.675256 0.675256 0.675256
1828.265625 0.000000 2897.563721 0.000000 0.622914 0.000000 -0.782290 0.780066 0.780066 0.780066
1847.199219 0.000000 2896.641602 0.000000 0.779986 0.000000 0.625796 0.639737 0.639737 0.639737
1843.493774 0.000000 2909.857910 0.000000 0.273864 0.000000 -0.961768 0.815275 0.815275 0.815275
1855.722900 0.000000 2884.362061 0.000000 0.985870 0.000000 -0.167511 0.715000 0.715000 0.715000
1844.017212 0.000000 2907.223633 0.000000 0.105813 0.000000 0.994386 0.569448 0.569448 0.569448
1849.703369 0.000000 2890.683838 0.000000 0.876083 0.000000 -0.482160 0.744841 0.744841 0.744841
1845.094360 0.000000 2902.500000 0.000000 0.845690 0.000000 0.533674 0.649827 0.649827 0.649827
1837.597412 0.000000 2893.782959 0.000000 0.993747 0.000000 -0.111657 0.709972 0.709972 0.709972
1842.156982 0.000000 2899.605469 0.000000 0.998049 0.000000 0.062443 0.694431 0.694431 0.694431
1838.198120 0.000000 2898.713623 0.000000 0.986946 0.000000 0.161054 0.685583 0.685583 0.685583
1842.255493 0.000000 2882.996094 0.000000 0.847605 0.000000 -0.530628 0.749852 0.749852 0.749852
1835.038818 0.000000 2900.320312 0.000000 0.959344 0.000000 0.282238 0.674498 0.674498 0.674498
1836.177979 0.000000 2896.291504 0.000000 0.162462 0.000000 -0.986715 0.825456 0.825456 0.825456
1839.358887 0.000000 2887.925049 0.000000 0.268697 0.000000 -0.963225 0.815754 0.815754 0.815754
1833.169434 0.000000 2893.066895 0.000000 0.940922 0.000000 -0.338624 0.730789 0.730789 0.730789
1851.926025 0.000000 2928.537354 0.000000 0.741119 0.000000 0.671374 0.634397 0.634397 0.634397
1874.802368 0.000000 2884.962891 0.000000 0.220198 0.000000 -0.975455 0.820212 0.820212 0.820212
1877.637207 0.000000 2905.012939 0.000000 0.921272 0.000000 -0.388918 0.735602 0.735602 0.735602
1866.821655 0.000000 2879.398193 0.000000 0.740280 0.000000 0.672299 0.634286 0.634286 0.634286
1859.575439 0.000000 2885.404541 0.000000 0.217811 0.000000 -0.975991 0.820430 0.820430 0.820430
1886.273560 0.000000 2904.743652 0.000000 0.580207 0.000000 -0.814469 0.784832 0.784832 0.784832
1865.971558 0.000000 2885.811523 0.000000 0.532615 0.000000 0.846358 0.610061 0.610061 0.610061
1872.220093 0.000000 2883.618896 0.000000 0.985449 0.000000 0.169970 0.684777 0.684777 0.684777
1856.963867 0.000000 2884.809326 0.000000 0.701754 0.000000 -0.712419 0.770672 0.770672 0.770672
1874.952271 0.000000 2881.099609 0.000000 0.810719 0.000000 -0.585435 0.755741 0.755741 0.755741
1860.765015 0.000000 2888.121338 0.000000 0.429844 0.000000 0.902903 0.599601 0.599601 0.599601
1886.854614 0.000000 2902.608643 0.000000 0.276522 0.000000 -0.961008 0.815029 0.815029 0.815029
1863.994629 0.000000 2885.711914 0.000000 0.922620 0.000000 0.385711 0.664708 0.664708 0.664708
1878.669922 0.000000 2903.520020 0.000000 0.527191 0.000000 0.849747 0.609491 0.609491 0.609491
1883.816772 0.000000 2900.773438 0.000000 0.625141 0.000000 0.780512 0.620188 0.620188 0.620188
1857.830566 0.000000 2889.310791 0.000000 0.325407 0.000000 -0.945574 0.810460 0.810460 0.810460
1885.618652 0.000000 2896.384277 0.000000 0.874519 0.000000 0.484992 0.654870 0.654870 0.654870
1879.066162 0.000000 2901.906250 0.000000 0.332652 0.000000 0.943050 0.590224 0.590224 0.590224
1871.664185 0.000000 2882.102051 0.000000 0.900666 0.000000 0.434513 0.659938 0.659938 0.659938
1891.893433 0.000000 2901.388428 0.000000 0.156902 0.000000 -0.987614 0.825958 0.825958 0.825958
1890.434082 0.000000 2899.307129 0.000000 0.323755 0.000000 0.946141 0.589385 0.589385 0.589385
1887.782349 0.000000 2895.626953 0.000000 0.962184 0.000000 -0.272400 0.724589 0.724589 0.724589
1885.687378 0.000000 2932.906738 0.000000 0.268561 0.000000 0.963263 0.584233 0.584233 0.584233
1883.196899 0.000000 2941.146240 0.000000 0.811018 0.000000 -0.585021 0.755696 0.755696 0.755696
1880.287354 0.000000 2938.114014 0.000000 0.872582 0.000000 0.488467 0.654516 0.654516 0.654516
1877.090454 0.000000 2934.492188 0.000000 0.055832 0.000000 0.998440 0.564979 0.564979 0.564979
1876.290649 0.000000 2932.414062 0.000000 0.219674 0.000000 -0.975573 0.820260 0.820260 0.820260
1878.669922 0.000000 2935.512207 0.000000 0.481136 0.000000 0.876646 0.604737 0.604737 0.604737
1881.379028 0.000000 2936.704834 0.000000 0.163973 0.000000 -0.986465 0.825319 0.825319 0.825319
1875.652832 0.000000 2935.112549 0.000000 0.666652 0.000000 -0.745369 0.774963 0.774963 0.774963
1822.958374 0.000000 2973.306152 0.000000 0.522704 0.000000 -0.852514 0.790979 0.790979 0.790979
1824.597900 0.000000 2975.195557 0.000000 0.104623 0.000000 0.994512 0.569342 0.569342 0.569342
1874.802368 0.000000 2980.939453 0.000000 0.269428 0.000000 -0.963021 0.815686 0.815686 0.815686
1903.672852 0.000000 2985.917969 0.000000 0.986392 0.000000 0.164412 0.685280 0.685280 0.685280
1848.188477 0.000000 3011.714355 0.000000 0.269074 0.000000 0.963120 0.584281 0.584281 0.584281
1842.956177 0.000000 3009.068359 0.000000 0.992719 0.000000 -0.120457 0.710762 0.710762 0.710762
1852.377930 0.000000 3027.005371 0.000000 0.482613 0.000000 0.875834 0.604887 0.604887 0.604887
1896.861694 0.000000 3028.797363 0.000000 0.945108 0.000000 0.326759 0.670332 0.670332 0.670332
1909.633301 0.000000 3032.981689 0.000000 0.475829 0.000000 0.879538 0.604198 0.604198 0.604198
1915.314697 0.000000 3030.464844 0.000000 0.321273 0.000000 -0.946986 0.810849 0.810849 0.810849
1917.083374 0.000000 3035.114990 0.000000 0.522976 0.000000 -0.852347 0.790950 0.790950 0.790950
1890.722290 0.000000 3020.645996 0.000000 0.217000 0.000000 -0.976171 0.820504 0.820504 0.820504
1905.449463 0.000000 3066.367920 0.000000 0.574617 0.000000 0.818423 0.614558 0.614558 0.614558
1920.073120 0.000000 3026.323730 0.000000 0.710133 0.000000 0.704068 0.630382 0.630382 0.630382
1923.182617 0.000000 3033.511719 0.000000 0.974358 0.000000 0.225005 0.679773 0.679773 0.679773
1922.430176 0.000000 3027.275879 0.000000 0.216954 0.000000 -0.976182 0.820509 0.820509 0.820509
1912.180664 0.000000 3075.698730 0.000000 0.992914 0.000000 -0.118836 0.710617 0.710617 0.710617
1932.456177 0.000000 3073.013184 0.000000 0.711137 0.000000 0.703054 0.630509 0.630509 0.630509
5975.459473 0.000000 1620.363159 0.000000 0.474783 0.000000 -0.880103 1.023309 1.023309 1.023309
6008.188477 0.000000 1617.371338 0.000000 0.273342 0.000000 -0.961917 1.048273 1.048273 1.048273
5977.310547 0.000000 1636.366455 0.000000 0.993945 0.000000 0.109874 0.887384 0.887384 0.887384
6021.062988 0.000000 1604.534912 0.000000 0.998117 0.000000 -0.061344 0.907034 0.907034 0.907034
6132.571289 0.000000 1622.812500 0.000000 0.974582 0.000000 0.224031 0.874108 0.874108 0.874108
6133.036133 0.000000 1623.911011 0.000000 0.924848 0.000000 -0.380336 0.944709 0.944709 0.944709
5996.205078 0.000000 1787.955200 0.000000 0.334249 0.000000 0.942485 0.759054 0.759054 0.759054
5997.280273 0.000000 1787.000854 0.000000 0.531703 0.000000 0.846931 0.784241 0.784241 0.784241
6000.437988 0.000000 1799.760864 0.000000 0.658364 0.000000 -0.752700 0.997650 0.997650 0.997650
7307.878418 0.000000 359.831909 0.000000 0.164371 0.000000 0.986399 0.738921 0.738921 0.738921
7305.600586 0.000000 382.490173 0.000000 0.612519 0.000000 -0.790456 1.004456 1.004456 1.004456
7295.111328 0.000000 374.416565 0.000000 0.617559 0.000000 0.786524 0.796276 0.796276 0.796276
7302.617676 0.000000 385.131500 0.000000 0.847329 0.000000 0.531068 0.835845 0.835845 0.835845
7310.324707 0.000000 387.966705 0.000000 0.277610 0.000000 -0.960694 1.047765 1.047765 1.047765
7482.513672 0.000000 381.771179 0.000000 0.999990 0.000000 -0.004380 0.900502 0.900502 0.900502
7491.209961 0.000000 405.997925 0.000000 0.271501 0.000000 0.962438 0.751507 0.751507 0.751507
7507.603516 0.000000 405.031158 0.000000 0.962235 0.000000 0.272221 0.868407 0.868407 0.868407
7513.995605 0.000000 401.002411 0.000000 0.999999 0.000000 -0.001348 0.900154 0.900154 0.900154
7554.390625 0.000000 480.251221 0.000000 0.385446 0.000000 0.922730 0.765343 0.765343 0.765343
7551.750488 0.000000 497.409210 0.000000 0.738663 0.000000 -0.674075 0.984765 0.984765 0.984765
7564.379395 0.000000 488.519745 0.000000 0.942177 0.000000 -0.335115 0.939159 0.939159 0.939159
7310.745117 0.000000 512.840149 0.000000 0.156680 0.000000 0.987649 0.738028 0.738028 0.738028
7392.730469 0.000000 571.614380 0.000000 0.976074 0.000000 0.217440 0.874883 0.874883 0.874883
7394.297852 0.000000 566.243896 0.000000 0.742498 0.000000 0.669849 0.815889 0.815889 0.815889
7382.187988 0.000000 579.306702 0.000000 0.844244 0.000000 -0.535959 0.964818 0.964818 0.964818
7230.386719 0.000000 731.293579 0.000000 0.900919 0.000000 -0.433987 0.951442 0.951442 0.951442
7231.184570 0.000000 731.165771 0.000000 0.569565 0.000000 -0.821946 1.010560 1.010560 1.010560
7250.296387 0.000000 737.623169 0.000000 0.998440 0.000000 0.055827 0.893599 0.893599 0.893599
7236.346191 0.000000 746.180176 0.000000 0.924626 0.000000 -0.380875 0.944776 0.944776 0.944776
7240.855957 0.000000 736.384277 0.000000 0.994088 0.000000 -0.108579 0.912467 0.912467 0.912467
7251.563965 0.000000 737.016296 0.000000 0.845424 0.000000 0.534096 0.835435 0.835435 0.835435
7237.449707 0.000000 746.178223 0.000000 0.160485 0.000000 0.987038 0.738470 0.738470 0.738470
7644.984375 0.000000 597.476929 0.000000 0.166839 0.000000 -0.985984 1.060792 1.060792 1.060792
7646.476562 0.000000 607.201355 0.000000 0.817777 0.000000 0.575535 0.829726 0.829726 0.829726
7644.108887 0.000000 596.683411 0.000000 0.973870 0.000000 0.227105 0.873747 0.873747 0.873747
7651.455566 0.000000 605.571655 0.000000 0.529657 0.000000 0.848212 0.783965 0.783965 0.783965
7651.865234 0.000000 600.160339 0.000000 0.430070 0.000000 -0.902796 1.029056 1.029056 1.029056
7650.053711 0.000000 604.115295 0.000000 0.219695 0.000000 -0.975569 1.054618 1.054618 1.054618
7648.666016 0.000000 588.887146 0.000000 0.985897 0.000000 -0.167354 0.919268 0.919268 0.919268
7651.616699 0.000000 601.484314 0.000000 0.332136 0.000000 0.943231 0.758797 0.758797 0.758797
7650.297363 0.000000 605.305420 0.000000 0.784931 0.000000 0.619583 0.823429 0.823429 0.823429
7652.655762 0.000000 596.770020 0.000000 0.741244 0.000000 -0.671236 0.984325 0.984325 0.984325
7647.341309 0.000000 606.990723 0.000000 0.778588 0.000000 -0.627535 0.977737 0.977737 0.977737
7652.357422 0.000000 600.927063 0.000000 0.222412 0.000000 0.974953 0.745701 0.745701 0.745701
7640.447754 0.000000 607.917786 0.000000 0.993024 0.000000 -0.117909 0.913543 0.913543 0.913543
7629.105469 0.000000 636.286255 0.000000 0.746669 0.000000 -0.665196 0.983395 0.983395 0.983395
7641.107422 0.000000 612.616455 0.000000 0.924341 0.000000 0.381567 0.855138 0.855138 0.855138
7629.994629 0.000000 635.183777 0.000000 0.816003 0.000000 0.578048 0.829373 0.829373 0.829373
7625.108887 0.000000 632.903442 0.000000 0.815139 0.000000 0.579265 0.829202 0.829202 0.829202
7625.208496 0.000000 628.475464 0.000000 0.481240 0.000000 -0.876589 1.022467 1.022467 1.022467
7620.756348 0.000000 636.724304 0.000000 0.616100 0.000000 -0.787668 1.003936 1.003936 1.003936
7653.415039 0.000000 612.000244 0.000000 0.375157 0.000000 0.926961 0.764068 0.764068 0.764068
7658.378418 0.000000 615.366943 0.000000 0.325067 0.000000 0.945691 0.757939 0.757939 0.757939
7269.461914 0.000000 899.929932 0.000000 0.922527 0.000000 -0.385933 0.945403 0.945403 0.945403
7505.726074 0.000000 800.751282 0.000000 0.925581 0.000000 0.378550 0.855512 0.855512 0.855512
7662.495605 0.000000 791.170288 0.000000 0.663908 0.000000 0.747814 0.803197 0.803197 0.803197
7666.001465 0.000000 778.168091 0.000000 0.003346 0.000000 0.999994 0.720383 0.720383 0.720383
7655.808105 0.000000 786.548035 0.000000 0.876341 0.000000 -0.481692 0.957592 0.957592 0.957592
7646.151855 0.000000 887.100952 0.000000 0.618048 0.000000 -0.786141 1.003653 1.003653 1.003653
7650.600586 0.000000 875.927124 0.000000 0.438557 0.000000 0.898704 0.772024 0.772024 0.772024
7657.104980 0.000000 888.840942 0.000000 0.975304 0.000000 -0.220869 0.925520 0.925520 0.925520
7654.151367 0.000000 881.471313 0.000000 0.998164 0.000000 -0.060566 0.906945 0.906945 0.906945
7701.192383 0.000000 850.861694 0.000000 0.481878 0.000000 -0.876238 1.022384 1.022384 1.022384
7705.037109 0.000000 849.283691 0.000000 0.993692 0.000000 -0.112143 0.912878 0.912878 0.912878
7093.266602 0.000000 1074.807007 0.000000 0.962041 0.000000 -0.272905 0.931674 0.931674 0.931674
7094.033691 0.000000 1079.965454 0.000000 0.845134 0.000000 -0.534554 0.964627 0.964627 0.964627
7090.255859 0.000000 1085.562866 0.000000 0.332840 0.000000 0.942983 0.758882 0.758882 0.758882
7096.097656 0.000000 1074.425659 0.000000 0.323997 0.000000 0.946058 0.757810 0.757810 0.757810
7137.084961 0.000000 1106.940063 0.000000 0.999999 0.000000 -0.001501 0.900172 0.900172 0.900172
6816.181152 0.000000 1503.916382 0.000000 0.044452 0.000000 -0.999012 1.074904 1.074904 1.074904
6166.329590 0.000000 1535.644409 0.000000 0.895596 0.000000 -0.444868 0.952830 0.952830 0.952830
6230.139160 0.000000 1591.840454 0.000000 0.941372 0.000000 -0.337370 0.939433 0.939433 0.939433
6586.623047 0.000000 1629.466553 0.000000 0.896577 0.000000 -0.442889 0.952577 0.952577 0.952577
6574.378906 0.000000 1629.615967 0.000000 0.159021 0.000000 0.987275 0.738300 0.738300 0.738300
6589.590332 0.000000 1631.128296 0.000000 0.901683 0.000000 -0.432398 0.951240 0.951240 0.951240
6586.440430 0.000000 1632.583008 0.000000 0.922916 0.000000 0.385002 0.854712 0.854712 0.854712
6615.709473 0.000000 1658.426514 0.000000 0.273265 0.000000 -0.961939 1.048283 1.048283 1.048283
6614.300781 0.000000 1658.108398 0.000000 0.922418 0.000000 -0.386192 0.945436 0.945436 0.945436
6610.274414 0.000000 1658.464600 0.000000 0.530504 0.000000 -0.847682 1.015921 1.015921 1.015921
6615.295898 0.000000 1659.931030 0.000000 0.998839 0.000000 0.048172 0.894478 0.894478 0.894478
6611.349609 0.000000 1654.053589 0.000000 0.848741 0.000000 0.528809 0.836150 0.836150 0.836150
6614.467773 0.000000 1650.190674 0.000000 0.946693 0.000000 0.322137 0.862416 0.862416 0.862416
6618.773926 0.000000 1651.961792 0.000000 0.528147 0.000000 0.849153 0.783761 0.783761 0.783761
6610.351074 0.000000 1659.432251 0.000000 0.052829 0.000000 0.998604 0.726057 0.726057 0.726057
6651.340332 0.000000 1648.849731 0.000000 0.975115 0.000000 -0.221700 0.925618 0.925618 0.925618
6637.612305 0.000000 1651.018311 0.000000 0.901644 0.000000 -0.432479 0.951250 0.951250 0.951250
6649.970703 0.000000 1650.979248 0.000000 0.778760 0.000000 0.627322 0.822294 0.822294 0.822294
6500.623047 0.000000 1678.216064 0.000000 0.666241 0.000000 0.745737 0.803555 0.803555 0.803555
6500.436035 0.000000 1673.953613 0.000000 0.482178 0.000000 -0.876073 1.022344 1.022344 1.022344
6503.441406 0.000000 1674.590820 0.000000 0.109855 0.000000 0.993948 0.732614 0.732614 0.732614
6500.796387 0.000000 1684.504395 0.000000 0.998164 0.000000 0.060564 0.893056 0.893056 0.893056
6511.716797 0.000000 1668.992432 0.000000 0.568756 0.000000 -0.822507 1.010673 1.010673 1.010673
6504.528320 0.000000 1678.389893 0.000000 0.781731 0.000000 -0.623616 0.977161 0.977161 0.977161
6504.025879 0.000000 1679.422485 0.000000 0.166687 0.000000 0.986010 0.739191 0.739191 0.739191
6501.817871 0.000000 1685.915161 0.000000 0.942005 0.000000 -0.335598 0.939218 0.939218 0.939218
6556.562500 0.000000 1702.013794 0.000000 0.383447 0.000000 0.923563 0.765095 0.765095 0.765095
6555.804199 0.000000 1715.325562 0.000000 0.273172 0.000000 0.961965 0.751706 0.751706 0.751706
6552.528809 0.000000 1716.389648 0.000000 0.959955 0.000000 -0.280153 0.932539 0.932539 0.932539
6557.691406 0.000000 1708.341797 0.000000 0.974915 0.000000 0.222578 0.874279 0.874279 0.874279
6553.007324 0.000000 1717.270630 0.000000 0.046063 0.000000 -0.998939 1.074720 1.074720 1.074720
6561.864258 0.000000 1715.596069 0.000000 0.332416 0.000000 0.943133 0.758831 0.758831 0.758831
6618.436523 0.000000 1664.575195 0.000000 0.895749 0.000000 -0.444560 0.952790 0.952790 0.952790
6619.518066 0.000000 1665.022217 0.000000 0.481040 0.000000 0.876699 0.777507 0.777507 0.777507
6635.772949 0.000000 1694.588623 0.000000 0.959645 0.000000 -0.281213 0.932665 0.932665 0.932665
6619.892090 0.000000 1699.057617 0.000000 0.962720 0.000000 0.270500 0.868612 0.868612 0.868612
6634.239746 0.000000 1695.687134 0.000000 0.812970 0.000000 0.582306 0.828774 0.828774 0.828774
6635.622559 0.000000 1695.664551 0.000000 0.056720 0.000000 0.998390 0.726503 0.726503 0.726503
6366.529785 0.000000 1799.464111 0.000000 0.660619 0.000000 -0.750721 0.997306 0.997306 0.997306
6364.315918 0.000000 1805.851929 0.000000 0.707487 0.000000 -0.706727 0.989938 0.989938 0.989938
6435.041992 0.000000 1826.739624 0.000000 0.875729 0.000000 0.482803 0.842263 0.842263 0.842263
6436.667969 0.000000 1827.524536 0.000000 0.746907 0.000000 -0.664928 0.983354 0.983354 0.983354
6585.301270 0.000000 1885.430420 0.000000 0.994061 0.000000 -0.108825 0.912495 0.912495 0.912495
6588.971680 0.000000 1891.649902 0.000000 0.942796 0.000000 -0.333371 0.938947 0.938947 0.938947
6588.258789 0.000000 1897.140747 0.000000 0.268376 0.000000 0.963314 0.751135 0.751135 0.751135
6588.279785 0.000000 1896.167114 0.000000 0.961169 0.000000 -0.275962 0.932039 0.932039 0.932039
6603.964355 0.000000 1895.456909 0.000000 0.322704 0.000000 -0.946500 1.042347 1.042347 1.042347
6595.250977 0.000000 1895.264160 0.000000 0.816456 0.000000 -0.577408 0.970537 0.970537 0.970537
6601.543945 0.000000 1911.458740 0.000000 0.266990 0.000000 0.963699 0.750970 0.750970 0.750970
6606.635742 0.000000 1904.107544 0.000000 0.432046 0.000000 0.901851 0.771195 0.771195 0.771195
6605.817383 0.000000 1893.364624 0.000000 0.431020 0.000000 0.902342 0.771065 0.771065 0.771065
6714.660156 0.000000 1571.424316 0.000000 0.903009 0.000000 0.429622 0.849113 0.849113 0.849113
6690.582520 0.000000 1569.704956 0.000000 0.664562 0.000000 -0.747233 0.996702 0.996702 0.996702
6693.241211 0.000000 1597.404419 0.000000 0.785100 0.000000 0.619369 0.823460 0.823460 0.823460
6693.370117 0.000000 1569.219238 0.000000 0.158978 0.000000 -0.987282 1.061705 1.061705 1.061705
6690.150879 0.000000 1574.754761 0.000000 0.899089 0.000000 -0.437767 0.951923 0.951923 0.951923
6682.673340 0.000000 1631.552612 0.000000 0.742761 0.000000 0.669557 0.815934 0.815934 0.815934
6685.896973 0.000000 1604.263428 0.000000 0.846326 0.000000 0.532665 0.835629 0.835629 0.835629
6699.776855 0.000000 1605.788940 0.000000 0.383734 0.000000 0.923444 0.765130 0.765130 0.765130
6699.396484 0.000000 1606.714844 0.000000 0.844079 0.000000 0.536219 0.835147 0.835147 0.835147
6699.063477 0.000000 1607.880371 0.000000 0.844556 0.000000 -0.535467 0.964751 0.964751 0.964751
6677.220703 0.000000 1641.988647 0.000000 0.155598 0.000000 -0.987820 1.062097 1.062097 1.062097
6856.104492 0.000000 1675.898438 0.000000 0.781898 0.000000 0.623406 0.822869 0.822869 0.822869
6853.714355 0.000000 1683.969727 0.000000 0.993801 0.000000 -0.111174 0.912766 0.912766 0.912766
6858.476562 0.000000 1686.600586 0.000000 0.811894 0.000000 -0.583805 0.971437 0.971437 0.971437
6868.421387 0.000000 1680.373535 0.000000 0.043690 0.000000 -0.999045 1.074992 1.074992 1.074992
6873.388672 0.000000 1682.026855 0.000000 0.926403 0.000000 0.376535 0.855762 0.855762 0.855762
6869.475586 0.000000 1676.917236 0.000000 0.845022 0.000000 -0.534731 0.964651 0.964651 0.964651
6856.744629 0.000000 1674.693970 0.000000 0.901899 0.000000 -0.431947 0.951182 0.951182 0.951182
6875.261230 0.000000 1678.684692 0.000000 0.617540 0.000000 -0.786540 1.003727 1.003727 1.003727
6910.575195 0.000000 1712.638550 0.000000 0.573426 0.000000 0.819257 0.789979 0.789979 0.789979
6904.190430 0.000000 1701.270874 0.000000 0.272536 0.000000 0.962146 0.751630 0.751630 0.751630
6909.869629 0.000000 1700.239990 0.000000 0.214084 0.000000 -0.976815 1.055276 1.055276 1.055276
6887.767578 0.000000 1788.755981 0.000000 0.960245 0.000000 -0.279159 0.932420 0.932420 0.932420
6945.421387 0.000000 1661.865967 0.000000 0.520581 0.000000 -0.853812 1.017257 1.017257 1.017257
6944.585938 0.000000 1658.335693 0.000000 0.842844 0.000000 -0.538157 0.965117 0.965117 0.965117
6943.219727 0.000000 1658.939209 0.000000 0.985399 0.000000 -0.170263 0.919606 0.919606 0.919606
6934.053223 0.000000 1687.817017 0.000000 0.898588 0.000000 0.438794 0.847946 0.847946 0.847946
6923.775879 0.000000 1687.498901 0.000000 0.484749 0.000000 -0.874653 1.022008 1.022008 1.022008
6930.068848 0.000000 1687.697510 0.000000 0.050578 0.000000 0.998720 0.725798 0.725798 0.725798
6919.695312 0.000000 1688.560303 0.000000 0.580028 0.000000 -0.814597 1.009095 1.009095 1.009095
6942.594238 0.000000 1669.485718 0.000000 0.208436 0.000000 -0.978036 1.055939 1.055939 1.055939
6913.986328 0.000000 1689.065308 0.000000 0.105906 0.000000 -0.994376 1.067841 1.067841 1.067841
6946.551270 0.000000 1665.681519 0.000000 0.941843 0.000000 -0.336054 0.939273 0.939273 0.939273
6943.216309 0.000000 1664.161987 0.000000 0.974423 0.000000 0.224721 0.874027 0.874027 0.874027
6943.166016 0.000000 1668.595703 0.000000 0.100803 0.000000 -0.994906 1.068429 1.068429 1.068429
6930.185547 0.000000 1701.251831 0.000000 0.810721 0.000000 -0.585433 0.971667 0.971667 0.971667
6920.003906 0.000000 1697.206421 0.000000 0.784380 0.000000 0.620281 0.823327 0.823327 0.823327
6916.148438 0.000000 1704.410400 0.000000 0.427437 0.000000 -0.904045 1.029390 1.029390 1.029390
6940.215820 0.000000 1705.187622 0.000000 0.667473 0.000000 0.744634 0.803745 0.803745 0.803745
6920.895020 0.000000 1696.149902 0.000000 0.430578 0.000000 -0.902553 1.028991 1.028991 1.028991
6919.377930 0.000000 1708.937378 0.000000 0.944414 0.000000 -0.328757 0.938387 0.938387 0.938387
6937.133301 0.000000 1701.938354 0.000000 0.998371 0.000000 0.057052 0.893459 0.893459 0.893459
6922.477539 0.000000 1698.759521 0.000000 0.659150 0.000000 -0.752012 0.997530 0.997530 0.997530
6941.930176 0.000000 1705.380981 0.000000 0.534734 0.000000 0.845020 0.784652 0.784652 0.784652
6917.706543 0.000000 1747.954102 0.000000 0.974509 0.000000 0.224349 0.874071 0.874071 0.874071
6917.434082 0.000000 1746.139160 0.000000 0.994574 0.000000 0.104036 0.888057 0.888057 0.888057
6918.749512 0.000000 1754.901611 0.000000 0.872487 0.000000 0.488638 0.841498 0.841498 0.841498
6916.731445 0.000000 1747.094360 0.000000 0.701164 0.000000 -0.713000 0.990959 0.990959 0.990959
6918.241211 0.000000 1745.260376 0.000000 0.426532 0.000000 0.904472 0.770495 0.770495 0.770495
6913.166504 0.000000 1756.410156 0.000000 0.479639 0.000000 0.877466 0.777324 0.777324 0.777324
6916.536133 0.000000 1746.063232 0.000000 0.055835 0.000000 -0.998440 1.073598 1.073598 1.073598
6760.590332 0.000000 1840.470581 0.000000 0.776267 0.000000 -0.630404 0.978160 0.978160 0.978160
6828.988281 0.000000 1806.048584 0.000000 0.219892 0.000000 -0.975524 1.054595 1.054595 1.054595
6827.862793 0.000000 1816.860107 0.000000 1.000000 0.000000 0.000874 0.899900 0.899900 0.899900
6825.516602 0.000000 1815.482178 0.000000 0.900485 0.000000 0.434888 0.848444 0.848444 0.848444
6896.310547 0.000000 1797.776123 0.000000 0.318782 0.000000 -0.947828 1.042821 1.042821 1.042821
6899.109863 0.000000 1797.504028 0.000000 0.427489 0.000000 -0.904021 1.029383 1.029383 1.029383
6708.009766 0.000000 1989.909302 0.000000 0.780703 0.000000 0.624902 0.822650 0.822650 0.822650
6708.838867 0.000000 1989.147339 0.000000 0.217866 0.000000 -0.975979 1.054833 1.054833 1.054833
6820.086426 0.000000 2011.767456 0.000000 0.998071 0.000000 -0.062087 0.907119 0.907119 0.907119
6809.872559 0.000000 2025.791016 0.000000 0.660874 0.000000 -0.750497 0.997267 0.997267 0.997267
6814.475098 0.000000 2023.409424 0.000000 0.333952 0.000000 0.942590 0.759018 0.759018 0.759018
6816.358887 0.000000 2021.020142 0.000000 0.484264 0.000000 0.874922 0.777929 0.777929 0.777929
6843.499512 0.000000 2023.421387 0.000000 0.998111 0.000000 -0.061435 0.907044 0.907044 0.907044
6817.728027 0.000000 2021.091675 0.000000 0.269460 0.000000 0.963012 0.751264 0.751264 0.751264
6821.322266 0.000000 2024.831421 0.000000 0.745283 0.000000 -0.666748 0.983633 0.983633 0.983633
6821.500488 0.000000 2025.865723 0.000000 0.944745 0.000000 0.327806 0.861729 0.861729 0.861729
7157.162109 0.000000 1929.918335 0.000000 0.660200 0.000000 0.751089 0.802630 0.802630 0.802630
7164.049805 0.000000 1942.180176 0.000000 0.432153 0.000000 -0.901800 1.028791 1.028791 1.028791
7442.480957 0.000000 1528.909790 0.000000 0.815007 0.000000 -0.579451 0.970824 0.970824 0.970824
7438.522949 0.000000 1526.990601 0.000000 0.478370 0.000000 0.878158 0.777158 0.777158 0.777158
7439.413086 0.000000 1527.380859 0.000000 0.902359 0.000000 0.430984 0.848940 0.848940 0.848940
7457.643555 0.000000 1530.793213 0.000000 0.877319 0.000000 0.479907 0.842641 0.842641 0.842641
7456.722656 0.000000 1531.380005 0.000000 0.431433 0.000000 0.902145 0.771117 0.771117 0.771117
7375.224609 0.000000 1574.891724 0.000000 0.779348 0.000000 -0.626591 0.977598 0.977598 0.977598
7410.769531 0.000000 1641.042358 0.000000 0.278573 0.000000 0.960415 0.752350 0.752350 0.752350
7404.756348 0.000000 1632.797852 0.000000 0.844252 0.000000 -0.535946 0.964816 0.964816 0.964816
7300.441895 0.000000 1786.354126 0.000000 0.974955 0.000000 -0.222401 0.925700 0.925700 0.925700
7313.845215 0.000000 1773.686279 0.000000 0.999992 0.000000 -0.004069 0.900466 0.900466 0.900466
7300.027832 0.000000 1787.822144 0.000000 0.318526 0.000000 -0.947914 1.042852 1.042852 1.042852
7308.288574 0.000000 1786.531250 0.000000 0.973776 0.000000 -0.227508 0.926301 0.926301 0.926301
7307.555664 0.000000 1780.033447 0.000000 0.570279 0.000000 -0.821451 1.010461 1.010461 1.010461
7313.942871 0.000000 1774.910400 0.000000 0.158792 0.000000 -0.987312 1.061726 1.061726 1.061726
7308.044922 0.000000 1787.955200 0.000000 0.778261 0.000000 -0.627940 0.977797 0.977797 0.977797
7312.797363 0.000000 1772.325195 0.000000 0.901807 0.000000 -0.432139 0.951207 0.951207 0.951207
7438.905273 0.000000 1535.658203 0.000000 0.985832 0.000000 0.167735 0.880688 0.880688 0.880688
7562.152832 0.000000 1540.670776 0.000000 0.271319 0.000000 -0.962490 1.048514 1.048514 1.048514
7570.995605 0.000000 1538.846924 0.000000 0.925400 0.000000 -0.378993 0.944543 0.944543 0.944543
7554.825684 0.000000 1544.958008 0.000000 0.383270 0.000000 -0.923637 1.034927 1.034927 1.034927
7562.394531 0.000000 1541.812012 0.000000 0.219055 0.000000 0.975712 0.745307 0.745307 0.745307
7562.399414 0.000000 1538.798584 0.000000 0.780549 0.000000 0.625094 0.822622 0.822622 0.822622
7559.819824 0.000000 1554.360596 0.000000 0.375612 0.000000 -0.926777 1.035876 1.035876 1.035876
7531.675293 0.000000 1733.757690 0.000000 0.167175 0.000000 -0.985927 1.060753 1.060753 1.060753
7532.383301 0.000000 1736.215088 0.000000 0.994444 0.000000 0.105266 0.887915 0.887915 0.887915
7228.210449 0.000000 1805.851929 0.000000 0.053833 0.000000 0.998550 0.726172 0.726172 0.726172
7242.997070 0.000000 1799.833496 0.000000 0.745410 0.000000 0.666607 0.816389 0.816389 0.816389
7224.498535 0.000000 1855.613037 0.000000 0.616016 0.000000 -0.787733 1.003948 1.003948 1.003948
7221.028320 0.000000 1886.826782 0.000000 0.998727 0.000000 0.050448 0.894217 0.894217 0.894217
7228.480469 0.000000 1893.966919 0.000000 0.904442 0.000000 0.426597 0.849496 0.849496 0.849496
7229.706055 0.000000 1893.083374 0.000000 0.103405 0.000000 -0.994639 1.068129 1.068129 1.068129
7290.453125 0.000000 1881.567383 0.000000 0.874791 0.000000 0.484500 0.842041 0.842041 0.842041
7291.227539 0.000000 1886.393555 0.000000 0.811527 0.000000 -0.584315 0.971509 0.971509 0.971509
7297.243652 0.000000 1807.714722 0.000000 0.050346 0.000000 0.998732 0.725772 0.725772 0.725772
7301.392578 0.000000 1816.105103 0.000000 0.743393 0.000000 0.668855 0.816042 0.816042 0.816042
7337.734863 0.000000 1818.891113 0.000000 0.960919 0.000000 -0.276829 0.932142 0.932142 0.932142
7355.321289 0.000000 1807.739380 0.000000 0.617612 0.000000 0.786483 0.796284 0.796284 0.796284
7332.081055 0.000000 1826.674561 0.000000 0.215198 0.000000 0.976570 0.744854 0.744854 0.744854
7351.482422 0.000000 1842.953979 0.000000 0.776976 0.000000 -0.629530 0.978031 0.978031 0.978031
7351.366211 0.000000 1839.514038 0.000000 0.613145 0.000000 -0.789970 1.004365 1.004365 1.004365
7342.274414 0.000000 1841.591431 0.000000 0.163332 0.000000 0.986571 0.738801 0.738801 0.738801
7334.991699 0.000000 1839.839966 0.000000 0.924581 0.000000 0.380986 0.855210 0.855210 0.855210
7349.643555 0.000000 1839.954224 0.000000 0.871466 0.000000 0.490455 0.841259 0.841259 0.841259
7353.059570 0.000000 1832.095581 0.000000 0.373478 0.000000 -0.927639 1.036139 1.036139 1.036139
7338.592773 0.000000 1852.531860 0.000000 0.814809 0.000000 0.579730 0.829137 0.829137 0.829137
7350.424316 0.000000 1839.440186 0.000000 0.054283 0.000000 0.998526 0.726223 0.726223 0.726223
7368.308105 0.000000 1815.728638 0.000000 0.778666 0.000000 0.627439 0.822277 0.822277 0.822277
7368.731934 0.000000 1809.797119 0.000000 0.479290 0.000000 0.877657 0.777278 0.777278 0.777278
7366.341797 0.000000 1805.927612 0.000000 0.998830 0.000000 0.048364 0.894456 0.894456 0.894456
7363.841797 0.000000 1812.915527 0.000000 0.998392 0.000000 -0.056695 0.906500 0.906500 0.906500
7320.151855 0.000000 1862.665649 0.000000 0.959507 0.000000 -0.281683 0.932721 0.932721 0.932721
7297.495605 0.000000 1879.430298 0.000000 0.703300 0.000000 0.710893 0.809385 0.809385 0.809385
7313.942871 0.000000 1870.886963 0.000000 0.576572 0.000000 -0.817046 1.009580 1.009580 1.009580
7302.779297 0.000000 1883.956421 0.000000 0.484631 0.000000 -0.874719 1.022023 1.022023 1.022023
7325.597656 0.000000 1868.302734 0.000000 0.999977 0.000000 -0.006778 0.900777 0.900777 0.900777
7315.826172 0.000000 1871.375366 0.000000 0.987065 0.000000 0.160318 0.881549 0.881549 0.881549
7314.813965 0.000000 1870.613281 0.000000 0.813104 0.000000 0.582118 0.828801 0.828801 0.828801
7329.659668 0.000000 1877.254150 0.000000 0.898022 0.000000 -0.439951 0.952201 0.952201 0.952201
7297.927734 0.000000 1890.693604 0.000000 0.784907 0.000000 0.619614 0.823424 0.823424 0.823424
7169.074219 0.000000 1937.637085 0.000000 0.986518 0.000000 0.163655 0.881162 0.881162 0.881162
7167.126953 0.000000 1942.033691 0.000000 0.998219 0.000000 -0.059654 0.906840 0.906840 0.906840
7231.066895 0.000000 1924.596436 0.000000 0.163313 0.000000 0.986574 0.738798 0.738798 0.738798
7236.107910 0.000000 1925.559082 0.000000 0.959938 0.000000 0.280213 0.867454 0.867454 0.867454
7231.430664 0.000000 1920.999146 0.000000 0.975478 0.000000 -0.220099 0.925430 0.925430 0.925430
7319.886719 0.000000 1973.366699 0.000000 0.895723 0.000000 -0.444612 0.952797 0.952797 0.952797
7302.995605 0.000000 1967.808716 0.000000 0.576352 0.000000 0.817202 0.790389 0.790389 0.790389
7298.856934 0.000000 1960.856445 0.000000 0.846873 0.000000 0.531796 0.835746 0.835746 0.835746
7303.283691 0.000000 1960.286255 0.000000 0.709943 0.000000 0.704259 0.810461 0.810461 0.810461
7325.700195 0.000000 1969.350342 0.000000 0.998236 0.000000 0.059366 0.893193 0.893193 0.893193
7298.183594 0.000000 1961.526855 0.000000 0.814745 0.000000 0.579820 0.829124 0.829124 0.829124
7299.711426 0.000000 1961.182373 0.000000 0.786073 0.000000 0.618133 0.823640 0.823640 0.823640
7330.835938 0.000000 1962.241577 0.000000 0.925053 0.000000 0.379839 0.855353 0.855353 0.855353
7332.097656 0.000000 1960.347900 0.000000 0.664356 0.000000 0.747416 0.803266 0.803266 0.803266
7351.501465 0.000000 1954.469604 0.000000 0.998613 0.000000 -0.052648 0.906036 0.906036 0.906036
7327.442871 0.000000 1958.176514 0.000000 0.663752 0.000000 -0.747952 0.996827 0.996827 0.996827
7546.627441 0.000000 2006.714722 0.000000 0.974733 0.000000 0.223374 0.874185 0.874185 0.874185
7544.597168 0.000000 2014.619385 0.000000 0.870553 0.000000 -0.492075 0.958954 0.958954 0.958954
7550.512695 0.000000 2005.473511 0.000000 0.530114 0.000000 -0.847926 1.015974 1.015974 1.015974
7542.354492 0.000000 2002.104736 0.000000 0.484098 0.000000 0.875014 0.777907 0.777907 0.777907
7546.076660 0.000000 1995.290405 0.000000 0.101364 0.000000 -0.994849 1.068365 1.068365 1.068365
7602.954102 0.000000 1975.346802 0.000000 0.156734 0.000000 -0.987641 1.061965 1.061965 1.061965
7602.887695 0.000000 1980.693970 0.000000 0.213505 0.000000 0.976942 0.744656 0.744656 0.744656
7564.898438 0.000000 1998.001709 0.000000 0.922298 0.000000 0.386478 0.854529 0.854529 0.854529
7569.813965 0.000000 1997.631592 0.000000 0.961912 0.000000 0.273358 0.868272 0.868272 0.868272
7551.081055 0.000000 2004.115356 0.000000 0.570772 0.000000 0.821109 0.789608 0.789608 0.789608
7551.963379 0.000000 1992.823120 0.000000 0.526150 0.000000 -0.850392 1.016509 1.016509 1.016509
7552.354980 0.000000 2003.624512 0.000000 0.383243 0.000000 0.923648 0.765069 0.765069 0.765069
7556.085449 0.000000 2000.530762 0.000000 0.569040 0.000000 -0.822310 1.010633 1.010633 1.010633
7555.616211 0.000000 2006.544434 0.000000 0.525090 0.000000 -0.851047 1.016651 1.016651 1.016651
7602.103516 0.000000 1989.181519 0.000000 0.330141 0.000000 0.943932 0.758555 0.758555 0.758555
7614.308594 0.000000 1997.178101 0.000000 0.099266 0.000000 -0.995061 1.068606 1.068606 1.068606
7613.613281 0.000000 1985.074707 0.000000 0.818644 0.000000 0.574301 0.829899 0.829899 0.829899
7710.493164 0.000000 1557.582886 0.000000 0.813251 0.000000 0.581913 0.828830 0.828830 0.828830
7707.159668 0.000000 1550.715942 0.000000 0.994536 0.000000 0.104397 0.888015 0.888015 0.888015
7733.934570 0.000000 1620.674072 0.000000 0.972402 0.000000 -0.233310 0.926984 0.926984 0.926984
7737.432129 0.000000 1619.984131 0.000000 0.057400 0.000000 0.998351 0.726581 0.726581 0.726581
7734.145020 0.000000 1603.056641 0.000000 0.972953 0.000000 -0.231001 0.926712 0.926712 0.926712
7736.699707 0.000000 1619.068481 0.000000 0.628335 0.000000 0.777943 0.797855 0.797855 0.797855
7737.837891 0.000000 1618.987061 0.000000 0.711618 0.000000 0.702567 0.810733 0.810733 0.810733
7730.800781 0.000000 1613.578735 0.000000 0.984891 0.000000 -0.173176 0.919945 0.919945 0.919945
7735.406250 0.000000 1616.562744 0.000000 0.992869 0.000000 -0.119208 0.913693 0.913693 0.913693
7705.210449 0.000000 1707.863159 0.000000 0.277798 0.000000 0.960639 0.752258 0.752258 0.752258
7724.461426 0.000000 1716.940308 0.000000 0.704243 0.000000 0.709959 0.809537 0.809537 0.809537
7774.136230 0.000000 1718.897827 0.000000 0.700044 0.000000 -0.714099 0.991139 0.991139 0.991139
7778.601074 0.000000 1718.834106 0.000000 0.986074 0.000000 -0.166307 0.919146 0.919146 0.919146
7689.553711 0.000000 1758.154297 0.000000 0.976041 0.000000 0.217586 0.874865 0.874865 0.874865
7739.144531 0.000000 1756.492188 0.000000 0.668432 0.000000 -0.743773 0.996108 0.996108 0.996108
7736.384277 0.000000 1748.381836 0.000000 0.264220 0.000000 -0.964462 1.049359 1.049359 1.049359
7708.651855 0.000000 1772.791016 0.000000 0.374838 0.000000 -0.927090 1.035971 1.035971 1.035971
7690.374512 0.000000 1767.085693 0.000000 0.874639 0.000000 -0.484775 0.957995 0.957995 0.957995
7685.920898 0.000000 1766.438965 0.000000 0.998275 0.000000 -0.058720 0.906733 0.906733 0.906733
7687.236816 0.000000 1768.333130 0.000000 0.872216 0.000000 0.489122 0.841434 0.841434 0.841434
7709.550781 0.000000 1772.326172 0.000000 0.944460 0.000000 0.328625 0.861629 0.861629 0.861629
7707.385254 0.000000 1760.998779 0.000000 0.485791 0.000000 0.874075 0.778129 0.778129 0.778129
7729.438477 0.000000 1779.878906 0.000000 0.923868 0.000000 -0.382711 0.945003 0.945003 0.945003
7720.900391 0.000000 1775.279785 0.000000 0.042128 0.000000 -0.999112 1.075171 1.075171 1.075171
7727.263184 0.000000 1777.533203 0.000000 0.581175 0.000000 0.813778 0.791066 0.791066 0.791066
7804.896484 0.000000 1776.657837 0.000000 0.660950 0.000000 0.750430 0.802745 0.802745 0.802745
7798.255859 0.000000 1779.375122 0.000000 0.994022 0.000000 -0.109182 0.912536 0.912536 0.912536
7801.830078 0.000000 1778.947998 0.000000 0.811016 0.000000 0.585023 0.828391 0.828391 0.828391
7795.788574 0.000000 1770.505249 0.000000 0.780755 0.000000 0.624838 0.822659 0.822659 0.822659
7804.430664 0.000000 1778.797974 0.000000 0.479361 0.000000 -0.877618 1.022713 1.022713 1.022713
7804.016113 0.000000 1776.320435 0.000000 0.482171 0.000000 -0.876077 1.022345 1.022345 1.022345
7726.065918 0.000000 1804.201294 0.000000 0.840380 0.000000 -0.541998 0.965640 0.965640 0.965640
7729.070801 0.000000 1823.437988 0.000000 0.155141 0.000000 -0.987892 1.062150 1.062150 1.062150
7722.320312 0.000000 1812.585938 0.000000 0.944731 0.000000 0.327847 0.861724 0.861724 0.861724
7715.141602 0.000000 1807.655884 0.000000 0.994237 0.000000 0.107209 0.887691 0.887691 0.887691
7729.794434 0.000000 1805.678467 0.000000 0.746653 0.000000 0.665214 0.816603 0.816603 0.816603
7716.065918 0.000000 1808.577637 0.000000 0.576345 0.000000 0.817206 0.790388 0.790388 0.790388
7716.983398 0.000000 1817.333862 0.000000 0.576167 0.000000 0.817332 0.790363 0.790363 0.790363
7732.840820 0.000000 1815.864136 0.000000 0.961995 0.000000 -0.273067 0.931694 0.931694 0.931694
7728.771484 0.000000 1822.585449 0.000000 0.850410 0.000000 0.526120 0.836513 0.836513 0.836513
7728.984375 0.000000 1823.720825 0.000000 0.993796 0.000000 -0.111216 0.912771 0.912771 0.912771
7749.604980 0.000000 1811.938477 0.000000 0.999986 0.000000 -0.005354 0.900613 0.900613 0.900613
7756.875000 0.000000 1806.048584 0.000000 0.662282 0.000000 0.749255 0.802948 0.802948 0.802948
7764.739746 0.000000 1800.404175 0.000000 0.745207 0.000000 -0.666834 0.983646 0.983646 0.983646
7747.137695 0.000000 1807.655884 0.000000 0.484666 0.000000 0.874699 0.777981 0.777981 0.777981
7757.204102 0.000000 1802.540527 0.000000 0.707810 0.000000 -0.706403 0.989886 0.989886 0.989886
7762.811523 0.000000 1807.656006 0.000000 0.270619 0.000000 -0.962687 1.048598 1.048598 1.048598
7746.160156 0.000000 1806.513428 0.000000 0.056366 0.000000 0.998410 0.726462 0.726462 0.726462
7748.045410 0.000000 1797.590332 0.000000 0.998361 0.000000 0.057232 0.893438 0.893438 0.893438
7768.380371 0.000000 1812.366211 0.000000 0.942672 0.000000 -0.333720 0.938989 0.938989 0.938989
7766.828125 0.000000 1800.265259 0.000000 0.211734 0.000000 -0.977327 1.055552 1.055552 1.055552
7762.759277 0.000000 1806.628906 0.000000 0.942843 0.000000 0.333237 0.861069 0.861069 0.861069
7767.315430 0.000000 1903.498413 0.000000 0.940049 0.000000 -0.341039 0.939880 0.939880 0.939880
7756.397949 0.000000 1905.765869 0.000000 0.618422 0.000000 0.785846 0.796402 0.796402 0.796402
7771.102539 0.000000 1914.518799 0.000000 0.974292 0.000000 0.225288 0.873960 0.873960 0.873960
7780.975586 0.000000 1913.310425 0.000000 0.667278 0.000000 -0.744809 0.996285 0.996285 0.996285
7732.568848 0.000000 1946.647705 0.000000 0.747069 0.000000 -0.664747 0.983326 0.983326 0.983326
7732.517090 0.000000 1947.809204 0.000000 0.961459 0.000000 -0.274949 0.931918 0.931918 0.931918
7737.035645 0.000000 1957.875854 0.000000 0.993420 0.000000 -0.114524 0.913152 0.913152 0.913152
7779.898438 0.000000 1924.307251 0.000000 0.960186 0.000000 -0.279360 0.932444 0.932444 0.932444
7786.865234 0.000000 1920.572510 0.000000 0.900973 0.000000 -0.433875 0.951427 0.951427 0.951427
7778.883301 0.000000 1924.602661 0.000000 0.210548 0.000000 -0.977584 1.055691 1.055691 1.055691
7708.427246 0.000000 2014.561279 0.000000 0.922160 0.000000 -0.386808 0.945512 0.945512 0.945512
7718.399902 0.000000 2012.994385 0.000000 0.902743 0.000000 0.430180 0.849042 0.849042 0.849042
7712.708984 0.000000 2004.611328 0.000000 0.112921 0.000000 0.993604 0.732967 0.732967 0.732967
7696.456055 0.000000 2019.397095 0.000000 0.380441 0.000000 0.924805 0.764722 0.764722 0.764722
7764.918945 0.000000 2041.223999 0.000000 0.619632 0.000000 -0.784892 1.003421 1.003421 1.003421
7763.712891 0.000000 2017.843018 0.000000 0.380663 0.000000 0.924714 0.764749 0.764749 0.764749
7774.914062 0.000000 2025.242188 0.000000 0.998123 0.000000 0.061242 0.892978 0.892978 0.892978
7802.166016 0.000000 2021.757568 0.000000 0.522048 0.000000 -0.852916 1.017061 1.017061 1.017061
7803.519043 0.000000 2020.609863 0.000000 0.898466 0.000000 -0.439043 0.952086 0.952086 0.952086
7805.635742 0.000000 2021.052124 0.000000 0.958605 0.000000 -0.284739 0.933087 0.933087 0.933087
7775.936035 0.000000 2024.815308 0.000000 0.530254 0.000000 0.847839 0.784045 0.784045 0.784045
7796.967285 0.000000 2035.958008 0.000000 0.993469 0.000000 -0.114100 0.913103 0.913103 0.913103
7803.266602 0.000000 2031.684692 0.000000 0.274681 0.000000 0.961535 0.751886 0.751886 0.751886
7804.430664 0.000000 2034.735474 0.000000 0.962184 0.000000 0.272401 0.868386 0.868386 0.868386
7813.597168 0.000000 2035.883789 0.000000 0.943279 0.000000 0.332000 0.861220 0.861220 0.861220
5917.736328 0.000000 2556.142578 0.000000 0.278815 0.000000 0.960345 0.752379 0.752379 0.752379
5929.760742 0.000000 2556.906006 0.000000 0.207146 0.000000 -0.978310 1.056090 1.056090 1.056090
5929.315918 0.000000 2552.434570 0.000000 0.214687 0.000000 0.976683 0.744794 0.744794 0.744794
5931.896973 0.000000 2551.287842 0.000000 0.921140 0.000000 0.389231 0.854187 0.854187 0.854187
5934.311035 0.000000 2556.261475 0.000000 0.475835 0.000000 0.879535 0.776827 0.776827 0.776827
5972.611816 0.000000 2635.167236 0.000000 0.327497 0.000000 -0.944852 1.041766 1.041766 1.041766
5979.370605 0.000000 2638.450439 0.000000 0.817931 0.000000 0.575316 0.829756 0.829756 0.829756
6035.079102 0.000000 2652.530029 0.000000 0.095768 0.000000 -0.995404 1.069009 1.069009 1.069009
6034.384766 0.000000 2653.179932 0.000000 0.212295 0.000000 -0.977206 1.055486 1.055486 1.055486
6042.506836 0.000000 2656.333008 0.000000 0.532754 0.000000 0.846270 0.784383 0.784383 0.784383
6043.394043 0.000000 2657.726807 0.000000 0.959312 0.000000 0.282348 0.867199 0.867199 0.867199
6032.995605 0.000000 2660.268311 0.000000 0.660721 0.000000 -0.750632 0.997290 0.997290 0.997290
6031.271973 0.000000 2661.625977 0.000000 0.052698 0.000000 -0.998610 1.073959 1.073959 1.073959
6043.588379 0.000000 2656.780029 0.000000 0.043933 0.000000 -0.999035 1.074964 1.074964 1.074964
6047.599121 0.000000 2662.004639 0.000000 0.102983 0.000000 0.994683 0.731822 0.731822 0.731822
6142.488281 0.000000 2637.021729 0.000000 0.904347 0.000000 0.426797 0.849471 0.849471 0.849471
6117.602539 0.000000 2627.508057 0.000000 0.739379 0.000000 -0.673290 0.984643 0.984643 0.984643
6120.834473 0.000000 2634.459717 0.000000 0.661944 0.000000 -0.749553 0.997103 0.997103 0.997103
6117.216309 0.000000 2626.002441 0.000000 0.221101 0.000000 0.975251 0.745547 0.745547 0.745547
6020.092285 0.000000 2955.914795 0.000000 0.056700 0.000000 0.998391 0.726501 0.726501 0.726501
6032.995605 0.000000 2948.197998 0.000000 0.973033 0.000000 -0.230665 0.926673 0.926673 0.926673
6033.496582 0.000000 2949.675293 0.000000 0.582226 0.000000 0.813027 0.791214 0.791214 0.791214
6226.958984 0.000000 2557.943848 0.000000 0.961250 0.000000 -0.275680 0.932005 0.932005 0.932005
6227.055664 0.000000 2556.553467 0.000000 0.842969 0.000000 -0.537963 0.965090 0.965090 0.965090
6218.876953 0.000000 2557.507812 0.000000 0.998834 0.000000 0.048283 0.894465 0.894465 0.894465
6226.361328 0.000000 2557.203369 0.000000 0.973206 0.000000 -0.229933 0.926586 0.926586 0.926586
6770.294922 0.000000 2557.203369 0.000000 0.992716 0.000000 -0.120475 0.913839 0.913839 0.913839
6799.291504 0.000000 2556.772461 0.000000 0.382715 0.000000 0.923867 0.765004 0.765004 0.765004
6153.879395 0.000000 2618.695801 0.000000 0.986419 0.000000 -0.164249 0.918907 0.918907 0.918907
6199.346680 0.000000 2619.696533 0.000000 0.923691 0.000000 0.383139 0.854943 0.854943 0.854943
6223.689453 0.000000 2563.697021 0.000000 0.960119 0.000000 -0.279593 0.932472 0.932472 0.932472
6234.357422 0.000000 2565.624756 0.000000 0.159016 0.000000 -0.987276 1.061700 1.061700 1.061700
6227.295410 0.000000 2572.312744 0.000000 0.812216 0.000000 0.583357 0.828626 0.828626 0.828626
6235.710449 0.000000 2564.477051 0.000000 0.705408 0.000000 0.708802 0.809725 0.809725 0.809725
6227.159668 0.000000 2562.596924 0.000000 0.841355 0.000000 -0.540483 0.965433 0.965433 0.965433
6222.457520 0.000000 2563.435547 0.000000 0.476624 0.000000 -0.879107 1.023070 1.023070 1.023070
6217.219727 0.000000 2561.655273 0.000000 0.521648 0.000000 -0.853161 1.017114 1.017114 1.017114
6234.382812 0.000000 2564.448730 0.000000 0.699355 0.000000 -0.714775 0.991250 0.991250 0.991250
6254.372070 0.000000 2574.830566 0.000000 0.476362 0.000000 0.879249 0.776896 0.776896 0.776896
6150.758301 0.000000 2624.584717 0.000000 0.324439 0.000000 0.945907 0.757863 0.757863 0.757863
6210.487305 0.000000 2627.567383 0.000000 0.700711 0.000000 -0.713445 0.991032 0.991032 0.991032
6446.380371 0.000000 2567.098633 0.000000 0.055346 0.000000 0.998467 0.726345 0.726345 0.726345
6409.077148 0.000000 2710.214355 0.000000 0.326817 0.000000 -0.945088 1.041849 1.041849 1.041849
6183.785156 0.000000 2840.279053 0.000000 0.479910 0.000000 0.877318 0.777359 0.777359 0.777359
6327.744629 0.000000 3002.098389 0.000000 0.998819 0.000000 0.048587 0.894430 0.894430 0.894430
6337.612793 0.000000 2999.156982 0.000000 0.044249 0.000000 -0.999021 1.074928 1.074928 1.074928
6590.283203 0.000000 2952.228760 0.000000 0.998337 0.000000 0.057646 0.893391 0.893391 0.893391
6590.394043 0.000000 2953.901123 0.000000 0.973332 0.000000 -0.229401 0.926524 0.926524 0.926524
6576.078613 0.000000 2963.603760 0.000000 0.329539 0.000000 -0.944142 1.041518 1.041518 1.041518
6576.558105 0.000000 2969.056396 0.000000 0.960718 0.000000 -0.277526 0.932225 0.932225 0.932225
6583.374023 0.000000 2958.028076 0.000000 0.626670 0.000000 0.779285 0.797610 0.797610 0.797610
6588.237793 0.000000 2964.105225 0.000000 0.659282 0.000000 0.751895 0.802490 0.802490 0.802490
6589.911133 0.000000 2965.770996 0.000000 0.873518 0.000000 -0.486792 0.958260 0.958260 0.958260
6594.925781 0.000000 2953.999512 0.000000 0.999997 0.000000 -0.002412 0.900276 0.900276 0.900276
6781.630859 0.000000 2684.111328 0.000000 0.524740 0.000000 -0.851263 1.016698 1.016698 1.016698
6781.204590 0.000000 2685.471924 0.000000 0.874399 0.000000 0.485207 0.841948 0.841948 0.841948
6814.349121 0.000000 2589.399902 0.000000 0.984640 0.000000 -0.174594 0.920110 0.920110 0.920110
6843.387207 0.000000 2573.439697 0.000000 0.658124 0.000000 -0.752910 0.997686 0.997686 0.997686
6841.337891 0.000000 2586.474365 0.000000 0.620448 0.000000 0.784247 0.796698 0.796698 0.796698
6818.710938 0.000000 2580.264160 0.000000 0.786020 0.000000 0.618200 0.823630 0.823630 0.823630
6840.248047 0.000000 2587.114502 0.000000 0.743588 0.000000 -0.668638 0.983924 0.983924 0.983924
6841.607910 0.000000 2587.455566 0.000000 0.571928 0.000000 -0.820304 1.010230 1.010230 1.010230
6817.169922 0.000000 2591.417725 0.000000 0.844048 0.000000 -0.536267 0.964860 0.964860 0.964860
6888.194336 0.000000 2617.195557 0.000000 0.873101 0.000000 0.487540 0.841642 0.841642 0.841642
6787.970703 0.000000 2647.660400 0.000000 0.270853 0.000000 -0.962621 1.048570 1.048570 1.048570
6791.058105 0.000000 2639.644775 0.000000 0.985104 0.000000 0.171957 0.880197 0.880197 0.880197
6788.747070 0.000000 2642.875488 0.000000 0.273500 0.000000 -0.961872 1.048255 1.048255 1.048255
6791.990723 0.000000 2639.187988 0.000000 0.662675 0.000000 0.748907 0.803008 0.803008 0.803008
6789.504395 0.000000 2633.717285 0.000000 0.920199 0.000000 -0.391450 0.946089 0.946089 0.946089
6792.630859 0.000000 2652.937012 0.000000 0.274173 0.000000 -0.961680 1.048174 1.048174 1.048174
6823.594727 0.000000 2641.046631 0.000000 0.526416 0.000000 0.850227 0.783527 0.783527 0.783527
6820.160156 0.000000 2632.183838 0.000000 0.781882 0.000000 -0.623426 0.977134 0.977134 0.977134
6818.376465 0.000000 2642.048340 0.000000 0.664077 0.000000 0.747664 0.803223 0.803223 0.803223
6820.158691 0.000000 2629.387207 0.000000 0.102222 0.000000 0.994762 0.731734 0.731734 0.731734
6819.217285 0.000000 2640.365967 0.000000 0.331858 0.000000 0.943329 0.758763 0.758763 0.758763
6791.792969 0.000000 2686.824707 0.000000 0.219380 0.000000 0.975639 0.745345 0.745345 0.745345
6871.910156 0.000000 2647.207520 0.000000 0.659950 0.000000 0.751310 0.802592 0.802592 0.802592
6872.108887 0.000000 2635.836182 0.000000 0.372946 0.000000 0.927853 0.763795 0.763795 0.763795
6864.607910 0.000000 2630.547363 0.000000 0.162369 0.000000 -0.986730 1.061311 1.061311 1.061311
6891.591309 0.000000 2623.437988 0.000000 0.984389 0.000000 -0.176005 0.920274 0.920274 0.920274
6892.950195 0.000000 2625.523682 0.000000 0.423216 0.000000 -0.906029 1.029924 1.029924 1.029924
6790.710938 0.000000 2692.605713 0.000000 0.814573 0.000000 -0.580061 0.970910 0.970910 0.970910
7109.404785 0.000000 2576.096924 0.000000 0.569200 0.000000 -0.822199 1.010611 1.010611 1.010611
7103.200195 0.000000 2586.712646 0.000000 0.872204 0.000000 0.489142 0.841432 0.841432 0.841432
7111.301758 0.000000 2580.105713 0.000000 0.986062 0.000000 -0.166381 0.919155 0.919155 0.919155
7104.154297 0.000000 2575.072510 0.000000 0.112247 0.000000 0.993680 0.732890 0.732890 0.732890
7110.802734 0.000000 2587.784424 0.000000 0.874845 0.000000 -0.484403 0.957947 0.957947 0.957947
7107.182129 0.000000 2576.381592 0.000000 0.984333 0.000000 -0.176318 0.920311 0.920311 0.920311
7066.480469 0.000000 2649.379883 0.000000 0.275058 0.000000 0.961428 0.751931 0.751931 0.751931
7061.163574 0.000000 2662.107910 0.000000 0.164821 0.000000 -0.986324 1.061026 1.061026 1.061026
7065.645020 0.000000 2662.887939 0.000000 0.871908 0.000000 0.489669 0.841362 0.841362 0.841362
7065.841309 0.000000 2665.634766 0.000000 0.984328 0.000000 -0.176349 0.920314 0.920314 0.920314
7059.798828 0.000000 2657.686768 0.000000 0.944345 0.000000 -0.328955 0.938411 0.938411 0.938411
7061.910645 0.000000 2664.236084 0.000000 0.943950 0.000000 -0.330089 0.938548 0.938548 0.938548
6969.126953 0.000000 2800.807129 0.000000 0.267737 0.000000 -0.963492 1.048941 1.048941 1.048941
7103.082520 0.000000 2724.401123 0.000000 0.045244 0.000000 -0.998976 1.074814 1.074814 1.074814
7072.704102 0.000000 2733.943604 0.000000 0.370891 0.000000 -0.928676 1.036459 1.036459 1.036459
7115.752441 0.000000 2711.248779 0.000000 0.049595 0.000000 -0.998769 1.074314 1.074314 1.074314
7112.591797 0.000000 2716.921387 0.000000 0.925634 0.000000 -0.378419 0.944472 0.944472 0.944472
6713.285645 0.000000 2845.196045 0.000000 0.047701 0.000000 -0.998862 1.074532 1.074532 1.074532
6708.885742 0.000000 2869.145508 0.000000 0.809488 0.000000 -0.587137 0.971908 0.971908 0.971908
6714.708984 0.000000 2854.669678 0.000000 0.740853 0.000000 0.671667 0.815608 0.815608 0.815608
6724.968750 0.000000 2878.596680 0.000000 0.739569 0.000000 -0.673080 0.984610 0.984610 0.984610
6721.237793 0.000000 2859.097168 0.000000 0.973190 0.000000 -0.230002 0.926594 0.926594 0.926594
6721.117188 0.000000 2872.638428 0.000000 0.213420 0.000000 0.976960 0.744646 0.744646 0.744646
6720.779297 0.000000 2860.332520 0.000000 0.876363 0.000000 -0.481652 0.957587 0.957587 0.957587
6720.652344 0.000000 2858.149658 0.000000 0.962171 0.000000 0.272447 0.868380 0.868380 0.868380
6716.259277 0.000000 2886.623535 0.000000 0.994237 0.000000 0.107206 0.887691 0.887691 0.887691
6721.027832 0.000000 2882.176025 0.000000 0.578378 0.000000 -0.815769 1.009327 1.009327 1.009327
6731.772949 0.000000 2885.476318 0.000000 0.109985 0.000000 0.993933 0.732629 0.732629 0.732629
6730.254395 0.000000 2884.342773 0.000000 0.899098 0.000000 -0.437748 0.951921 0.951921 0.951921
6724.632812 0.000000 2883.266846 0.000000 0.530116 0.000000 0.847925 0.784027 0.784027 0.784027
6839.682129 0.000000 2938.114014 0.000000 0.994050 0.000000 -0.108922 0.912506 0.912506 0.912506
6841.392578 0.000000 2929.722168 0.000000 0.818699 0.000000 0.574223 0.829910 0.829910 0.829910
6840.086914 0.000000 2929.051025 0.000000 0.273084 0.000000 -0.961990 1.048304 1.048304 1.048304
6845.115723 0.000000 2931.342773 0.000000 0.960513 0.000000 -0.278236 0.932310 0.932310 0.932310
6846.721680 0.000000 2937.485107 0.000000 0.156082 0.000000 -0.987744 1.062041 1.062041 1.062041
6774.671387 0.000000 2984.976562 0.000000 0.573135 0.000000 -0.819461 1.010062 1.010062 1.010062
6769.654297 0.000000 2978.972656 0.000000 0.780111 0.000000 0.625641 0.822541 0.822541 0.822541
6770.932617 0.000000 2991.366943 0.000000 0.438111 0.000000 0.898921 0.771967 0.771967 0.771967
6768.446289 0.000000 2978.065674 0.000000 0.815606 0.000000 0.578608 0.829295 0.829295 0.829295
6770.009277 0.000000 2990.613525 0.000000 0.811497 0.000000 0.584357 0.828485 0.828485 0.828485
6770.546875 0.000000 2987.316162 0.000000 0.623747 0.000000 -0.781627 1.002819 1.002819 1.002819
6770.880371 0.000000 2990.339844 0.000000 0.962155 0.000000 0.272503 0.868373 0.868373 0.868373
6829.405762 0.000000 2960.062012 0.000000 0.962631 0.000000 0.270818 0.868574 0.868574 0.868574
6839.342773 0.000000 2958.028076 0.000000 0.924783 0.000000 0.380495 0.855271 0.855271 0.855271
6827.103027 0.000000 2954.611572 0.000000 0.047893 0.000000 0.998852 0.725490 0.725490 0.725490
6829.288574 0.000000 2958.748535 0.000000 0.998668 0.000000 0.051587 0.894086 0.894086 0.894086
6841.498047 0.000000 2959.015381 0.000000 0.662849 0.000000 0.748753 0.803035 0.803035 0.803035
7033.440918 0.000000 2850.770752 0.000000 0.166228 0.000000 0.986087 0.739137 0.739137 0.739137
7032.375977 0.000000 2851.008057 0.000000 0.112363 0.000000 0.993667 0.732903 0.732903 0.732903
6950.347168 0.000000 2969.134277 0.000000 0.960588 0.000000 0.277977 0.867721 0.867721 0.867721
6955.303223 0.000000 2962.469727 0.000000 0.744203 0.000000 0.667954 0.816181 0.816181 0.816181
6961.596680 0.000000 2955.538086 0.000000 0.849467 0.000000 0.527641 0.836308 0.836308 0.836308
6946.899902 0.000000 2952.614258 0.000000 0.875956 0.000000 -0.482390 0.957683 0.957683 0.957683
6950.493652 0.000000 2972.760010 0.000000 0.874673 0.000000 -0.484713 0.957987 0.957987 0.957987
6950.392578 0.000000 2957.646240 0.000000 0.812617 0.000000 -0.582798 0.971295 0.971295 0.971295
6951.691406 0.000000 2968.247803 0.000000 0.942245 0.000000 0.334926 0.860864 0.860864 0.860864
6925.310547 0.000000 3006.406494 0.000000 0.381737 0.000000 -0.924271 1.035117 1.035117 1.035117
6986.410156 0.000000 2964.304688 0.000000 0.973904 0.000000 0.226959 0.873764 0.873764 0.873764
6994.631348 0.000000 2960.744629 0.000000 0.986477 0.000000 0.163899 0.881133 0.881133 0.881133
6988.426758 0.000000 2962.774902 0.000000 0.847805 0.000000 0.530308 0.835948 0.835948 0.835948
7543.093262 0.000000 2065.555908 0.000000 0.992965 0.000000 -0.118408 0.913600 0.913600 0.913600
7555.301758 0.000000 2061.440674 0.000000 0.874789 0.000000 0.484505 0.842040 0.842040 0.842040
7286.689453 0.000000 2308.480713 0.000000 0.482377 0.000000 -0.875964 1.022318 1.022318 1.022318
7799.446777 0.000000 2050.446289 0.000000 0.876789 0.000000 -0.480875 0.957485 0.957485 0.957485
7808.862793 0.000000 2051.756592 0.000000 0.781292 0.000000 -0.624166 0.977242 0.977242 0.977242
7965.354004 0.000000 2203.248779 0.000000 0.998791 0.000000 0.049160 0.894364 0.894364 0.894364
8043.580566 0.000000 2185.947266 0.000000 0.777941 0.000000 0.628338 0.822145 0.822145 0.822145
8036.594727 0.000000 2194.984863 0.000000 0.943966 0.000000 0.330043 0.861457 0.861457 0.861457
7751.229004 0.000000 2440.169189 0.000000 0.839998 0.000000 -0.542589 0.965720 0.965720 0.965720
7241.608398 0.000000 2749.912109 0.000000 0.531094 0.000000 -0.847313 1.015841 1.015841 1.015841
7225.417480 0.000000 2754.794189 0.000000 0.993564 0.000000 -0.113271 0.913008 0.913008 0.913008
7224.352539 0.000000 2755.031494 0.000000 0.839963 0.000000 -0.542644 0.965728 0.965728 0.965728
7230.624512 0.000000 2752.529297 0.000000 0.783323 0.000000 0.621615 0.823132 0.823132 0.823132
7235.172852 0.000000 2759.053223 0.000000 0.898052 0.000000 -0.439890 0.952194 0.952194 0.952194
7231.430664 0.000000 2752.795898 0.000000 0.331666 0.000000 0.943397 0.758740 0.758740 0.758740
7378.592285 0.000000 2691.757080 0.000000 0.276050 0.000000 0.961143 0.752049 0.752049 0.752049
7370.593750 0.000000 2697.565918 0.000000 0.844588 0.000000 0.535417 0.835256 0.835256 0.835256
7407.544922 0.000000 2691.665771 0.000000 0.382747 0.000000 -0.923853 1.034992 1.034992 1.034992
7408.266113 0.000000 2695.541992 0.000000 0.810933 0.000000 0.585139 0.828374 0.828374 0.828374
7414.255371 0.000000 2698.198730 0.000000 0.986720 0.000000 -0.162431 0.918696 0.918696 0.918696
7413.867676 0.000000 2696.228271 0.000000 0.993758 0.000000 -0.111557 0.912810 0.912810 0.912810
7403.652344 0.000000 2702.281738 0.000000 0.100103 0.000000 -0.994977 1.068510 1.068510 1.068510
7415.187012 0.000000 2694.393555 0.000000 0.430291 0.000000 -0.902690 1.029028 1.029028 1.029028
7403.009277 0.000000 2692.821045 0.000000 0.048256 0.000000 -0.998835 1.074468 1.074468 1.074468
7417.245605 0.000000 2699.620850 0.000000 0.942543 0.000000 -0.334086 0.939034 0.939034 0.939034
7396.016113 0.000000 2747.587891 0.000000 0.842152 0.000000 -0.539240 0.965264 0.965264 0.965264
7393.107910 0.000000 2748.167969 0.000000 0.096110 0.000000 -0.995371 1.068970 1.068970 1.068970
7396.960449 0.000000 2746.984131 0.000000 0.739432 0.000000 -0.673231 0.984634 0.984634 0.984634
7421.420410 0.000000 2747.115967 0.000000 0.163019 0.000000 -0.986623 1.061236 1.061236 1.061236
7408.810547 0.000000 2750.358887 0.000000 0.943923 0.000000 -0.330166 0.938558 0.938558 0.938558
7396.089844 0.000000 2760.152588 0.000000 0.269130 0.000000 -0.963104 1.048775 1.048775 1.048775
7396.326660 0.000000 2761.687988 0.000000 0.218786 0.000000 0.975773 0.745275 0.745275 0.745275
7394.064941 0.000000 2758.465576 0.000000 0.486664 0.000000 0.873589 0.778243 0.778243 0.778243
7417.394043 0.000000 2754.794189 0.000000 0.899226 0.000000 -0.437485 0.951887 0.951887 0.951887
7441.464844 0.000000 2685.740967 0.000000 0.986246 0.000000 -0.165283 0.919027 0.919027 0.919027
7614.339844 0.000000 2618.832520 0.000000 0.377043 0.000000 0.926196 0.764301 0.764301 0.764301
7633.766602 0.000000 2582.147949 0.000000 0.217103 0.000000 -0.976149 1.054922 1.054922 1.054922
7633.162109 0.000000 2587.300049 0.000000 0.332191 0.000000 0.943212 0.758804 0.758804 0.758804
7670.562012 0.000000 2569.078125 0.000000 0.663254 0.000000 0.748395 0.803097 0.803097 0.803097
7671.471680 0.000000 2568.859375 0.000000 0.922628 0.000000 0.385691 0.854627 0.854627 0.854627
7638.519531 0.000000 2593.133789 0.000000 0.380078 0.000000 0.924954 0.764677 0.764677 0.764677
7615.137695 0.000000 2618.704834 0.000000 0.323636 0.000000 0.946182 0.757766 0.757766 0.757766
7621.680176 0.000000 2621.985107 0.000000 0.923367 0.000000 0.383919 0.854847 0.854847 0.854847
7439.545410 0.000000 2688.822021 0.000000 0.899931 0.000000 0.436032 0.848298 0.848298 0.848298
7438.273438 0.000000 2717.350342 0.000000 0.994268 0.000000 0.106920 0.887724 0.887724 0.887724
7503.208984 0.000000 2726.610596 0.000000 0.706170 0.000000 -0.708043 0.990152 0.990152 0.990152
7496.500488 0.000000 2736.251709 0.000000 0.667156 0.000000 -0.744918 0.996304 0.996304 0.996304
7492.076660 0.000000 2725.363770 0.000000 0.322683 0.000000 -0.946507 1.042349 1.042349 1.042349
7496.407227 0.000000 2734.132080 0.000000 0.428758 0.000000 -0.903420 1.029222 1.029222 1.029222
7491.011719 0.000000 2720.454346 0.000000 0.322708 0.000000 0.946499 0.757654 0.757654 0.757654
7425.095703 0.000000 2751.378662 0.000000 0.375832 0.000000 -0.926688 1.035848 1.035848 1.035848
7614.339844 0.000000 2714.809082 0.000000 0.998164 0.000000 0.060565 0.893055 0.893055 0.893055
7617.624023 0.000000 2714.504150 0.000000 0.976883 0.000000 0.213775 0.875313 0.875313 0.875313
7624.529297 0.000000 2716.921387 0.000000 0.993483 0.000000 -0.113983 0.913090 0.913090 0.913090
7629.832031 0.000000 2720.721924 0.000000 0.958773 0.000000 -0.284172 0.933019 0.933019 0.933019
7228.435059 0.000000 2939.138428 0.000000 0.875027 0.000000 0.484073 0.842096 0.842096 0.842096
7224.798828 0.000000 2939.917969 0.000000 0.744476 0.000000 -0.667649 0.983772 0.983772 0.983772
7224.201172 0.000000 2939.028564 0.000000 0.780338 0.000000 0.625358 0.822583 0.822583 0.822583
7244.520020 0.000000 2932.643311 0.000000 0.331304 0.000000 0.943524 0.758696 0.758696 0.758696
7237.727051 0.000000 2941.906982 0.000000 0.710728 0.000000 0.703466 0.810588 0.810588 0.810588
7236.408203 0.000000 2936.356689 0.000000 0.108363 0.000000 0.994111 0.732442 0.732442 0.732442
7208.213379 0.000000 2964.812988 0.000000 0.975127 0.000000 -0.221648 0.925612 0.925612 0.925612
7767.832031 0.000000 2613.210449 0.000000 0.901761 0.000000 -0.432235 0.951219 0.951219 0.951219
7764.217773 0.000000 2605.022705 0.000000 0.986624 0.000000 -0.163011 0.918763 0.918763 0.918763
7763.712891 0.000000 2620.188965 0.000000 0.900138 0.000000 -0.435606 0.951648 0.951648 0.951648
7721.698242 0.000000 2672.781250 0.000000 0.812579 0.000000 -0.582851 0.971303 0.971303 0.971303
7720.688965 0.000000 2673.586182 0.000000 0.275265 0.000000 -0.961368 1.048044 1.048044 1.048044
7728.230469 0.000000 2673.260254 0.000000 0.475034 0.000000 -0.879967 1.023277 1.023277 1.023277
7742.642090 0.000000 2673.522461 0.000000 0.998506 0.000000 0.054646 0.893735 0.893735 0.893735
7730.107422 0.000000 2668.492676 0.000000 0.975014 0.000000 -0.222142 0.925670 0.925670 0.925670
7739.155762 0.000000 2670.442627 0.000000 0.382285 0.000000 -0.924044 1.035049 1.035049 1.035049
7730.429688 0.000000 2667.394287 0.000000 0.999950 0.000000 -0.010014 0.901148 0.901148 0.901148
7731.052734 0.000000 2665.658691 0.000000 0.480016 0.000000 -0.877260 1.022627 1.022627 1.022627
7749.420410 0.000000 2634.749756 0.000000 0.103898 0.000000 0.994588 0.731927 0.731927 0.731927
7772.321777 0.000000 2647.369873 0.000000 0.984490 0.000000 -0.175442 0.920209 0.920209 0.920209
7774.335938 0.000000 2643.877686 0.000000 0.813807 0.000000 -0.581135 0.971061 0.971061 0.971061
7750.647949 0.000000 2650.682861 0.000000 0.058309 0.000000 0.998299 0.726685 0.726685 0.726685
7747.278320 0.000000 2637.300049 0.000000 0.047473 0.000000 -0.998873 1.074558 1.074558 1.074558
7774.492676 0.000000 2629.251465 0.000000 0.055942 0.000000 -0.998434 1.073586 1.073586 1.073586
7749.584961 0.000000 2644.644043 0.000000 0.435778 0.000000 0.900054 0.771670 0.771670 0.771670
7801.762695 0.000000 2645.158203 0.000000 0.662576 0.000000 -0.748994 0.997007 0.997007 0.997007
7778.798340 0.000000 2632.692383 0.000000 0.431755 0.000000 -0.901991 1.028842 1.028842 1.028842
7775.723145 0.000000 2640.885742 0.000000 0.872102 0.000000 -0.489325 0.958592 0.958592 0.958592
7784.681152 0.000000 2641.593994 0.000000 0.923774 0.000000 0.382938 0.854968 0.854968 0.854968
7876.371582 0.000000 2586.158691 0.000000 0.267585 0.000000 0.963534 0.751041 0.751041 0.751041
7871.062012 0.000000 2585.563232 0.000000 0.998601 0.000000 0.052884 0.893937 0.893937 0.893937
7875.025879 0.000000 2588.049805 0.000000 0.921786 0.000000 0.387699 0.854377 0.854377 0.854377
7876.725098 0.000000 2588.247803 0.000000 0.986306 0.000000 0.164927 0.881014 0.881014 0.881014
7875.938965 0.000000 2592.713623 0.000000 0.924774 0.000000 0.380517 0.855269 0.855269 0.855269
7874.437988 0.000000 2593.455078 0.000000 0.779862 0.000000 -0.625951 0.977504 0.977504 0.977504
6213.817383 0.000000 3131.607666 0.000000 0.943623 0.000000 -0.331023 0.938662 0.938662 0.938662
6212.928223 0.000000 3132.114990 0.000000 0.974143 0.000000 0.225931 0.873885 0.873885 0.873885
6199.642090 0.000000 3138.180664 0.000000 0.432131 0.000000 -0.901811 1.028794 1.028794 1.028794
6153.091797 0.000000 3374.889160 0.000000 0.994419 0.000000 0.105502 0.887888 0.887888 0.887888
6153.630859 0.000000 3369.225342 0.000000 0.277248 0.000000 0.960798 0.752192 0.752192 0.752192
6780.269531 0.000000 3249.537842 0.000000 0.974297 0.000000 -0.225266 0.926037 0.926037 0.926037
6778.739746 0.000000 3253.468018 0.000000 0.528593 0.000000 -0.848876 1.016179 1.016179 1.016179
6319.648438 0.000000 3607.834961 0.000000 0.216172 0.000000 0.976355 0.744969 0.744969 0.744969
6333.259277 0.000000 3613.245361 0.000000 0.998191 0.000000 0.060123 0.893106 0.893106 0.893106
6312.294922 0.000000 3611.518066 0.000000 0.702382 0.000000 0.711800 0.809237 0.809237 0.809237
6370.640137 0.000000 3641.363281 0.000000 0.975957 0.000000 0.217962 0.874821 0.874821 0.874821
6381.303223 0.000000 3651.985840 0.000000 0.994785 0.000000 0.101995 0.888292 0.888292 0.888292
6410.710938 0.000000 3625.339355 0.000000 0.321653 0.000000 -0.946858 1.042474 1.042474 1.042474
6435.438477 0.000000 3629.057861 0.000000 0.902537 0.000000 0.430612 0.848987 0.848987 0.848987
7294.290527 0.000000 3293.228027 0.000000 0.873391 0.000000 -0.487020 0.958290 0.958290 0.958290
7257.927246 0.000000 3319.720947 0.000000 0.813339 0.000000 0.581790 0.828847 0.828847 0.828847
7254.436035 0.000000 3311.080811 0.000000 0.844033 0.000000 0.536292 0.835137 0.835137 0.835137
7260.083496 0.000000 3307.008057 0.000000 0.998493 0.000000 -0.054876 0.906291 0.906291 0.906291
7265.170898 0.000000 3305.209229 0.000000 0.846913 0.000000 0.531731 0.835755 0.835755 0.835755
7292.979980 0.000000 3303.116699 0.000000 0.974957 0.000000 0.222393 0.874301 0.874301 0.874301
7296.542969 0.000000 3289.937256 0.000000 0.426824 0.000000 0.904335 0.770532 0.770532 0.770532
7295.390625 0.000000 3292.431885 0.000000 0.960424 0.000000 0.278541 0.867654 0.867654 0.867654
7176.485840 0.000000 3395.110107 0.000000 0.987133 0.000000 0.159899 0.881598 0.881598 0.881598
7177.375488 0.000000 3395.619385 0.000000 0.921657 0.000000 -0.388007 0.945661 0.945661 0.945661
7301.602051 0.000000 3354.015381 0.000000 0.319937 0.000000 -0.947439 1.042682 1.042682 1.042682
7299.165039 0.000000 3366.904785 0.000000 0.623239 0.000000 -0.782031 1.002894 1.002894 1.002894
7297.927734 0.000000 3362.334229 0.000000 0.616443 0.000000 -0.787399 1.003886 1.003886 1.003886
7300.906738 0.000000 3364.105225 0.000000 0.812065 0.000000 0.583567 0.828596 0.828596 0.828596
"}
object={
	name="tree_savanna_generator_1_4"
	clamp_to_water_level=no
	render_under_water=no
	generated_content=yes
	layer="tree_layer"
	pdxmesh="tree_acacia_05_mesh"
	count=884
	transform="1176.906006 0.000000 2861.208740 0.000000 0.832837 0.000000 -0.553519 0.752280 0.752280 0.752280
1178.858154 0.000000 2856.331055 0.000000 0.918178 0.000000 -0.396169 0.736305 0.736305 0.736305
1170.303345 0.000000 2859.561523 0.000000 0.770958 0.000000 -0.636885 0.761538 0.761538 0.761538
1185.703125 0.000000 2882.176025 0.000000 0.987760 0.000000 0.155982 0.686041 0.686041 0.686041
1728.609619 0.000000 2687.265869 0.000000 0.014268 0.000000 0.999898 0.561272 0.561272 0.561272
1758.289185 0.000000 2680.798340 0.000000 0.956915 0.000000 -0.290367 0.726258 0.726258 0.726258
1760.010132 0.000000 2680.451904 0.000000 0.999210 0.000000 0.039754 0.696456 0.696456 0.696456
1776.981812 0.000000 2685.130371 0.000000 0.541238 0.000000 0.840870 0.610972 0.610972 0.610972
1555.528931 0.000000 2717.904785 0.000000 0.280351 0.000000 0.959897 0.585326 0.585326 0.585326
1549.847168 0.000000 2747.770508 0.000000 0.288584 0.000000 0.957455 0.586092 0.586092 0.586092
1561.489868 0.000000 2747.964844 0.000000 0.408652 0.000000 -0.912690 0.802480 0.802480 0.802480
1568.158691 0.000000 2764.812012 0.000000 0.509078 0.000000 -0.860721 0.792396 0.792396 0.792396
1675.422485 0.000000 2702.713135 0.000000 0.488877 0.000000 0.872353 0.605526 0.605526 0.605526
1672.736938 0.000000 2699.648438 0.000000 0.767979 0.000000 -0.640474 0.761953 0.761953 0.761953
1717.060547 0.000000 2687.488770 0.000000 0.826533 0.000000 0.562889 0.646713 0.646713 0.646713
1712.244263 0.000000 2688.822021 0.000000 0.894819 0.000000 -0.446430 0.741245 0.741245 0.741245
1712.239624 0.000000 2691.665771 0.000000 0.806875 0.000000 -0.590722 0.756324 0.756324 0.756324
1691.945557 0.000000 2736.584229 0.000000 0.999275 0.000000 0.038065 0.696607 0.696607 0.696607
1688.843506 0.000000 2733.239990 0.000000 0.604365 0.000000 -0.796707 0.782160 0.782160 0.782160
1696.100464 0.000000 2738.394043 0.000000 0.890468 0.000000 -0.455045 0.742105 0.742105 0.742105
1727.169434 0.000000 2785.869873 0.000000 0.978729 0.000000 0.205157 0.681584 0.681584 0.681584
1740.483398 0.000000 2776.625732 0.000000 0.151147 0.000000 -0.988511 0.826477 0.826477 0.826477
1738.272217 0.000000 2812.843506 0.000000 0.991229 0.000000 -0.132155 0.711813 0.711813 0.711813
1736.881226 0.000000 2804.852051 0.000000 0.981679 0.000000 -0.190542 0.717087 0.717087 0.717087
1727.816528 0.000000 2785.691406 0.000000 0.733462 0.000000 -0.679730 0.766613 0.766613 0.766613
1808.247314 0.000000 2706.239990 0.000000 0.007968 0.000000 0.999968 0.560710 0.560710 0.560710
1814.656738 0.000000 2708.408447 0.000000 0.673342 0.000000 0.739331 0.625840 0.625840 0.625840
1822.454956 0.000000 2702.962891 0.000000 0.444713 0.000000 0.895673 0.601074 0.601074 0.601074
1813.098267 0.000000 2710.546875 0.000000 0.880857 0.000000 0.473382 0.656049 0.656049 0.656049
1818.005371 0.000000 2705.776855 0.000000 0.304521 0.000000 -0.952505 0.812421 0.812421 0.812421
1823.062134 0.000000 2707.862061 0.000000 0.498592 0.000000 0.866837 0.606522 0.606522 0.606522
1821.728516 0.000000 2707.397461 0.000000 0.196637 0.000000 -0.980476 0.822359 0.822359 0.822359
1824.002319 0.000000 2712.444092 0.000000 0.640203 0.000000 0.768205 0.621922 0.621922 0.621922
1824.597900 0.000000 2719.258057 0.000000 0.991401 0.000000 -0.130859 0.711697 0.711697 0.711697
1854.277466 0.000000 2712.790527 0.000000 0.979608 0.000000 0.200918 0.681970 0.681970 0.681970
1825.911133 0.000000 2703.495850 0.000000 0.997571 0.000000 -0.069661 0.706214 0.706214 0.706214
1849.454712 0.000000 2715.972656 0.000000 0.991435 0.000000 -0.130600 0.711673 0.711673 0.711673
1855.042725 0.000000 2714.809082 0.000000 0.337431 0.000000 0.941350 0.590676 0.590676 0.590676
1816.192383 0.000000 2723.784668 0.000000 0.605633 0.000000 -0.795744 0.782018 0.782018 0.782018
1813.645020 0.000000 2745.052002 0.000000 0.125313 0.000000 0.992117 0.571198 0.571198 0.571198
1822.454956 0.000000 2734.955078 0.000000 0.772320 0.000000 -0.635234 0.761347 0.761347 0.761347
1818.896118 0.000000 2725.585693 0.000000 0.651311 0.000000 -0.758811 0.776781 0.776781 0.776781
1853.055908 0.000000 2720.566895 0.000000 0.826948 0.000000 0.562278 0.646779 0.646779 0.646779
1835.402954 0.000000 2734.705322 0.000000 0.646902 0.000000 -0.762574 0.777298 0.777298 0.777298
1848.188477 0.000000 2723.784668 0.000000 0.229280 0.000000 0.973361 0.580618 0.580618 0.580618
1827.579346 0.000000 2725.443604 0.000000 0.499249 0.000000 0.866459 0.606589 0.606589 0.606589
1833.975464 0.000000 2725.850586 0.000000 0.082824 0.000000 -0.996564 0.832610 0.832610 0.832610
1848.819458 0.000000 2726.454590 0.000000 0.963915 0.000000 0.266211 0.675984 0.675984 0.675984
1851.018066 0.000000 2720.317383 0.000000 0.881392 0.000000 0.472386 0.656150 0.656150 0.656150
1828.624756 0.000000 2724.112061 0.000000 0.866676 0.000000 -0.498872 0.746551 0.746551 0.746551
1860.162109 0.000000 2717.056152 0.000000 0.671373 0.000000 0.741119 0.625603 0.625603 0.625603
1856.711670 0.000000 2715.862061 0.000000 0.654772 0.000000 -0.755826 0.776374 0.776374 0.776374
1863.148682 0.000000 2709.047607 0.000000 0.011156 0.000000 0.999938 0.560994 0.560994 0.560994
1886.857056 0.000000 2728.283447 0.000000 0.365576 0.000000 -0.930782 0.806644 0.806644 0.806644
1885.087280 0.000000 2747.185303 0.000000 0.895426 0.000000 -0.445210 0.741124 0.741124 0.741124
1874.251587 0.000000 2723.035156 0.000000 0.557008 0.000000 -0.830507 0.787346 0.787346 0.787346
1855.800903 0.000000 2721.707031 0.000000 0.999793 0.000000 -0.020368 0.701815 0.701815 0.701815
1873.503296 0.000000 2724.252686 0.000000 0.955420 0.000000 -0.295249 0.726713 0.726713 0.726713
1903.672852 0.000000 2729.980469 0.000000 0.856952 0.000000 0.515397 0.651740 0.651740 0.651740
1888.119629 0.000000 2732.819824 0.000000 0.088934 0.000000 -0.996038 0.832063 0.832063 0.832063
1904.217407 0.000000 2733.787109 0.000000 0.770954 0.000000 -0.636891 0.761538 0.761538 0.761538
1912.515015 0.000000 2743.184082 0.000000 0.346648 0.000000 0.937995 0.591550 0.591550 0.591550
1890.722290 0.000000 2732.716309 0.000000 0.465420 0.000000 -0.885090 0.796853 0.796853 0.796853
1913.446899 0.000000 2747.964844 0.000000 0.548074 0.000000 0.836430 0.611699 0.611699 0.611699
1896.376709 0.000000 2748.521729 0.000000 0.583568 0.000000 0.812064 0.615536 0.615536 0.615536
1889.826660 0.000000 2729.349854 0.000000 0.969816 0.000000 -0.243840 0.721954 0.721954 0.721954
1885.052002 0.000000 2752.559082 0.000000 0.956846 0.000000 -0.290596 0.726279 0.726279 0.726279
1880.184570 0.000000 2755.776855 0.000000 0.950435 0.000000 0.310922 0.671821 0.671821 0.671821
1885.132568 0.000000 2757.755859 0.000000 0.544061 0.000000 0.839046 0.611272 0.611272 0.611272
1879.222534 0.000000 2753.094727 0.000000 0.293653 0.000000 0.955912 0.586564 0.586564 0.586564
1885.545532 0.000000 2755.438965 0.000000 0.639928 0.000000 0.768435 0.621890 0.621890 0.621890
1880.552246 0.000000 2759.791504 0.000000 0.027090 0.000000 -0.999633 0.837585 0.837585 0.837585
1880.803223 0.000000 2757.013184 0.000000 0.721405 0.000000 0.692513 0.631821 0.631821 0.631821
1882.662720 0.000000 2753.646240 0.000000 0.066103 0.000000 0.997813 0.565896 0.565896 0.565896
1894.229980 0.000000 2751.624756 0.000000 0.732337 0.000000 -0.680943 0.766760 0.766760 0.766760
1917.683472 0.000000 2772.945801 0.000000 0.466875 0.000000 -0.884323 0.796706 0.796706 0.796706
1917.614746 0.000000 2768.415527 0.000000 0.995741 0.000000 0.092190 0.691772 0.691772 0.691772
1898.856567 0.000000 2753.342529 0.000000 0.284922 0.000000 0.958551 0.585751 0.585751 0.585751
1903.580811 0.000000 2751.361328 0.000000 0.979723 0.000000 0.200356 0.682021 0.682021 0.682021
1923.567627 0.000000 2757.435791 0.000000 0.789344 0.000000 0.613951 0.641082 0.641082 0.641082
1927.987183 0.000000 2766.216309 0.000000 0.033523 0.000000 -0.999438 0.837012 0.837012 0.837012
1933.167847 0.000000 2772.682373 0.000000 0.287414 0.000000 0.957807 0.585983 0.585983 0.585983
1928.827515 0.000000 2760.949951 0.000000 0.610873 0.000000 -0.791729 0.781429 0.781429 0.781429
1933.585693 0.000000 2765.814209 0.000000 0.917213 0.000000 -0.398397 0.736521 0.736521 0.736521
1929.399780 0.000000 2782.512451 0.000000 0.180318 0.000000 0.983608 0.576160 0.576160 0.576160
1937.290894 0.000000 2773.009766 0.000000 0.988323 0.000000 0.152371 0.686367 0.686367 0.686367
1934.934082 0.000000 2769.364990 0.000000 0.808772 0.000000 -0.588122 0.972048 0.972048 0.972048
1919.768311 0.000000 2771.927979 0.000000 0.195980 0.000000 -0.980608 0.822419 0.822419 0.822419
1932.211670 0.000000 2771.791260 0.000000 0.737749 0.000000 -0.675075 0.766049 0.766049 0.766049
1933.599854 0.000000 2771.727051 0.000000 0.499653 0.000000 0.866226 0.606631 0.606631 0.606631
1935.139648 0.000000 2770.295166 0.000000 0.999944 0.000000 -0.010600 0.901215 0.901215 0.901215
1928.857788 0.000000 2804.852051 0.000000 0.194329 0.000000 -0.980936 0.822569 0.822569 0.822569
1926.226074 0.000000 2783.616943 0.000000 0.928176 0.000000 0.372142 0.666015 0.666015 0.666015
1944.812256 0.000000 2797.224365 0.000000 0.991645 0.000000 -0.128995 0.711529 0.711529 0.711529
1930.405151 0.000000 2800.750000 0.000000 0.345942 0.000000 0.938256 0.591483 0.591483 0.591483
1929.700317 0.000000 2802.821533 0.000000 0.461555 0.000000 -0.887112 0.797242 0.797242 0.797242
1932.166260 0.000000 2800.314941 0.000000 0.938699 0.000000 -0.344737 0.731369 0.731369 0.731369
1755.937744 0.000000 2832.560791 0.000000 0.283672 0.000000 0.958921 0.585635 0.585635 0.585635
1754.162354 0.000000 2835.687256 0.000000 0.309877 0.000000 -0.950777 0.811919 0.811919 0.811919
1771.410767 0.000000 2862.674072 0.000000 0.173239 0.000000 0.984880 0.575519 0.575519 0.575519
1764.273438 0.000000 2865.571533 0.000000 0.368053 0.000000 -0.929805 0.806407 0.806407 0.806407
1770.691650 0.000000 2873.203369 0.000000 0.635792 0.000000 0.771860 0.621411 0.621411 0.621411
1766.056885 0.000000 2864.026611 0.000000 0.965081 0.000000 0.261951 0.676377 0.676377 0.676377
1770.268311 0.000000 2908.820068 0.000000 0.791363 0.000000 0.611346 0.641376 0.641376 0.641376
1775.688477 0.000000 2889.941406 0.000000 0.970694 0.000000 -0.240318 0.721630 0.721630 0.721630
1771.410767 0.000000 2894.666260 0.000000 0.882165 0.000000 0.470940 0.656296 0.656296 0.656296
1770.833374 0.000000 2879.398193 0.000000 0.088254 0.000000 -0.996098 0.832124 0.832124 0.832124
1773.673828 0.000000 2879.310547 0.000000 0.016098 0.000000 0.999870 0.561435 0.561435 0.561435
1776.251221 0.000000 2930.185303 0.000000 0.358257 0.000000 -0.933623 0.807344 0.807344 0.807344
1782.660645 0.000000 2932.353760 0.000000 0.928603 0.000000 0.371074 0.666117 0.666117 0.666117
1781.914551 0.000000 2930.353760 0.000000 0.693223 0.000000 -0.720724 0.771733 0.771733 0.771733
1815.610718 0.000000 2844.999756 0.000000 0.464977 0.000000 -0.885323 0.796898 0.796898 0.796898
1819.204712 0.000000 2845.169678 0.000000 0.719228 0.000000 0.694774 0.631541 0.631541 0.631541
1816.526733 0.000000 2839.160645 0.000000 0.999269 0.000000 0.038217 0.696593 0.696593 0.696593
1822.430664 0.000000 2834.171631 0.000000 0.184060 0.000000 0.982915 0.576499 0.576499 0.576499
1823.759399 0.000000 2844.037842 0.000000 0.787779 0.000000 0.615958 0.640855 0.640855 0.640855
1823.187012 0.000000 2846.654541 0.000000 0.983047 0.000000 -0.183355 0.716435 0.716435 0.716435
1821.961548 0.000000 2842.079834 0.000000 0.239218 0.000000 0.970966 0.581529 0.581529 0.581529
1823.334595 0.000000 2841.508545 0.000000 0.927026 0.000000 0.374996 0.665740 0.665740 0.665740
1821.809570 0.000000 2845.432861 0.000000 0.388152 0.000000 0.921595 0.595528 0.595528 0.595528
1846.652832 0.000000 2836.377197 0.000000 0.452228 0.000000 0.891902 0.601824 0.601824 0.601824
1837.812012 0.000000 2843.747070 0.000000 0.255202 0.000000 -0.966888 0.817000 0.817000 0.817000
1831.446045 0.000000 2845.988770 0.000000 0.464963 0.000000 -0.885330 0.796899 0.796899 0.796899
1839.648682 0.000000 2836.997559 0.000000 0.494069 0.000000 0.869423 0.606058 0.606058 0.606058
1840.194824 0.000000 2840.022461 0.000000 0.995276 0.000000 0.097082 0.691334 0.691334 0.691334
1836.358398 0.000000 2846.307373 0.000000 0.731046 0.000000 -0.682329 0.766929 0.766929 0.766929
1842.156982 0.000000 2835.621094 0.000000 0.120555 0.000000 0.992707 0.570771 0.570771 0.570771
1848.153687 0.000000 2834.711914 0.000000 0.793929 0.000000 0.608011 0.641751 0.641751 0.641751
1838.198120 0.000000 2834.729248 0.000000 0.255335 0.000000 -0.966853 0.816988 0.816988 0.816988
1848.554199 0.000000 2837.155762 0.000000 0.631273 0.000000 0.775561 0.620891 0.620891 0.620891
1836.471680 0.000000 2840.610107 0.000000 0.792265 0.000000 0.610178 0.641507 0.641507 0.641507
1832.811157 0.000000 2841.140869 0.000000 0.992071 0.000000 -0.125679 0.711231 0.711231 0.711231
1839.914062 0.000000 2841.758545 0.000000 0.285570 0.000000 0.958358 0.585811 0.585811 0.585811
1839.206177 0.000000 2838.670410 0.000000 0.389918 0.000000 0.920850 0.595699 0.595699 0.595699
1836.559937 0.000000 2838.010254 0.000000 0.281156 0.000000 0.959662 0.585401 0.585401 0.585401
1844.525269 0.000000 2840.272217 0.000000 0.177337 0.000000 0.984150 0.575890 0.575890 0.575890
1814.656738 0.000000 2868.369385 0.000000 0.995702 0.000000 0.092612 0.691734 0.691734 0.691734
1792.088745 0.000000 2866.362793 0.000000 0.118995 0.000000 0.992895 0.570631 0.570631 0.570631
1819.204712 0.000000 2877.161865 0.000000 0.690843 0.000000 -0.723005 0.772027 0.772027 0.772027
1794.445801 0.000000 2867.314941 0.000000 0.259851 0.000000 -0.965649 0.816571 0.816571 0.816571
1819.021973 0.000000 2848.286133 0.000000 0.996893 0.000000 -0.078766 0.707027 0.707027 0.707027
1821.048096 0.000000 2871.315186 0.000000 0.851557 0.000000 0.524262 0.650815 0.650815 0.650815
1819.200928 0.000000 2875.304688 0.000000 0.367668 0.000000 -0.929957 0.806444 0.806444 0.806444
1840.243408 0.000000 2866.200928 0.000000 0.288996 0.000000 0.957330 0.586130 0.586130 0.586130
1824.597900 0.000000 2879.218994 0.000000 0.824572 0.000000 0.565757 0.646403 0.646403 0.646403
1832.150635 0.000000 2851.551270 0.000000 0.981831 0.000000 -0.189755 0.717016 0.717016 0.717016
1847.199219 0.000000 2864.649414 0.000000 0.865209 0.000000 -0.501411 0.746812 0.746812 0.746812
1838.014648 0.000000 2864.085449 0.000000 0.731235 0.000000 -0.682126 0.766904 0.766904 0.766904
1830.633179 0.000000 2870.488770 0.000000 0.008393 0.000000 0.999965 0.560748 0.560748 0.560748
1830.082153 0.000000 2853.016357 0.000000 0.688108 0.000000 -0.725608 0.772364 0.772364 0.772364
1830.352051 0.000000 2875.670166 0.000000 0.603035 0.000000 -0.797715 0.782308 0.782308 0.782308
1838.784424 0.000000 2859.943359 0.000000 0.469201 0.000000 -0.883092 0.796472 0.796472 0.796472
1827.860107 0.000000 2863.398193 0.000000 0.768836 0.000000 -0.639446 0.761834 0.761834 0.761834
1836.471680 0.000000 2872.602295 0.000000 0.490051 0.000000 0.871694 0.605646 0.605646 0.605646
1825.303711 0.000000 2848.377686 0.000000 0.012244 0.000000 0.999925 0.561091 0.561091 0.561091
1840.523560 0.000000 2859.971680 0.000000 0.590976 0.000000 0.806689 0.616352 0.616352 0.616352
1843.829956 0.000000 2860.242432 0.000000 0.396568 0.000000 0.918005 0.596344 0.596344 0.596344
1839.206177 0.000000 2870.662598 0.000000 0.916162 0.000000 -0.400809 0.736756 0.736756 0.736756
1829.569458 0.000000 2869.253662 0.000000 0.999707 0.000000 -0.024227 0.702159 0.702159 0.702159
1824.270142 0.000000 2851.227783 0.000000 0.964816 0.000000 0.262926 0.676287 0.676287 0.676287
1837.120361 0.000000 2865.531494 0.000000 0.388887 0.000000 0.921285 0.595599 0.595599 0.595599
1825.778809 0.000000 2847.355225 0.000000 0.090910 0.000000 -0.995859 0.831886 0.831886 0.831886
1883.258667 0.000000 2847.255859 0.000000 0.999838 0.000000 -0.017990 0.701603 0.701603 0.701603
1857.206665 0.000000 2842.046631 0.000000 0.060541 0.000000 0.998166 0.565399 0.565399 0.565399
1855.859985 0.000000 2845.512207 0.000000 0.865737 0.000000 -0.500499 0.746718 0.746718 0.746718
1865.407593 0.000000 2846.496826 0.000000 0.995102 0.000000 0.098854 0.691175 0.691175 0.691175
1873.453369 0.000000 2874.414795 0.000000 0.240971 0.000000 0.970532 0.581690 0.581690 0.581690
1876.277954 0.000000 2861.963379 0.000000 0.395513 0.000000 0.918460 0.596241 0.596241 0.596241
1857.621094 0.000000 2850.183838 0.000000 0.927375 0.000000 0.374132 0.665823 0.665823 0.665823
1881.150269 0.000000 2847.370850 0.000000 0.918845 0.000000 -0.394618 0.736154 0.736154 0.736154
1875.444824 0.000000 2856.745361 0.000000 0.391644 0.000000 0.920117 0.595866 0.595866 0.595866
1859.190430 0.000000 2873.550781 0.000000 0.990744 0.000000 -0.135743 0.712136 0.712136 0.712136
1863.442139 0.000000 2877.980957 0.000000 0.947284 0.000000 0.320394 0.670932 0.670932 0.670932
1870.010742 0.000000 2864.085449 0.000000 0.463622 0.000000 -0.886033 0.797034 0.797034 0.797034
1883.992310 0.000000 2861.369385 0.000000 0.607219 0.000000 -0.794534 0.781840 0.781840 0.781840
1869.662109 0.000000 2847.318359 0.000000 0.397041 0.000000 0.917801 0.596390 0.596390 0.596390
1869.593506 0.000000 2861.790771 0.000000 0.366080 0.000000 -0.930583 0.806596 0.806596 0.806596
1870.235962 0.000000 2873.326172 0.000000 0.995673 0.000000 0.092929 0.691706 0.691706 0.691706
1879.218262 0.000000 2855.135742 0.000000 0.978805 0.000000 0.204793 0.681617 0.681617 0.681617
1898.252686 0.000000 2876.827881 0.000000 0.471765 0.000000 -0.881724 0.796213 0.796213 0.796213
1893.184937 0.000000 2861.927002 0.000000 0.365691 0.000000 -0.930736 0.806633 0.806633 0.806633
1899.395142 0.000000 2862.674072 0.000000 0.153308 0.000000 -0.988178 0.826282 0.826282 0.826282
1892.744629 0.000000 2850.424561 0.000000 0.545458 0.000000 0.838138 0.611420 0.611420 0.611420
1891.081787 0.000000 2847.673096 0.000000 0.964148 0.000000 0.265365 0.676062 0.676062 0.676062
1895.991089 0.000000 2862.192871 0.000000 0.291082 0.000000 0.956698 0.586324 0.586324 0.586324
1889.202759 0.000000 2874.038818 0.000000 0.826048 0.000000 0.563599 0.646637 0.646637 0.646637
1897.611084 0.000000 2863.014160 0.000000 0.825078 0.000000 0.565019 0.646483 0.646483 0.646483
1888.222534 0.000000 2870.779785 0.000000 0.347840 0.000000 0.937554 0.591664 0.591664 0.591664
1889.336426 0.000000 2861.912354 0.000000 0.607406 0.000000 -0.794392 0.781819 0.781819 0.781819
1895.144775 0.000000 2869.008545 0.000000 0.449445 0.000000 0.893308 0.601546 0.601546 0.601546
1890.874878 0.000000 2862.255615 0.000000 0.880357 0.000000 0.474311 0.655955 0.655955 0.655955
1889.368652 0.000000 2860.332520 0.000000 0.971069 0.000000 -0.238801 0.721491 0.721491 0.721491
1793.838867 0.000000 2891.089355 0.000000 0.752059 0.000000 0.659096 0.635863 0.635863 0.635863
1853.055908 0.000000 2880.527832 0.000000 0.639986 0.000000 0.768386 0.621897 0.621897 0.621897
1842.806274 0.000000 2884.962891 0.000000 0.916954 0.000000 -0.398994 0.736579 0.736579 0.736579
1830.971924 0.000000 2905.149902 0.000000 0.994982 0.000000 0.100054 0.691068 0.691068 0.691068
1836.667969 0.000000 2891.562500 0.000000 0.718600 0.000000 0.695424 0.631461 0.631461 0.631461
1827.089600 0.000000 2879.665283 0.000000 0.885161 0.000000 0.465285 0.656867 0.656867 0.656867
1839.648682 0.000000 2900.981934 0.000000 0.719881 0.000000 0.694098 0.631625 0.631625 0.631625
1833.975464 0.000000 2885.811523 0.000000 0.498768 0.000000 0.866736 0.606540 0.606540 0.606540
1830.142944 0.000000 2890.687256 0.000000 0.955643 0.000000 -0.294527 0.726645 0.726645 0.726645
1831.998901 0.000000 2894.185059 0.000000 0.832239 0.000000 -0.554418 0.752376 0.752376 0.752376
1830.082153 0.000000 2885.008545 0.000000 0.491770 0.000000 0.870725 0.605822 0.605822 0.605822
1832.839233 0.000000 2888.918701 0.000000 0.918228 0.000000 -0.396051 0.736294 0.736294 0.736294
1849.577515 0.000000 2895.819580 0.000000 0.999886 0.000000 -0.015075 0.701344 0.701344 0.701344
1837.779785 0.000000 2888.535400 0.000000 0.127492 0.000000 0.991840 0.571394 0.571394 0.571394
1850.892212 0.000000 2885.546631 0.000000 0.335768 0.000000 0.941945 0.590519 0.590519 0.590519
1834.024780 0.000000 2882.687256 0.000000 0.805537 0.000000 -0.592545 0.756525 0.756525 0.756525
1845.906738 0.000000 2898.361572 0.000000 0.092740 0.000000 -0.995690 0.831722 0.831722 0.831722
1843.873291 0.000000 2886.691162 0.000000 0.995676 0.000000 0.092898 0.691708 0.691708 0.691708
1840.523560 0.000000 2891.963867 0.000000 0.917034 0.000000 -0.398808 0.736561 0.736561 0.736561
1852.108398 0.000000 2887.210449 0.000000 0.359998 0.000000 -0.932953 0.807178 0.807178 0.807178
1834.864380 0.000000 2881.311279 0.000000 0.768440 0.000000 -0.639922 0.761889 0.761889 0.761889
1855.115601 0.000000 2891.481445 0.000000 0.695228 0.000000 -0.718790 0.771485 0.771485 0.771485
1854.451050 0.000000 2926.908203 0.000000 0.909966 0.000000 0.414684 0.661890 0.661890 0.661890
1877.041016 0.000000 2879.441895 0.000000 0.956877 0.000000 -0.290494 0.726270 0.726270 0.726270
1862.233887 0.000000 2879.593506 0.000000 0.199270 0.000000 -0.979945 0.822120 0.822120 0.822120
1872.221313 0.000000 2893.748047 0.000000 0.868244 0.000000 -0.496138 0.746270 0.746270 0.746270
1877.795898 0.000000 2886.053223 0.000000 0.995922 0.000000 0.090213 0.691949 0.691949 0.691949
1874.217407 0.000000 2891.553711 0.000000 0.233661 0.000000 0.972318 0.581020 0.581020 0.581020
1883.318604 0.000000 2902.496094 0.000000 0.991228 0.000000 -0.132160 0.711814 0.711814 0.711814
1858.726196 0.000000 2892.677246 0.000000 0.414551 0.000000 -0.910026 0.801903 0.801903 0.801903
1879.372681 0.000000 2891.282471 0.000000 0.909860 0.000000 0.414915 0.661867 0.661867 0.661867
1874.153076 0.000000 2899.605469 0.000000 0.557555 0.000000 -0.830140 0.787287 0.787287 0.787287
1877.030518 0.000000 2896.076660 0.000000 0.970849 0.000000 -0.239693 0.721573 0.721573 0.721573
1876.290649 0.000000 2900.421875 0.000000 0.794021 0.000000 0.607891 0.641764 0.641764 0.641764
1878.084717 0.000000 2892.620361 0.000000 0.564081 0.000000 -0.825719 0.786584 0.786584 0.786584
1889.903320 0.000000 2895.448975 0.000000 0.979183 0.000000 0.202979 0.681783 0.681783 0.681783
1856.080933 0.000000 2930.347168 0.000000 0.176234 0.000000 0.984348 0.575790 0.575790 0.575790
1879.602905 0.000000 2940.976318 0.000000 0.260308 0.000000 -0.965526 0.816529 0.816529 0.816529
1859.897339 0.000000 2933.380615 0.000000 0.034445 0.000000 -0.999407 0.836929 0.836929 0.836929
1874.469482 0.000000 2934.062012 0.000000 0.855119 0.000000 0.518431 0.651425 0.651425 0.651425
1882.146729 0.000000 2931.663818 0.000000 0.006180 0.000000 0.999981 0.560551 0.560551 0.560551
1870.235962 0.000000 2937.310547 0.000000 0.692027 0.000000 -0.721872 0.771881 0.771881 0.771881
1832.869507 0.000000 2964.812988 0.000000 0.853115 0.000000 0.521724 0.651081 0.651081 0.651081
1837.615112 0.000000 2967.070312 0.000000 0.996889 0.000000 -0.078821 0.707032 0.707032 0.707032
1834.683838 0.000000 2969.179932 0.000000 0.142895 0.000000 -0.989738 0.827220 0.827220 0.827220
1823.863892 0.000000 2973.480957 0.000000 0.996130 0.000000 0.087889 0.692157 0.692157 0.692157
1877.637207 0.000000 3000.989502 0.000000 0.149862 0.000000 -0.988707 0.826593 0.826593 0.826593
1874.469482 0.000000 2998.046387 0.000000 0.543954 0.000000 0.839115 0.611261 0.611261 0.611261
1881.573608 0.000000 2991.796143 0.000000 0.120331 0.000000 0.992734 0.570751 0.570751 0.570751
1906.213501 0.000000 2987.530273 0.000000 0.397604 0.000000 0.917557 0.596444 0.596444 0.596444
1845.221558 0.000000 3010.720215 0.000000 0.937942 0.000000 -0.346793 0.731564 0.731564 0.731564
1851.820679 0.000000 3028.742188 0.000000 0.650570 0.000000 -0.759447 0.776868 0.776868 0.776868
1913.146362 0.000000 3071.316162 0.000000 0.174513 0.000000 0.984655 0.575634 0.575634 0.575634
1909.213745 0.000000 3074.704590 0.000000 0.999016 0.000000 0.044342 0.696047 0.696047 0.696047
6008.046875 0.000000 1621.452637 0.000000 0.971326 0.000000 -0.237750 0.927508 0.927508 0.927508
6010.558105 0.000000 1615.208008 0.000000 0.414892 0.000000 -0.909871 1.030975 1.030975 1.030975
6009.073730 0.000000 1621.294067 0.000000 0.790859 0.000000 0.611999 0.824532 0.824532 0.824532
6017.980469 0.000000 1610.507080 0.000000 0.590013 0.000000 0.807394 0.792316 0.792316 0.792316
6016.738281 0.000000 1610.454468 0.000000 0.832958 0.000000 -0.553337 0.967192 0.967192 0.967192
6128.812012 0.000000 1618.929688 0.000000 0.808865 0.000000 -0.587995 0.972030 0.972030 0.972030
5996.448730 0.000000 1786.531250 0.000000 0.589878 0.000000 0.807493 0.792297 0.792297 0.792297
5973.852051 0.000000 1821.679932 0.000000 0.286758 0.000000 0.958003 0.753328 0.753328 0.753328
7048.174805 0.000000 665.672180 0.000000 0.340963 0.000000 0.940077 0.759871 0.759871 0.759871
7052.294434 0.000000 651.149536 0.000000 0.970418 0.000000 -0.241432 0.927942 0.927942 0.927942
7309.572266 0.000000 377.935608 0.000000 0.787007 0.000000 0.616945 0.823813 0.823813 0.823813
7309.229980 0.000000 367.381348 0.000000 0.197722 0.000000 -0.980258 1.057192 1.057192 1.057192
7484.956543 0.000000 391.827667 0.000000 0.905784 0.000000 0.423741 0.849858 0.849858 0.849858
7483.308105 0.000000 390.548798 0.000000 0.770000 0.000000 -0.638044 0.979292 0.979292 0.979292
7511.462891 0.000000 403.305542 0.000000 0.547627 0.000000 0.836722 0.786409 0.786409 0.786409
7490.833496 0.000000 393.239258 0.000000 0.987922 0.000000 0.154953 0.882172 0.882172 0.882172
7494.771484 0.000000 402.457123 0.000000 0.884890 0.000000 0.465800 0.844476 0.844476 0.844476
7494.169922 0.000000 403.427032 0.000000 0.336812 0.000000 0.941572 0.759365 0.759365 0.759365
7503.237793 0.000000 406.542145 0.000000 0.142473 0.000000 -0.989799 1.063618 1.063618 1.063618
7495.827637 0.000000 402.641815 0.000000 0.392294 0.000000 0.919840 0.766195 0.766195 0.766195
7491.826172 0.000000 405.259308 0.000000 0.692356 0.000000 -0.721556 0.992366 0.992366 0.992366
7501.352539 0.000000 401.644531 0.000000 0.918695 0.000000 -0.394969 0.946528 0.946528 0.946528
7503.405273 0.000000 407.654236 0.000000 0.308650 0.000000 -0.951176 1.044044 1.044044 1.044044
7560.170410 0.000000 501.414459 0.000000 0.991731 0.000000 -0.128336 0.914747 0.914747 0.914747
7565.081055 0.000000 489.121338 0.000000 0.493314 0.000000 0.869851 0.779117 0.779117 0.779117
7253.645508 0.000000 539.688599 0.000000 0.997450 0.000000 -0.071362 0.908184 0.908184 0.908184
7389.282227 0.000000 570.634583 0.000000 0.557012 0.000000 -0.830504 1.012301 1.012301 1.012301
7384.847168 0.000000 568.099792 0.000000 0.968896 0.000000 -0.247468 0.928655 0.928655 0.928655
7378.445801 0.000000 576.084473 0.000000 0.907715 0.000000 0.419588 0.850383 0.850383 0.850383
7385.121582 0.000000 577.027039 0.000000 0.930102 0.000000 0.367301 0.856901 0.856901 0.856901
7385.527832 0.000000 576.026367 0.000000 0.171314 0.000000 0.985216 0.739728 0.739728 0.739728
7231.140137 0.000000 730.016296 0.000000 0.803194 0.000000 -0.595718 0.973128 0.973128 0.973128
7237.482910 0.000000 747.210632 0.000000 0.982375 0.000000 -0.186920 0.921546 0.921546 0.921546
7250.461426 0.000000 736.045410 0.000000 0.771791 0.000000 -0.635876 0.978970 0.978970 0.978970
7236.570312 0.000000 739.790161 0.000000 0.883631 0.000000 0.468184 0.844167 0.844167 0.844167
7245.739258 0.000000 741.645813 0.000000 0.420116 0.000000 -0.907470 1.030316 1.030316 1.030316
7642.556152 0.000000 607.802673 0.000000 0.853780 0.000000 0.520634 0.837250 0.837250 0.837250
7635.224609 0.000000 598.311340 0.000000 0.987281 0.000000 0.158983 0.881704 0.881704 0.881704
7643.410156 0.000000 603.722229 0.000000 0.988809 0.000000 0.149190 0.882840 0.882840 0.882840
7642.172852 0.000000 602.811340 0.000000 0.851440 0.000000 0.524453 0.836737 0.836737 0.836737
7647.887207 0.000000 607.773743 0.000000 0.955912 0.000000 -0.293655 0.934154 0.934154 0.934154
7653.616699 0.000000 596.235352 0.000000 0.673653 0.000000 0.739048 0.804699 0.804699 0.804699
7653.641602 0.000000 604.224915 0.000000 0.839740 0.000000 -0.542989 0.965775 0.965775 0.965775
7647.069336 0.000000 596.459106 0.000000 0.592061 0.000000 0.805893 0.792607 0.792607 0.792607
7653.596680 0.000000 597.143982 0.000000 0.771632 0.000000 -0.636069 0.978999 0.978999 0.978999
7628.473145 0.000000 629.205872 0.000000 0.696666 0.000000 -0.717396 0.991680 0.991680 0.991680
7644.827148 0.000000 607.917908 0.000000 0.444282 0.000000 0.895887 0.772755 0.772755 0.772755
7629.081055 0.000000 635.282104 0.000000 0.639420 0.000000 0.768857 0.799497 0.799497 0.799497
7652.057129 0.000000 613.879333 0.000000 0.540482 0.000000 0.841356 0.785433 0.785433 0.785433
7659.279297 0.000000 614.957031 0.000000 0.694212 0.000000 -0.719771 0.992071 0.992071 0.992071
7652.863770 0.000000 612.777100 0.000000 0.258829 0.000000 -0.965923 1.049999 1.049999 1.049999
7499.778320 0.000000 809.147888 0.000000 0.764645 0.000000 -0.644451 0.980249 0.980249 0.980249
7666.809082 0.000000 778.976440 0.000000 0.287003 0.000000 0.957930 0.753357 0.753357 0.753357
7667.060547 0.000000 778.119568 0.000000 0.988087 0.000000 0.153895 0.882295 0.882295 0.882295
7663.385742 0.000000 791.560486 0.000000 0.182821 0.000000 0.983146 0.741068 0.741068 0.741068
7660.955566 0.000000 799.818359 0.000000 0.894565 0.000000 -0.446938 0.953095 0.953095 0.953095
7636.327637 0.000000 880.568848 0.000000 0.882958 0.000000 0.469451 0.844003 0.844003 0.844003
7640.100586 0.000000 869.473999 0.000000 0.390835 0.000000 0.920461 0.766013 0.766013 0.766013
7650.019531 0.000000 877.169495 0.000000 0.733849 0.000000 -0.679313 0.985580 0.985580 0.985580
7651.893066 0.000000 876.422729 0.000000 0.069070 0.000000 0.997612 0.727921 0.727921 0.727921
7651.290039 0.000000 877.729797 0.000000 0.540083 0.000000 0.841612 0.785379 0.785379 0.785379
7694.987793 0.000000 845.173157 0.000000 0.768866 0.000000 -0.639410 0.979496 0.979496 0.979496
6606.220215 0.000000 1225.552002 0.000000 0.563953 0.000000 -0.825807 1.011341 1.011341 1.011341
7090.523926 0.000000 1081.019165 0.000000 0.931502 0.000000 0.363736 0.857340 0.857340 0.857340
7097.361328 0.000000 1074.175293 0.000000 0.793546 0.000000 0.608511 0.825036 0.825036 0.825036
7094.799316 0.000000 1079.341064 0.000000 0.687834 0.000000 -0.725868 0.993082 0.993082 0.993082
7141.283203 0.000000 1097.057983 0.000000 0.997519 0.000000 -0.070399 0.908074 0.908074 0.908074
6816.106445 0.000000 1500.158936 0.000000 0.964158 0.000000 0.265329 0.869227 0.869227 0.869227
6816.436035 0.000000 1501.308350 0.000000 0.259808 0.000000 -0.965660 1.049883 1.049883 1.049883
6806.258301 0.000000 1507.080078 0.000000 0.758171 0.000000 0.652056 0.818606 0.818606 0.818606
6207.592773 0.000000 1549.108887 0.000000 0.889231 0.000000 -0.457459 0.954446 0.954446 0.954446
6221.080078 0.000000 1591.406250 0.000000 0.937270 0.000000 -0.348604 0.940804 0.940804 0.940804
6223.446777 0.000000 1585.580078 0.000000 0.955929 0.000000 -0.293598 0.934147 0.934147 0.934147
6581.106445 0.000000 1630.889282 0.000000 0.461649 0.000000 -0.887063 1.025013 1.025013 1.025013
6586.088867 0.000000 1633.919556 0.000000 0.368267 0.000000 -0.929720 1.036782 1.036782 1.036782
6588.956055 0.000000 1631.667847 0.000000 0.541145 0.000000 0.840929 0.785523 0.785523 0.785523
6613.733398 0.000000 1648.001099 0.000000 0.239748 0.000000 0.970835 0.747743 0.747743 0.747743
6614.400391 0.000000 1651.406372 0.000000 0.261383 0.000000 -0.965235 1.049696 1.049696 1.049696
6607.347168 0.000000 1654.237427 0.000000 0.393405 0.000000 0.919365 0.766333 0.766333 0.766333
6611.955078 0.000000 1655.593140 0.000000 0.150037 0.000000 -0.988680 1.062742 1.062742 1.062742
6654.368652 0.000000 1661.626465 0.000000 0.356944 0.000000 -0.934126 1.038175 1.038175 1.038175
6650.101074 0.000000 1648.697754 0.000000 0.836185 0.000000 -0.548447 0.966521 0.966521 0.966521
6625.449707 0.000000 1657.836304 0.000000 0.119759 0.000000 0.992803 0.733756 0.733756 0.733756
6504.147461 0.000000 1675.898438 0.000000 0.991394 0.000000 -0.130910 0.915044 0.915044 0.915044
6514.949707 0.000000 1674.757690 0.000000 0.997513 0.000000 -0.070477 0.908083 0.908083 0.908083
6510.375977 0.000000 1681.630493 0.000000 0.955889 0.000000 -0.293727 0.934162 0.934162 0.934162
6515.944824 0.000000 1674.528687 0.000000 0.029815 0.000000 -0.999555 1.076583 1.076583 1.076583
6501.539551 0.000000 1673.951660 0.000000 0.171889 0.000000 0.985116 0.739795 0.739795 0.739795
6514.578125 0.000000 1675.636353 0.000000 0.978646 0.000000 0.205554 0.876276 0.876276 0.876276
6555.534668 0.000000 1703.499512 0.000000 0.893399 0.000000 -0.449265 0.953393 0.953393 0.953393
6557.184082 0.000000 1718.616211 0.000000 0.826793 0.000000 0.562506 0.831541 0.831541 0.831541
6557.452637 0.000000 1702.532104 0.000000 0.340979 0.000000 0.940071 0.759873 0.759873 0.759873
6556.292480 0.000000 1709.875366 0.000000 0.949418 0.000000 0.314015 0.863397 0.863397 0.863397
6561.879395 0.000000 1708.073120 0.000000 0.389858 0.000000 0.920875 0.765891 0.765891 0.765891
6627.178223 0.000000 1692.268677 0.000000 0.608749 0.000000 -0.793363 1.005002 1.005002 1.005002
6623.466309 0.000000 1694.725098 0.000000 0.309306 0.000000 -0.950963 1.043965 1.043965 1.043965
6620.852051 0.000000 1698.217163 0.000000 0.562101 0.000000 -0.827069 1.011598 1.011598 1.011598
6362.341797 0.000000 1797.812256 0.000000 0.983492 0.000000 -0.180951 0.920850 0.920850 0.920850
6383.688965 0.000000 1810.458740 0.000000 0.826321 0.000000 0.563200 0.831445 0.831445 0.831445
6367.454590 0.000000 1799.661865 0.000000 0.203242 0.000000 -0.979129 1.056547 1.056547 1.056547
6373.588379 0.000000 1802.952881 0.000000 0.820692 0.000000 0.571370 0.830308 0.830308 0.830308
6373.500488 0.000000 1810.123535 0.000000 0.176218 0.000000 0.984351 0.740299 0.740299 0.740299
6367.301270 0.000000 1806.415039 0.000000 0.880705 0.000000 0.473666 0.843455 0.843455 0.843455
6374.730957 0.000000 1792.787720 0.000000 0.995377 0.000000 0.096046 0.888977 0.888977 0.888977
6372.797852 0.000000 1811.078735 0.000000 0.954804 0.000000 -0.297235 0.934583 0.934583 0.934583
6438.808105 0.000000 1818.885986 0.000000 0.999807 0.000000 -0.019670 0.902254 0.902254 0.902254
6584.876953 0.000000 1884.175781 0.000000 0.908947 0.000000 0.416912 0.850720 0.850720 0.850720
6585.125488 0.000000 1898.925903 0.000000 0.680447 0.000000 0.732797 0.805757 0.805757 0.805757
6589.973145 0.000000 1897.334106 0.000000 0.491924 0.000000 0.870638 0.778934 0.778934 0.778934
6707.337891 0.000000 1558.077026 0.000000 0.937423 0.000000 -0.348192 0.940753 0.940753 0.940753
6717.212402 0.000000 1565.745361 0.000000 0.927138 0.000000 0.374720 0.855986 0.855986 0.855986
6684.215820 0.000000 1593.781860 0.000000 0.440721 0.000000 0.897644 0.772300 0.772300 0.772300
6715.312012 0.000000 1569.992310 0.000000 0.894671 0.000000 -0.446727 0.953068 0.953068 0.953068
6691.607910 0.000000 1571.542725 0.000000 0.855965 0.000000 0.517033 0.837733 0.837733 0.837733
6684.708984 0.000000 1604.931152 0.000000 0.864642 0.000000 -0.502389 0.960316 0.960316 0.960316
6701.264160 0.000000 1604.485840 0.000000 0.837086 0.000000 -0.547072 0.966333 0.966333 0.966333
6691.010742 0.000000 1602.794312 0.000000 0.866419 0.000000 -0.499318 0.959910 0.959910 0.959910
6688.002930 0.000000 1602.595825 0.000000 0.890826 0.000000 -0.454346 0.954046 0.954046 0.954046
6685.044922 0.000000 1643.252319 0.000000 0.563365 0.000000 -0.826208 1.011422 1.011422 1.011422
6655.274414 0.000000 1661.801270 0.000000 0.182393 0.000000 0.983226 0.741018 0.741018 0.741018
6677.487305 0.000000 1634.299927 0.000000 0.950607 0.000000 0.310396 0.863834 0.863834 0.863834
6868.327148 0.000000 1677.249390 0.000000 0.263303 0.000000 -0.964713 1.049468 1.049468 1.049468
6868.199707 0.000000 1681.640015 0.000000 0.964898 0.000000 0.262625 0.869548 0.869548 0.869548
6873.943359 0.000000 1682.971436 0.000000 0.964502 0.000000 0.264076 0.869376 0.869376 0.869376
6875.379883 0.000000 1679.770630 0.000000 0.634965 0.000000 0.772541 0.798835 0.798835 0.798835
6909.340820 0.000000 1690.361084 0.000000 0.919771 0.000000 -0.392455 0.946215 0.946215 0.946215
6909.482910 0.000000 1691.373779 0.000000 0.919209 0.000000 -0.393770 0.946378 0.946378 0.946378
6905.197266 0.000000 1700.350830 0.000000 0.851384 0.000000 0.524543 0.836725 0.836725 0.836725
6909.026855 0.000000 1703.507324 0.000000 0.651511 0.000000 -0.758639 0.998689 0.998689 0.998689
6909.745117 0.000000 1701.130249 0.000000 0.016573 0.000000 0.999863 0.721899 0.721899 0.721899
6910.743652 0.000000 1713.756958 0.000000 0.991593 0.000000 -0.129399 0.914870 0.914870 0.914870
6890.066895 0.000000 1785.468872 0.000000 0.893825 0.000000 -0.448416 0.953284 0.953284 0.953284
6894.082520 0.000000 1784.290771 0.000000 0.196633 0.000000 -0.980477 1.057320 1.057320 1.057320
6897.591309 0.000000 1785.451538 0.000000 0.834306 0.000000 -0.551302 0.966913 0.966913 0.966913
6942.421875 0.000000 1659.067017 0.000000 0.983704 0.000000 -0.179795 0.920716 0.920716 0.920716
6942.752441 0.000000 1646.469482 0.000000 0.463722 0.000000 -0.885981 1.024745 1.024745 1.024745
6958.526855 0.000000 1650.568604 0.000000 0.867017 0.000000 -0.498278 0.959772 0.959772 0.959772
6948.443359 0.000000 1656.669312 0.000000 0.069389 0.000000 0.997590 0.727958 0.727958 0.727958
6920.248535 0.000000 1685.125366 0.000000 0.540433 0.000000 0.841387 0.785426 0.785426 0.785426
6922.468750 0.000000 1686.600586 0.000000 0.866238 0.000000 -0.499631 0.959951 0.959951 0.959951
6942.424316 0.000000 1670.391113 0.000000 0.590298 0.000000 0.807185 0.792356 0.792356 0.792356
6924.335449 0.000000 1690.554688 0.000000 0.992098 0.000000 -0.125465 0.914415 0.914415 0.914415
6932.614746 0.000000 1691.871704 0.000000 0.820448 0.000000 0.571721 0.830259 0.830259 0.830259
6935.469238 0.000000 1686.450195 0.000000 0.395501 0.000000 0.918465 0.766594 0.766594 0.766594
6913.414551 0.000000 1689.828491 0.000000 0.560408 0.000000 -0.828217 1.011832 1.011832 1.011832
6924.504395 0.000000 1680.744019 0.000000 0.195745 0.000000 -0.980655 1.057423 1.057423 1.057423
6931.916016 0.000000 1687.585327 0.000000 0.978990 0.000000 0.203910 0.876469 0.876469 0.876469
6949.457520 0.000000 1669.305420 0.000000 0.869666 0.000000 -0.493641 0.959160 0.959160 0.959160
6946.257812 0.000000 1678.544678 0.000000 0.891923 0.000000 -0.452188 0.953768 0.953768 0.953768
6947.754395 0.000000 1673.252686 0.000000 0.419641 0.000000 -0.907690 1.030376 1.030376 1.030376
6923.418945 0.000000 1699.366699 0.000000 0.345962 0.000000 0.938248 0.760481 0.760481 0.760481
6922.243652 0.000000 1697.600342 0.000000 0.964367 0.000000 0.264568 0.869317 0.869317 0.869317
6923.587402 0.000000 1695.664551 0.000000 0.823466 0.000000 0.567365 0.830867 0.830867 0.830867
6917.310547 0.000000 1704.909546 0.000000 0.462228 0.000000 -0.886761 1.024938 1.024938 1.024938
6924.814941 0.000000 1696.782227 0.000000 0.670600 0.000000 0.741819 0.804227 0.804227 0.804227
6929.796387 0.000000 1696.532471 0.000000 0.511133 0.000000 -0.859501 1.018521 1.018521 1.018521
6925.983398 0.000000 1695.918945 0.000000 0.989248 0.000000 0.146247 0.883181 0.883181 0.883181
6763.868164 0.000000 1832.897949 0.000000 0.464642 0.000000 -0.885499 1.024626 1.024626 1.024626
6762.667969 0.000000 1833.776978 0.000000 0.729142 0.000000 -0.684362 0.986371 0.986371 0.986371
6831.319824 0.000000 1814.198364 0.000000 0.995693 0.000000 0.092713 0.889361 0.889361 0.889361
6821.628906 0.000000 1823.851440 0.000000 0.439650 0.000000 0.898169 0.772163 0.772163 0.772163
6681.357422 0.000000 2010.614990 0.000000 0.005632 0.000000 0.999984 0.720645 0.720645 0.720645
6684.608887 0.000000 2008.657104 0.000000 0.995637 0.000000 0.093316 0.889291 0.889291 0.889291
6709.483398 0.000000 1986.213989 0.000000 0.095619 0.000000 -0.995418 1.069026 1.069026 1.069026
6812.231445 0.000000 2025.109497 0.000000 0.335731 0.000000 0.941958 0.759234 0.759234 0.759234
6813.421387 0.000000 2022.453979 0.000000 0.820006 0.000000 0.572355 0.830171 0.830171 0.830171
6820.067871 0.000000 2016.854370 0.000000 0.390429 0.000000 0.920633 0.765962 0.765962 0.765962
6841.205078 0.000000 2020.272705 0.000000 0.391656 0.000000 0.920112 0.766115 0.766115 0.766115
6828.920898 0.000000 2028.705078 0.000000 0.675508 0.000000 0.737353 0.804987 0.804987 0.804987
7156.813965 0.000000 1928.372925 0.000000 0.852363 0.000000 0.522951 0.836939 0.836939 0.836939
7152.965820 0.000000 1929.951904 0.000000 0.880984 0.000000 0.473145 0.843523 0.843523 0.843523
7160.933105 0.000000 1941.215942 0.000000 0.954570 0.000000 -0.297987 0.934674 0.934674 0.934674
7437.008789 0.000000 1533.480957 0.000000 0.182838 0.000000 0.983143 0.741070 0.741070 0.741070
7436.029297 0.000000 1532.017700 0.000000 0.764966 0.000000 -0.644071 0.980192 0.980192 0.980192
7383.636719 0.000000 1566.322021 0.000000 0.819552 0.000000 0.573005 0.830080 0.830080 0.830080
7376.251953 0.000000 1573.830811 0.000000 0.564970 0.000000 -0.825111 1.011199 1.011199 1.011199
7379.154785 0.000000 1580.554932 0.000000 0.915764 0.000000 -0.401717 0.947371 0.947371 0.947371
7378.843750 0.000000 1581.586548 0.000000 0.398617 0.000000 0.917117 0.766984 0.766984 0.766984
7240.751953 0.000000 1790.754639 0.000000 0.235691 0.000000 0.971828 0.747265 0.747265 0.747265
7301.684570 0.000000 1787.935913 0.000000 0.311409 0.000000 -0.950276 1.043712 1.043712 1.043712
7309.841309 0.000000 1780.460815 0.000000 0.955272 0.000000 -0.295730 0.934403 0.934403 0.934403
7306.744141 0.000000 1789.695435 0.000000 0.200889 0.000000 -0.979614 1.056822 1.056822 1.056822
7300.972168 0.000000 1787.218506 0.000000 0.866059 0.000000 -0.499942 0.959992 0.959992 0.959992
7312.427734 0.000000 1775.842285 0.000000 0.806771 0.000000 -0.590864 0.972437 0.972437 0.972437
7531.663574 0.000000 1566.619873 0.000000 0.766471 0.000000 -0.642279 0.979924 0.979924 0.979924
7518.389160 0.000000 1575.518799 0.000000 0.721640 0.000000 0.692268 0.812380 0.812380 0.812380
7530.130371 0.000000 1567.718384 0.000000 0.788235 0.000000 0.615375 0.824042 0.824042 0.824042
7534.297363 0.000000 1571.677612 0.000000 0.513511 0.000000 -0.858083 1.018204 1.018204 1.018204
7561.970703 0.000000 1548.979370 0.000000 0.998979 0.000000 0.045171 0.894822 0.894822 0.894822
7561.657227 0.000000 1550.303711 0.000000 0.033835 0.000000 -0.999427 1.076122 1.076122 1.076122
7554.045410 0.000000 1542.762573 0.000000 0.999114 0.000000 0.042084 0.895176 0.895176 0.895176
7556.864258 0.000000 1549.093506 0.000000 0.983255 0.000000 -0.182233 0.921000 0.921000 0.921000
7558.763672 0.000000 1554.175903 0.000000 0.148653 0.000000 -0.988889 1.062902 1.062902 1.062902
7571.571777 0.000000 1539.758057 0.000000 0.487720 0.000000 0.873000 0.778382 0.778382 0.778382
7551.391602 0.000000 1537.092896 0.000000 0.999932 0.000000 -0.011676 0.901338 0.901338 0.901338
7535.548340 0.000000 1746.474365 0.000000 0.937147 0.000000 -0.348935 0.940844 0.940844 0.940844
7543.458984 0.000000 1746.977417 0.000000 0.979758 0.000000 0.200187 0.876904 0.876904 0.876904
7529.721680 0.000000 1745.007690 0.000000 0.999002 0.000000 0.044657 0.894881 0.894881 0.894881
7535.961426 0.000000 1747.900757 0.000000 0.461527 0.000000 -0.887126 1.025029 1.025029 1.025029
7532.224121 0.000000 1743.339844 0.000000 0.889365 0.000000 -0.457197 0.954413 0.954413 0.954413
7539.830078 0.000000 1752.537842 0.000000 0.588475 0.000000 0.808515 0.792098 0.792098 0.792098
7532.865723 0.000000 1752.498657 0.000000 0.583551 0.000000 0.812077 0.791401 0.791401 0.791401
7537.490723 0.000000 1738.842529 0.000000 0.181521 0.000000 0.983387 0.740917 0.740917 0.740917
7235.172852 0.000000 1799.287598 0.000000 0.869191 0.000000 -0.494476 0.959270 0.959270 0.959270
7233.832031 0.000000 1802.460205 0.000000 0.992068 0.000000 -0.125700 0.914442 0.914442 0.914442
7233.797363 0.000000 1804.049683 0.000000 0.969049 0.000000 -0.246867 0.928584 0.928584 0.928584
7218.150391 0.000000 1861.212769 0.000000 0.729571 0.000000 -0.683905 0.986299 0.986299 0.986299
7219.819336 0.000000 1860.687622 0.000000 0.978853 0.000000 0.204563 0.876392 0.876392 0.876392
7223.210449 0.000000 1894.588745 0.000000 0.971343 0.000000 -0.237683 0.927500 0.927500 0.927500
7236.660156 0.000000 1878.766846 0.000000 0.629196 0.000000 0.777246 0.797982 0.797982 0.797982
7288.193359 0.000000 1883.286377 0.000000 0.012580 0.000000 0.999921 0.721442 0.721442 0.721442
7289.553223 0.000000 1883.627441 0.000000 0.205074 0.000000 -0.978746 1.056332 1.056332 1.056332
7286.562500 0.000000 1889.305542 0.000000 0.121371 0.000000 0.992607 0.733942 0.733942 0.733942
7291.481445 0.000000 1887.968994 0.000000 0.999764 0.000000 -0.021740 0.902491 0.902491 0.902491
7314.288574 0.000000 1793.365356 0.000000 0.999239 0.000000 0.039017 0.895528 0.895528 0.895528
7306.923828 0.000000 1792.603760 0.000000 0.586342 0.000000 0.810064 0.791796 0.791796 0.791796
7300.400391 0.000000 1816.630249 0.000000 0.867172 0.000000 -0.498009 0.959737 0.959737 0.959737
7335.712891 0.000000 1820.748169 0.000000 0.013359 0.000000 0.999911 0.721531 0.721531 0.721531
7335.327148 0.000000 1838.442871 0.000000 0.346000 0.000000 0.938235 0.760486 0.760486 0.760486
7352.905762 0.000000 1840.077515 0.000000 0.146435 0.000000 -0.989220 1.063159 1.063159 1.063159
7337.311035 0.000000 1832.348633 0.000000 0.957291 0.000000 -0.289126 0.933611 0.933611 0.933611
7365.373535 0.000000 1808.284424 0.000000 0.230120 0.000000 0.973162 0.746608 0.746608 0.746608
7363.157227 0.000000 1799.287598 0.000000 0.499582 0.000000 0.866267 0.779945 0.779945 0.779945
7369.307129 0.000000 1800.356445 0.000000 0.233165 0.000000 0.972437 0.746967 0.746967 0.746967
7362.068848 0.000000 1798.700073 0.000000 0.824600 0.000000 0.565716 0.831096 0.831096 0.831096
7321.146484 0.000000 1860.311768 0.000000 0.914475 0.000000 -0.404643 0.947738 0.947738 0.947738
7322.019043 0.000000 1872.643066 0.000000 0.989342 0.000000 0.145613 0.883254 0.883254 0.883254
7303.730469 0.000000 1887.020020 0.000000 0.983891 0.000000 -0.178769 0.920596 0.920596 0.920596
7331.707520 0.000000 1865.205811 0.000000 0.949096 0.000000 0.314987 0.863280 0.863280 0.863280
7297.669434 0.000000 1893.122925 0.000000 0.795376 0.000000 0.606116 0.825382 0.825382 0.825382
7177.393555 0.000000 1941.284546 0.000000 0.688290 0.000000 -0.725435 0.993010 0.993010 0.993010
7237.422363 0.000000 1925.242920 0.000000 0.987655 0.000000 0.156647 0.881975 0.881975 0.881975
7309.530273 0.000000 1970.940186 0.000000 0.906941 0.000000 0.421257 0.850172 0.850172 0.850172
7313.845215 0.000000 1965.639404 0.000000 0.283612 0.000000 0.958939 0.752952 0.752952 0.752952
7324.203125 0.000000 1969.850342 0.000000 0.309827 0.000000 -0.950793 1.043902 1.043902 1.043902
7302.194336 0.000000 1969.205688 0.000000 0.656823 0.000000 -0.754045 0.997884 0.997884 0.997884
7308.387695 0.000000 1971.017090 0.000000 0.063072 0.000000 0.998009 0.727232 0.727232 0.727232
7298.309570 0.000000 1973.900146 0.000000 0.395394 0.000000 0.918512 0.766581 0.766581 0.766581
7324.074707 0.000000 1968.273560 0.000000 0.061367 0.000000 0.998115 0.727036 0.727036 0.727036
7299.158691 0.000000 1968.529907 0.000000 0.015281 0.000000 0.999883 0.721751 0.721751 0.721751
7303.320801 0.000000 1961.477417 0.000000 0.153695 0.000000 -0.988118 1.062318 1.062318 1.062318
7312.797363 0.000000 1964.278320 0.000000 0.802573 0.000000 -0.596554 0.973247 0.973247 0.973247
7325.666504 0.000000 1968.068848 0.000000 0.606070 0.000000 -0.795412 1.005388 1.005388 1.005388
7327.337402 0.000000 1959.622803 0.000000 0.988909 0.000000 0.148523 0.882917 0.882917 0.882917
7350.191895 0.000000 1954.970703 0.000000 0.687236 0.000000 -0.726434 0.993176 0.993176 0.993176
7544.466309 0.000000 1998.756104 0.000000 0.979520 0.000000 0.201348 0.876768 0.876768 0.876768
7545.912109 0.000000 2014.443237 0.000000 0.395034 0.000000 0.918666 0.766536 0.766536 0.766536
7544.459473 0.000000 2015.573975 0.000000 0.197638 0.000000 -0.980275 1.057202 1.057202 1.057202
7610.494141 0.000000 1979.523438 0.000000 0.564869 0.000000 -0.825181 1.011214 1.011214 1.011214
7608.154297 0.000000 1979.262939 0.000000 0.229513 0.000000 0.973306 0.746537 0.746537 0.746537
7608.493652 0.000000 1977.943359 0.000000 0.544649 0.000000 0.838664 0.786001 0.786001 0.786001
7609.445801 0.000000 1977.642090 0.000000 0.977862 0.000000 0.209253 0.875843 0.875843 0.875843
7611.414062 0.000000 1979.386230 0.000000 0.656560 0.000000 -0.754273 0.997924 0.997924 0.997924
7567.529785 0.000000 1984.994019 0.000000 0.547746 0.000000 0.836645 0.786425 0.786425 0.786425
7568.808105 0.000000 1988.432495 0.000000 0.010279 0.000000 0.999947 0.721178 0.721178 0.721178
7563.524414 0.000000 2003.978760 0.000000 0.448148 0.000000 0.893959 0.773250 0.773250 0.773250
7568.598633 0.000000 1997.155151 0.000000 0.514757 0.000000 -0.857336 1.018038 1.018038 1.018038
7567.570801 0.000000 1999.191528 0.000000 0.728338 0.000000 -0.685218 0.986506 0.986506 0.986506
7562.394531 0.000000 1989.702637 0.000000 0.408863 0.000000 -0.912596 1.031733 1.031733 1.031733
7569.309082 0.000000 1989.909668 0.000000 0.997057 0.000000 -0.076667 0.908794 0.908794 0.908794
7558.313965 0.000000 1994.354614 0.000000 0.093067 0.000000 -0.995660 1.069320 1.069320 1.069320
7606.523438 0.000000 1985.282104 0.000000 0.397408 0.000000 0.917642 0.766832 0.766832 0.766832
7710.343750 0.000000 1556.143311 0.000000 0.488161 0.000000 0.872754 0.778440 0.778440 0.778440
7706.351074 0.000000 1551.223633 0.000000 0.634859 0.000000 0.772628 0.798819 0.798819 0.798819
7704.446777 0.000000 1550.865479 0.000000 0.991647 0.000000 -0.128985 0.914822 0.914822 0.914822
7705.392578 0.000000 1551.359253 0.000000 0.858084 0.000000 0.513509 0.838204 0.838204 0.838204
7735.435547 0.000000 1619.008667 0.000000 0.992254 0.000000 -0.124225 0.914272 0.914272 0.914272
7736.442871 0.000000 1614.849854 0.000000 0.606941 0.000000 -0.794747 1.005263 1.005263 1.005263
7747.137695 0.000000 1615.702759 0.000000 0.200474 0.000000 -0.979699 1.056871 1.056871 1.056871
7743.056641 0.000000 1622.111816 0.000000 0.854308 0.000000 0.519767 0.837367 0.837367 0.837367
7775.078613 0.000000 1601.980591 0.000000 0.870034 0.000000 -0.492992 0.959075 0.959075 0.959075
7775.364258 0.000000 1601.077271 0.000000 0.868019 0.000000 -0.496531 0.959541 0.959541 0.959541
7707.211426 0.000000 1712.834106 0.000000 0.989148 0.000000 0.146921 0.883103 0.883103 0.883103
7779.539551 0.000000 1713.852783 0.000000 0.938439 0.000000 -0.345446 0.940418 0.940418 0.940418
7777.715820 0.000000 1715.596069 0.000000 0.637447 0.000000 0.770494 0.799203 0.799203 0.799203
7788.398926 0.000000 1712.736206 0.000000 0.449359 0.000000 0.893351 0.773405 0.773405 0.773405
7781.661621 0.000000 1717.907349 0.000000 0.773479 0.000000 -0.633822 0.978665 0.978665 0.978665
7688.697266 0.000000 1758.762451 0.000000 0.769160 0.000000 -0.639056 0.979443 0.979443 0.979443
7711.041016 0.000000 1756.303467 0.000000 0.029838 0.000000 -0.999555 1.076580 1.076580 1.076580
7734.480957 0.000000 1744.922974 0.000000 0.833832 0.000000 -0.552018 0.967011 0.967011 0.967011
7732.375977 0.000000 1750.781250 0.000000 0.516131 0.000000 -0.856509 1.017854 1.017854 1.017854
7735.406250 0.000000 1744.531494 0.000000 0.604623 0.000000 -0.796512 1.005597 1.005597 1.005597
7736.862793 0.000000 1749.262817 0.000000 0.635528 0.000000 0.772078 0.798918 0.798918 0.798918
7740.147949 0.000000 1741.867554 0.000000 0.966168 0.000000 0.257913 0.870107 0.870107 0.870107
7710.296875 0.000000 1773.232788 0.000000 0.062866 0.000000 0.998022 0.727209 0.727209 0.727209
7683.118164 0.000000 1767.295410 0.000000 0.730829 0.000000 -0.682560 0.986088 0.986088 0.986088
7690.419434 0.000000 1763.721680 0.000000 0.451772 0.000000 0.892133 0.773715 0.773715 0.773715
7687.273926 0.000000 1769.524292 0.000000 0.407770 0.000000 -0.913084 1.031870 1.031870 1.031870
7723.949707 0.000000 1771.835938 0.000000 0.460494 0.000000 -0.887663 1.025162 1.025162 1.025162
7718.357910 0.000000 1769.430420 0.000000 0.824269 0.000000 0.566198 0.831029 0.831029 0.831029
7720.451172 0.000000 1773.340454 0.000000 0.968869 0.000000 -0.247574 0.928668 0.928668 0.928668
7719.232910 0.000000 1768.333130 0.000000 0.893485 0.000000 -0.449093 0.953371 0.953371 0.953371
7721.884277 0.000000 1775.806030 0.000000 0.969184 0.000000 -0.246338 0.928522 0.928522 0.928522
7720.379883 0.000000 1774.366455 0.000000 0.358549 0.000000 -0.933511 1.037978 1.037978 1.037978
7729.467285 0.000000 1770.834717 0.000000 0.394233 0.000000 0.919010 0.766436 0.766436 0.766436
7713.176758 0.000000 1768.656494 0.000000 0.764902 0.000000 -0.644147 0.980204 0.980204 0.980204
7747.167480 0.000000 1754.877197 0.000000 0.123192 0.000000 0.992383 0.734153 0.734153 0.734153
7797.629395 0.000000 1757.695557 0.000000 0.181769 0.000000 0.983341 0.740946 0.740946 0.740946
7804.144531 0.000000 1777.897217 0.000000 0.127469 0.000000 0.991843 0.734647 0.734647 0.734647
7787.104492 0.000000 1762.090210 0.000000 0.590013 0.000000 0.807394 0.792316 0.792316 0.792316
7794.421875 0.000000 1771.612915 0.000000 0.931375 0.000000 0.364062 0.857300 0.857300 0.857300
7786.407715 0.000000 1763.721680 0.000000 0.963950 0.000000 0.266084 0.869137 0.869137 0.869137
7740.972656 0.000000 1813.180054 0.000000 0.693558 0.000000 -0.720401 0.992175 0.992175 0.992175
7717.330566 0.000000 1808.284424 0.000000 0.906168 0.000000 0.422917 0.849962 0.849962 0.849962
7733.955566 0.000000 1815.785767 0.000000 0.692759 0.000000 -0.721169 0.992302 0.992302 0.992302
7727.805176 0.000000 1804.229370 0.000000 0.935773 0.000000 -0.352603 0.941293 0.941293 0.941293
7742.654785 0.000000 1806.430420 0.000000 0.962923 0.000000 0.269776 0.868698 0.868698 0.868698
7747.954590 0.000000 1792.909058 0.000000 0.688582 0.000000 -0.725158 0.992964 0.992964 0.992964
7746.453613 0.000000 1793.650269 0.000000 0.854065 0.000000 0.520166 0.837313 0.837313 0.837313
7759.934082 0.000000 1811.885132 0.000000 0.719210 0.000000 0.694793 0.811979 0.811979 0.811979
7756.196777 0.000000 1807.324219 0.000000 0.999936 0.000000 -0.011345 0.901300 0.901300 0.901300
7762.537598 0.000000 1809.025757 0.000000 0.956435 0.000000 -0.291946 0.933949 0.933949 0.933949
7762.662598 0.000000 1811.536377 0.000000 0.963250 0.000000 0.268608 0.868837 0.868837 0.868837
7747.496094 0.000000 1806.648315 0.000000 0.991469 0.000000 -0.130344 0.914979 0.914979 0.914979
7754.546875 0.000000 1801.784790 0.000000 0.313734 0.000000 -0.949511 1.043431 1.043431 1.043431
7744.708008 0.000000 1808.668213 0.000000 0.729718 0.000000 -0.683748 0.986274 0.986274 0.986274
7759.374023 0.000000 1815.310547 0.000000 0.449440 0.000000 0.893310 0.773416 0.773416 0.773416
7757.292480 0.000000 1904.319824 0.000000 0.410168 0.000000 -0.912010 1.031569 1.031569 1.031569
7759.020020 0.000000 1915.733276 0.000000 0.915129 0.000000 -0.403162 0.947552 0.947552 0.947552
7747.137695 0.000000 1903.632446 0.000000 0.839543 0.000000 -0.543294 0.965816 0.965816 0.965816
7756.402832 0.000000 1904.689331 0.000000 0.515633 0.000000 -0.856810 1.017920 1.017920 1.017920
7776.850586 0.000000 1910.339233 0.000000 0.737887 0.000000 -0.674924 0.984896 0.984896 0.984896
7780.736816 0.000000 1916.411743 0.000000 0.805914 0.000000 -0.592033 0.972603 0.972603 0.972603
7721.965332 0.000000 1945.429810 0.000000 0.926811 0.000000 0.375528 0.855886 0.855886 0.855886
7720.092773 0.000000 1945.359619 0.000000 0.824802 0.000000 0.565421 0.831137 0.831137 0.831137
7729.046875 0.000000 1944.055054 0.000000 0.714134 0.000000 0.700009 0.811145 0.811145 0.811145
7736.290039 0.000000 1955.226807 0.000000 0.997802 0.000000 -0.066269 0.907599 0.907599 0.907599
7774.322754 0.000000 1926.328613 0.000000 0.970807 0.000000 -0.239863 0.927757 0.927757 0.927757
7748.507812 0.000000 1923.501099 0.000000 0.565502 0.000000 -0.824747 1.011126 1.011126 1.011126
7775.282715 0.000000 1927.630615 0.000000 0.917856 0.000000 -0.396913 0.946771 0.946771 0.946771
7783.991211 0.000000 1931.835938 0.000000 0.463535 0.000000 -0.886079 1.024769 1.024769 1.024769
7782.286621 0.000000 1930.370239 0.000000 0.835578 0.000000 -0.549371 0.966648 0.966648 0.966648
7702.892090 0.000000 2013.202881 0.000000 0.005019 0.000000 0.999987 0.720575 0.720575 0.720575
7712.000977 0.000000 2005.395264 0.000000 0.651680 0.000000 -0.758494 0.998663 0.998663 0.998663
7719.891113 0.000000 2013.855591 0.000000 0.174586 0.000000 0.984642 0.740109 0.740109 0.740109
7697.541016 0.000000 2019.206909 0.000000 0.989184 0.000000 0.146683 0.883130 0.883130 0.883130
7708.138184 0.000000 2022.834595 0.000000 0.856474 0.000000 0.516190 0.837846 0.837846 0.837846
7703.151855 0.000000 2022.557495 0.000000 0.997730 0.000000 -0.067339 0.907722 0.907722 0.907722
7716.529785 0.000000 2016.010498 0.000000 0.492333 0.000000 0.870407 0.778988 0.778988 0.778988
7714.984375 0.000000 2016.626099 0.000000 0.089041 0.000000 -0.996028 1.069783 1.069783 1.069783
7762.972168 0.000000 2018.729736 0.000000 0.417118 0.000000 -0.908852 1.030694 1.030694 1.030694
7762.662598 0.000000 2035.481689 0.000000 0.338510 0.000000 0.940963 0.759572 0.759572 0.759572
7797.180664 0.000000 2034.572632 0.000000 0.654967 0.000000 -0.755657 0.998166 0.998166 0.998166
7804.317871 0.000000 2039.518311 0.000000 0.261014 0.000000 -0.965335 1.049739 1.049739 1.049739
7808.895020 0.000000 2018.386963 0.000000 0.256620 0.000000 -0.966512 1.050261 1.050261 1.050261
7808.323730 0.000000 2035.616699 0.000000 0.068569 0.000000 0.997646 0.727864 0.727864 0.727864
7810.597168 0.000000 2038.755981 0.000000 0.764356 0.000000 -0.644794 0.980300 0.980300 0.980300
7809.002930 0.000000 2034.713501 0.000000 0.989141 0.000000 0.146966 0.883098 0.883098 0.883098
6125.716797 0.000000 2329.458984 0.000000 0.240216 0.000000 0.970720 0.747799 0.747799 0.747799
6118.847168 0.000000 2330.760986 0.000000 0.412331 0.000000 -0.911034 1.031297 1.031297 1.031297
6121.893066 0.000000 2336.528076 0.000000 0.495189 0.000000 0.868785 0.779364 0.779364 0.779364
6125.043945 0.000000 2337.593994 0.000000 0.027684 0.000000 -0.999617 1.076827 1.076827 1.076827
5930.589844 0.000000 2550.389648 0.000000 0.200104 0.000000 -0.979775 1.056914 1.056914 1.056914
5926.361328 0.000000 2546.903564 0.000000 0.287788 0.000000 0.957694 0.753451 0.753451 0.753451
5924.017578 0.000000 2548.735840 0.000000 0.892043 0.000000 -0.451950 0.953738 0.953738 0.953738
5906.017090 0.000000 2573.490967 0.000000 0.858426 0.000000 0.512938 0.838281 0.838281 0.838281
5907.334473 0.000000 2572.312744 0.000000 0.863615 0.000000 -0.504152 0.960550 0.960550 0.960550
5919.770508 0.000000 2563.298096 0.000000 0.568048 0.000000 -0.822995 1.010771 1.010771 1.010771
5964.415527 0.000000 2639.121094 0.000000 0.091884 0.000000 -0.995770 1.069456 1.069456 1.069456
6040.643066 0.000000 2655.417725 0.000000 0.360988 0.000000 -0.932571 1.037678 1.037678 1.037678
6042.380859 0.000000 2661.601318 0.000000 0.493667 0.000000 0.869651 0.779164 0.779164 0.779164
6032.416016 0.000000 2661.565186 0.000000 0.821360 0.000000 0.570410 0.830442 0.830442 0.830442
6024.379883 0.000000 2663.226074 0.000000 0.035436 0.000000 -0.999372 1.075938 1.075938 1.075938
6041.966309 0.000000 2665.634766 0.000000 0.949511 0.000000 0.313734 0.863431 0.863431 0.863431
6042.155273 0.000000 2657.669678 0.000000 0.392027 0.000000 0.919954 0.766161 0.766161 0.766161
6035.923828 0.000000 2657.686768 0.000000 0.141876 0.000000 -0.989884 1.063687 1.063687 1.063687
6042.406250 0.000000 2660.425293 0.000000 0.287047 0.000000 0.957916 0.753363 0.753363 0.753363
6133.715820 0.000000 2635.325928 0.000000 0.963781 0.000000 0.266696 0.869065 0.869065 0.869065
6024.206055 0.000000 2955.585938 0.000000 0.970269 0.000000 -0.242030 0.928013 0.928013 0.928013
6032.416016 0.000000 2949.494873 0.000000 0.766030 0.000000 -0.642805 0.980003 0.980003 0.980003
6798.205566 0.000000 2556.261475 0.000000 0.731765 0.000000 -0.681557 0.985931 0.985931 0.985931
6147.971680 0.000000 2602.799316 0.000000 0.982781 0.000000 -0.184774 0.921296 0.921296 0.921296
6198.143066 0.000000 2615.590332 0.000000 0.229129 0.000000 0.973396 0.746492 0.746492 0.746492
6231.502930 0.000000 2575.334473 0.000000 0.999353 0.000000 0.035964 0.895878 0.895878 0.895878
6226.586426 0.000000 2559.600098 0.000000 0.282156 0.000000 0.959369 0.752778 0.752778 0.752778
6232.187012 0.000000 2571.851807 0.000000 0.314430 0.000000 -0.949281 1.043347 1.043347 1.043347
6230.561035 0.000000 2575.260498 0.000000 0.692137 0.000000 -0.721766 0.992401 0.992401 0.992401
6232.603516 0.000000 2570.011230 0.000000 0.999838 0.000000 -0.017990 0.902062 0.902062 0.902062
6242.191406 0.000000 2572.755371 0.000000 0.467901 0.000000 -0.883781 1.024204 1.024204 1.024204
6243.461914 0.000000 2573.315674 0.000000 0.195984 0.000000 -0.980607 1.057396 1.057396 1.057396
6247.459961 0.000000 2572.726318 0.000000 0.997807 0.000000 -0.066196 0.907591 0.907591 0.907591
6242.261719 0.000000 2575.793457 0.000000 0.363632 0.000000 -0.931543 1.037353 1.037353 1.037353
6222.421875 0.000000 2621.373779 0.000000 0.688172 0.000000 -0.725548 0.993029 0.993029 0.993029
6151.292480 0.000000 2625.737549 0.000000 0.999364 0.000000 0.035653 0.895914 0.895914 0.895914
6398.628906 0.000000 2686.693604 0.000000 0.947740 0.000000 0.319045 0.862790 0.862790 0.862790
6452.173340 0.000000 2579.165039 0.000000 0.890065 0.000000 -0.455833 0.954237 0.954237 0.954237
6489.990234 0.000000 2578.752686 0.000000 0.675335 0.000000 0.737511 0.804960 0.804960 0.804960
6503.508789 0.000000 2591.414062 0.000000 0.929493 0.000000 0.368841 0.856712 0.856712 0.856712
6408.316406 0.000000 2714.844238 0.000000 0.751458 0.000000 0.659781 0.817434 0.817434 0.817434
6411.182617 0.000000 2715.273193 0.000000 0.956531 0.000000 -0.291632 0.933911 0.933911 0.933911
6419.098633 0.000000 2711.167236 0.000000 0.752710 0.000000 0.658352 0.817651 0.817651 0.817651
6420.677246 0.000000 2715.621582 0.000000 0.512380 0.000000 -0.858759 1.018355 1.018355 1.018355
6422.171387 0.000000 2694.333008 0.000000 0.287211 0.000000 0.957867 0.753382 0.753382 0.753382
6411.369629 0.000000 2770.516602 0.000000 0.516089 0.000000 -0.856535 1.017859 1.017859 1.017859
6411.665039 0.000000 2771.791260 0.000000 0.906917 0.000000 0.421309 0.850165 0.850165 0.850165
6182.440918 0.000000 2841.165527 0.000000 0.609124 0.000000 -0.793075 1.004948 1.004948 1.004948
6183.467773 0.000000 2830.200684 0.000000 0.955756 0.000000 -0.294160 0.934214 0.934214 0.934214
6188.648926 0.000000 2836.666748 0.000000 0.146145 0.000000 -0.989263 1.063193 1.063193 1.063193
6186.507812 0.000000 2836.335938 0.000000 0.419334 0.000000 -0.907832 1.030415 1.030415 1.030415
6188.181641 0.000000 2843.697510 0.000000 0.418079 0.000000 -0.908411 1.030573 1.030573 1.030573
6330.570312 0.000000 3001.293945 0.000000 0.999424 0.000000 0.033946 0.896109 0.896109 0.896109
6321.926758 0.000000 2998.046387 0.000000 0.670614 0.000000 0.741807 0.804229 0.804229 0.804229
6320.755859 0.000000 2996.955078 0.000000 0.508847 0.000000 -0.860857 1.018826 1.018826 1.018826
6327.331055 0.000000 3003.602783 0.000000 0.718716 0.000000 0.695304 0.811897 0.811897 0.811897
6337.026367 0.000000 2998.073486 0.000000 0.999419 0.000000 0.034071 0.896095 0.896095 0.896095
6312.969238 0.000000 3007.829590 0.000000 0.905160 0.000000 0.425070 0.849690 0.849690 0.849690
6327.893066 0.000000 3008.468262 0.000000 0.992269 0.000000 -0.124102 0.914258 0.914258 0.914258
6318.866211 0.000000 3008.230713 0.000000 0.602549 0.000000 -0.798082 1.005895 1.005895 1.005895
6623.666992 0.000000 2890.098877 0.000000 0.090602 0.000000 -0.995887 1.069603 1.069603 1.069603
6639.328613 0.000000 2905.742920 0.000000 0.032761 0.000000 -0.999463 1.076245 1.076245 1.076245
6638.113770 0.000000 2904.017334 0.000000 0.537946 0.000000 0.842979 0.785088 0.785088 0.785088
6623.517578 0.000000 2891.406494 0.000000 0.906063 0.000000 0.423142 0.849934 0.849934 0.849934
6630.861328 0.000000 2907.706299 0.000000 0.095611 0.000000 -0.995419 1.069027 1.069027 1.069027
6582.694824 0.000000 2952.984375 0.000000 0.229182 0.000000 0.973384 0.746498 0.746498 0.746498
6588.971680 0.000000 2947.392090 0.000000 0.865562 0.000000 -0.500802 0.960106 0.960106 0.960106
6587.263184 0.000000 2952.137207 0.000000 0.720191 0.000000 0.693776 0.812141 0.812141 0.812141
6584.430664 0.000000 2978.976807 0.000000 0.151038 0.000000 -0.988528 1.062626 1.062626 1.062626
6595.418945 0.000000 2957.221924 0.000000 0.636232 0.000000 0.771498 0.799023 0.799023 0.799023
6594.269531 0.000000 2953.284668 0.000000 0.313996 0.000000 -0.949424 1.043399 1.043399 1.043399
6819.291992 0.000000 2581.466553 0.000000 0.909907 0.000000 0.414812 0.850985 0.850985 0.850985
6844.547852 0.000000 2578.602783 0.000000 0.936144 0.000000 -0.351618 0.941173 0.941173 0.941173
6814.376953 0.000000 2595.274414 0.000000 0.969178 0.000000 -0.246363 0.928525 0.928525 0.928525
6822.176758 0.000000 2594.036377 0.000000 0.852810 0.000000 0.522221 0.837037 0.837037 0.837037
6847.166992 0.000000 2579.974854 0.000000 0.934811 0.000000 -0.355145 0.941605 0.941605 0.941605
6857.022461 0.000000 2582.245605 0.000000 0.838003 0.000000 -0.545666 0.966140 0.966140 0.966140
6894.339844 0.000000 2621.373779 0.000000 0.557430 0.000000 -0.830224 1.012243 1.012243 1.012243
6890.794922 0.000000 2621.492188 0.000000 0.917820 0.000000 -0.396998 0.946781 0.946781 0.946781
6889.198730 0.000000 2616.418945 0.000000 0.834453 0.000000 -0.551079 0.966882 0.966882 0.966882
6895.279785 0.000000 2620.756836 0.000000 0.509917 0.000000 -0.860223 1.018683 1.018683 1.018683
6890.647461 0.000000 2620.344482 0.000000 0.751629 0.000000 0.659587 0.817463 0.817463 0.817463
6884.846191 0.000000 2620.239990 0.000000 0.999383 0.000000 0.035136 0.895973 0.895973 0.895973
6793.655273 0.000000 2652.882568 0.000000 0.397015 0.000000 0.917812 0.766783 0.766783 0.766783
6792.206055 0.000000 2649.187744 0.000000 0.285323 0.000000 0.958432 0.753156 0.753156 0.753156
6795.937988 0.000000 2652.788574 0.000000 0.867019 0.000000 -0.498276 0.959772 0.959772 0.959772
6787.760254 0.000000 2623.424072 0.000000 0.969689 0.000000 -0.244343 0.928286 0.928286 0.928286
6788.179199 0.000000 2640.374512 0.000000 0.954570 0.000000 -0.297988 0.934674 0.934674 0.934674
6784.684082 0.000000 2631.676514 0.000000 0.200187 0.000000 -0.979758 1.056904 1.056904 1.056904
6795.041504 0.000000 2645.355957 0.000000 0.305841 0.000000 -0.952083 1.044383 1.044383 1.044383
6793.997559 0.000000 2639.594971 0.000000 0.999415 0.000000 0.034212 0.896079 0.896079 0.896079
6793.007812 0.000000 2649.914795 0.000000 0.086411 0.000000 -0.996260 1.070086 1.070086 1.070086
6788.977051 0.000000 2640.998291 0.000000 0.978325 0.000000 0.207074 0.876098 0.876098 0.876098
6824.230469 0.000000 2632.981201 0.000000 0.971412 0.000000 -0.237399 0.927466 0.927466 0.927466
6790.135742 0.000000 2686.916260 0.000000 0.936619 0.000000 -0.350350 0.941017 0.941017 0.941017
6865.643066 0.000000 2630.802979 0.000000 0.938778 0.000000 -0.344522 0.940305 0.940305 0.940305
6866.906250 0.000000 2637.328857 0.000000 0.006530 0.000000 0.999979 0.720748 0.720748 0.720748
6878.619141 0.000000 2642.924316 0.000000 0.090319 0.000000 -0.995913 1.069636 1.069636 1.069636
6870.826660 0.000000 2646.958252 0.000000 0.637037 0.000000 0.770833 0.799142 0.799142 0.799142
6896.310547 0.000000 2629.572998 0.000000 0.992118 0.000000 -0.125310 0.914397 0.914397 0.914397
6900.410645 0.000000 2631.084229 0.000000 0.988997 0.000000 0.147938 0.882985 0.882985 0.882985
6892.818848 0.000000 2624.555664 0.000000 0.995668 0.000000 0.092983 0.889329 0.889329 0.889329
6901.455566 0.000000 2631.275146 0.000000 0.751122 0.000000 0.660163 0.817375 0.817375 0.817375
6899.109863 0.000000 2629.301025 0.000000 0.855205 0.000000 0.518289 0.837565 0.837565 0.837565
6782.552734 0.000000 2689.893311 0.000000 0.512538 0.000000 -0.858665 1.018334 1.018334 1.018334
6788.164062 0.000000 2696.168213 0.000000 0.806461 0.000000 -0.591287 0.972497 0.972497 0.972497
6783.485352 0.000000 2688.811523 0.000000 0.769757 0.000000 -0.638337 0.979336 0.979336 0.979336
6788.625000 0.000000 2691.313721 0.000000 0.734575 0.000000 -0.678528 0.985457 0.985457 0.985457
7100.450684 0.000000 2587.224365 0.000000 0.718618 0.000000 0.695405 0.811881 0.811881 0.811881
7101.557617 0.000000 2580.219971 0.000000 0.956827 0.000000 -0.290657 0.933794 0.933794 0.933794
7104.566406 0.000000 2586.109131 0.000000 0.751109 0.000000 0.660178 0.817373 0.817373 0.817373
7106.326172 0.000000 2576.699951 0.000000 0.998896 0.000000 0.046984 0.894614 0.894614 0.894614
7103.134766 0.000000 2581.877441 0.000000 0.730534 0.000000 -0.682876 0.986138 0.986138 0.986138
7109.436523 0.000000 2573.772705 0.000000 0.488108 0.000000 0.872783 0.778433 0.778433 0.778433
7111.434570 0.000000 2591.414062 0.000000 0.995096 0.000000 0.098918 0.888646 0.888646 0.888646
7069.136230 0.000000 2664.410400 0.000000 0.889992 0.000000 -0.455977 0.954255 0.954255 0.954255
7061.436035 0.000000 2663.267334 0.000000 0.714226 0.000000 0.699915 0.811160 0.811160 0.811160
6968.830078 0.000000 2715.972656 0.000000 0.589052 0.000000 0.808095 0.792179 0.792179 0.792179
6968.232422 0.000000 2715.083252 0.000000 0.014297 0.000000 0.999898 0.721638 0.721638 0.721638
6969.592285 0.000000 2715.424316 0.000000 0.716198 0.000000 0.697897 0.811483 0.811483 0.811483
6986.410156 0.000000 2708.367188 0.000000 0.717015 0.000000 0.697058 0.811617 0.811617 0.811617
6972.073242 0.000000 2805.969238 0.000000 0.926704 0.000000 0.375791 0.855854 0.855854 0.855854
6979.272461 0.000000 2805.411865 0.000000 0.259922 0.000000 -0.965630 1.049869 1.049869 1.049869
7115.898926 0.000000 2716.772949 0.000000 0.139739 0.000000 -0.990188 1.063934 1.063934 1.063934
7110.802734 0.000000 2715.753174 0.000000 0.839129 0.000000 -0.543932 0.965903 0.965903 0.965903
7109.095215 0.000000 2721.979004 0.000000 0.806260 0.000000 -0.591561 0.972536 0.972536 0.972536
6712.789551 0.000000 2840.728271 0.000000 0.791898 0.000000 0.610653 0.824727 0.824727 0.824727
6717.097656 0.000000 2868.922363 0.000000 0.544106 0.000000 0.839017 0.785927 0.785927 0.785927
6712.839844 0.000000 2849.692383 0.000000 0.769806 0.000000 -0.638278 0.979327 0.979327 0.979327
6718.417969 0.000000 2860.967041 0.000000 0.308053 0.000000 -0.951369 1.044116 1.044116 1.044116
6707.931641 0.000000 2872.264404 0.000000 0.819389 0.000000 0.573237 0.830047 0.830047 0.830047
6709.995117 0.000000 2876.271973 0.000000 0.345025 0.000000 0.938593 0.760367 0.760367 0.760367
6717.179199 0.000000 2856.363525 0.000000 0.514495 0.000000 -0.857493 1.018072 1.018072 1.018072
6718.486816 0.000000 2855.206299 0.000000 0.878511 0.000000 0.477722 0.842927 0.842927 0.842927
6706.117676 0.000000 2866.459717 0.000000 0.757079 0.000000 0.653323 0.818415 0.818415 0.818415
6702.624023 0.000000 2863.873291 0.000000 0.788626 0.000000 0.614873 0.824115 0.824115 0.824115
6717.895508 0.000000 2869.794434 0.000000 0.970164 0.000000 -0.242451 0.928063 0.928063 0.928063
6721.638184 0.000000 2861.525146 0.000000 0.949998 0.000000 0.312256 0.863610 0.863610 0.863610
6731.842773 0.000000 2884.225830 0.000000 0.819791 0.000000 0.572663 0.830128 0.830128 0.830128
6839.914062 0.000000 2935.137207 0.000000 0.170782 0.000000 0.985309 0.739667 0.739667 0.739667
6837.696289 0.000000 2939.102783 0.000000 0.787370 0.000000 0.616481 0.823881 0.823881 0.823881
6839.268555 0.000000 2939.618408 0.000000 0.179825 0.000000 0.983699 0.740719 0.740719 0.740719
6836.126465 0.000000 2931.079102 0.000000 0.589817 0.000000 0.807537 0.792288 0.792288 0.792288
6837.084473 0.000000 2931.739258 0.000000 0.013339 0.000000 0.999911 0.721528 0.721528 0.721528
6837.559082 0.000000 2934.477051 0.000000 0.833216 0.000000 -0.552947 0.967139 0.967139 0.967139
6850.897461 0.000000 2931.042725 0.000000 0.094404 0.000000 -0.995534 1.069166 1.069166 1.069166
6769.768555 0.000000 2971.950195 0.000000 0.865939 0.000000 -0.500150 0.960020 0.960020 0.960020
6769.267578 0.000000 2971.206299 0.000000 0.648000 0.000000 -0.761640 0.999218 0.999218 0.999218
6771.892578 0.000000 2991.102051 0.000000 0.977063 0.000000 0.212952 0.875409 0.875409 0.875409
6771.581543 0.000000 2987.325195 0.000000 0.549781 0.000000 0.835309 0.786704 0.786704 0.786704
6838.120605 0.000000 2958.262451 0.000000 0.059897 0.000000 0.998205 0.726868 0.726868 0.726868
6826.058105 0.000000 2954.525879 0.000000 0.983301 0.000000 -0.181988 0.920971 0.920971 0.920971
6842.077637 0.000000 2960.377441 0.000000 0.612237 0.000000 -0.790674 1.004497 1.004497 1.004497
6834.658691 0.000000 2947.694580 0.000000 0.999770 0.000000 -0.021466 0.902460 0.902460 0.902460
6950.821289 0.000000 2973.957520 0.000000 0.149944 0.000000 -0.988695 1.062753 1.062753 1.062753
6951.374023 0.000000 2958.169434 0.000000 0.412778 0.000000 -0.910832 1.031241 1.031241 1.031241
6945.817383 0.000000 2963.291504 0.000000 0.250564 0.000000 -0.968100 1.050978 1.050978 1.050978
6950.158691 0.000000 2956.592041 0.000000 0.938861 0.000000 -0.344297 0.940278 0.940278 0.940278
6951.759766 0.000000 2972.467041 0.000000 0.412615 0.000000 -0.910905 1.031261 1.031261 1.031261
6951.971191 0.000000 2959.109863 0.000000 0.259419 0.000000 -0.965765 1.049929 1.049929 1.049929
6961.561035 0.000000 2954.545654 0.000000 0.253482 0.000000 -0.967340 1.050633 1.050633 1.050633
6987.434570 0.000000 2957.261230 0.000000 0.914587 0.000000 -0.404389 0.947706 0.947706 0.947706
6996.850586 0.000000 2965.122070 0.000000 0.565626 0.000000 -0.824662 1.011108 1.011108 1.011108
6988.627441 0.000000 2969.163818 0.000000 0.931112 0.000000 0.364734 0.857218 0.857218 0.857218
6987.467285 0.000000 2956.270996 0.000000 0.971125 0.000000 -0.238570 0.927604 0.927604 0.927604
6986.218262 0.000000 2971.416992 0.000000 0.866086 0.000000 -0.499895 0.959986 0.959986 0.959986
6918.014648 0.000000 3014.134277 0.000000 0.636640 0.000000 0.771161 0.799083 0.799083 0.799083
6931.814453 0.000000 3009.600830 0.000000 0.587667 0.000000 0.809103 0.791983 0.791983 0.791983
6929.777832 0.000000 3012.117676 0.000000 0.304257 0.000000 -0.952590 1.044573 1.044573 1.044573
7542.504395 0.000000 2064.844727 0.000000 0.755528 0.000000 0.655116 0.818143 0.818143 0.818143
7286.846680 0.000000 2309.617188 0.000000 0.990836 0.000000 -0.135067 0.915525 0.915525 0.915525
7673.896484 0.000000 2558.310547 0.000000 0.558908 0.000000 -0.829230 1.012039 1.012039 1.012039
7798.137207 0.000000 2050.947266 0.000000 0.991059 0.000000 -0.133422 0.915335 0.915335 0.915335
7830.133301 0.000000 2114.931641 0.000000 0.649694 0.000000 -0.760196 0.998963 0.998963 0.998963
7965.211914 0.000000 2202.236084 0.000000 0.955729 0.000000 -0.294247 0.934225 0.934225 0.934225
7961.940918 0.000000 2192.564941 0.000000 0.013754 0.000000 0.999905 0.721576 0.721576 0.721576
7961.005859 0.000000 2192.955566 0.000000 0.972104 0.000000 -0.234550 0.927130 0.927130 0.927130
8008.137695 0.000000 2183.343262 0.000000 0.805693 0.000000 -0.592334 0.972646 0.972646 0.972646
8017.502441 0.000000 2182.912354 0.000000 0.823703 0.000000 0.567022 0.830914 0.830914 0.830914
8020.678711 0.000000 2190.970947 0.000000 0.364159 0.000000 -0.931337 1.037288 1.037288 1.037288
8021.561523 0.000000 2191.868408 0.000000 0.907539 0.000000 0.419968 0.850335 0.850335 0.850335
8043.711914 0.000000 2184.812012 0.000000 0.890835 0.000000 -0.454327 0.954043 0.954043 0.954043
8038.028320 0.000000 2306.106689 0.000000 0.607474 0.000000 -0.794339 1.005186 1.005186 1.005186
7330.853027 0.000000 2664.684570 0.000000 0.093244 0.000000 -0.995643 1.069299 1.069299 1.069299
7330.179688 0.000000 2665.354980 0.000000 0.991357 0.000000 -0.131193 0.915077 0.915077 0.915077
7370.171387 0.000000 2683.487305 0.000000 0.488365 0.000000 0.872639 0.778466 0.778466 0.778466
7398.766602 0.000000 2686.027832 0.000000 0.634531 0.000000 0.772898 0.798770 0.798770 0.798770
7399.718750 0.000000 2686.824707 0.000000 0.341481 0.000000 0.939889 0.759934 0.759934 0.759934
7174.810547 0.000000 2705.894531 0.000000 0.999421 0.000000 0.034038 0.896099 0.896099 0.896099
7220.389160 0.000000 2751.473145 0.000000 0.336147 0.000000 0.941809 0.759285 0.759285 0.759285
7228.399902 0.000000 2752.559082 0.000000 0.880551 0.000000 0.473952 0.843418 0.843418 0.843418
7227.443848 0.000000 2752.756592 0.000000 0.806247 0.000000 -0.591579 0.972538 0.972538 0.972538
7370.605469 0.000000 2696.471191 0.000000 0.991875 0.000000 -0.127215 0.914617 0.914617 0.914617
7360.917480 0.000000 2691.600342 0.000000 0.978169 0.000000 0.207809 0.876012 0.876012 0.876012
7371.314453 0.000000 2694.449219 0.000000 0.071962 0.000000 0.997407 0.728253 0.728253 0.728253
7413.130859 0.000000 2697.730713 0.000000 0.731366 0.000000 -0.681985 0.985998 0.985998 0.985998
7415.531738 0.000000 2698.182861 0.000000 0.790225 0.000000 0.612817 0.824413 0.824413 0.824413
7401.303223 0.000000 2696.137695 0.000000 0.863876 0.000000 -0.503705 0.960491 0.960491 0.960491
7401.478516 0.000000 2697.389404 0.000000 0.691980 0.000000 -0.721917 0.992426 0.992426 0.992426
7399.170898 0.000000 2695.041016 0.000000 0.444086 0.000000 0.895984 0.772730 0.772730 0.772730
7396.430176 0.000000 2746.119629 0.000000 0.030060 0.000000 -0.999548 1.076555 1.076555 1.076555
7423.076172 0.000000 2748.061279 0.000000 0.509039 0.000000 -0.860743 1.018800 1.018800 1.018800
7414.546875 0.000000 2753.094727 0.000000 0.750161 0.000000 0.661255 0.817209 0.817209 0.817209
7397.430176 0.000000 2761.686035 0.000000 0.970603 0.000000 -0.240688 0.927854 0.927854 0.927854
7657.973145 0.000000 2585.273682 0.000000 0.235490 0.000000 0.971877 0.747241 0.747241 0.747241
7656.100586 0.000000 2585.203369 0.000000 0.992202 0.000000 -0.124643 0.914320 0.914320 0.914320
7673.570801 0.000000 2566.911377 0.000000 0.061364 0.000000 0.998115 0.727036 0.727036 0.727036
7670.745117 0.000000 2573.015869 0.000000 0.880330 0.000000 0.474363 0.843364 0.843364 0.843364
7673.492676 0.000000 2559.541992 0.000000 0.869756 0.000000 -0.493482 0.959139 0.959139 0.959139
7438.965332 0.000000 2709.028809 0.000000 0.996021 0.000000 0.089122 0.889774 0.889774 0.889774
7436.982910 0.000000 2687.357422 0.000000 0.194987 0.000000 -0.980806 1.057512 1.057512 1.057512
7444.875977 0.000000 2711.645508 0.000000 0.832245 0.000000 -0.554408 0.967340 0.967340 0.967340
7439.245605 0.000000 2709.979736 0.000000 0.254683 0.000000 -0.967025 1.050490 1.050490 1.050490
7439.790039 0.000000 2708.587646 0.000000 0.392326 0.000000 0.919826 0.766199 0.766199 0.766199
7438.729492 0.000000 2688.308838 0.000000 0.822678 0.000000 0.568508 0.830708 0.830708 0.830708
7440.814453 0.000000 2709.909668 0.000000 0.954654 0.000000 -0.297719 0.934641 0.934641 0.934641
7491.985840 0.000000 2720.682373 0.000000 0.771690 0.000000 -0.635999 0.978988 0.978988 0.978988
7496.716309 0.000000 2737.570557 0.000000 0.034413 0.000000 -0.999408 1.076056 1.076056 1.076056
7497.665039 0.000000 2734.014648 0.000000 0.634422 0.000000 0.772987 0.798754 0.798754 0.798754
7498.860352 0.000000 2737.276855 0.000000 0.991179 0.000000 -0.132527 0.915231 0.915231 0.915231
7502.251465 0.000000 2727.059570 0.000000 0.341505 0.000000 0.939880 0.759937 0.759937 0.759937
7625.553711 0.000000 2716.866943 0.000000 0.414327 0.000000 -0.910128 1.031046 1.031046 1.031046
7630.250000 0.000000 2717.350342 0.000000 0.999367 0.000000 0.035587 0.895921 0.895921 0.895921
7622.445801 0.000000 2709.047607 0.000000 0.931655 0.000000 0.363344 0.857389 0.857389 0.857389
7615.137695 0.000000 2714.681396 0.000000 0.673437 0.000000 0.739245 0.804666 0.804666 0.804666
7625.561523 0.000000 2717.919922 0.000000 0.719351 0.000000 0.694647 0.812002 0.812002 0.812002
7243.900391 0.000000 2933.986816 0.000000 0.386562 0.000000 0.922263 0.765481 0.765481 0.765481
7245.849121 0.000000 2932.179688 0.000000 0.833703 0.000000 -0.552213 0.967038 0.967038 0.967038
7209.389648 0.000000 2965.034668 0.000000 0.095394 0.000000 -0.995440 1.069052 1.069052 1.069052
7685.428223 0.000000 2570.765381 0.000000 0.394870 0.000000 0.918737 0.766516 0.766516 0.766516
7685.340332 0.000000 2577.936035 0.000000 0.449579 0.000000 0.893240 0.773433 0.773433 0.773433
7680.712891 0.000000 2566.456299 0.000000 0.767744 0.000000 -0.640757 0.979697 0.979697 0.979697
7699.800293 0.000000 2570.310059 0.000000 0.997774 0.000000 -0.066680 0.907647 0.907647 0.907647
7698.433594 0.000000 2571.417725 0.000000 0.229633 0.000000 0.973277 0.746551 0.746551 0.746551
7762.771484 0.000000 2621.928223 0.000000 0.230044 0.000000 0.973180 0.746599 0.746599 0.746599
7761.790527 0.000000 2605.483154 0.000000 0.125110 0.000000 0.992143 0.734374 0.734374 0.734374
7757.979004 0.000000 2618.699463 0.000000 0.853792 0.000000 0.520615 0.837253 0.837253 0.837253
7760.742676 0.000000 2604.122070 0.000000 0.407796 0.000000 -0.913073 1.031867 1.031867 1.031867
7735.435547 0.000000 2674.750977 0.000000 0.995926 0.000000 0.090178 0.889652 0.889652 0.889652
7738.347168 0.000000 2670.950195 0.000000 0.790388 0.000000 0.612606 0.824444 0.824444 0.824444
7730.801270 0.000000 2666.515625 0.000000 0.610477 0.000000 -0.792034 1.004752 1.004752 1.004752
7731.939453 0.000000 2665.218994 0.000000 0.765155 0.000000 -0.643846 0.980158 0.980158 0.980158
7737.968262 0.000000 2672.447754 0.000000 0.122357 0.000000 0.992486 0.734056 0.734056 0.734056
7734.263672 0.000000 2675.156250 0.000000 0.696435 0.000000 -0.717620 0.991717 0.991717 0.991717
7732.309082 0.000000 2663.076416 0.000000 0.440038 0.000000 0.897979 0.772213 0.772213 0.772213
7731.796387 0.000000 2666.286621 0.000000 0.982989 0.000000 -0.183667 0.921167 0.921167 0.921167
7737.033203 0.000000 2672.838379 0.000000 0.647253 0.000000 -0.762275 0.999330 0.999330 0.999330
7772.900391 0.000000 2640.446777 0.000000 0.071494 0.000000 0.997441 0.728200 0.728200 0.728200
7746.160156 0.000000 2638.310303 0.000000 0.971515 0.000000 -0.236978 0.927416 0.927416 0.927416
7744.654297 0.000000 2636.387207 0.000000 0.029915 0.000000 -0.999552 1.076571 1.076571 1.076571
7772.093262 0.000000 2644.183350 0.000000 0.935518 0.000000 -0.353278 0.941376 0.941376 0.941376
7774.638184 0.000000 2641.530273 0.000000 0.340218 0.000000 0.940346 0.759780 0.759780 0.759780
7772.020020 0.000000 2640.109375 0.000000 0.548207 0.000000 0.836343 0.786488 0.786488 0.786488
7806.604492 0.000000 2649.555420 0.000000 0.035768 0.000000 -0.999360 1.075900 1.075900 1.075900
7779.652832 0.000000 2633.018311 0.000000 0.491478 0.000000 0.870890 0.778875 0.778875 0.778875
7867.086426 0.000000 2580.851562 0.000000 0.971896 0.000000 -0.235409 0.927231 0.927231 0.927231
7870.596680 0.000000 2585.571045 0.000000 0.689721 0.000000 -0.724075 0.992784 0.992784 0.992784
7871.264648 0.000000 2584.475342 0.000000 0.518348 0.000000 -0.855170 1.017557 1.017557 1.017557
7885.074219 0.000000 2587.809570 0.000000 0.541081 0.000000 0.840971 0.785514 0.785514 0.785514
7877.096680 0.000000 2589.162109 0.000000 0.833028 0.000000 -0.553231 0.967178 0.967178 0.967178
7876.901855 0.000000 2587.023193 0.000000 0.948082 0.000000 0.318026 0.862913 0.862913 0.862913
7877.648926 0.000000 2589.992920 0.000000 0.689186 0.000000 -0.724585 0.992869 0.992869 0.992869
7874.964844 0.000000 2592.485596 0.000000 0.789103 0.000000 0.614261 0.824204 0.824204 0.824204
7807.272461 0.000000 2648.459717 0.000000 0.969830 0.000000 -0.243781 0.928220 0.928220 0.928220
6211.683594 0.000000 3150.320068 0.000000 0.174288 0.000000 0.984695 0.740074 0.740074 0.740074
6148.614746 0.000000 3366.318848 0.000000 0.560027 0.000000 -0.828475 1.011885 1.011885 1.011885
6779.219238 0.000000 3252.687500 0.000000 0.983063 0.000000 -0.183269 0.921120 0.921120 0.921120
6779.453613 0.000000 3255.121582 0.000000 0.565527 0.000000 -0.824730 1.011122 1.011122 1.011122
6781.596680 0.000000 3252.055908 0.000000 0.515341 0.000000 -0.856985 1.017959 1.017959 1.017959
6791.529297 0.000000 3254.082764 0.000000 0.931253 0.000000 0.364373 0.857262 0.857262 0.857262
6320.910645 0.000000 3610.235107 0.000000 0.995741 0.000000 0.092195 0.889420 0.889420 0.889420
6318.659668 0.000000 3606.482910 0.000000 0.654935 0.000000 -0.755685 0.998171 0.998171 0.998171
6313.859863 0.000000 3610.453613 0.000000 0.567913 0.000000 -0.823089 1.010790 1.010790 1.010790
6376.857422 0.000000 3646.301514 0.000000 0.907468 0.000000 0.420121 0.850316 0.850316 0.850316
6371.772949 0.000000 3640.742188 0.000000 0.969905 0.000000 -0.243485 0.928185 0.928185 0.928185
6356.052734 0.000000 3653.502930 0.000000 0.694999 0.000000 -0.719011 0.991946 0.991946 0.991946
6381.713867 0.000000 3650.064941 0.000000 0.519429 0.000000 -0.854514 1.017412 1.017412 1.017412
6379.815918 0.000000 3653.288818 0.000000 0.693405 0.000000 -0.720548 0.992200 0.992200 0.992200
6379.913574 0.000000 3648.872559 0.000000 0.517535 0.000000 -0.855662 1.017666 1.017666 1.017666
6379.885742 0.000000 3652.038330 0.000000 0.558872 0.000000 -0.829254 1.012044 1.012044 1.012044
6378.543945 0.000000 3650.282959 0.000000 0.561331 0.000000 -0.827591 1.011704 1.011704 1.011704
6411.911133 0.000000 3624.460449 0.000000 0.737838 0.000000 -0.674978 0.984905 0.984905 0.984905
6444.150391 0.000000 3643.502197 0.000000 0.069611 0.000000 0.997574 0.727983 0.727983 0.727983
6589.723145 0.000000 3586.287842 0.000000 0.795601 0.000000 0.605820 0.825424 0.825424 0.825424
7252.772461 0.000000 3300.826904 0.000000 0.715241 0.000000 0.698878 0.811326 0.811326 0.811326
7293.362793 0.000000 3302.141602 0.000000 0.869641 0.000000 -0.493684 0.959166 0.959166 0.959166
7305.738770 0.000000 3290.531738 0.000000 0.999786 0.000000 -0.020704 0.902373 0.902373 0.902373
7177.372559 0.000000 3394.562256 0.000000 0.991824 0.000000 -0.127612 0.914663 0.914663 0.914663
7296.957520 0.000000 3362.058838 0.000000 0.518969 0.000000 -0.854793 1.017474 1.017474 1.017474
7298.911621 0.000000 3365.287354 0.000000 0.884849 0.000000 0.465877 0.844466 0.844466 0.844466
"}
object={
	name="tree_savanna_generator_1_5"
	clamp_to_water_level=no
	render_under_water=no
	generated_content=yes
	layer="tree_layer"
	pdxmesh="tree_acacia_06_mesh"
	count=911
	transform="1176.270508 0.000000 2851.753418 0.000000 0.510324 0.000000 0.859982 0.607733 0.607733 0.607733
1181.218506 0.000000 2853.732422 0.000000 0.347797 0.000000 -0.937570 0.808340 0.808340 0.808340
1182.533081 0.000000 2862.923828 0.000000 0.406131 0.000000 -0.913815 0.802726 0.802726 0.802726
1184.087036 0.000000 2855.404053 0.000000 0.288831 0.000000 -0.957380 0.813885 0.813885 0.813885
1683.892822 0.000000 2662.745850 0.000000 0.552169 0.000000 -0.833733 0.787864 0.787864 0.787864
1670.074585 0.000000 2673.912598 0.000000 0.797551 0.000000 -0.603251 0.757716 0.757716 0.757716
1719.622437 0.000000 2685.038818 0.000000 0.934228 0.000000 -0.356677 0.732505 0.732505 0.732505
1748.293579 0.000000 2670.010254 0.000000 0.968274 0.000000 0.249892 0.677489 0.677489 0.677489
1744.236938 0.000000 2669.802734 0.000000 0.996782 0.000000 0.080155 0.692848 0.692848 0.692848
1751.210938 0.000000 2672.696289 0.000000 0.908783 0.000000 -0.417269 0.738364 0.738364 0.738364
1553.009155 0.000000 2717.122559 0.000000 0.502440 0.000000 -0.864612 0.793082 0.793082 0.793082
1552.259155 0.000000 2723.657959 0.000000 0.596413 0.000000 -0.802678 0.783046 0.783046 0.783046
1564.031372 0.000000 2765.392822 0.000000 0.722750 0.000000 -0.691110 0.768006 0.768006 0.768006
1679.700195 0.000000 2697.988281 0.000000 0.085936 0.000000 0.996301 0.567669 0.567669 0.567669
1681.476807 0.000000 2714.453857 0.000000 0.859312 0.000000 0.511452 0.652150 0.652150 0.652150
1675.947388 0.000000 2706.532227 0.000000 0.138191 0.000000 -0.990406 0.827644 0.827644 0.827644
1677.831543 0.000000 2715.778320 0.000000 0.138139 0.000000 -0.990413 0.827649 0.827649 0.827649
1674.703369 0.000000 2713.242432 0.000000 0.832866 0.000000 0.553475 0.647724 0.647724 0.647724
1679.668213 0.000000 2709.028809 0.000000 0.997232 0.000000 0.074354 0.693367 0.693367 0.693367
1677.616943 0.000000 2701.829834 0.000000 0.640127 0.000000 -0.768269 0.778087 0.778087 0.778087
1725.071533 0.000000 2688.574707 0.000000 0.980420 0.000000 0.196917 0.682334 0.682334 0.682334
1714.971802 0.000000 2689.146484 0.000000 0.729733 0.000000 0.683732 0.632900 0.632900 0.632900
1727.169434 0.000000 2689.893311 0.000000 0.082681 0.000000 0.996576 0.567378 0.567378 0.567378
1687.218750 0.000000 2736.680664 0.000000 0.077785 0.000000 -0.996970 0.833060 0.833060 0.833060
1689.597046 0.000000 2735.858643 0.000000 0.982652 0.000000 0.185457 0.683375 0.683375 0.683375
1729.636719 0.000000 2690.222900 0.000000 0.555128 0.000000 0.831765 0.612453 0.612453 0.612453
1772.047363 0.000000 2691.124512 0.000000 0.999787 0.000000 0.020656 0.698159 0.698159 0.698159
1768.899170 0.000000 2695.218262 0.000000 0.933034 0.000000 0.359788 0.667198 0.667198 0.667198
1702.064697 0.000000 2768.050049 0.000000 0.995667 0.000000 -0.092992 0.708300 0.708300 0.708300
1741.626831 0.000000 2807.109375 0.000000 0.135413 0.000000 0.990789 0.572106 0.572106 0.572106
1731.591064 0.000000 2789.427979 0.000000 0.865998 0.000000 0.500048 0.653328 0.653328 0.653328
1743.660400 0.000000 2805.005371 0.000000 0.982650 0.000000 0.185469 0.683373 0.683373 0.683373
1734.093872 0.000000 2789.031982 0.000000 0.952748 0.000000 0.303762 0.672492 0.672492 0.672492
1812.285767 0.000000 2702.002441 0.000000 0.988534 0.000000 -0.150997 0.713510 0.713510 0.713510
1813.645020 0.000000 2713.059814 0.000000 0.401178 0.000000 -0.916000 0.803208 0.803208 0.803208
1811.858521 0.000000 2706.091797 0.000000 0.460739 0.000000 0.887536 0.602676 0.602676 0.602676
1821.048096 0.000000 2711.354248 0.000000 0.725219 0.000000 0.688519 0.632313 0.632313 0.632313
1821.626465 0.000000 2704.431152 0.000000 0.554828 0.000000 0.831965 0.612420 0.612420 0.612420
1847.606812 0.000000 2717.031006 0.000000 0.980980 0.000000 -0.194108 0.717411 0.717411 0.717411
1853.091187 0.000000 2715.193115 0.000000 0.796533 0.000000 -0.604595 0.757866 0.757866 0.757866
1823.780029 0.000000 2707.943604 0.000000 0.681737 0.000000 -0.731598 0.773143 0.773143 0.773143
1810.477295 0.000000 2742.108887 0.000000 0.982515 0.000000 0.186182 0.683309 0.683309 0.683309
1816.526733 0.000000 2743.184082 0.000000 0.080614 0.000000 0.996745 0.567193 0.567193 0.567193
1824.127441 0.000000 2732.819824 0.000000 0.500488 0.000000 0.865743 0.606717 0.606717 0.606717
1826.730103 0.000000 2732.716309 0.000000 0.996183 0.000000 -0.087285 0.707789 0.707789 0.707789
1830.082153 0.000000 2725.047607 0.000000 0.887677 0.000000 0.460466 0.657351 0.657351 0.657351
1855.153809 0.000000 2721.885498 0.000000 0.979887 0.000000 -0.199552 0.717906 0.717906 0.717906
1830.783447 0.000000 2732.646729 0.000000 0.550236 0.000000 -0.835009 0.788070 0.788070 0.788070
1829.005859 0.000000 2729.695801 0.000000 0.833175 0.000000 0.553010 0.647774 0.647774 0.647774
1853.433716 0.000000 2721.967285 0.000000 0.997260 0.000000 0.073970 0.693401 0.693401 0.693401
1859.190430 0.000000 2713.589844 0.000000 0.304756 0.000000 0.952431 0.587601 0.587601 0.587601
1860.471558 0.000000 2707.677490 0.000000 0.412173 0.000000 0.911106 0.597864 0.597864 0.597864
1883.113037 0.000000 2745.356445 0.000000 0.967817 0.000000 0.251654 0.677327 0.677327 0.677327
1859.575439 0.000000 2725.443604 0.000000 0.981100 0.000000 0.193504 0.682644 0.682644 0.682644
1880.518921 0.000000 2743.184082 0.000000 0.243100 0.000000 -0.970001 0.818114 0.818114 0.818114
1877.217651 0.000000 2722.790527 0.000000 0.296702 0.000000 -0.954970 0.813152 0.813152 0.813152
1860.748535 0.000000 2722.455811 0.000000 0.689524 0.000000 0.724262 0.627810 0.627810 0.627810
1856.963867 0.000000 2724.848389 0.000000 0.184262 0.000000 -0.982877 0.823483 0.823483 0.823483
1883.258667 0.000000 2751.279297 0.000000 0.909662 0.000000 -0.415350 0.738175 0.738175 0.738175
1884.801514 0.000000 2745.500732 0.000000 0.990131 0.000000 0.140145 0.687468 0.687468 0.687468
1855.836914 0.000000 2719.904297 0.000000 0.886823 0.000000 -0.462109 0.742814 0.742814 0.742814
1905.449463 0.000000 2746.446045 0.000000 0.830161 0.000000 0.557524 0.647290 0.647290 0.647290
1894.135132 0.000000 2730.726318 0.000000 0.685444 0.000000 0.728126 0.627310 0.627310 0.627310
1909.086548 0.000000 2742.539062 0.000000 0.647779 0.000000 0.761828 0.622805 0.622805 0.622805
1910.297729 0.000000 2747.149658 0.000000 0.073345 0.000000 0.997307 0.566543 0.566543 0.566543
1902.776611 0.000000 2731.974609 0.000000 0.080689 0.000000 0.996739 0.567199 0.567199 0.567199
1891.303223 0.000000 2731.473877 0.000000 0.886408 0.000000 0.462905 0.657106 0.657106 0.657106
1882.772217 0.000000 2760.354492 0.000000 0.727521 0.000000 0.686085 0.632612 0.632612 0.632612
1880.815552 0.000000 2758.446777 0.000000 0.828018 0.000000 -0.560702 0.753051 0.753051 0.753051
1879.506714 0.000000 2757.507812 0.000000 0.643117 0.000000 -0.765768 0.777740 0.777740 0.777740
1880.168823 0.000000 2754.274414 0.000000 0.299028 0.000000 0.954244 0.587065 0.587065 0.587065
1915.918213 0.000000 2768.576416 0.000000 0.356456 0.000000 -0.934312 0.807516 0.807516 0.807516
1919.715088 0.000000 2756.393311 0.000000 0.026714 0.000000 0.999643 0.562381 0.562381 0.562381
1918.418945 0.000000 2770.187256 0.000000 0.756829 0.000000 -0.653613 0.763489 0.763489 0.763489
1916.370117 0.000000 2771.067871 0.000000 0.966697 0.000000 -0.255925 0.723066 0.723066 0.723066
1897.508057 0.000000 2751.892090 0.000000 0.395432 0.000000 -0.918495 0.803767 0.803767 0.803767
1926.857300 0.000000 2759.444824 0.000000 0.766256 0.000000 0.642536 0.637807 0.637807 0.637807
1923.495850 0.000000 2762.046387 0.000000 0.828344 0.000000 0.560220 0.647001 0.647001 0.647001
1934.571411 0.000000 2758.140381 0.000000 0.761402 0.000000 0.648280 0.637137 0.637137 0.637137
1936.183105 0.000000 2776.038086 0.000000 0.353782 0.000000 -0.935328 0.807771 0.807771 0.807771
1934.772705 0.000000 2763.966797 0.000000 0.249387 0.000000 0.968404 0.582464 0.582464 0.582464
1934.186401 0.000000 2770.744873 0.000000 0.794496 0.000000 -0.607269 0.974784 0.974784 0.974784
1926.771729 0.000000 2764.638916 0.000000 0.597261 0.000000 -0.802047 0.782952 0.782952 0.782952
1927.064453 0.000000 2761.188232 0.000000 0.023292 0.000000 -0.999729 0.837924 0.837924 0.837924
1933.108643 0.000000 2769.554932 0.000000 0.988614 0.000000 -0.150474 0.917309 0.917309 0.917309
1921.581177 0.000000 2755.584717 0.000000 0.936101 0.000000 0.351731 0.667966 0.667966 0.667966
1934.857422 0.000000 2765.364502 0.000000 0.074022 0.000000 0.997257 0.566603 0.566603 0.566603
1927.311890 0.000000 2763.492920 0.000000 0.591283 0.000000 -0.806464 0.783614 0.783614 0.783614
1931.371094 0.000000 2763.639404 0.000000 0.989841 0.000000 0.142177 0.687285 0.687285 0.687285
1937.323242 0.000000 2770.648438 0.000000 0.288697 0.000000 -0.957421 0.813898 0.813898 0.813898
1934.031738 0.000000 2769.066406 0.000000 0.953279 0.000000 -0.302092 0.935167 0.935167 0.935167
1931.391235 0.000000 2798.689697 0.000000 0.645348 0.000000 0.763889 0.622521 0.622521 0.622521
1930.013062 0.000000 2786.710693 0.000000 0.599867 0.000000 0.800100 0.617338 0.617338 0.617338
1946.666992 0.000000 2796.185059 0.000000 0.999221 0.000000 -0.039459 0.703518 0.703518 0.703518
1736.162354 0.000000 2819.559082 0.000000 0.915838 0.000000 0.401548 0.663172 0.663172 0.663172
1741.677734 0.000000 2815.326172 0.000000 0.679363 0.000000 -0.733803 0.773432 0.773432 0.773432
1757.067627 0.000000 2848.535645 0.000000 0.726864 0.000000 0.686782 0.632526 0.632526 0.632526
1752.200195 0.000000 2851.753418 0.000000 0.951443 0.000000 -0.307825 0.727888 0.727888 0.727888
1755.265259 0.000000 2851.111816 0.000000 0.861748 0.000000 0.507337 0.652576 0.652576 0.652576
1760.010132 0.000000 2872.405029 0.000000 0.183860 0.000000 -0.982952 0.823519 0.823519 0.823519
1775.409790 0.000000 2879.150879 0.000000 0.402505 0.000000 0.915418 0.596921 0.596921 0.596921
1774.590942 0.000000 2886.109131 0.000000 0.952005 0.000000 -0.306082 0.727725 0.727725 0.727725
1773.819824 0.000000 2907.731445 0.000000 0.887814 0.000000 0.460202 0.657378 0.657378 0.657378
1770.691650 0.000000 2905.195557 0.000000 0.761895 0.000000 0.647700 0.637205 0.637205 0.637205
1776.981812 0.000000 2909.075684 0.000000 0.239882 0.000000 -0.970802 0.818410 0.818410 0.818410
1773.187378 0.000000 2900.651123 0.000000 0.677993 0.000000 -0.735068 0.773598 0.773598 0.773598
1772.479492 0.000000 2904.594482 0.000000 0.990236 0.000000 -0.139399 0.712465 0.712465 0.712465
1768.086548 0.000000 2879.343750 0.000000 0.499657 0.000000 -0.866223 0.793369 0.793369 0.793369
1781.648926 0.000000 2937.005127 0.000000 0.299406 0.000000 -0.954126 0.812899 0.812899 0.812899
1781.469727 0.000000 2920.130615 0.000000 0.556558 0.000000 -0.830809 0.787394 0.787394 0.787394
1821.048096 0.000000 2839.322998 0.000000 0.457551 0.000000 0.889183 0.602357 0.602357 0.602357
1819.866577 0.000000 2844.226562 0.000000 0.916600 0.000000 0.399805 0.663342 0.663342 0.663342
1818.551270 0.000000 2844.268066 0.000000 0.353635 0.000000 -0.935383 0.807785 0.807785 0.807785
1847.272461 0.000000 2825.015625 0.000000 0.029965 0.000000 0.999551 0.562671 0.562671 0.562671
1837.615112 0.000000 2839.101562 0.000000 0.857961 0.000000 -0.513715 0.748085 0.748085 0.748085
1847.606812 0.000000 2844.999756 0.000000 0.078615 0.000000 -0.996905 0.832986 0.832986 0.832986
1828.265625 0.000000 2833.579346 0.000000 0.755723 0.000000 -0.654891 0.763640 0.763640 0.763640
1847.199219 0.000000 2832.657227 0.000000 0.724930 0.000000 -0.688823 0.767724 0.767724 0.767724
1830.352051 0.000000 2843.677979 0.000000 0.512456 0.000000 0.858714 0.607954 0.607954 0.607954
1826.764282 0.000000 2843.568359 0.000000 0.911148 0.000000 0.412080 0.662145 0.662145 0.662145
1835.038818 0.000000 2836.335938 0.000000 0.864179 0.000000 0.503184 0.653005 0.653005 0.653005
1829.109619 0.000000 2842.096191 0.000000 0.355849 0.000000 -0.934543 0.807574 0.807574 0.807574
1825.210571 0.000000 2842.046631 0.000000 0.645098 0.000000 -0.764100 0.777509 0.777509 0.777509
1842.017090 0.000000 2833.698975 0.000000 0.999575 0.000000 -0.029149 0.702598 0.702598 0.702598
1844.211304 0.000000 2841.765625 0.000000 0.406588 0.000000 -0.913612 0.802681 0.802681 0.802681
1823.844238 0.000000 2842.650146 0.000000 0.506133 0.000000 -0.862455 0.792701 0.792701 0.792701
1851.947388 0.000000 2840.209961 0.000000 0.755942 0.000000 -0.654639 0.763610 0.763610 0.763610
1845.479004 0.000000 2837.153320 0.000000 0.399779 0.000000 0.916611 0.596656 0.596656 0.596656
1797.196655 0.000000 2861.927002 0.000000 0.349953 0.000000 -0.936767 0.808135 0.808135 0.808135
1794.167114 0.000000 2871.188232 0.000000 0.086528 0.000000 0.996249 0.567722 0.567722 0.567722
1794.768188 0.000000 2875.560547 0.000000 0.457954 0.000000 -0.888976 0.797603 0.797603 0.797603
1823.196167 0.000000 2864.357178 0.000000 0.639520 0.000000 -0.768774 0.778157 0.778157 0.778157
1794.974121 0.000000 2864.629639 0.000000 0.504550 0.000000 -0.863382 0.792864 0.792864 0.792864
1822.365601 0.000000 2852.848877 0.000000 0.824152 0.000000 -0.566369 0.753663 0.753663 0.753663
1794.989502 0.000000 2865.993652 0.000000 0.554389 0.000000 0.832257 0.612373 0.612373 0.612373
1820.149292 0.000000 2847.734619 0.000000 0.981143 0.000000 0.193285 0.682664 0.682664 0.682664
1851.926025 0.000000 2864.552979 0.000000 0.650371 0.000000 0.759617 0.623108 0.623108 0.623108
1835.281006 0.000000 2856.432129 0.000000 0.765691 0.000000 0.643209 0.637729 0.637729 0.637729
1849.154175 0.000000 2847.370850 0.000000 0.990432 0.000000 -0.138003 0.712339 0.712339 0.712339
1832.717407 0.000000 2859.609375 0.000000 0.931807 0.000000 -0.362953 0.733105 0.733105 0.733105
1840.225220 0.000000 2861.755859 0.000000 0.970330 0.000000 0.241786 0.678235 0.678235 0.678235
1843.448730 0.000000 2856.745361 0.000000 0.887982 0.000000 -0.459878 0.742590 0.742590 0.742590
1843.493774 0.000000 2877.865723 0.000000 0.966593 0.000000 -0.256316 0.723102 0.723102 0.723102
1825.911133 0.000000 2863.456787 0.000000 0.023014 0.000000 0.999735 0.562051 0.562051 0.562051
1830.142944 0.000000 2858.695068 0.000000 0.858510 0.000000 -0.512796 0.747989 0.747989 0.747989
1844.017212 0.000000 2875.231445 0.000000 0.456579 0.000000 -0.889683 0.797741 0.797741 0.797741
1837.179565 0.000000 2868.658936 0.000000 0.727466 0.000000 0.686144 0.632604 0.632604 0.632604
1855.153809 0.000000 2849.854248 0.000000 0.350259 0.000000 0.936653 0.591894 0.591894 0.591894
1842.156982 0.000000 2867.613281 0.000000 0.077889 0.000000 0.996962 0.566949 0.566949 0.566949
1826.046143 0.000000 2877.569092 0.000000 0.180891 0.000000 -0.983503 0.823788 0.823788 0.823788
1833.712036 0.000000 2866.805908 0.000000 0.251728 0.000000 0.967798 0.582680 0.582680 0.582680
1830.783447 0.000000 2860.615479 0.000000 0.761370 0.000000 -0.648318 0.762868 0.762868 0.762868
1854.770386 0.000000 2847.545898 0.000000 0.071375 0.000000 -0.997450 0.833633 0.833633 0.833633
1839.742310 0.000000 2875.498779 0.000000 0.250180 0.000000 0.968199 0.582537 0.582537 0.582537
1833.618896 0.000000 2863.014160 0.000000 0.757568 0.000000 -0.652756 0.763388 0.763388 0.763388
1829.141602 0.000000 2854.443848 0.000000 0.503698 0.000000 -0.863880 0.792952 0.792952 0.792952
1840.841309 0.000000 2870.504639 0.000000 0.862454 0.000000 0.506135 0.652701 0.652701 0.652701
1833.357422 0.000000 2858.405029 0.000000 0.930694 0.000000 -0.365800 0.733377 0.733377 0.733377
1871.398071 0.000000 2847.158691 0.000000 0.295674 0.000000 0.955289 0.586752 0.586752 0.586752
1869.611206 0.000000 2839.101562 0.000000 0.911848 0.000000 0.410527 0.662296 0.662296 0.662296
1883.196899 0.000000 2845.169678 0.000000 0.679306 0.000000 -0.733855 0.773439 0.773439 0.773439
1862.629272 0.000000 2838.496582 0.000000 0.603249 0.000000 0.797553 0.617716 0.617716 0.617716
1864.979370 0.000000 2839.478516 0.000000 0.594132 0.000000 -0.804368 0.783299 0.783299 0.783299
1864.807251 0.000000 2841.140869 0.000000 0.980633 0.000000 0.195856 0.682430 0.682430 0.682430
1860.691650 0.000000 2843.564453 0.000000 0.950839 0.000000 -0.309685 0.728063 0.728063 0.728063
1861.830811 0.000000 2845.099609 0.000000 0.080288 0.000000 0.996772 0.567164 0.567164 0.567164
1866.256592 0.000000 2876.827881 0.000000 0.766500 0.000000 0.642244 0.637841 0.637841 0.637841
1883.113037 0.000000 2873.325195 0.000000 0.021555 0.000000 -0.999768 0.838079 0.838079 0.838079
1879.602905 0.000000 2876.991943 0.000000 0.499242 0.000000 -0.866462 0.793411 0.793411 0.793411
1864.713501 0.000000 2859.609375 0.000000 0.831707 0.000000 -0.555215 0.752462 0.752462 0.752462
1869.808105 0.000000 2875.739258 0.000000 0.760828 0.000000 0.648953 0.637058 0.637058 0.637058
1882.146729 0.000000 2867.679443 0.000000 0.347294 0.000000 -0.937756 0.808388 0.808388 0.808388
1881.699463 0.000000 2858.691650 0.000000 0.353079 0.000000 -0.935594 0.807838 0.807838 0.807838
1872.970093 0.000000 2877.083496 0.000000 0.829582 0.000000 0.558385 0.647198 0.647198 0.647198
1862.348145 0.000000 2875.670166 0.000000 0.245950 0.000000 0.969283 0.582148 0.582148 0.582148
1862.045166 0.000000 2864.026611 0.000000 0.551023 0.000000 -0.834490 0.787986 0.787986 0.787986
1877.680298 0.000000 2878.584473 0.000000 0.989612 0.000000 0.143766 0.687142 0.687142 0.687142
1882.888306 0.000000 2853.554443 0.000000 0.996623 0.000000 0.082112 0.692673 0.692673 0.692673
1868.467773 0.000000 2872.602295 0.000000 0.999334 0.000000 -0.036484 0.703252 0.703252 0.703252
1868.539062 0.000000 2876.733887 0.000000 0.989859 0.000000 0.142050 0.687297 0.687297 0.687297
1868.952393 0.000000 2874.265625 0.000000 0.997312 0.000000 0.073273 0.693464 0.693464 0.693464
1887.994507 0.000000 2872.405029 0.000000 0.951694 0.000000 0.307047 0.672185 0.672185 0.672185
1888.077026 0.000000 2866.362793 0.000000 0.551811 0.000000 -0.833970 0.787902 0.787902 0.787902
1894.964111 0.000000 2873.157715 0.000000 0.686651 0.000000 -0.726987 0.772542 0.772542 0.772542
1898.676025 0.000000 2873.203369 0.000000 0.019082 0.000000 0.999818 0.561701 0.561701 0.561701
1889.718384 0.000000 2865.410645 0.000000 0.763299 0.000000 0.646046 0.637398 0.637398 0.637398
1889.295898 0.000000 2848.377686 0.000000 0.728529 0.000000 0.685015 0.632743 0.632743 0.632743
1893.561646 0.000000 2869.253662 0.000000 0.596974 0.000000 0.802261 0.617016 0.617016 0.617016
1824.084839 0.000000 2898.354980 0.000000 0.999266 0.000000 -0.038317 0.703416 0.703416 0.703416
1853.136475 0.000000 2885.724609 0.000000 0.453160 0.000000 -0.891429 0.798083 0.798083 0.798083
1835.281006 0.000000 2888.424316 0.000000 0.501150 0.000000 -0.865360 0.793215 0.793215 0.793215
1832.150635 0.000000 2883.543457 0.000000 0.395351 0.000000 -0.918530 0.803774 0.803774 0.803774
1832.983276 0.000000 2903.462891 0.000000 0.505371 0.000000 0.862902 0.607220 0.607220 0.607220
1828.575684 0.000000 2903.597900 0.000000 0.981817 0.000000 0.189828 0.682978 0.682978 0.682978
1830.049072 0.000000 2896.018799 0.000000 0.554680 0.000000 -0.832063 0.787595 0.787595 0.787595
1828.768921 0.000000 2888.121338 0.000000 0.681528 0.000000 -0.731792 0.773168 0.773168 0.773168
1841.614014 0.000000 2889.717529 0.000000 0.727460 0.000000 0.686150 0.632604 0.632604 0.632604
1845.181641 0.000000 2908.708496 0.000000 0.954448 0.000000 0.298378 0.672995 0.672995 0.672995
1854.971924 0.000000 2889.916748 0.000000 0.982163 0.000000 0.188030 0.683141 0.683141 0.683141
1836.918945 0.000000 2895.058594 0.000000 0.361623 0.000000 0.932324 0.592978 0.592978 0.592978
1848.823975 0.000000 2925.193115 0.000000 0.355336 0.000000 -0.934739 0.807623 0.807623 0.807623
1850.776123 0.000000 2920.315430 0.000000 0.797740 0.000000 0.603002 0.642312 0.642312 0.642312
1851.996216 0.000000 2925.353760 0.000000 0.727983 0.000000 -0.685595 0.767328 0.767328 0.767328
1854.426758 0.000000 2930.148193 0.000000 0.887920 0.000000 -0.459999 0.742602 0.742602 0.742602
1877.217651 0.000000 2882.751465 0.000000 0.934531 0.000000 -0.355882 0.732429 0.732429 0.732429
1883.992310 0.000000 2893.361572 0.000000 0.456704 0.000000 -0.889619 0.797728 0.797728 0.797728
1886.857056 0.000000 2888.244385 0.000000 0.133466 0.000000 0.991053 0.571931 0.571931 0.571931
1869.662109 0.000000 2879.310547 0.000000 0.826616 0.000000 -0.562766 0.753274 0.753274 0.753274
1875.869385 0.000000 2886.691162 0.000000 0.932070 0.000000 0.362278 0.666960 0.666960 0.666960
1873.698853 0.000000 2879.462891 0.000000 0.798185 0.000000 0.602412 0.642378 0.642378 0.642378
1883.608521 0.000000 2890.437500 0.000000 0.865863 0.000000 0.500281 0.653304 0.653304 0.653304
1881.997559 0.000000 2897.729980 0.000000 0.729947 0.000000 0.683504 0.632927 0.632927 0.632927
1885.040283 0.000000 2903.307373 0.000000 0.646206 0.000000 0.763163 0.622621 0.622621 0.622621
1857.423462 0.000000 2886.378174 0.000000 0.132397 0.000000 -0.991197 0.828165 0.828165 0.828165
1881.718628 0.000000 2902.228027 0.000000 0.996192 0.000000 0.087190 0.692219 0.692219 0.692219
1873.043579 0.000000 2882.089111 0.000000 0.988819 0.000000 -0.149122 0.713341 0.713341 0.713341
1875.690552 0.000000 2882.518799 0.000000 0.793549 0.000000 -0.608506 0.758305 0.758305 0.758305
1871.251587 0.000000 2884.753662 0.000000 0.887119 0.000000 0.461542 0.657243 0.657243 0.657243
1873.503296 0.000000 2884.213623 0.000000 0.245612 0.000000 0.969368 0.582117 0.582117 0.582117
1894.229980 0.000000 2879.593506 0.000000 0.980958 0.000000 0.194221 0.682579 0.682579 0.682579
1881.450806 0.000000 2939.917969 0.000000 0.857249 0.000000 -0.514901 0.748208 0.748208 0.748208
1871.738403 0.000000 2939.483154 0.000000 0.245823 0.000000 0.969315 0.582136 0.582136 0.582136
1876.521362 0.000000 2936.248779 0.000000 0.862638 0.000000 0.505822 0.652733 0.652733 0.652733
1832.983276 0.000000 2967.447266 0.000000 0.965344 0.000000 -0.260979 0.723533 0.723533 0.723533
1873.453369 0.000000 3002.383545 0.000000 0.197832 0.000000 0.980236 0.577749 0.577749 0.577749
1885.132568 0.000000 2981.701172 0.000000 0.075837 0.000000 0.997120 0.566766 0.566766 0.566766
1875.489868 0.000000 3005.834473 0.000000 0.797622 0.000000 0.603158 0.642295 0.642295 0.642295
1878.084717 0.000000 2988.596924 0.000000 0.451113 0.000000 -0.892467 0.798288 0.798288 0.798288
1851.116943 0.000000 3033.286133 0.000000 0.135845 0.000000 0.990730 0.572145 0.572145 0.572145
1888.077026 0.000000 3026.323730 0.000000 0.999796 0.000000 0.020215 0.698198 0.698198 0.698198
1891.893433 0.000000 3029.357178 0.000000 0.494927 0.000000 -0.868935 0.793855 0.793855 0.793855
1918.269653 0.000000 3032.712402 0.000000 0.857344 0.000000 -0.514744 0.748192 0.748192 0.748192
1889.903320 0.000000 3023.417725 0.000000 0.914993 0.000000 0.403469 0.662985 0.662985 0.662985
1894.319580 0.000000 3027.641602 0.000000 0.886420 0.000000 0.462882 0.657108 0.657108 0.657108
1866.020874 0.000000 3042.648193 0.000000 0.552619 0.000000 -0.833434 0.787816 0.787816 0.787816
1903.734497 0.000000 3067.451904 0.000000 0.859765 0.000000 -0.510690 0.747771 0.747771 0.747771
1933.654297 0.000000 3071.263672 0.000000 0.508420 0.000000 0.861109 0.607536 0.607536 0.607536
5974.977051 0.000000 1621.250122 0.000000 0.912672 0.000000 0.408694 0.851754 0.851754 0.851754
6014.853027 0.000000 1617.780396 0.000000 0.764856 0.000000 0.644201 0.819788 0.819788 0.819788
5977.250488 0.000000 1637.953979 0.000000 0.914117 0.000000 -0.405450 0.947839 0.947839 0.947839
6021.570801 0.000000 1605.321045 0.000000 0.507461 0.000000 0.861675 0.780990 0.780990 0.780990
6015.278809 0.000000 1615.939453 0.000000 0.455204 0.000000 -0.890387 1.025844 1.025844 1.025844
6017.323730 0.000000 1611.401733 0.000000 0.187499 0.000000 -0.982265 1.058386 1.058386 1.058386
6015.344238 0.000000 1614.461914 0.000000 0.828844 0.000000 -0.559480 0.968040 0.968040 0.968040
6015.937988 0.000000 1617.135742 0.000000 0.864350 0.000000 0.502891 0.839617 0.839617 0.839617
6021.598145 0.000000 1609.967285 0.000000 0.762540 0.000000 -0.646941 0.980623 0.980623 0.980623
7295.091797 0.000000 380.639435 0.000000 0.460868 0.000000 0.887469 0.774886 0.774886 0.774886
7303.941895 0.000000 382.253967 0.000000 0.909889 0.000000 -0.414852 0.949020 0.949020 0.949020
7308.893066 0.000000 376.834595 0.000000 0.449397 0.000000 -0.893332 1.026590 1.026590 1.026590
7308.588379 0.000000 377.796753 0.000000 0.452807 0.000000 -0.891609 1.026152 1.026152 1.026152
7310.249023 0.000000 386.164917 0.000000 0.402352 0.000000 0.915485 0.767451 0.767451 0.767451
7484.165527 0.000000 391.233002 0.000000 0.136458 0.000000 -0.990646 1.064314 1.064314 1.064314
7507.590820 0.000000 398.564850 0.000000 0.298411 0.000000 -0.954437 1.045275 1.045275 1.045275
7506.214355 0.000000 405.359161 0.000000 0.730425 0.000000 0.682993 0.813844 0.813844 0.813844
7506.790527 0.000000 398.972687 0.000000 0.360123 0.000000 0.932905 0.762215 0.762215 0.762215
7557.443848 0.000000 491.273163 0.000000 0.857004 0.000000 -0.515310 0.962036 0.962036 0.962036
7567.472656 0.000000 496.860962 0.000000 0.346783 0.000000 -0.937945 1.039419 1.039419 1.039419
7560.218262 0.000000 500.106293 0.000000 0.797480 0.000000 0.603345 0.825780 0.825780 0.825780
7567.282715 0.000000 497.845764 0.000000 0.911724 0.000000 -0.410803 0.948511 0.948511 0.948511
7252.627441 0.000000 538.991455 0.000000 0.458764 0.000000 -0.888558 1.025385 1.025385 1.025385
7387.145020 0.000000 565.343750 0.000000 0.792047 0.000000 -0.610460 0.975245 0.975245 0.975245
7390.382812 0.000000 564.385498 0.000000 0.995882 0.000000 -0.090660 0.910403 0.910403 0.910403
7380.560059 0.000000 572.145081 0.000000 0.796435 0.000000 0.604724 0.825582 0.825582 0.825582
7389.424316 0.000000 571.647156 0.000000 0.196686 0.000000 0.980466 0.742687 0.742687 0.742687
7392.531250 0.000000 570.601257 0.000000 0.679551 0.000000 -0.733628 0.994383 0.994383 0.994383
7395.210449 0.000000 571.166321 0.000000 0.991238 0.000000 0.132089 0.884819 0.884819 0.884819
7376.974121 0.000000 577.491150 0.000000 0.351461 0.000000 -0.936203 1.038847 1.038847 1.038847
7226.022949 0.000000 748.685059 0.000000 0.072207 0.000000 -0.997390 1.071718 1.071718 1.071718
7634.950195 0.000000 599.682739 0.000000 0.795581 0.000000 -0.605847 0.974580 0.974580 0.974580
7634.678223 0.000000 595.833191 0.000000 0.455432 0.000000 0.890270 0.774185 0.774185 0.774185
7643.184570 0.000000 606.706055 0.000000 0.954888 0.000000 0.296966 0.865449 0.865449 0.865449
7645.461426 0.000000 607.378357 0.000000 0.353807 0.000000 -0.935318 1.038559 1.038559 1.038559
7656.164062 0.000000 603.359741 0.000000 0.302311 0.000000 0.953209 0.755193 0.755193 0.755193
7652.858887 0.000000 597.808350 0.000000 0.981221 0.000000 -0.192885 0.922242 0.922242 0.922242
7652.359863 0.000000 591.700928 0.000000 0.357218 0.000000 0.934021 0.761859 0.761859 0.761859
7633.663086 0.000000 636.520508 0.000000 0.598495 0.000000 -0.801127 1.006476 1.006476 1.006476
7633.144043 0.000000 637.270874 0.000000 0.762916 0.000000 0.646498 0.819444 0.819444 0.819444
7498.589844 0.000000 808.932129 0.000000 0.766004 0.000000 0.642836 0.819993 0.819993 0.819993
7661.220703 0.000000 798.945618 0.000000 0.997225 0.000000 0.074453 0.891460 0.891460 0.891460
7669.266113 0.000000 785.530273 0.000000 0.456637 0.000000 -0.889653 1.025659 1.025659 1.025659
7654.751953 0.000000 786.363403 0.000000 0.911913 0.000000 0.410384 0.851542 0.851542 0.851542
7654.150391 0.000000 787.333252 0.000000 0.358290 0.000000 0.933611 0.761990 0.761990 0.761990
7644.349121 0.000000 865.020081 0.000000 0.646963 0.000000 0.762521 0.800626 0.800626 0.800626
7645.609375 0.000000 865.348206 0.000000 0.356135 0.000000 -0.934434 1.038274 1.038274 1.038274
7637.608398 0.000000 880.188599 0.000000 0.890836 0.000000 0.454324 0.845957 0.845957 0.845957
7636.105957 0.000000 881.835266 0.000000 0.759572 0.000000 -0.650423 0.981147 0.981147 0.981147
7657.973145 0.000000 889.687622 0.000000 0.404671 0.000000 0.914462 0.767741 0.767741 0.767741
7653.415039 0.000000 867.937744 0.000000 0.288530 0.000000 -0.957471 1.046460 1.046460 1.046460
7650.976074 0.000000 876.833923 0.000000 0.307394 0.000000 0.951582 0.755805 0.755805 0.755805
7694.154785 0.000000 845.833252 0.000000 0.299838 0.000000 0.953990 0.754896 0.754896 0.754896
7705.972168 0.000000 848.893005 0.000000 0.823738 0.000000 -0.566970 0.969078 0.969078 0.969078
6606.777344 0.000000 1224.331421 0.000000 0.185020 0.000000 0.982735 0.741325 0.741325 0.741325
6607.963867 0.000000 1225.195557 0.000000 0.996768 0.000000 0.080339 0.890784 0.890784 0.890784
6607.061523 0.000000 1225.205200 0.000000 0.952608 0.000000 -0.304200 0.935420 0.935420 0.935420
7088.783691 0.000000 1071.055420 0.000000 0.347212 0.000000 -0.937787 1.039366 1.039366 1.039366
7092.095215 0.000000 1075.532349 0.000000 0.462562 0.000000 0.886587 0.775105 0.775105 0.775105
7091.884766 0.000000 1080.701904 0.000000 0.830005 0.000000 0.557756 0.832199 0.832199 0.832199
7090.950195 0.000000 1084.912720 0.000000 0.794263 0.000000 -0.607574 0.974829 0.974829 0.974829
7096.777832 0.000000 1075.201294 0.000000 0.982711 0.000000 0.185148 0.878660 0.878660 0.878660
7093.527832 0.000000 1078.930054 0.000000 0.763613 0.000000 0.645674 0.819568 0.819568 0.819568
7145.708008 0.000000 1102.413086 0.000000 0.359383 0.000000 0.933190 0.762125 0.762125 0.762125
7136.240723 0.000000 1089.786621 0.000000 0.684291 0.000000 0.729209 0.806360 0.806360 0.806360
6816.388184 0.000000 1502.481201 0.000000 0.186652 0.000000 -0.982426 1.058485 1.058485 1.058485
6807.567871 0.000000 1506.578979 0.000000 0.997238 0.000000 0.074273 0.891481 0.891481 0.891481
6813.881348 0.000000 1508.286865 0.000000 0.351301 0.000000 -0.936263 1.038866 1.038866 1.038866
6818.273438 0.000000 1518.583740 0.000000 0.078557 0.000000 -0.996910 1.070989 1.070989 1.070989
6822.026367 0.000000 1510.501465 0.000000 0.996733 0.000000 0.080767 0.890735 0.890735 0.890735
6819.609375 0.000000 1518.718628 0.000000 0.911137 0.000000 -0.412104 0.948674 0.948674 0.948674
6823.241211 0.000000 1511.330200 0.000000 0.833215 0.000000 0.552948 0.832861 0.832861 0.832861
6231.988281 0.000000 1591.465454 0.000000 0.989325 0.000000 -0.145729 0.916759 0.916759 0.916759
6223.636719 0.000000 1584.595337 0.000000 0.970137 0.000000 0.242557 0.871925 0.871925 0.871925
6230.535156 0.000000 1590.226440 0.000000 0.452771 0.000000 0.891627 0.773843 0.773843 0.773843
6217.280762 0.000000 1592.669067 0.000000 0.140607 0.000000 0.990066 0.736166 0.736166 0.736166
6230.904785 0.000000 1591.216064 0.000000 0.996656 0.000000 0.081707 0.890627 0.890627 0.890627
6580.220215 0.000000 1630.131470 0.000000 0.862368 0.000000 0.506282 0.839167 0.839167 0.839167
6580.467285 0.000000 1631.746460 0.000000 0.859057 0.000000 0.511880 0.838422 0.838422 0.838422
6587.327637 0.000000 1633.976685 0.000000 0.013332 0.000000 -0.999911 1.078472 1.078472 1.078472
6615.572266 0.000000 1651.000854 0.000000 0.593727 0.000000 -0.804667 1.007156 1.007156 1.007156
6611.075195 0.000000 1655.424927 0.000000 0.857396 0.000000 -0.514657 0.961949 0.961949 0.961949
6613.395020 0.000000 1649.319336 0.000000 0.916251 0.000000 0.400604 0.852768 0.852768 0.852768
6648.832520 0.000000 1651.060669 0.000000 0.650852 0.000000 0.759205 0.801212 0.801212 0.801212
6650.186035 0.000000 1643.376343 0.000000 0.989506 0.000000 0.144492 0.883384 0.883384 0.883384
6646.510254 0.000000 1647.487061 0.000000 0.980257 0.000000 -0.197730 0.922808 0.922808 0.922808
6494.666016 0.000000 1683.158691 0.000000 0.967192 0.000000 0.254047 0.870566 0.870566 0.870566
6510.685547 0.000000 1669.050415 0.000000 0.952908 0.000000 -0.303258 0.935307 0.935307 0.935307
6514.689941 0.000000 1681.057007 0.000000 0.990311 0.000000 0.138864 0.884036 0.884036 0.884036
6511.411621 0.000000 1681.556641 0.000000 0.018555 0.000000 -0.999828 1.077874 1.077874 1.077874
6557.069824 0.000000 1703.507324 0.000000 0.760247 0.000000 -0.649634 0.981028 0.981028 0.981028
6554.789551 0.000000 1714.250244 0.000000 0.298719 0.000000 -0.954341 1.045239 1.045239 1.045239
6553.903809 0.000000 1705.869141 0.000000 0.831561 0.000000 0.555433 0.832519 0.832519 0.832519
6553.157227 0.000000 1704.126831 0.000000 0.461048 0.000000 0.887375 0.774909 0.774909 0.774909
6557.581055 0.000000 1719.776489 0.000000 0.931680 0.000000 -0.363281 0.942604 0.942604 0.942604
6557.915039 0.000000 1718.075684 0.000000 0.882667 0.000000 -0.469999 0.956068 0.956068 0.956068
6566.055664 0.000000 1718.770020 0.000000 0.403061 0.000000 -0.915173 1.032461 1.032461 1.032461
6561.657715 0.000000 1709.806396 0.000000 0.677313 0.000000 -0.735695 0.994732 0.994732 0.994732
6560.244141 0.000000 1714.037720 0.000000 0.250113 0.000000 0.968217 0.748968 0.748968 0.748968
6627.580566 0.000000 1693.306030 0.000000 0.348881 0.000000 -0.937167 1.039162 1.039162 1.039162
6623.054688 0.000000 1705.320312 0.000000 0.914824 0.000000 0.403852 0.852362 0.852362 0.852362
6625.898926 0.000000 1703.942749 0.000000 0.725978 0.000000 -0.687718 0.986899 0.986899 0.986899
6363.694824 0.000000 1796.664551 0.000000 0.997051 0.000000 0.076741 0.891197 0.891197 0.891197
6367.560059 0.000000 1798.215576 0.000000 0.891027 0.000000 0.453951 0.846005 0.846005 0.846005
6374.769531 0.000000 1803.727173 0.000000 0.968034 0.000000 0.250819 0.870948 0.870948 0.870948
6374.458496 0.000000 1802.401489 0.000000 0.456182 0.000000 0.889886 0.774282 0.774282 0.774282
6370.296875 0.000000 1801.565918 0.000000 0.859244 0.000000 -0.511567 0.961537 0.961537 0.961537
6450.931641 0.000000 1822.123535 0.000000 0.293474 0.000000 -0.955967 1.045868 1.045868 1.045868
6440.312500 0.000000 1819.062866 0.000000 0.731214 0.000000 0.682148 0.813977 0.813977 0.813977
6422.667969 0.000000 1825.321167 0.000000 0.967659 0.000000 -0.252261 0.929223 0.929223 0.929223
6423.881348 0.000000 1824.757202 0.000000 0.981447 0.000000 -0.191736 0.922108 0.922108 0.922108
6437.563477 0.000000 1827.703369 0.000000 0.722046 0.000000 -0.691845 0.987553 0.987553 0.987553
6436.686035 0.000000 1824.057373 0.000000 0.681367 0.000000 -0.731942 0.994099 0.994099 0.994099
6435.639160 0.000000 1827.480225 0.000000 0.757815 0.000000 -0.652469 0.981456 0.981456 0.981456
6588.956055 0.000000 1887.605347 0.000000 0.134538 0.000000 -0.990908 1.064536 1.064536 1.064536
6595.645996 0.000000 1894.326660 0.000000 0.855407 0.000000 -0.517956 0.962390 0.962390 0.962390
6709.711914 0.000000 1563.438599 0.000000 0.294214 0.000000 0.955740 0.754221 0.754221 0.754221
6717.638672 0.000000 1564.384766 0.000000 0.910567 0.000000 -0.413362 0.948832 0.948832 0.948832
6685.216309 0.000000 1597.737549 0.000000 0.999409 0.000000 -0.034384 0.903941 0.903941 0.903941
6684.608887 0.000000 1592.758667 0.000000 0.799770 0.000000 0.600307 0.826216 0.826216 0.826216
6697.823242 0.000000 1585.046753 0.000000 0.505992 0.000000 0.862538 0.780794 0.780794 0.780794
6690.428711 0.000000 1571.825195 0.000000 0.912028 0.000000 0.410127 0.851574 0.851574 0.851574
6715.551758 0.000000 1568.047119 0.000000 0.500597 0.000000 0.865680 0.780079 0.780079 0.780079
6690.001953 0.000000 1570.771729 0.000000 0.504209 0.000000 0.863582 0.780558 0.780558 0.780558
6692.869629 0.000000 1596.489868 0.000000 0.343505 0.000000 -0.939151 1.039819 1.039819 1.039819
6685.772461 0.000000 1605.153687 0.000000 0.999698 0.000000 0.024577 0.897183 0.897183 0.897183
6689.031738 0.000000 1602.488525 0.000000 0.866081 0.000000 0.499903 0.840013 0.840013 0.840013
6701.186523 0.000000 1608.847900 0.000000 0.677082 0.000000 -0.735908 0.994768 0.994768 0.994768
6690.428711 0.000000 1603.817383 0.000000 0.990876 0.000000 0.134778 0.884508 0.884508 0.884508
6698.258301 0.000000 1604.655151 0.000000 0.916364 0.000000 0.400345 0.852800 0.852800 0.852800
6700.962402 0.000000 1605.752319 0.000000 0.456731 0.000000 -0.889605 1.025647 1.025647 1.025647
6701.805664 0.000000 1605.434937 0.000000 0.722949 0.000000 -0.690902 0.987403 0.987403 0.987403
6676.068359 0.000000 1641.468872 0.000000 0.680697 0.000000 -0.732565 0.994204 0.994204 0.994204
6869.363770 0.000000 1681.311523 0.000000 0.724620 0.000000 -0.689148 0.987125 0.987125 0.987125
6859.783691 0.000000 1687.498901 0.000000 0.030501 0.000000 0.999535 0.723496 0.723496 0.723496
6852.543945 0.000000 1682.078857 0.000000 0.502750 0.000000 -0.864432 1.019636 1.019636 1.019636
6908.816895 0.000000 1698.217163 0.000000 0.464235 0.000000 0.885712 0.775321 0.775321 0.775321
6905.664551 0.000000 1703.122192 0.000000 0.246788 0.000000 -0.969070 1.051425 1.051425 1.051425
6905.860840 0.000000 1705.869141 0.000000 0.929523 0.000000 -0.368765 0.943279 0.943279 0.943279
6905.114258 0.000000 1704.126831 0.000000 0.936123 0.000000 0.351672 0.858821 0.858821 0.858821
6905.137207 0.000000 1701.938354 0.000000 0.953291 0.000000 0.302054 0.864838 0.864838 0.864838
6908.235840 0.000000 1702.912720 0.000000 0.595208 0.000000 0.803572 0.793055 0.793055 0.793055
6942.237793 0.000000 1654.913452 0.000000 0.990708 0.000000 0.136007 0.884366 0.884366 0.884366
6943.605469 0.000000 1655.076660 0.000000 0.255808 0.000000 0.966728 0.749643 0.749643 0.749643
6949.435547 0.000000 1656.144165 0.000000 0.933802 0.000000 -0.357790 0.941929 0.941929 0.941929
6958.811523 0.000000 1651.491577 0.000000 0.996612 0.000000 0.082242 0.890565 0.890565 0.890565
6943.154297 0.000000 1654.104004 0.000000 0.015748 0.000000 -0.999876 1.078195 1.078195 1.078195
6949.762207 0.000000 1662.219360 0.000000 0.546525 0.000000 -0.837443 1.013742 1.013742 1.013742
6935.902344 0.000000 1687.442017 0.000000 0.601135 0.000000 0.799147 0.793902 0.793902 0.793902
6923.939453 0.000000 1686.291504 0.000000 0.073461 0.000000 0.997298 0.728426 0.728426 0.728426
6914.620117 0.000000 1688.434814 0.000000 0.989949 0.000000 0.141426 0.883739 0.883739 0.883739
6921.504883 0.000000 1687.513428 0.000000 0.085875 0.000000 0.996306 0.729853 0.729853 0.729853
6919.280762 0.000000 1689.978271 0.000000 0.723046 0.000000 -0.690800 0.987387 0.987387 0.987387
6925.422852 0.000000 1681.332031 0.000000 0.858098 0.000000 -0.513486 0.961792 0.961792 0.961792
6949.613281 0.000000 1663.890503 0.000000 0.602289 0.000000 0.798278 0.794068 0.794068 0.794068
6947.235352 0.000000 1679.687134 0.000000 0.188923 0.000000 -0.981992 1.058220 1.058220 1.058220
6943.489746 0.000000 1670.246826 0.000000 0.953164 0.000000 0.302455 0.864790 0.864790 0.864790
6948.143066 0.000000 1669.621582 0.000000 0.078221 0.000000 -0.996936 1.071027 1.071027 1.071027
6925.045410 0.000000 1695.599609 0.000000 0.026615 0.000000 -0.999646 1.076950 1.076950 1.076950
6923.847168 0.000000 1697.349121 0.000000 0.502299 0.000000 -0.864694 1.019696 1.019696 1.019696
6926.967773 0.000000 1695.619141 0.000000 0.882642 0.000000 -0.470046 0.956075 0.956075 0.956075
6912.668457 0.000000 1703.903076 0.000000 0.830571 0.000000 0.556913 0.832315 0.832315 0.832315
6941.151855 0.000000 1704.644653 0.000000 0.885589 0.000000 0.464470 0.844648 0.844648 0.844648
6913.455566 0.000000 1702.042969 0.000000 0.967723 0.000000 0.252014 0.870807 0.870807 0.870807
6919.583008 0.000000 1745.265259 0.000000 0.447375 0.000000 -0.894346 1.026849 1.026849 1.026849
6921.424805 0.000000 1749.331421 0.000000 0.989554 0.000000 -0.144166 0.916578 0.916578 0.916578
6918.826172 0.000000 1755.987671 0.000000 0.930891 0.000000 -0.365298 0.942852 0.942852 0.942852
6830.597168 0.000000 1814.920288 0.000000 0.762188 0.000000 0.647355 0.819315 0.819315 0.819315
6825.026367 0.000000 1814.432983 0.000000 0.831100 0.000000 -0.556123 0.967576 0.967576 0.967576
6835.340332 0.000000 1823.194580 0.000000 0.990693 0.000000 0.136115 0.884354 0.884354 0.884354
6831.487305 0.000000 1815.310547 0.000000 0.239644 0.000000 -0.970861 1.052269 1.052269 1.052269
6834.512207 0.000000 1823.779785 0.000000 0.829454 0.000000 0.558576 0.832085 0.832085 0.832085
6898.189453 0.000000 1797.228394 0.000000 0.996490 0.000000 -0.083716 0.909604 0.909604 0.909604
6897.391113 0.000000 1797.956543 0.000000 0.184218 0.000000 -0.982885 1.058769 1.058769 1.058769
6889.410645 0.000000 1796.009888 0.000000 0.595928 0.000000 0.803038 0.793158 0.793158 0.793158
6684.215820 0.000000 2009.680298 0.000000 0.996605 0.000000 -0.082334 0.909446 0.909446 0.909446
6680.267578 0.000000 2011.255127 0.000000 0.888050 0.000000 -0.459748 0.954742 0.954742 0.954742
6708.627930 0.000000 1986.970215 0.000000 0.991050 0.000000 0.133490 0.884657 0.884657 0.884657
6688.220703 0.000000 2009.309814 0.000000 0.762295 0.000000 0.647230 0.819334 0.819334 0.819334
6685.054199 0.000000 2023.429199 0.000000 0.130272 0.000000 -0.991478 1.065029 1.065029 1.065029
6685.726562 0.000000 2017.066895 0.000000 0.685001 0.000000 0.728542 0.806471 0.806471 0.806471
6684.263184 0.000000 2022.834595 0.000000 0.830933 0.000000 0.556373 0.832389 0.832389 0.832389
6815.117676 0.000000 2020.572998 0.000000 0.294479 0.000000 0.955658 0.754253 0.754253 0.754253
6814.439941 0.000000 2022.305176 0.000000 0.643392 0.000000 -0.765537 0.999909 0.999909 0.999909
6809.125977 0.000000 2024.048706 0.000000 0.553413 0.000000 0.832907 0.787203 0.787203 0.787203
6815.518555 0.000000 2028.991699 0.000000 0.931450 0.000000 -0.363869 0.942676 0.942676 0.942676
6838.901367 0.000000 2021.687500 0.000000 0.858985 0.000000 0.512001 0.838406 0.838406 0.838406
6820.396973 0.000000 2025.867676 0.000000 0.952779 0.000000 0.303666 0.864644 0.864644 0.864644
6815.505371 0.000000 2022.160889 0.000000 0.500314 0.000000 0.865844 0.780042 0.780042 0.780042
6817.467285 0.000000 2021.964844 0.000000 0.511766 0.000000 0.859125 0.781563 0.781563 0.781563
7155.955078 0.000000 1925.924927 0.000000 0.132782 0.000000 0.991145 0.735261 0.735261 0.735261
7166.563965 0.000000 1943.992676 0.000000 0.178383 0.000000 -0.983961 1.059449 1.059449 1.059449
7157.898926 0.000000 1928.415771 0.000000 0.999758 0.000000 0.021986 0.897480 0.897480 0.897480
7435.057617 0.000000 1531.562134 0.000000 0.463625 0.000000 0.886032 0.775243 0.775243 0.775243
7444.749023 0.000000 1519.134888 0.000000 0.080805 0.000000 0.996730 0.729270 0.729270 0.729270
7448.173828 0.000000 1531.372314 0.000000 0.990428 0.000000 -0.138032 0.915868 0.915868 0.915868
7438.939453 0.000000 1534.410156 0.000000 0.188205 0.000000 -0.982130 1.058304 1.058304 1.058304
7449.533691 0.000000 1531.713379 0.000000 0.457877 0.000000 0.889016 0.774500 0.774500 0.774500
7456.523438 0.000000 1530.366943 0.000000 0.996931 0.000000 0.078287 0.891020 0.891020 0.891020
7556.410645 0.000000 1530.416626 0.000000 0.138416 0.000000 0.990374 0.735912 0.735912 0.735912
7557.570801 0.000000 1530.460815 0.000000 0.980822 0.000000 -0.194905 0.922478 0.922478 0.922478
7382.710449 0.000000 1566.811279 0.000000 0.591696 0.000000 -0.806161 1.007445 1.007445 1.007445
7417.117676 0.000000 1632.769165 0.000000 0.301319 0.000000 -0.953524 1.044926 1.044926 1.044926
7410.588379 0.000000 1636.014893 0.000000 0.016442 0.000000 -0.999865 1.078116 1.078116 1.078116
7410.032715 0.000000 1641.957153 0.000000 0.989689 0.000000 -0.143230 0.916470 0.916470 0.916470
7404.887695 0.000000 1633.765869 0.000000 0.863575 0.000000 0.504221 0.839441 0.839441 0.839441
7411.091797 0.000000 1641.908691 0.000000 0.133650 0.000000 0.991029 0.735361 0.735361 0.735361
7241.608398 0.000000 1790.146484 0.000000 0.145389 0.000000 0.989375 0.736720 0.736720 0.736720
7306.596680 0.000000 1788.547485 0.000000 0.080402 0.000000 -0.996763 1.070777 1.070777 1.070777
7526.750977 0.000000 1566.301270 0.000000 0.797860 0.000000 0.602843 0.825852 0.825852 0.825852
7518.354004 0.000000 1574.414551 0.000000 0.024449 0.000000 -0.999701 1.077198 1.077198 1.077198
7524.057617 0.000000 1570.737061 0.000000 0.999220 0.000000 -0.039485 0.904526 0.904526 0.904526
7535.529297 0.000000 1571.939087 0.000000 0.396248 0.000000 -0.918144 1.033312 1.033312 1.033312
7527.383789 0.000000 1567.664062 0.000000 0.999327 0.000000 -0.036669 0.904203 0.904203 0.904203
7538.999512 0.000000 1570.839111 0.000000 0.996823 0.000000 -0.079646 0.909136 0.909136 0.909136
7520.897949 0.000000 1571.873657 0.000000 0.982548 0.000000 0.186010 0.878560 0.878560 0.878560
7519.419434 0.000000 1574.270264 0.000000 0.190542 0.000000 0.981679 0.741969 0.741969 0.741969
7522.049316 0.000000 1574.754761 0.000000 0.688957 0.000000 0.724802 0.807095 0.807095 0.807095
7532.421875 0.000000 1571.673096 0.000000 0.722466 0.000000 -0.691406 0.987483 0.987483 0.987483
7539.575684 0.000000 1571.750244 0.000000 0.551713 0.000000 -0.834034 1.013031 1.013031 1.013031
7533.291992 0.000000 1571.427368 0.000000 0.449461 0.000000 -0.893300 1.026582 1.026582 1.026582
7551.091309 0.000000 1551.955078 0.000000 0.399976 0.000000 0.916526 0.767153 0.767153 0.767153
7551.105957 0.000000 1537.996216 0.000000 0.996058 0.000000 -0.088708 0.910179 0.910179 0.910179
7557.253418 0.000000 1548.068848 0.000000 0.996942 0.000000 0.078145 0.891036 0.891036 0.891036
7553.536621 0.000000 1549.845459 0.000000 0.187387 0.000000 -0.982286 1.058399 1.058399 1.058399
7555.528809 0.000000 1542.412598 0.000000 0.552297 0.000000 0.833647 0.787049 0.787049 0.787049
7532.902344 0.000000 1742.064209 0.000000 0.405459 0.000000 -0.914113 1.032160 1.032160 1.032160
7531.482910 0.000000 1744.572754 0.000000 0.980061 0.000000 0.198695 0.877079 0.877079 0.877079
7530.156738 0.000000 1732.623901 0.000000 0.642484 0.000000 0.766299 0.799955 0.799955 0.799955
7538.689941 0.000000 1747.552002 0.000000 0.890821 0.000000 0.454355 0.845953 0.845953 0.845953
7542.287109 0.000000 1747.382935 0.000000 0.080019 0.000000 0.996793 0.729179 0.729179 0.729179
7543.093262 0.000000 1745.634033 0.000000 0.458747 0.000000 -0.888567 1.025387 1.025387 1.025387
7224.921387 0.000000 1840.077515 0.000000 0.719027 0.000000 -0.694982 0.988052 0.988052 0.988052
7224.636230 0.000000 1854.658447 0.000000 0.199080 0.000000 0.979983 0.742966 0.742966 0.742966
7233.175293 0.000000 1803.354858 0.000000 0.299849 0.000000 -0.953987 1.045103 1.045103 1.045103
7243.886230 0.000000 1799.480347 0.000000 0.980714 0.000000 -0.195446 0.922542 0.922542 0.922542
7220.142090 0.000000 1886.068970 0.000000 0.249013 0.000000 -0.968500 1.051162 1.051162 1.051162
7226.597656 0.000000 1891.346191 0.000000 0.766548 0.000000 0.642187 0.820090 0.820090 0.820090
7222.570312 0.000000 1889.305542 0.000000 0.967225 0.000000 -0.253921 0.929419 0.929419 0.929419
7231.398438 0.000000 1884.775757 0.000000 0.980597 0.000000 0.196032 0.877390 0.877390 0.877390
7292.427246 0.000000 1883.396362 0.000000 0.358260 0.000000 0.933622 0.761987 0.761987 0.761987
7291.283691 0.000000 1880.444458 0.000000 0.402369 0.000000 -0.915478 1.032547 1.032547 1.032547
7315.556152 0.000000 1792.758545 0.000000 0.996574 0.000000 -0.082701 0.909488 0.909488 0.909488
7296.130859 0.000000 1807.260010 0.000000 0.830209 0.000000 -0.557452 0.967759 0.967759 0.967759
7301.034180 0.000000 1817.333862 0.000000 0.827246 0.000000 -0.561839 0.968366 0.968366 0.968366
7341.259766 0.000000 1822.695557 0.000000 0.930095 0.000000 -0.367319 0.943101 0.943101 0.943101
7351.539551 0.000000 1802.401611 0.000000 0.933162 0.000000 0.359455 0.857867 0.857867 0.857867
7317.665527 0.000000 1828.541260 0.000000 0.598800 0.000000 0.800898 0.793568 0.793568 0.793568
7356.384277 0.000000 1824.785645 0.000000 0.589957 0.000000 -0.807435 1.007692 1.007692 1.007692
7330.522949 0.000000 1849.800781 0.000000 0.455734 0.000000 -0.890116 1.025776 1.025776 1.025776
7336.167969 0.000000 1833.176636 0.000000 0.999589 0.000000 0.028669 0.896714 0.896714 0.896714
7350.058105 0.000000 1838.535767 0.000000 0.024332 0.000000 -0.999704 1.077211 1.077211 1.077211
7334.114258 0.000000 1826.223877 0.000000 0.291300 0.000000 -0.956632 1.046128 1.046128 1.046128
7330.569336 0.000000 1848.395752 0.000000 0.718668 0.000000 -0.695353 0.988111 0.988111 0.988111
7353.806152 0.000000 1833.837891 0.000000 0.077024 0.000000 -0.997029 1.071165 1.071165 1.071165
7350.310547 0.000000 1843.359497 0.000000 0.725049 0.000000 0.688697 0.812946 0.812946 0.812946
7342.545898 0.000000 1840.123169 0.000000 0.461668 0.000000 0.887053 0.774989 0.774989 0.774989
7331.031250 0.000000 1824.672974 0.000000 0.249134 0.000000 0.968469 0.748852 0.748852 0.748852
7359.452148 0.000000 1805.046387 0.000000 0.354149 0.000000 0.935189 0.761483 0.761483 0.761483
7302.843262 0.000000 1879.960083 0.000000 0.023153 0.000000 0.999732 0.722653 0.722653 0.722653
7302.702637 0.000000 1882.870361 0.000000 0.191960 0.000000 0.981403 0.742134 0.742134 0.742134
7312.756348 0.000000 1870.860107 0.000000 0.727130 0.000000 -0.686500 0.986707 0.986707 0.986707
7322.695801 0.000000 1874.211182 0.000000 0.243985 0.000000 0.969779 0.748244 0.748244 0.748244
7320.139648 0.000000 1861.231812 0.000000 0.862689 0.000000 -0.505735 0.960760 0.960760 0.960760
7168.775391 0.000000 1940.626953 0.000000 0.194666 0.000000 0.980870 0.742450 0.742450 0.742450
7231.145020 0.000000 1921.902466 0.000000 0.933123 0.000000 -0.359556 0.942146 0.942146 0.942146
7299.233398 0.000000 1973.615112 0.000000 0.762699 0.000000 -0.646754 0.980595 0.980595 0.980595
7302.656250 0.000000 1963.688110 0.000000 0.936460 0.000000 0.350774 0.858931 0.858931 0.858931
7298.652344 0.000000 1972.412476 0.000000 0.599904 0.000000 -0.800072 1.006274 1.006274 1.006274
7319.295410 0.000000 1972.277222 0.000000 0.860359 0.000000 -0.509688 0.961286 0.961286 0.961286
7303.928223 0.000000 1967.352173 0.000000 0.980358 0.000000 -0.197224 0.922749 0.922749 0.922749
7308.943848 0.000000 1971.922241 0.000000 0.999592 0.000000 -0.028577 0.903275 0.903275 0.903275
7333.280762 0.000000 1963.967285 0.000000 0.014683 0.000000 -0.999892 1.078317 1.078317 1.078317
7333.437988 0.000000 1961.881348 0.000000 0.026707 0.000000 0.999643 0.723061 0.723061 0.723061
7543.886719 0.000000 2008.352783 0.000000 0.981427 0.000000 0.191836 0.877880 0.877880 0.877880
7548.171387 0.000000 1997.805054 0.000000 0.913343 0.000000 -0.407190 0.948057 0.948057 0.948057
7560.712891 0.000000 1982.707764 0.000000 0.135225 0.000000 -0.990815 1.064457 1.064457 1.064457
7561.569336 0.000000 1982.099609 0.000000 0.548595 0.000000 -0.836088 1.013459 1.013459 1.013459
7609.884277 0.000000 1976.049072 0.000000 0.025826 0.000000 -0.999666 1.077040 1.077040 1.077040
7611.122070 0.000000 1978.503174 0.000000 0.638568 0.000000 -0.769565 1.000630 1.000630 1.000630
7610.176758 0.000000 1978.475342 0.000000 0.561203 0.000000 0.827678 0.788278 0.788278 0.788278
7609.514160 0.000000 1979.604004 0.000000 0.641122 0.000000 0.767439 0.799751 0.799751 0.799751
7603.732422 0.000000 1980.345215 0.000000 0.503284 0.000000 -0.864121 1.019565 1.019565 1.019565
7603.833984 0.000000 1975.515015 0.000000 0.759570 0.000000 0.650426 0.818853 0.818853 0.818853
7557.443848 0.000000 1994.906006 0.000000 0.997346 0.000000 0.072807 0.891650 0.891650 0.891650
7560.284668 0.000000 2007.681763 0.000000 0.884068 0.000000 -0.467358 0.955726 0.955726 0.955726
7555.876953 0.000000 2007.816528 0.000000 0.605014 0.000000 0.796215 0.794460 0.794460 0.794460
7561.970703 0.000000 1996.869995 0.000000 0.502186 0.000000 0.864760 0.780289 0.780289 0.780289
7577.115234 0.000000 1988.280518 0.000000 0.067988 0.000000 -0.997686 1.072203 1.072203 1.072203
7554.628418 0.000000 2006.763794 0.000000 0.968952 0.000000 0.247250 0.871370 0.871370 0.871370
7558.625000 0.000000 1995.680298 0.000000 0.186683 0.000000 0.982420 0.741518 0.741518 0.741518
7561.426758 0.000000 2007.435303 0.000000 0.909888 0.000000 -0.414854 0.949020 0.949020 0.949020
7553.034180 0.000000 2002.721313 0.000000 0.142057 0.000000 0.989858 0.736334 0.736334 0.736334
7559.289551 0.000000 1993.469604 0.000000 0.024602 0.000000 -0.999697 1.077181 1.077181 1.077181
7607.736816 0.000000 1984.718140 0.000000 0.965371 0.000000 -0.260880 0.930245 0.930245 0.930245
7708.156250 0.000000 1553.951904 0.000000 0.448752 0.000000 -0.893656 1.026673 1.026673 1.026673
7709.619629 0.000000 1552.170410 0.000000 0.494833 0.000000 -0.868988 1.020683 1.020683 1.020683
7711.061523 0.000000 1556.224731 0.000000 0.823690 0.000000 -0.567041 0.969088 0.969088 0.969088
7763.489258 0.000000 1594.070312 0.000000 0.831092 0.000000 -0.556135 0.967578 0.967578 0.967578
7768.024902 0.000000 1597.365723 0.000000 0.561440 0.000000 0.827518 0.788311 0.788311 0.788311
7732.760742 0.000000 1621.450073 0.000000 0.794423 0.000000 -0.607364 0.974798 0.974798 0.974798
7734.331055 0.000000 1618.198486 0.000000 0.860761 0.000000 -0.509009 0.961196 0.961196 0.961196
7730.107422 0.000000 1612.750366 0.000000 0.687529 0.000000 0.726157 0.806870 0.806870 0.806870
7737.388672 0.000000 1615.343628 0.000000 0.238373 0.000000 -0.971174 1.052419 1.052419 1.052419
7732.632812 0.000000 1612.351440 0.000000 0.729687 0.000000 0.683781 0.813720 0.813720 0.813720
7743.057617 0.000000 1620.209106 0.000000 0.999823 0.000000 0.018811 0.897844 0.897844 0.897844
7775.114746 0.000000 1600.177612 0.000000 0.022251 0.000000 -0.999752 1.077450 1.077450 1.077450
7725.790527 0.000000 1716.476440 0.000000 0.724738 0.000000 0.689025 0.812894 0.812894 0.812894
7789.288574 0.000000 1712.366699 0.000000 0.764588 0.000000 0.644519 0.819741 0.819741 0.819741
7775.503906 0.000000 1719.061035 0.000000 0.887838 0.000000 0.460156 0.845206 0.845206 0.845206
7788.394043 0.000000 1713.812744 0.000000 0.681936 0.000000 -0.731411 0.994010 0.994010 0.994010
7777.509277 0.000000 1709.806396 0.000000 0.640718 0.000000 0.767776 0.799691 0.799691 0.799691
7776.095703 0.000000 1714.037720 0.000000 0.858761 0.000000 0.512376 0.838356 0.838356 0.838356
7777.730957 0.000000 1708.073120 0.000000 0.070518 0.000000 -0.997510 1.071913 1.071913 1.071913
7711.145508 0.000000 1757.777832 0.000000 0.545610 0.000000 -0.838039 1.013867 1.013867 1.013867
7718.566895 0.000000 1728.803345 0.000000 0.131362 0.000000 0.991334 0.735097 0.735097 0.735097
7713.068848 0.000000 1756.410156 0.000000 0.980050 0.000000 0.198751 0.877072 0.877072 0.877072
7734.639648 0.000000 1755.016113 0.000000 0.688909 0.000000 0.724848 0.807088 0.807088 0.807088
7684.427246 0.000000 1766.709473 0.000000 0.691095 0.000000 0.722764 0.807434 0.807434 0.807434
7682.029785 0.000000 1766.707886 0.000000 0.080101 0.000000 -0.996787 1.070811 1.070811 1.070811
7689.040039 0.000000 1761.850586 0.000000 0.125238 0.000000 -0.992127 1.065611 1.065611 1.065611
7727.524902 0.000000 1778.466553 0.000000 0.131957 0.000000 0.991255 0.735165 0.735165 0.735165
7723.619629 0.000000 1770.048706 0.000000 0.181465 0.000000 -0.983397 1.059090 1.059090 1.059090
7726.227539 0.000000 1777.607056 0.000000 0.508536 0.000000 0.861041 0.781133 0.781133 0.781133
7727.937988 0.000000 1779.892944 0.000000 0.832513 0.000000 0.554006 0.832715 0.832715 0.832715
7730.187012 0.000000 1781.023193 0.000000 0.292919 0.000000 -0.956137 1.045934 1.045934 1.045934
7728.181641 0.000000 1771.035522 0.000000 0.766935 0.000000 0.641725 0.820159 0.820159 0.820159
7715.482910 0.000000 1763.495850 0.000000 0.198334 0.000000 0.980134 0.742879 0.742879 0.742879
7726.433105 0.000000 1778.537354 0.000000 0.557870 0.000000 0.829928 0.787817 0.787817 0.787817
7747.443848 0.000000 1757.290405 0.000000 0.989000 0.000000 -0.147914 0.917012 0.917012 0.917012
7746.041992 0.000000 1755.834106 0.000000 0.079473 0.000000 -0.996837 1.070883 1.070883 1.070883
7744.322754 0.000000 1757.245850 0.000000 0.074267 0.000000 -0.997238 1.071482 1.071482 1.071482
7751.887207 0.000000 1757.918091 0.000000 0.504810 0.000000 0.863231 0.780637 0.780637 0.780637
7747.041504 0.000000 1756.253052 0.000000 0.350569 0.000000 0.936537 0.761044 0.761044 0.761044
7744.687500 0.000000 1755.325317 0.000000 0.831285 0.000000 -0.555847 0.967538 0.967538 0.967538
7797.862305 0.000000 1756.545288 0.000000 0.996176 0.000000 -0.087366 0.910024 0.910024 0.910024
7787.313477 0.000000 1763.351074 0.000000 0.757168 0.000000 -0.653220 0.981570 0.981570 0.981570
7801.275391 0.000000 1778.003418 0.000000 0.912265 0.000000 -0.409600 0.948359 0.948359 0.948359
7804.034180 0.000000 1775.054932 0.000000 0.953213 0.000000 -0.302299 0.935192 0.935192 0.935192
7804.998535 0.000000 1779.624023 0.000000 0.346509 0.000000 -0.938047 1.039452 1.039452 1.039452
7797.588867 0.000000 1775.969849 0.000000 0.552131 0.000000 -0.833757 1.012973 1.012973 1.012973
7798.323242 0.000000 1778.159424 0.000000 0.639549 0.000000 -0.768750 1.000484 1.000484 1.000484
7804.729980 0.000000 1775.719116 0.000000 0.865388 0.000000 0.501103 0.839854 0.839854 0.839854
7800.011719 0.000000 1778.253784 0.000000 0.999309 0.000000 -0.037170 0.904260 0.904260 0.904260
7805.607910 0.000000 1776.115723 0.000000 0.087167 0.000000 0.996194 0.730001 0.730001 0.730001
7718.944824 0.000000 1807.847778 0.000000 0.685632 0.000000 0.727948 0.806571 0.806571 0.806571
7728.579102 0.000000 1805.202026 0.000000 0.239774 0.000000 -0.970829 1.052254 1.052254 1.052254
7722.928223 0.000000 1813.559082 0.000000 0.352438 0.000000 -0.935835 1.038727 1.038727 1.038727
7772.912109 0.000000 1803.213257 0.000000 0.504697 0.000000 0.863297 0.780622 0.780622 0.780622
7751.995117 0.000000 1803.867188 0.000000 0.888032 0.000000 -0.459781 0.954746 0.954746 0.954746
7747.543457 0.000000 1809.829346 0.000000 0.997280 0.000000 0.073702 0.891547 0.891547 0.891547
7763.132324 0.000000 1810.310425 0.000000 0.912696 0.000000 0.408640 0.851761 0.851761 0.851761
7752.588379 0.000000 1796.744263 0.000000 0.759881 0.000000 -0.650062 0.981093 0.981093 0.981093
7771.365234 0.000000 1804.080566 0.000000 0.290751 0.000000 -0.956799 1.046194 1.046194 1.046194
7743.133301 0.000000 1806.415039 0.000000 0.649300 0.000000 0.760532 0.800978 0.800978 0.800978
7757.122559 0.000000 1803.629883 0.000000 0.910951 0.000000 0.412515 0.851274 0.851274 0.851274
7768.929688 0.000000 1804.773071 0.000000 0.142671 0.000000 0.989770 0.736405 0.736405 0.736405
7747.488281 0.000000 1793.805664 0.000000 0.028819 0.000000 0.999585 0.723303 0.723303 0.723303
7756.208496 0.000000 1802.868286 0.000000 0.797118 0.000000 -0.603823 0.974288 0.974288 0.974288
7770.394043 0.000000 1805.257080 0.000000 0.402908 0.000000 0.915240 0.767520 0.767520 0.767520
7758.429199 0.000000 1810.529541 0.000000 0.643256 0.000000 -0.765651 0.999930 0.999930 0.999930
7746.078125 0.000000 1807.980835 0.000000 0.981315 0.000000 0.192407 0.877813 0.877813 0.877813
7775.870117 0.000000 1794.548950 0.000000 0.996378 0.000000 0.085037 0.890244 0.890244 0.890244
7742.493652 0.000000 1912.000488 0.000000 0.019742 0.000000 -0.999805 1.077738 1.077738 1.077738
7758.926270 0.000000 1909.224121 0.000000 0.071067 0.000000 -0.997472 1.071849 1.071849 1.071849
7751.675781 0.000000 1919.012207 0.000000 0.188276 0.000000 -0.982116 1.058296 1.058296 1.058296
7777.437012 0.000000 1911.422485 0.000000 0.999210 0.000000 -0.039730 0.904554 0.904554 0.904554
7781.333984 0.000000 1912.081665 0.000000 0.796888 0.000000 -0.604128 0.974332 0.974332 0.974332
7776.333496 0.000000 1911.897705 0.000000 0.889550 0.000000 0.456838 0.845634 0.845634 0.845634
7726.678223 0.000000 1945.072998 0.000000 0.979528 0.000000 -0.201307 0.923227 0.923227 0.923227
7733.358398 0.000000 1954.221802 0.000000 0.990404 0.000000 0.138203 0.884112 0.884112 0.884112
7772.811523 0.000000 1919.597534 0.000000 0.593499 0.000000 -0.804835 1.007189 1.007189 1.007189
7778.853027 0.000000 1925.639038 0.000000 0.246474 0.000000 0.969149 0.748538 0.748538 0.748538
7775.388184 0.000000 1926.184326 0.000000 0.596621 0.000000 -0.802523 1.006743 1.006743 1.006743
7779.484375 0.000000 1921.774414 0.000000 0.451461 0.000000 -0.892291 1.026325 1.026325 1.026325
7778.976562 0.000000 1920.649536 0.000000 0.550693 0.000000 -0.834708 1.013171 1.013171 1.013171
7762.233887 0.000000 2017.310669 0.000000 0.989699 0.000000 -0.143165 0.916462 0.916462 0.916462
7762.441895 0.000000 2040.784790 0.000000 0.079159 0.000000 -0.996862 1.070919 1.070919 1.070919
7763.489258 0.000000 2041.960938 0.000000 0.649779 0.000000 0.760123 0.801050 0.801050 0.801050
7796.009277 0.000000 2035.297974 0.000000 0.795389 0.000000 -0.606099 0.974616 0.974616 0.974616
7802.191406 0.000000 2020.581543 0.000000 0.968021 0.000000 -0.250869 0.929058 0.929058 0.929058
7805.428711 0.000000 2039.698364 0.000000 0.246533 0.000000 0.969134 0.748545 0.748545 0.748545
7804.572266 0.000000 2020.829590 0.000000 0.724199 0.000000 -0.689591 0.987195 0.987195 0.987195
7800.470215 0.000000 2041.927734 0.000000 0.243828 0.000000 -0.969818 1.051775 1.051775 1.051775
7807.867676 0.000000 2047.422119 0.000000 0.913274 0.000000 -0.407346 0.948076 0.948076 0.948076
7813.324707 0.000000 2034.068848 0.000000 0.966842 0.000000 0.255376 0.870408 0.870408 0.870408
7808.862793 0.000000 2019.764282 0.000000 0.450905 0.000000 -0.892572 1.026396 1.026396 1.026396
7807.321777 0.000000 2046.639160 0.000000 0.723404 0.000000 0.690425 0.812672 0.812672 0.812672
6125.037598 0.000000 2328.358154 0.000000 0.021519 0.000000 0.999768 0.722466 0.722466 0.722466
5916.396484 0.000000 2556.841797 0.000000 0.355294 0.000000 -0.934755 1.038377 1.038377 1.038377
5925.807617 0.000000 2548.667480 0.000000 0.187517 0.000000 -0.982261 1.058384 1.058384 1.058384
5906.330078 0.000000 2572.516113 0.000000 0.725641 0.000000 -0.688074 0.986956 0.986956 0.986956
5911.370605 0.000000 2566.424805 0.000000 0.398496 0.000000 -0.917170 1.033032 1.033032 1.033032
5928.811035 0.000000 2564.556641 0.000000 0.990580 0.000000 0.136937 0.884259 0.884259 0.884259
5978.562012 0.000000 2638.958008 0.000000 0.132684 0.000000 0.991158 0.735249 0.735249 0.735249
5968.543945 0.000000 2626.151611 0.000000 0.144397 0.000000 0.989520 0.736605 0.736605 0.736605
5972.928711 0.000000 2628.990967 0.000000 0.979597 0.000000 -0.200972 0.923188 0.923188 0.923188
5979.489258 0.000000 2639.536377 0.000000 0.967643 0.000000 0.252323 0.870770 0.870770 0.870770
5983.595703 0.000000 2635.468994 0.000000 0.760390 0.000000 -0.649467 0.981003 0.981003 0.981003
6040.780762 0.000000 2654.463135 0.000000 0.643694 0.000000 0.765283 0.800136 0.800136 0.800136
6030.272949 0.000000 2667.990234 0.000000 0.448392 0.000000 -0.893837 1.026719 1.026719 1.026719
6033.744141 0.000000 2659.050781 0.000000 0.887057 0.000000 0.461660 0.845011 0.845011 0.845011
6035.712402 0.000000 2656.547607 0.000000 0.968104 0.000000 0.250548 0.870980 0.870980 0.870980
6031.068848 0.000000 2667.154541 0.000000 0.981142 0.000000 -0.193290 0.922290 0.922290 0.922290
6025.507812 0.000000 2663.033691 0.000000 0.298997 0.000000 -0.954254 1.045205 1.045205 1.045205
6046.568848 0.000000 2663.253174 0.000000 0.988770 0.000000 -0.149444 0.917189 0.917189 0.917189
6032.659180 0.000000 2659.240967 0.000000 0.128900 0.000000 -0.991658 1.065188 1.065188 1.065188
6030.324219 0.000000 2666.548584 0.000000 0.353493 0.000000 0.935437 0.761402 0.761402 0.761402
6035.259766 0.000000 2665.658691 0.000000 0.031900 0.000000 0.999491 0.723656 0.723656 0.723656
6122.328613 0.000000 2628.405273 0.000000 0.988740 0.000000 -0.149644 0.917213 0.917213 0.917213
6046.347168 0.000000 3062.569580 0.000000 0.641588 0.000000 0.767049 0.799821 0.799821 0.799821
6152.314453 0.000000 2619.760254 0.000000 0.999680 0.000000 -0.025298 0.902899 0.902899 0.902899
6204.667480 0.000000 2616.508545 0.000000 0.861010 0.000000 0.508588 0.838860 0.838860 0.838860
6230.514648 0.000000 2577.964111 0.000000 0.019513 0.000000 -0.999810 1.077764 1.077764 1.077764
6226.984375 0.000000 2573.344482 0.000000 0.855658 0.000000 -0.517542 0.962335 0.962335 0.962335
6240.429199 0.000000 2564.887451 0.000000 0.547788 0.000000 -0.836617 1.013569 1.013569 1.013569
6249.376465 0.000000 2579.999023 0.000000 0.967862 0.000000 0.251483 0.870869 0.870869 0.870869
6243.679688 0.000000 2574.460693 0.000000 0.930045 0.000000 -0.367445 0.943116 0.943116 0.943116
6254.678711 0.000000 2575.943604 0.000000 0.932635 0.000000 -0.360822 0.942301 0.942301 0.942301
6248.057129 0.000000 2575.203613 0.000000 0.981556 0.000000 0.191175 0.877957 0.877957 0.877957
6241.537598 0.000000 2565.832031 0.000000 0.550214 0.000000 -0.835024 1.013237 1.013237 1.013237
6211.631348 0.000000 2621.079590 0.000000 0.561799 0.000000 0.827274 0.788361 0.788361 0.788361
6210.473145 0.000000 2620.813232 0.000000 0.935205 0.000000 0.354108 0.858522 0.858522 0.858522
6211.074707 0.000000 2628.430908 0.000000 0.996338 0.000000 -0.085499 0.909809 0.909809 0.909809
6428.184082 0.000000 2576.125000 0.000000 0.087443 0.000000 0.996170 0.730033 0.730033 0.730033
6453.344727 0.000000 2578.439697 0.000000 0.999624 0.000000 0.027410 0.896859 0.896859 0.896859
6442.536133 0.000000 2562.548584 0.000000 0.861688 0.000000 0.507438 0.839013 0.839013 0.839013
6451.952637 0.000000 2570.310059 0.000000 0.502027 0.000000 -0.864852 1.019732 1.019732 1.019732
6447.419434 0.000000 2577.337891 0.000000 0.401742 0.000000 -0.915753 1.032626 1.032626 1.032626
6489.584473 0.000000 2579.749756 0.000000 0.765885 0.000000 0.642978 0.819971 0.819971 0.819971
6503.428711 0.000000 2572.726318 0.000000 0.589561 0.000000 -0.807724 1.007748 1.007748 1.007748
6503.828125 0.000000 2590.848145 0.000000 0.134548 0.000000 -0.990907 1.064535 1.064535 1.064535
6502.447266 0.000000 2573.739990 0.000000 0.600463 0.000000 0.799653 0.793806 0.793806 0.793806
6501.539551 0.000000 2569.732910 0.000000 0.999539 0.000000 -0.030372 0.903481 0.903481 0.903481
6421.747070 0.000000 2715.157471 0.000000 0.952320 0.000000 0.305100 0.864472 0.864472 0.864472
6415.538086 0.000000 2711.091797 0.000000 0.689525 0.000000 0.724262 0.807185 0.807185 0.807185
6410.170898 0.000000 2770.045410 0.000000 0.886786 0.000000 -0.462180 0.955056 0.955056 0.955056
6410.346191 0.000000 2771.201416 0.000000 0.404377 0.000000 -0.914592 1.032296 1.032296 1.032296
6188.425293 0.000000 2842.273438 0.000000 0.999429 0.000000 -0.033796 0.903874 0.903874 0.903874
6195.400391 0.000000 2837.764404 0.000000 0.996837 0.000000 0.079475 0.890883 0.890883 0.890883
6194.374512 0.000000 2836.765381 0.000000 0.494844 0.000000 -0.868982 1.020681 1.020681 1.020681
6322.947266 0.000000 3005.834473 0.000000 0.725914 0.000000 -0.687785 0.986910 0.986910 0.986910
6627.240723 0.000000 2896.303467 0.000000 0.550925 0.000000 -0.834555 1.013139 1.013139 1.013139
6584.246094 0.000000 2957.185303 0.000000 0.799201 0.000000 0.601064 0.826108 0.826108 0.826108
6582.151855 0.000000 2958.262451 0.000000 0.830018 0.000000 0.557737 0.832201 0.832201 0.832201
6586.487793 0.000000 2958.879883 0.000000 0.296997 0.000000 0.954879 0.754555 0.754555 0.754555
6583.459961 0.000000 2959.240723 0.000000 0.133408 0.000000 0.991061 0.735333 0.735333 0.735333
6588.120117 0.000000 2965.930176 0.000000 0.911429 0.000000 0.411459 0.851407 0.851407 0.851407
6580.157715 0.000000 2963.071289 0.000000 0.718949 0.000000 -0.695063 0.988064 0.988064 0.988064
6585.899902 0.000000 2953.564453 0.000000 0.502497 0.000000 -0.864579 1.019669 1.019669 1.019669
6576.757324 0.000000 2962.601562 0.000000 0.144521 0.000000 0.989502 0.736619 0.736619 0.736619
6583.512207 0.000000 2966.137695 0.000000 0.399860 0.000000 -0.916576 1.032861 1.032861 1.032861
6587.296387 0.000000 2958.372314 0.000000 0.545427 0.000000 -0.838158 1.013892 1.013892 1.013892
6572.547363 0.000000 2960.431396 0.000000 0.913695 0.000000 0.406400 0.852042 0.852042 0.852042
6594.148438 0.000000 2956.661621 0.000000 0.288730 0.000000 -0.957410 1.046436 1.046436 1.046436
6593.860352 0.000000 2963.291504 0.000000 0.299026 0.000000 0.954245 0.754798 0.754798 0.754798
6592.472168 0.000000 2963.390137 0.000000 0.930929 0.000000 -0.365200 0.942840 0.942840 0.942840
6779.486328 0.000000 2667.869629 0.000000 0.830019 0.000000 -0.557735 0.967799 0.967799 0.967799
6815.254883 0.000000 2589.574707 0.000000 0.253435 0.000000 0.967352 0.749362 0.749362 0.749362
6840.913574 0.000000 2583.607666 0.000000 0.999445 0.000000 -0.033299 0.903816 0.903816 0.903816
6815.449219 0.000000 2588.603760 0.000000 0.953757 0.000000 -0.300578 0.934985 0.934985 0.934985
6814.510742 0.000000 2603.551758 0.000000 0.497541 0.000000 -0.867440 1.020325 1.020325 1.020325
6850.581543 0.000000 2585.621094 0.000000 0.084105 0.000000 0.996457 0.729649 0.729649 0.729649
6847.177246 0.000000 2575.705078 0.000000 0.354097 0.000000 0.935209 0.761476 0.761476 0.761476
6885.217773 0.000000 2621.154297 0.000000 0.678658 0.000000 -0.734454 0.994522 0.994522 0.994522
6794.433594 0.000000 2644.382812 0.000000 0.915973 0.000000 0.401240 0.852689 0.852689 0.852689
6793.013672 0.000000 2639.068848 0.000000 0.685753 0.000000 -0.727834 0.993410 0.993410 0.993410
6792.004395 0.000000 2653.699219 0.000000 0.018662 0.000000 -0.999826 1.077861 1.077861 1.077861
6794.659180 0.000000 2652.336670 0.000000 0.640907 0.000000 -0.767618 1.000281 1.000281 1.000281
6822.174316 0.000000 2636.670166 0.000000 0.980790 0.000000 -0.195069 0.922498 0.922498 0.922498
6833.903809 0.000000 2637.475342 0.000000 0.136363 0.000000 -0.990659 1.064325 1.064325 1.064325
6820.015625 0.000000 2628.135498 0.000000 0.406746 0.000000 0.913541 0.768001 0.768001 0.768001
6822.543457 0.000000 2645.063232 0.000000 0.999481 0.000000 0.032215 0.896308 0.896308 0.896308
6816.189453 0.000000 2639.056885 0.000000 0.989785 0.000000 0.142566 0.883607 0.883607 0.883607
6821.500488 0.000000 2633.717285 0.000000 0.399788 0.000000 -0.916608 1.032870 1.032870 1.032870
6870.061035 0.000000 2647.582520 0.000000 0.931675 0.000000 -0.363294 0.942605 0.942605 0.942605
6869.475586 0.000000 2636.682861 0.000000 0.555664 0.000000 -0.831407 1.012487 1.012487 1.012487
6879.467773 0.000000 2642.417480 0.000000 0.931893 0.000000 -0.362732 0.942536 0.942536 0.942536
6893.921875 0.000000 2624.745361 0.000000 0.594786 0.000000 0.803884 0.792995 0.792995 0.792995
6896.890137 0.000000 2628.276123 0.000000 0.012822 0.000000 -0.999918 1.078531 1.078531 1.078531
6889.137695 0.000000 2625.639648 0.000000 0.954959 0.000000 0.296739 0.865476 0.865476 0.865476
6897.391113 0.000000 2629.753418 0.000000 0.729655 0.000000 0.683816 0.813715 0.813715 0.813715
6781.885254 0.000000 2691.997803 0.000000 0.982258 0.000000 0.187533 0.878382 0.878382 0.878382
6786.416992 0.000000 2691.551758 0.000000 0.133369 0.000000 0.991067 0.735329 0.735329 0.735329
6783.199707 0.000000 2689.714844 0.000000 0.408813 0.000000 0.912618 0.768261 0.768261 0.768261
6789.520508 0.000000 2691.492432 0.000000 0.969002 0.000000 0.247054 0.871394 0.871394 0.871394
7101.459473 0.000000 2587.155029 0.000000 0.401414 0.000000 0.915897 0.767333 0.767333 0.767333
7101.848633 0.000000 2581.864746 0.000000 0.827878 0.000000 -0.560909 0.968237 0.968237 0.968237
7105.267090 0.000000 2575.527100 0.000000 0.861157 0.000000 -0.508339 0.961106 0.961106 0.961106
7113.772461 0.000000 2576.804688 0.000000 0.912460 0.000000 -0.409167 0.948305 0.948305 0.948305
7115.533691 0.000000 2576.369629 0.000000 0.999509 0.000000 0.031329 0.896409 0.896409 0.896409
7110.508301 0.000000 2581.078857 0.000000 0.933407 0.000000 -0.358820 0.942055 0.942055 0.942055
7110.726074 0.000000 2586.698486 0.000000 0.910544 0.000000 -0.413413 0.948839 0.948839 0.948839
7120.441895 0.000000 2587.761963 0.000000 0.294207 0.000000 0.955742 0.754220 0.754220 0.754220
7112.763184 0.000000 2577.609619 0.000000 0.195652 0.000000 0.980673 0.742566 0.742566 0.742566
7108.140137 0.000000 2576.390137 0.000000 0.727824 0.000000 0.685764 0.813409 0.813409 0.813409
7120.690918 0.000000 2578.695312 0.000000 0.860616 0.000000 0.509254 0.838772 0.838772 0.838772
7104.765625 0.000000 2587.122070 0.000000 0.403314 0.000000 0.915062 0.767571 0.767571 0.767571
7121.224609 0.000000 2587.300049 0.000000 0.803820 0.000000 0.594872 0.826993 0.826993 0.826993
7067.359863 0.000000 2669.416260 0.000000 0.996173 0.000000 -0.087404 0.910029 0.910029 0.910029
7060.391113 0.000000 2663.076416 0.000000 0.240874 0.000000 -0.970556 1.052124 1.052124 1.052124
6969.322266 0.000000 2714.443115 0.000000 0.909323 0.000000 -0.416091 0.949176 0.949176 0.949176
6976.185547 0.000000 2713.137939 0.000000 0.762229 0.000000 -0.647307 0.980678 0.980678 0.980678
6980.691406 0.000000 2806.540283 0.000000 0.511541 0.000000 0.859259 0.781533 0.781533 0.781533
7102.720215 0.000000 2705.514648 0.000000 0.952439 0.000000 0.304731 0.864516 0.864516 0.864516
7072.736328 0.000000 2732.363770 0.000000 0.932863 0.000000 -0.360231 0.942229 0.942229 0.942229
7113.616211 0.000000 2716.866943 0.000000 0.835130 0.000000 0.550052 0.833259 0.833259 0.833259
7104.071289 0.000000 2715.862061 0.000000 0.549613 0.000000 -0.835419 1.013319 1.013319 1.013319
7105.519043 0.000000 2711.227295 0.000000 0.884691 0.000000 -0.466177 0.955573 0.955573 0.955573
7110.726074 0.000000 2714.667236 0.000000 0.553228 0.000000 -0.833030 1.012823 1.012823 1.012823
7114.767578 0.000000 2717.468750 0.000000 0.186194 0.000000 -0.982513 1.058538 1.058538 1.058538
7105.686523 0.000000 2714.504150 0.000000 0.496951 0.000000 -0.867779 1.020403 1.020403 1.020403
6706.855469 0.000000 2856.745361 0.000000 0.911219 0.000000 0.411921 0.851349 0.851349 0.851349
6705.563477 0.000000 2867.613281 0.000000 0.187895 0.000000 -0.982189 1.058340 1.058340 1.058340
6702.317383 0.000000 2862.760254 0.000000 0.019881 0.000000 0.999802 0.722278 0.722278 0.722278
6718.388672 0.000000 2851.211914 0.000000 0.554380 0.000000 0.832264 0.787336 0.787336 0.787336
6718.618652 0.000000 2871.766113 0.000000 0.980597 0.000000 0.196036 0.877389 0.877389 0.877389
6715.088867 0.000000 2857.118408 0.000000 0.507248 0.000000 0.861800 0.780961 0.780961 0.780961
6706.118652 0.000000 2857.660400 0.000000 0.859781 0.000000 -0.510663 0.961416 0.961416 0.961416
6715.247559 0.000000 2856.160645 0.000000 0.966653 0.000000 -0.256090 0.929676 0.929676 0.929676
6717.957520 0.000000 2857.099609 0.000000 0.916382 0.000000 0.400305 0.852806 0.852806 0.852806
6728.271973 0.000000 2868.836426 0.000000 0.075206 0.000000 0.997168 0.728626 0.728626 0.728626
6721.437988 0.000000 2873.539551 0.000000 0.359172 0.000000 0.933271 0.762099 0.762099 0.762099
6721.859863 0.000000 2859.791748 0.000000 0.932806 0.000000 -0.360379 0.942247 0.942247 0.942247
6731.948730 0.000000 2887.214844 0.000000 0.025320 0.000000 -0.999679 1.077098 1.077098 1.077098
6728.540527 0.000000 2883.235107 0.000000 0.911026 0.000000 0.412348 0.851295 0.851295 0.851295
6721.998047 0.000000 2882.451416 0.000000 0.727829 0.000000 -0.685759 0.986591 0.986591 0.986591
6729.430176 0.000000 2883.744385 0.000000 0.965990 0.000000 -0.258580 0.929972 0.929972 0.929972
6844.547852 0.000000 2930.516846 0.000000 0.720519 0.000000 -0.693435 0.987805 0.987805 0.987805
6768.855957 0.000000 2970.391357 0.000000 0.290990 0.000000 -0.956726 1.046165 1.046165 1.046165
6768.484863 0.000000 2971.668213 0.000000 0.955200 0.000000 0.295959 0.865570 0.865570 0.865570
6663.544922 0.000000 3062.129639 0.000000 0.763892 0.000000 -0.645344 0.980383 0.980383 0.980383
6828.511230 0.000000 2961.508057 0.000000 0.931650 0.000000 -0.363357 0.942613 0.942613 0.942613
6840.552246 0.000000 2958.521729 0.000000 0.965086 0.000000 -0.261932 0.930369 0.930369 0.930369
6829.434570 0.000000 2961.019531 0.000000 0.408107 0.000000 0.912934 0.768172 0.768172 0.768172
6946.882812 0.000000 2953.999512 0.000000 0.755315 0.000000 -0.655362 0.981894 0.981894 0.981894
6944.429199 0.000000 2963.390137 0.000000 0.911594 0.000000 0.411092 0.851453 0.851453 0.851453
6945.108398 0.000000 2962.486816 0.000000 0.188004 0.000000 -0.982168 1.058327 1.058327 1.058327
6951.276855 0.000000 2969.665771 0.000000 0.936133 0.000000 0.351647 0.858824 0.858824 0.858824
6930.543457 0.000000 3000.550293 0.000000 0.954946 0.000000 0.296781 0.865471 0.865471 0.865471
6931.590820 0.000000 3001.726562 0.000000 0.951823 0.000000 -0.306647 0.935715 0.935715 0.935715
6987.931641 0.000000 2965.979004 0.000000 0.969244 0.000000 0.246102 0.871506 0.871506 0.871506
6997.348145 0.000000 2960.999023 0.000000 0.458737 0.000000 -0.888572 1.025389 1.025389 1.025389
6988.932129 0.000000 2968.201904 0.000000 0.759546 0.000000 0.650453 0.818848 0.818848 0.818848
6988.982910 0.000000 2963.680176 0.000000 0.552544 0.000000 -0.833484 1.012917 1.012917 1.012917
7004.528320 0.000000 2962.509033 0.000000 0.979974 0.000000 -0.199125 0.922972 0.922972 0.922972
7007.211914 0.000000 2970.618896 0.000000 0.682190 0.000000 0.731175 0.806030 0.806030 0.806030
6918.248535 0.000000 3015.382324 0.000000 0.990534 0.000000 0.137268 0.884220 0.884220 0.884220
6930.335449 0.000000 3009.068359 0.000000 0.353141 0.000000 -0.935570 1.038641 1.038641 1.038641
6929.387207 0.000000 3013.659668 0.000000 0.406953 0.000000 -0.913449 1.031973 1.031973 1.031973
6919.229492 0.000000 3014.962891 0.000000 0.645893 0.000000 -0.763428 0.999535 0.999535 0.999535
7764.499023 0.000000 2050.954590 0.000000 0.127230 0.000000 -0.991873 1.065381 1.065381 1.065381
7799.462402 0.000000 2051.948730 0.000000 0.883802 0.000000 -0.467861 0.955791 0.955791 0.955791
7809.865234 0.000000 2050.654541 0.000000 0.684478 0.000000 0.729034 0.806389 0.806389 0.806389
7826.537598 0.000000 2115.897705 0.000000 0.301103 0.000000 0.953592 0.755048 0.755048 0.755048
8008.215332 0.000000 2182.294678 0.000000 0.190478 0.000000 -0.981692 1.058039 1.058039 1.058039
7756.196777 0.000000 2447.167969 0.000000 0.143181 0.000000 0.989696 0.736464 0.736464 0.736464
7757.175293 0.000000 2446.873535 0.000000 0.503819 0.000000 -0.863809 1.019494 1.019494 1.019494
7371.065430 0.000000 2683.281006 0.000000 0.761551 0.000000 -0.648105 0.980798 0.980798 0.980798
7174.209961 0.000000 2705.025879 0.000000 0.557956 0.000000 0.829871 0.787829 0.787829 0.787829
7221.028320 0.000000 2750.615723 0.000000 0.510564 0.000000 0.859840 0.781403 0.781403 0.781403
7241.600586 0.000000 2748.859131 0.000000 0.883232 0.000000 -0.468936 0.955930 0.955930 0.955930
7236.035645 0.000000 2747.587891 0.000000 0.395120 0.000000 -0.918630 1.033453 1.033453 1.033453
7236.979980 0.000000 2746.984131 0.000000 0.935866 0.000000 0.352356 0.858737 0.858737 0.858737
7237.647461 0.000000 2740.620605 0.000000 0.966593 0.000000 -0.256317 0.929703 0.929703 0.929703
7231.066895 0.000000 2756.393311 0.000000 0.300673 0.000000 0.953727 0.754996 0.754996 0.754996
7229.660156 0.000000 2752.887207 0.000000 0.979235 0.000000 -0.202728 0.923393 0.923393 0.923393
7230.559082 0.000000 2757.220215 0.000000 0.027772 0.000000 0.999614 0.723183 0.723183 0.723183
7231.145020 0.000000 2753.699219 0.000000 0.883456 0.000000 -0.468515 0.955876 0.955876 0.955876
7234.084473 0.000000 2758.465576 0.000000 0.765438 0.000000 0.643510 0.819892 0.819892 0.819892
7371.793945 0.000000 2696.687012 0.000000 0.446728 0.000000 -0.894670 1.026932 1.026932 1.026932
7370.981445 0.000000 2695.614746 0.000000 0.504349 0.000000 0.863500 0.780576 0.780576 0.780576
7402.723633 0.000000 2702.713135 0.000000 0.678726 0.000000 -0.734392 0.994512 0.994512 0.994512
7418.574219 0.000000 2691.150879 0.000000 0.194062 0.000000 0.980989 0.742380 0.742380 0.742380
7406.576172 0.000000 2692.800537 0.000000 0.187314 0.000000 -0.982300 1.058408 1.058408 1.058408
7404.239746 0.000000 2703.105469 0.000000 0.861327 0.000000 0.508052 0.838932 0.838932 0.838932
7406.988770 0.000000 2690.148926 0.000000 0.593833 0.000000 -0.804588 1.007141 1.007141 1.007141
7415.876953 0.000000 2695.807129 0.000000 0.827488 0.000000 -0.561483 0.968317 0.968317 0.968317
7405.218262 0.000000 2702.811035 0.000000 0.860725 0.000000 0.509070 0.838796 0.838796 0.838796
7414.050293 0.000000 2694.333008 0.000000 0.991250 0.000000 0.131994 0.884830 0.884830 0.884830
7397.672852 0.000000 2747.701416 0.000000 0.951369 0.000000 -0.308053 0.935884 0.935884 0.935884
7413.004883 0.000000 2750.615723 0.000000 0.503955 0.000000 0.863730 0.780524 0.780524 0.780524
7417.322266 0.000000 2737.769043 0.000000 0.404926 0.000000 0.914349 0.767773 0.767773 0.767773
7421.278320 0.000000 2746.103271 0.000000 0.965831 0.000000 -0.259174 0.930042 0.930042 0.930042
7392.365723 0.000000 2749.003662 0.000000 0.833744 0.000000 0.552151 0.832971 0.832971 0.832971
7417.072266 0.000000 2736.822754 0.000000 0.459057 0.000000 -0.888407 1.025347 1.025347 1.025347
7383.190918 0.000000 2758.377930 0.000000 0.138260 0.000000 0.990396 0.735894 0.735894 0.735894
7395.548340 0.000000 2758.115723 0.000000 0.400570 0.000000 -0.916266 1.032772 1.032772 1.032772
7414.679688 0.000000 2752.128662 0.000000 0.978910 0.000000 -0.204292 0.923576 0.923576 0.923576
7440.291016 0.000000 2685.130371 0.000000 0.641685 0.000000 -0.766968 1.000165 1.000165 1.000165
7441.167480 0.000000 2684.770752 0.000000 0.299068 0.000000 -0.954232 1.045197 1.045197 1.045197
7642.410156 0.000000 2585.395508 0.000000 0.077418 0.000000 -0.996999 1.071120 1.071120 1.071120
7632.750488 0.000000 2586.485107 0.000000 0.295851 0.000000 -0.955234 1.045583 1.045583 1.045583
7646.151855 0.000000 2582.686768 0.000000 0.254057 0.000000 0.967189 0.749435 0.749435 0.749435
7632.379395 0.000000 2587.761963 0.000000 0.079013 0.000000 0.996874 0.729064 0.729064 0.729064
7632.204590 0.000000 2583.524414 0.000000 0.725041 0.000000 -0.688706 0.987055 0.987055 0.987055
7648.349121 0.000000 2583.733643 0.000000 0.965159 0.000000 -0.261664 0.930338 0.930338 0.930338
7675.130371 0.000000 2568.230957 0.000000 0.953834 0.000000 -0.300333 0.934955 0.934955 0.934955
7621.872559 0.000000 2606.701904 0.000000 0.179992 0.000000 -0.983668 1.059261 1.059261 1.059261
7620.995117 0.000000 2617.138672 0.000000 0.724756 0.000000 -0.689005 0.987103 0.987103 0.987103
7620.361328 0.000000 2616.434814 0.000000 0.240673 0.000000 -0.970606 1.052147 1.052147 1.052147
7444.411133 0.000000 2710.546875 0.000000 0.236444 0.000000 -0.971645 1.052646 1.052646 1.052646
7423.375000 0.000000 2748.564697 0.000000 0.965601 0.000000 -0.260029 0.930143 0.930143 0.930143
7502.957520 0.000000 2741.020996 0.000000 0.139160 0.000000 -0.990270 1.064001 1.064001 1.064001
7505.564941 0.000000 2726.779541 0.000000 0.188563 0.000000 0.982061 0.741738 0.741738 0.741738
7496.277832 0.000000 2726.161865 0.000000 0.731839 0.000000 0.681478 0.814082 0.814082 0.814082
7503.782227 0.000000 2740.579834 0.000000 0.886682 0.000000 0.462380 0.844918 0.844918 0.844918
7489.204102 0.000000 2728.422119 0.000000 0.549089 0.000000 -0.835764 1.013391 1.013391 1.013391
7492.883301 0.000000 2724.261475 0.000000 0.084429 0.000000 0.996430 0.729686 0.729686 0.729686
7502.880859 0.000000 2740.113037 0.000000 0.989960 0.000000 -0.141346 0.916251 0.916251 0.916251
7614.627930 0.000000 2713.539795 0.000000 0.966464 0.000000 -0.256802 0.929761 0.929761 0.929761
7622.739258 0.000000 2718.020020 0.000000 0.995857 0.000000 -0.090936 0.910435 0.910435 0.910435
7616.503906 0.000000 2714.077881 0.000000 0.461482 0.000000 0.887149 0.774966 0.774966 0.774966
7623.239258 0.000000 2708.074463 0.000000 0.191601 0.000000 0.981473 0.742092 0.742092 0.742092
7628.729004 0.000000 2720.532227 0.000000 0.999809 0.000000 0.019550 0.897760 0.897760 0.897760
7691.325195 0.000000 2563.155762 0.000000 0.360933 0.000000 0.932592 0.762315 0.762315 0.762315
7688.125000 0.000000 2568.996826 0.000000 0.358026 0.000000 0.933712 0.761958 0.761958 0.761958
7682.596680 0.000000 2571.512939 0.000000 0.909210 0.000000 -0.416338 0.949207 0.949207 0.949207
7765.366211 0.000000 2604.690674 0.000000 0.887955 0.000000 -0.459929 0.954765 0.954765 0.954765
7765.041016 0.000000 2605.795410 0.000000 0.827900 0.000000 0.560876 0.831767 0.831767 0.831767
7733.081543 0.000000 2662.107910 0.000000 0.402522 0.000000 0.915410 0.767472 0.767472 0.767472
7731.111816 0.000000 2668.289307 0.000000 0.645978 0.000000 0.763356 0.800478 0.800478 0.800478
7730.187012 0.000000 2676.804443 0.000000 0.762718 0.000000 0.646731 0.819409 0.819409 0.819409
7729.645996 0.000000 2672.894775 0.000000 0.727694 0.000000 0.685902 0.813387 0.813387 0.813387
7748.470703 0.000000 2637.981689 0.000000 0.191185 0.000000 0.981554 0.742044 0.742044 0.742044
7750.146973 0.000000 2631.476074 0.000000 0.989120 0.000000 -0.147108 0.916919 0.916919 0.916919
7752.989746 0.000000 2642.860596 0.000000 0.913986 0.000000 -0.405746 0.947876 0.947876 0.947876
7755.455566 0.000000 2640.354004 0.000000 0.981199 0.000000 0.193001 0.877744 0.877744 0.877744
7744.622070 0.000000 2637.967041 0.000000 0.990270 0.000000 -0.139156 0.915998 0.915998 0.915998
7774.469727 0.000000 2640.411865 0.000000 0.913428 0.000000 -0.407000 0.948033 0.948033 0.948033
7772.148438 0.000000 2641.686279 0.000000 0.552003 0.000000 0.833842 0.787009 0.787009 0.787009
7751.229004 0.000000 2632.122314 0.000000 0.300455 0.000000 0.953796 0.754970 0.754970 0.754970
7773.035645 0.000000 2646.389648 0.000000 0.252264 0.000000 0.967658 0.749223 0.749223 0.749223
7753.192871 0.000000 2643.983398 0.000000 0.071845 0.000000 -0.997416 1.071760 1.071760 1.071760
7747.496094 0.000000 2638.445068 0.000000 0.934254 0.000000 -0.356607 0.941784 0.941784 0.941784
7765.350098 0.000000 2631.275146 0.000000 0.359108 0.000000 0.933296 0.762091 0.762091 0.762091
7803.165039 0.000000 2654.206055 0.000000 0.955418 0.000000 0.295258 0.865654 0.865654 0.865654
7793.481934 0.000000 2649.240723 0.000000 0.999596 0.000000 0.028421 0.896743 0.896743 0.896743
7800.854980 0.000000 2645.044189 0.000000 0.252069 0.000000 0.967709 0.749200 0.749200 0.749200
7813.903320 0.000000 2646.543457 0.000000 0.457336 0.000000 0.889294 0.774431 0.774431 0.774431
7813.330078 0.000000 2647.901855 0.000000 0.860954 0.000000 -0.508684 0.961152 0.961152 0.961152
6213.299805 0.000000 3133.029297 0.000000 0.908988 0.000000 -0.416822 0.949268 0.949268 0.949268
6205.018555 0.000000 3139.345215 0.000000 0.080528 0.000000 0.996752 0.729238 0.729238 0.729238
6198.332520 0.000000 3138.681641 0.000000 0.139384 0.000000 0.990238 0.736024 0.736024 0.736024
6201.946777 0.000000 3145.517578 0.000000 0.999365 0.000000 -0.035642 0.904085 0.904085 0.904085
6210.347656 0.000000 3150.185303 0.000000 0.990327 0.000000 -0.138751 0.915951 0.915951 0.915951
6155.185059 0.000000 3370.510010 0.000000 0.999526 0.000000 -0.030778 0.903527 0.903527 0.903527
6158.415527 0.000000 3366.903320 0.000000 0.724566 0.000000 0.689206 0.812865 0.812865 0.812865
6312.328125 0.000000 3610.625488 0.000000 0.495971 0.000000 -0.868339 1.020532 1.020532 1.020532
6321.823242 0.000000 3611.793945 0.000000 0.145399 0.000000 0.989373 0.736721 0.736721 0.736721
6328.836426 0.000000 3608.540771 0.000000 0.915648 0.000000 0.401980 0.852596 0.852596 0.852596
6328.649902 0.000000 3609.544922 0.000000 0.982282 0.000000 0.187407 0.878397 0.878397 0.878397
6370.052734 0.000000 3640.588623 0.000000 0.240889 0.000000 -0.970553 1.052122 1.052122 1.052122
6357.782715 0.000000 3652.095947 0.000000 0.463037 0.000000 0.886339 0.775167 0.775167 0.775167
6362.116211 0.000000 3649.427490 0.000000 0.650622 0.000000 0.759402 0.801177 0.801177 0.801177
6364.155273 0.000000 3657.905762 0.000000 0.452232 0.000000 -0.891900 1.026226 1.026226 1.026226
6363.549316 0.000000 3648.537842 0.000000 0.023654 0.000000 -0.999720 1.077289 1.077289 1.077289
6378.297363 0.000000 3652.155273 0.000000 0.553095 0.000000 0.833118 0.787159 0.787159 0.787159
6381.001465 0.000000 3653.252197 0.000000 0.032130 0.000000 0.999484 0.723682 0.723682 0.723682
6378.579590 0.000000 3651.260742 0.000000 0.246082 0.000000 0.969249 0.748491 0.748491 0.748491
6410.722656 0.000000 3624.244629 0.000000 0.071078 0.000000 -0.997471 1.071848 1.071848 1.071848
6447.366699 0.000000 3637.753174 0.000000 0.500134 0.000000 0.865948 0.780018 0.780018 0.780018
6435.124512 0.000000 3628.162109 0.000000 0.732073 0.000000 0.681226 0.814121 0.814121 0.814121
6601.130371 0.000000 3602.626221 0.000000 0.995632 0.000000 -0.093362 0.910714 0.910714 0.910714
7293.142090 0.000000 3293.323486 0.000000 0.990084 0.000000 -0.140479 0.916151 0.916151 0.916151
7255.377930 0.000000 3311.154785 0.000000 0.933917 0.000000 -0.357490 0.941892 0.941892 0.941892
7254.274902 0.000000 3306.050293 0.000000 0.408569 0.000000 0.912728 0.768230 0.768230 0.768230
7260.045898 0.000000 3305.991699 0.000000 0.967222 0.000000 0.253933 0.870579 0.870579 0.870579
7265.820801 0.000000 3303.552002 0.000000 0.883223 0.000000 -0.468954 0.955933 0.955933 0.955933
7292.193848 0.000000 3303.823242 0.000000 0.990958 0.000000 0.134174 0.884578 0.884578 0.884578
7292.188965 0.000000 3302.521973 0.000000 0.982053 0.000000 0.188607 0.878257 0.878257 0.878257
7297.046875 0.000000 3288.536865 0.000000 0.454368 0.000000 -0.890814 1.025952 1.025952 1.025952
7297.939453 0.000000 3288.674561 0.000000 0.834037 0.000000 0.551709 0.833031 0.833031 0.833031
7300.972168 0.000000 3354.835693 0.000000 0.682253 0.000000 0.731116 0.806040 0.806040 0.806040
"}
object={
	name="tree_savanna_generator_1_6"
	clamp_to_water_level=no
	render_under_water=no
	generated_content=yes
	layer="tree_layer"
	pdxmesh="tree_baobab_01_mesh"
	count=881
	transform="1175.354492 0.000000 2857.007812 0.000000 0.672656 0.000000 -0.739955 0.774243 0.774243 0.774243
1168.310669 0.000000 2848.782959 0.000000 0.906030 0.000000 -0.423213 0.738947 0.738947 0.738947
1173.303589 0.000000 2850.759277 0.000000 0.947390 0.000000 -0.320080 0.729039 0.729039 0.729039
1173.197510 0.000000 2859.112549 0.000000 0.770292 0.000000 0.637692 0.638369 0.638369 0.638369
1173.543945 0.000000 2856.146240 0.000000 0.783834 0.000000 -0.620971 0.759713 0.759713 0.759713
1185.989258 0.000000 2863.456787 0.000000 0.988339 0.000000 -0.152270 0.713624 0.713624 0.713624
1181.218506 0.000000 2885.724609 0.000000 0.521631 0.000000 0.853171 0.608909 0.608909 0.608909
1678.602661 0.000000 2662.163818 0.000000 0.438929 0.000000 -0.898522 0.799500 0.799500 0.799500
1739.414673 0.000000 2670.720947 0.000000 0.927753 0.000000 -0.373195 0.734087 0.734087 0.734087
1754.162354 0.000000 2675.726318 0.000000 0.670421 0.000000 -0.741980 0.774512 0.774512 0.774512
1546.295654 0.000000 2748.859131 0.000000 0.674425 0.000000 -0.738343 0.774030 0.774030 0.774030
1559.641968 0.000000 2749.023193 0.000000 0.808883 0.000000 0.587970 0.643980 0.643980 0.643980
1560.326416 0.000000 2746.160889 0.000000 0.894887 0.000000 0.446293 0.658768 0.658768 0.658768
1560.859131 0.000000 2765.232178 0.000000 0.468308 0.000000 0.883565 0.603438 0.603438 0.603438
1670.888550 0.000000 2695.460449 0.000000 0.881765 0.000000 -0.471688 0.743779 0.743779 0.743779
1677.634644 0.000000 2711.132812 0.000000 0.998694 0.000000 -0.051087 0.704555 0.704555 0.704555
1675.300537 0.000000 2696.471191 0.000000 0.956372 0.000000 0.292152 0.673576 0.673576 0.673576
1672.018433 0.000000 2702.231934 0.000000 0.170153 0.000000 -0.985418 0.824761 0.824761 0.824761
1672.858765 0.000000 2696.965576 0.000000 0.848158 0.000000 -0.529743 0.749759 0.749759 0.749759
1708.055176 0.000000 2691.124512 0.000000 0.971090 0.000000 0.238715 0.678517 0.678517 0.678517
1686.749268 0.000000 2734.317139 0.000000 0.488878 0.000000 -0.872352 0.794474 0.794474 0.794474
1750.664551 0.000000 2708.408447 0.000000 0.945968 0.000000 -0.324259 0.729432 0.729432 0.729432
1731.591064 0.000000 2693.451416 0.000000 0.959656 0.000000 0.281176 0.674597 0.674597 0.674597
1749.127197 0.000000 2699.151611 0.000000 0.745950 0.000000 -0.666002 0.764959 0.764959 0.764959
1766.876831 0.000000 2695.460449 0.000000 0.121992 0.000000 -0.992531 0.829100 0.829100 0.829100
1713.472900 0.000000 2778.438232 0.000000 0.700939 0.000000 0.713221 0.629226 0.629226 0.629226
1706.699463 0.000000 2777.226807 0.000000 0.532927 0.000000 -0.846161 0.789906 0.789906 0.789906
1738.695557 0.000000 2777.226807 0.000000 0.907617 0.000000 -0.419800 0.738612 0.738612 0.738612
1732.764160 0.000000 2786.440186 0.000000 0.522232 0.000000 0.852803 0.608972 0.608972 0.608972
1816.827881 0.000000 2701.247803 0.000000 0.482643 0.000000 -0.875817 0.795109 0.795109 0.795109
1818.154541 0.000000 2707.718506 0.000000 0.120613 0.000000 -0.992700 0.829224 0.829224 0.829224
1816.526733 0.000000 2711.191895 0.000000 0.906607 0.000000 -0.421976 0.738826 0.738826 0.738826
1820.000122 0.000000 2701.408447 0.000000 0.443118 0.000000 -0.896463 0.799084 0.799084 0.799084
1819.326416 0.000000 2710.542969 0.000000 0.736158 0.000000 0.676810 0.633741 0.633741 0.633741
1819.069336 0.000000 2702.942383 0.000000 0.608854 0.000000 0.793283 0.618344 0.618344 0.618344
1829.192749 0.000000 2701.966064 0.000000 0.488223 0.000000 -0.872719 0.794541 0.794541 0.794541
1851.200806 0.000000 2717.200928 0.000000 0.383540 0.000000 -0.923524 0.804917 0.804917 0.804917
1851.262573 0.000000 2719.287109 0.000000 0.279253 0.000000 -0.960218 0.814776 0.814776 0.814776
1825.726196 0.000000 2705.449707 0.000000 0.971307 0.000000 0.237827 0.678598 0.678598 0.678598
1819.120850 0.000000 2745.356445 0.000000 0.736132 0.000000 0.676838 0.633738 0.633738 0.633738
1808.247314 0.000000 2738.232178 0.000000 0.876067 0.000000 -0.482189 0.744844 0.744844 0.744844
1822.975830 0.000000 2729.955811 0.000000 0.978646 0.000000 -0.205555 0.718452 0.718452 0.718452
1853.136475 0.000000 2725.763672 0.000000 0.393311 0.000000 -0.919406 0.803972 0.803972 0.803972
1828.265625 0.000000 2737.602783 0.000000 0.838842 0.000000 0.544374 0.648695 0.648695 0.648695
1828.752441 0.000000 2722.455811 0.000000 0.897177 0.000000 0.441672 0.659228 0.659228 0.659228
1824.967773 0.000000 2724.848389 0.000000 0.998988 0.000000 -0.044987 0.704011 0.704011 0.704011
1831.998901 0.000000 2734.224121 0.000000 0.167002 0.000000 -0.985957 0.825046 0.825046 0.825046
1853.549438 0.000000 2723.446777 0.000000 0.043063 0.000000 0.999072 0.563839 0.563839 0.563839
1830.785767 0.000000 2722.005127 0.000000 0.102111 0.000000 0.994773 0.569117 0.569117 0.569117
1831.076172 0.000000 2729.196045 0.000000 0.276095 0.000000 -0.961130 0.815069 0.815069 0.815069
1859.897339 0.000000 2709.435303 0.000000 0.671915 0.000000 -0.740629 0.774332 0.774332 0.774332
1857.206665 0.000000 2714.077881 0.000000 0.941038 0.000000 0.338300 0.669241 0.669241 0.669241
1862.233887 0.000000 2719.632568 0.000000 0.281317 0.000000 -0.959615 0.814584 0.814584 0.814584
1857.621094 0.000000 2722.215088 0.000000 0.991424 0.000000 0.130684 0.688319 0.688319 0.688319
1872.224731 0.000000 2720.814209 0.000000 0.998973 0.000000 -0.045300 0.704039 0.704039 0.704039
1887.718994 0.000000 2724.401123 0.000000 0.321557 0.000000 0.946890 0.589178 0.589178 0.589178
1872.220093 0.000000 2723.657959 0.000000 0.614872 0.000000 0.788627 0.619022 0.619022 0.619022
1857.299805 0.000000 2720.408936 0.000000 0.994724 0.000000 -0.102589 0.709160 0.709160 0.709160
1894.861206 0.000000 2727.452637 0.000000 0.312837 0.000000 0.949807 0.588358 0.588358 0.588358
1906.465576 0.000000 2742.108887 0.000000 0.964010 0.000000 -0.265866 0.723984 0.723984 0.723984
1891.499756 0.000000 2730.054199 0.000000 0.940051 0.000000 0.341033 0.668983 0.668983 0.668983
1896.709595 0.000000 2731.640625 0.000000 0.421867 0.000000 0.906658 0.598815 0.598815 0.598815
1898.676025 0.000000 2745.234619 0.000000 0.666857 0.000000 -0.745185 0.774939 0.774939 0.774939
1904.187012 0.000000 2744.045898 0.000000 0.998168 0.000000 0.060508 0.694604 0.694604 0.694604
1913.375122 0.000000 2744.751709 0.000000 0.998570 0.000000 -0.053461 0.704767 0.704767 0.704767
1913.939087 0.000000 2746.435303 0.000000 0.175133 0.000000 -0.984545 0.824310 0.824310 0.824310
1915.939575 0.000000 2744.233398 0.000000 0.331878 0.000000 -0.943322 0.809849 0.809849 0.809849
1888.654541 0.000000 2728.643311 0.000000 0.004210 0.000000 -0.999991 0.839625 0.839625 0.839625
1891.516724 0.000000 2728.668945 0.000000 0.947610 0.000000 -0.319431 0.728978 0.728978 0.728978
1899.404175 0.000000 2749.460938 0.000000 0.971144 0.000000 0.238494 0.678537 0.678537 0.678537
1883.014160 0.000000 2752.309570 0.000000 0.312582 0.000000 0.949891 0.588334 0.588334 0.588334
1878.329224 0.000000 2756.314697 0.000000 0.736032 0.000000 0.676947 0.633725 0.633725 0.633725
1883.901733 0.000000 2753.703369 0.000000 0.850432 0.000000 -0.526084 0.749375 0.749375 0.749375
1898.817749 0.000000 2751.429443 0.000000 0.652728 0.000000 0.757592 0.801495 0.801495 0.801495
1925.181030 0.000000 2765.950439 0.000000 0.002920 0.000000 -0.999996 0.839740 0.839740 0.839740
1919.997192 0.000000 2759.427490 0.000000 0.958838 0.000000 0.283953 0.674339 0.674339 0.674339
1931.391235 0.000000 2766.697510 0.000000 0.964711 0.000000 -0.263311 0.723748 0.723748 0.723748
1933.603394 0.000000 2775.117188 0.000000 0.580520 0.000000 -0.814246 0.784798 0.784798 0.784798
1938.461670 0.000000 2774.101074 0.000000 0.674608 0.000000 -0.738176 0.774007 0.774007 0.774007
1936.213501 0.000000 2765.779297 0.000000 0.200413 0.000000 0.979711 0.577984 0.577984 0.577984
1927.434326 0.000000 2782.004395 0.000000 0.582602 0.000000 -0.812757 0.784570 0.784570 0.784570
1926.131226 0.000000 2762.718506 0.000000 0.577363 0.000000 -0.816488 0.785143 0.785143 0.785143
1938.145264 0.000000 2771.636719 0.000000 0.837510 0.000000 0.546422 0.648477 0.648477 0.648477
1923.010254 0.000000 2755.536133 0.000000 0.947919 0.000000 -0.318511 0.728891 0.728891 0.728891
1932.051514 0.000000 2765.308105 0.000000 0.201109 0.000000 0.979569 0.578047 0.578047 0.578047
1929.157715 0.000000 2765.098145 0.000000 0.281292 0.000000 -0.959622 0.814586 0.814586 0.814586
1932.907227 0.000000 2767.089844 0.000000 0.367683 0.000000 0.929951 0.593558 0.593558 0.593558
1934.154785 0.000000 2773.706055 0.000000 0.115334 0.000000 -0.993327 0.829698 0.829698 0.829698
1935.969971 0.000000 2769.291016 0.000000 0.204409 0.000000 0.978886 0.743590 0.743590 0.743590
1931.916138 0.000000 2802.508789 0.000000 0.010300 0.000000 -0.999947 0.839082 0.839082 0.839082
1946.251343 0.000000 2797.556396 0.000000 0.926198 0.000000 -0.377037 0.734456 0.734456 0.734456
1740.051270 0.000000 2819.093262 0.000000 0.973009 0.000000 0.230769 0.679245 0.679245 0.679245
1757.148193 0.000000 2853.732422 0.000000 0.945613 0.000000 -0.325293 0.729530 0.729530 0.729530
1757.561157 0.000000 2851.415527 0.000000 0.872083 0.000000 0.489359 0.654425 0.654425 0.654425
1766.062866 0.000000 2865.865723 0.000000 0.607662 0.000000 0.794196 0.618210 0.618210 0.618210
1772.675781 0.000000 2891.562500 0.000000 0.258246 0.000000 0.966079 0.583280 0.583280 0.583280
1772.366211 0.000000 2910.291748 0.000000 0.172890 0.000000 -0.984941 0.824513 0.824513 0.824513
1772.047363 0.000000 2915.069824 0.000000 0.310609 0.000000 0.950538 0.588149 0.588149 0.588149
1778.481201 0.000000 2934.062012 0.000000 0.120581 0.000000 -0.992703 0.829227 0.829227 0.829227
1778.059937 0.000000 2927.881836 0.000000 0.034375 0.000000 0.999409 0.563064 0.563064 0.563064
1819.951294 0.000000 2840.209961 0.000000 0.045111 0.000000 0.998982 0.564022 0.564022 0.564022
1819.894897 0.000000 2846.159180 0.000000 0.929494 0.000000 -0.368837 0.733668 0.733668 0.733668
1851.926025 0.000000 2832.560791 0.000000 0.159780 0.000000 0.987153 0.574302 0.574302 0.574302
1841.457275 0.000000 2842.422607 0.000000 0.998076 0.000000 0.062007 0.694470 0.694470 0.694470
1854.954468 0.000000 2845.337402 0.000000 0.372604 0.000000 0.927990 0.594030 0.594030 0.594030
1834.683838 0.000000 2841.211182 0.000000 0.470332 0.000000 0.882489 0.603642 0.603642 0.603642
1854.426758 0.000000 2834.171631 0.000000 0.917765 0.000000 0.397124 0.663602 0.663602 0.663602
1837.179565 0.000000 2836.666748 0.000000 0.906639 0.000000 -0.421908 0.738819 0.738819 0.738819
1832.874634 0.000000 2842.812988 0.000000 0.995542 0.000000 -0.094321 0.708419 0.708419 0.708419
1845.034424 0.000000 2832.092285 0.000000 0.999984 0.000000 0.005592 0.699502 0.699502 0.699502
1853.141602 0.000000 2846.358154 0.000000 0.269693 0.000000 0.962946 0.584338 0.584338 0.584338
1850.001465 0.000000 2833.745605 0.000000 0.656797 0.000000 0.754067 0.623865 0.623865 0.623865
1842.369751 0.000000 2843.981445 0.000000 0.476226 0.000000 0.879323 0.604239 0.604239 0.604239
1840.841309 0.000000 2838.512451 0.000000 0.918009 0.000000 0.396560 0.663657 0.663657 0.663657
1843.656738 0.000000 2839.135986 0.000000 0.658245 0.000000 0.752804 0.624036 0.624036 0.624036
1825.872070 0.000000 2846.920898 0.000000 0.904001 0.000000 -0.427531 0.739373 0.739373 0.739373
1796.169922 0.000000 2877.017090 0.000000 0.987992 0.000000 -0.154507 0.713826 0.713826 0.713826
1821.695190 0.000000 2868.922363 0.000000 0.628785 0.000000 -0.777579 0.779395 0.779395 0.779395
1795.198242 0.000000 2873.550781 0.000000 0.579830 0.000000 -0.814738 0.784873 0.784873 0.784873
1793.915039 0.000000 2863.456787 0.000000 0.568505 0.000000 0.822679 0.613894 0.613894 0.613894
1816.295166 0.000000 2874.129639 0.000000 0.373014 0.000000 0.927826 0.594069 0.594069 0.594069
1817.437256 0.000000 2849.692383 0.000000 0.946437 0.000000 -0.322889 0.729303 0.729303 0.729303
1822.774292 0.000000 2847.545898 0.000000 0.768464 0.000000 0.639893 0.638114 0.638114 0.638114
1793.214478 0.000000 2874.038818 0.000000 0.440638 0.000000 -0.897685 0.799331 0.799331 0.799331
1820.809326 0.000000 2873.469482 0.000000 0.012247 0.000000 -0.999925 0.838908 0.838908 0.838908
1820.249023 0.000000 2852.406738 0.000000 0.651447 0.000000 0.758694 0.623235 0.623235 0.623235
1846.652832 0.000000 2868.369385 0.000000 0.823128 0.000000 -0.567855 0.753823 0.753823 0.753823
1832.203613 0.000000 2864.991943 0.000000 0.851973 0.000000 -0.523586 0.749114 0.749114 0.749114
1835.927856 0.000000 2866.493164 0.000000 0.316471 0.000000 0.948602 0.588699 0.588699 0.588699
1836.667969 0.000000 2859.570312 0.000000 0.998902 0.000000 -0.046844 0.704177 0.704177 0.704177
1845.115479 0.000000 2859.112549 0.000000 0.692378 0.000000 0.721535 0.628162 0.628162 0.628162
1831.998901 0.000000 2862.192871 0.000000 0.522145 0.000000 0.852857 0.608963 0.608963 0.608963
1826.441895 0.000000 2867.314941 0.000000 0.157683 0.000000 0.987490 0.574113 0.574113 0.574113
1832.983276 0.000000 2871.470703 0.000000 0.940579 0.000000 0.339575 0.669121 0.669121 0.669121
1846.729736 0.000000 2862.285889 0.000000 0.734775 0.000000 0.678311 0.633559 0.633559 0.633559
1845.034424 0.000000 2864.084473 0.000000 0.771350 0.000000 0.636411 0.638517 0.638517 0.638517
1834.669434 0.000000 2860.658936 0.000000 0.962691 0.000000 -0.270604 0.724423 0.724423 0.724423
1825.726196 0.000000 2865.410645 0.000000 0.523157 0.000000 0.852236 0.609069 0.609069 0.609069
1824.230347 0.000000 2870.779785 0.000000 0.617520 0.000000 0.786555 0.619321 0.619321 0.619321
1836.337891 0.000000 2857.783203 0.000000 0.657362 0.000000 0.753575 0.623932 0.623932 0.623932
1825.344238 0.000000 2861.912354 0.000000 0.693507 0.000000 0.720450 0.628302 0.628302 0.628302
1841.302612 0.000000 2868.986328 0.000000 0.984193 0.000000 0.177100 0.684132 0.684132 0.684132
1843.533813 0.000000 2863.398193 0.000000 0.482462 0.000000 -0.875917 0.795128 0.795128 0.795128
1838.945801 0.000000 2865.341553 0.000000 0.224149 0.000000 -0.974555 0.819851 0.819851 0.819851
1836.956299 0.000000 2874.265625 0.000000 0.709120 0.000000 -0.705088 0.769746 0.769746 0.769746
1829.005859 0.000000 2857.664551 0.000000 0.436165 0.000000 -0.899867 0.799774 0.799774 0.799774
1825.714478 0.000000 2872.638428 0.000000 0.999957 0.000000 0.009312 0.699170 0.699170 0.699170
1826.970215 0.000000 2864.629639 0.000000 0.669545 0.000000 -0.742772 0.774617 0.774617 0.774617
1836.918945 0.000000 2863.066406 0.000000 0.566292 0.000000 0.824205 0.613654 0.613654 0.613654
1838.166504 0.000000 2869.682617 0.000000 0.963574 0.000000 -0.267440 0.724130 0.724130 0.724130
1873.453369 0.000000 2842.422607 0.000000 0.842010 0.000000 0.539462 0.649216 0.649216 0.649216
1886.950562 0.000000 2845.337402 0.000000 0.540963 0.000000 -0.841046 0.789057 0.789057 0.789057
1860.261719 0.000000 2833.579346 0.000000 0.580816 0.000000 -0.814035 0.784765 0.784765 0.784765
1858.437988 0.000000 2835.322754 0.000000 0.986206 0.000000 -0.165524 0.714821 0.714821 0.714821
1862.348145 0.000000 2843.677979 0.000000 0.652122 0.000000 0.758114 0.623314 0.623314 0.623314
1858.159302 0.000000 2839.196045 0.000000 0.146048 0.000000 0.989278 0.573063 0.573063 0.573063
1863.366455 0.000000 2842.635986 0.000000 0.491440 0.000000 -0.870911 0.794212 0.794212 0.794212
1862.233887 0.000000 2847.601318 0.000000 0.851167 0.000000 -0.524895 0.749251 0.749251 0.749251
1880.820068 0.000000 2861.208740 0.000000 0.112715 0.000000 -0.993627 0.829933 0.829933 0.829933
1874.469482 0.000000 2870.077637 0.000000 0.790449 0.000000 -0.612528 0.758757 0.758757 0.758757
1868.664062 0.000000 2859.570312 0.000000 0.587322 0.000000 -0.809353 0.784051 0.784051 0.784051
1877.111572 0.000000 2859.112549 0.000000 0.533741 0.000000 -0.845648 0.789820 0.789820 0.789820
1887.718994 0.000000 2852.369873 0.000000 0.004913 0.000000 -0.999988 0.839562 0.839562 0.839562
1864.620972 0.000000 2848.925049 0.000000 0.009083 0.000000 -0.999959 0.839190 0.839190 0.839190
1864.870728 0.000000 2874.805176 0.000000 0.983286 0.000000 0.182068 0.683682 0.683682 0.683682
1884.374023 0.000000 2867.044434 0.000000 0.518661 0.000000 0.854980 0.608599 0.608599 0.608599
1866.412964 0.000000 2864.734375 0.000000 0.733104 0.000000 0.680117 0.633340 0.633340 0.633340
1886.854614 0.000000 2870.616455 0.000000 0.513946 0.000000 0.857823 0.608109 0.608109 0.608109
1887.038818 0.000000 2874.770020 0.000000 0.119190 0.000000 -0.992871 0.829352 0.829352 0.829352
1870.952881 0.000000 2877.311279 0.000000 0.043445 0.000000 0.999056 0.563873 0.563873 0.563873
1862.051147 0.000000 2865.865723 0.000000 0.278439 0.000000 -0.960454 0.814851 0.814851 0.814851
1881.089355 0.000000 2857.022949 0.000000 0.465816 0.000000 0.884882 0.603187 0.603187 0.603187
1863.897339 0.000000 2866.831299 0.000000 0.992495 0.000000 0.122283 0.689074 0.689074 0.689074
1894.319580 0.000000 2867.680664 0.000000 0.995033 0.000000 -0.099542 0.708887 0.708887 0.708887
1894.625366 0.000000 2870.488770 0.000000 0.203177 0.000000 0.979142 0.578235 0.578235 0.578235
1890.434082 0.000000 2867.314941 0.000000 0.971610 0.000000 0.236588 0.678712 0.678712 0.678712
1891.852295 0.000000 2863.398193 0.000000 0.999006 0.000000 -0.044576 0.703974 0.703974 0.703974
1894.047241 0.000000 2865.865723 0.000000 0.118283 0.000000 -0.992980 0.829433 0.829433 0.829433
1890.323242 0.000000 2869.011963 0.000000 0.877686 0.000000 -0.479236 0.744544 0.744544 0.744544
1792.012817 0.000000 2887.396240 0.000000 0.991948 0.000000 0.126648 0.688682 0.688682 0.688682
1821.059814 0.000000 2880.527832 0.000000 0.124269 0.000000 -0.992249 0.828896 0.828896 0.828896
1793.915039 0.000000 2895.448975 0.000000 0.606134 0.000000 0.795363 0.618038 0.618038 0.618038
1835.402954 0.000000 2894.666260 0.000000 0.440883 0.000000 -0.897564 0.799306 0.799306 0.799306
1827.507568 0.000000 2890.015137 0.000000 0.341680 0.000000 -0.939816 0.808921 0.808921 0.808921
1834.825562 0.000000 2879.398193 0.000000 0.925734 0.000000 -0.378176 0.734566 0.734566 0.734566
1845.799805 0.000000 2886.053223 0.000000 0.994756 0.000000 -0.102281 0.709132 0.709132 0.709132
1845.221558 0.000000 2882.751465 0.000000 0.231573 0.000000 -0.972818 0.819172 0.819172 0.819172
1838.014648 0.000000 2896.077637 0.000000 0.962331 0.000000 -0.271880 0.724541 0.724541 0.724541
1837.666016 0.000000 2879.310547 0.000000 0.993088 0.000000 0.117373 0.689515 0.689515 0.689515
1842.052124 0.000000 2895.889648 0.000000 0.581986 0.000000 -0.813199 0.784637 0.784637 0.784637
1833.712036 0.000000 2898.798096 0.000000 0.843105 0.000000 0.537748 0.649397 0.649397 0.649397
1834.667114 0.000000 2890.541504 0.000000 0.425384 0.000000 0.905013 0.599161 0.599161 0.599161
1836.467896 0.000000 2881.060059 0.000000 0.234745 0.000000 -0.972057 0.818881 0.818881 0.818881
1837.857666 0.000000 2884.173340 0.000000 0.750082 0.000000 -0.661345 0.764404 0.764404 0.764404
1837.926514 0.000000 2890.274902 0.000000 0.772318 0.000000 0.635236 0.638653 0.638653 0.638653
1838.910889 0.000000 2894.752441 0.000000 0.165787 0.000000 -0.986162 0.825155 0.825155 0.825155
1847.272461 0.000000 2920.992188 0.000000 0.925917 0.000000 -0.377728 0.734522 0.734522 0.734522
1885.630371 0.000000 2890.947510 0.000000 0.543100 0.000000 -0.839668 0.788830 0.788830 0.788830
1872.224731 0.000000 2880.775146 0.000000 0.922461 0.000000 0.386090 0.664671 0.664671 0.664671
1867.277100 0.000000 2888.424316 0.000000 0.894104 0.000000 0.447859 0.658612 0.658612 0.658612
1859.503662 0.000000 2890.015137 0.000000 0.964912 0.000000 -0.262573 0.723680 0.723680 0.723680
1883.196899 0.000000 2909.154053 0.000000 0.708307 0.000000 -0.705904 0.769849 0.769849 0.769849
1878.725830 0.000000 2894.278076 0.000000 0.571336 0.000000 0.820716 0.614201 0.614201 0.614201
1872.923340 0.000000 2885.510498 0.000000 0.816521 0.000000 -0.577316 0.754852 0.754852 0.754852
1871.584717 0.000000 2879.330078 0.000000 0.101600 0.000000 0.994825 0.569071 0.569071 0.569071
1880.692017 0.000000 2897.058838 0.000000 0.957684 0.000000 0.287822 0.673979 0.673979 0.673979
1856.658447 0.000000 2888.604248 0.000000 0.520552 0.000000 0.853830 0.608797 0.608797 0.608797
1882.485229 0.000000 2901.095703 0.000000 0.668265 0.000000 -0.743923 0.774770 0.774770 0.774770
1875.489868 0.000000 2941.850098 0.000000 0.775986 0.000000 0.630750 0.639169 0.639169 0.639169
1876.013306 0.000000 2939.215820 0.000000 0.318236 0.000000 0.948012 0.588865 0.588865 0.588865
1877.680298 0.000000 2942.568848 0.000000 0.788799 0.000000 -0.614651 0.758997 0.758997 0.758997
1878.301636 0.000000 2939.102783 0.000000 0.421660 0.000000 0.906754 0.598795 0.598795 0.598795
1876.207397 0.000000 2937.742188 0.000000 0.665818 0.000000 -0.746114 0.775063 0.775063 0.775063
1878.878662 0.000000 2937.795898 0.000000 0.963221 0.000000 -0.268711 0.724247 0.724247 0.724247
1830.633179 0.000000 2966.465332 0.000000 0.754469 0.000000 -0.656336 0.763810 0.763810 0.763810
1879.602905 0.000000 3004.960693 0.000000 0.837644 0.000000 0.546217 0.648499 0.648499 0.648499
1880.815552 0.000000 2982.392090 0.000000 0.585135 0.000000 -0.810936 0.784292 0.784292 0.784292
1876.013306 0.000000 3003.200195 0.000000 0.437526 0.000000 -0.899206 0.799639 0.799639 0.799639
1908.274048 0.000000 2989.932129 0.000000 0.777415 0.000000 0.628988 0.639371 0.639371 0.639371
1904.217407 0.000000 2989.724609 0.000000 0.154196 0.000000 0.988040 0.573798 0.573798 0.573798
1909.026611 0.000000 2992.053223 0.000000 0.938021 0.000000 0.346579 0.668456 0.668456 0.668456
1850.150635 0.000000 3027.640381 0.000000 0.988332 0.000000 -0.152315 0.713628 0.713628 0.713628
1855.998413 0.000000 3032.365967 0.000000 0.985163 0.000000 0.171620 0.684628 0.684628 0.684628
1906.465576 0.000000 3030.038574 0.000000 0.056838 0.000000 -0.998383 0.834931 0.834931 0.834931
1894.625366 0.000000 3030.449707 0.000000 0.616952 0.000000 0.787001 0.619257 0.619257 0.619257
1896.975464 0.000000 3031.431641 0.000000 0.543631 0.000000 -0.839324 0.788774 0.788774 0.788774
1864.146729 0.000000 3043.504395 0.000000 0.741955 0.000000 0.670450 0.634508 0.634508 0.634508
1901.804199 0.000000 3067.692383 0.000000 0.151262 0.000000 0.988494 0.573533 0.573533 0.573533
1920.703857 0.000000 3035.783936 0.000000 0.257775 0.000000 0.966205 0.583237 0.583237 0.583237
1935.390259 0.000000 3071.104004 0.000000 0.711963 0.000000 -0.702217 0.769386 0.769386 0.769386
1909.037109 0.000000 3071.395020 0.000000 0.287764 0.000000 -0.957701 0.813985 0.813985 0.813985
5974.149414 0.000000 1620.674072 0.000000 0.872834 0.000000 0.488017 0.841579 0.841579 0.841579
5976.788574 0.000000 1630.713135 0.000000 0.426037 0.000000 0.904706 0.770433 0.770433 0.770433
6009.069824 0.000000 1616.132202 0.000000 0.166860 0.000000 -0.985981 1.060789 1.060789 1.060789
6009.981445 0.000000 1621.408203 0.000000 0.516558 0.000000 0.856252 0.782203 0.782203 0.782203
6011.485352 0.000000 1615.786255 0.000000 0.265476 0.000000 0.964117 0.750790 0.750790 0.750790
5976.650879 0.000000 1631.667725 0.000000 0.986113 0.000000 -0.166076 0.919119 0.919119 0.919119
5976.303711 0.000000 1637.286499 0.000000 0.097816 0.000000 0.995205 0.731227 0.731227 0.731227
5977.699707 0.000000 1631.768555 0.000000 0.465571 0.000000 0.885011 0.775494 0.775494 0.775494
6020.257812 0.000000 1608.433838 0.000000 0.586033 0.000000 -0.810287 1.008248 1.008248 1.008248
6020.113281 0.000000 1604.385376 0.000000 0.472719 0.000000 0.881213 0.776422 0.776422 0.776422
6021.419922 0.000000 1608.932983 0.000000 0.715088 0.000000 -0.699035 0.988699 0.988699 0.988699
6133.170410 0.000000 1620.059570 0.000000 0.994635 0.000000 -0.103451 0.911876 0.911876 0.911876
5972.783691 0.000000 1818.678955 0.000000 0.925768 0.000000 -0.378093 0.944431 0.944431 0.944431
5997.891602 0.000000 1797.388062 0.000000 0.657850 0.000000 0.753149 0.802272 0.802272 0.802272
7060.458008 0.000000 663.046936 0.000000 0.632918 0.000000 -0.774219 1.001468 1.001468 1.001468
7295.562500 0.000000 375.389160 0.000000 0.956474 0.000000 0.291817 0.866066 0.866066 0.866066
7302.779297 0.000000 380.323578 0.000000 0.335955 0.000000 -0.941878 1.040739 1.040739 1.040739
7295.390625 0.000000 381.142914 0.000000 0.713319 0.000000 -0.700839 0.988989 0.988989 0.988989
7307.372070 0.000000 387.687042 0.000000 0.937874 0.000000 0.346976 0.859395 0.859395 0.859395
7484.449219 0.000000 390.334106 0.000000 0.988405 0.000000 -0.151840 0.917467 0.917467 0.917467
7482.205078 0.000000 390.155945 0.000000 0.812243 0.000000 0.583319 0.828631 0.828631 0.828631
7507.802734 0.000000 399.734741 0.000000 0.866798 0.000000 0.498659 0.840177 0.840177 0.840177
7517.506836 0.000000 404.751282 0.000000 0.991789 0.000000 0.127883 0.885305 0.885305 0.885305
7491.687988 0.000000 393.565216 0.000000 0.835735 0.000000 0.549133 0.833385 0.833385 0.833385
7554.477051 0.000000 481.970642 0.000000 0.564708 0.000000 0.825291 0.788764 0.788764 0.788764
7554.825684 0.000000 489.215820 0.000000 0.311609 0.000000 0.950210 0.756312 0.756312 0.756312
7561.216309 0.000000 500.506714 0.000000 0.853906 0.000000 -0.520427 0.962722 0.962722 0.962722
7311.961426 0.000000 512.311035 0.000000 0.971509 0.000000 0.237005 0.872580 0.872580 0.872580
7388.415527 0.000000 571.716675 0.000000 0.849248 0.000000 -0.527995 0.963740 0.963740 0.963740
7385.046875 0.000000 566.798340 0.000000 0.669963 0.000000 -0.742395 0.995872 0.995872 0.995872
7381.913086 0.000000 572.834412 0.000000 0.613119 0.000000 0.789991 0.795631 0.795631 0.795631
7395.635742 0.000000 566.896057 0.000000 0.929090 0.000000 -0.369855 0.943413 0.943413 0.943413
7377.027344 0.000000 576.025452 0.000000 0.088565 0.000000 0.996070 0.730162 0.730162 0.730162
7377.741699 0.000000 576.805969 0.000000 0.203772 0.000000 0.979018 0.743515 0.743515 0.743515
7227.431641 0.000000 748.338318 0.000000 0.774485 0.000000 0.632592 0.821517 0.821517 0.821517
7237.692383 0.000000 732.193665 0.000000 0.734750 0.000000 0.678338 0.814572 0.814572 0.814572
7236.092773 0.000000 738.940125 0.000000 0.994496 0.000000 -0.104778 0.912029 0.912029 0.912029
7245.197754 0.000000 740.696716 0.000000 0.776387 0.000000 0.630257 0.821862 0.821862 0.821862
7232.716797 0.000000 748.848083 0.000000 0.790697 0.000000 -0.612207 0.975498 0.975498 0.975498
7237.975586 0.000000 742.688965 0.000000 0.963658 0.000000 -0.267140 0.930988 0.930988 0.930988
7241.756348 0.000000 736.918640 0.000000 0.317046 0.000000 0.948410 0.756969 0.756969 0.756969
7241.367676 0.000000 740.267761 0.000000 0.367177 0.000000 0.930151 0.763083 0.763083 0.763083
7639.447266 0.000000 595.258667 0.000000 0.261048 0.000000 0.965326 0.750265 0.750265 0.750265
7646.351562 0.000000 596.377686 0.000000 0.535613 0.000000 -0.844464 1.015229 1.015229 1.015229
7641.900391 0.000000 606.786987 0.000000 0.789070 0.000000 -0.614303 0.975803 0.975803 0.975803
7634.004395 0.000000 595.014282 0.000000 0.712237 0.000000 -0.701939 0.989166 0.989166 0.989166
7653.124023 0.000000 605.646606 0.000000 0.205493 0.000000 0.978659 0.743717 0.743717 0.743717
7653.868652 0.000000 591.194153 0.000000 0.894091 0.000000 0.447885 0.846784 0.846784 0.846784
7651.053223 0.000000 604.534302 0.000000 0.941799 0.000000 0.336177 0.860712 0.860712 0.860712
7652.752441 0.000000 604.732117 0.000000 0.961422 0.000000 -0.275079 0.931933 0.931933 0.931933
7653.370117 0.000000 590.257019 0.000000 0.999952 0.000000 0.009774 0.898880 0.898880 0.898880
7624.162598 0.000000 629.383240 0.000000 0.148135 0.000000 0.988967 0.737038 0.737038 0.737038
7629.802246 0.000000 628.742126 0.000000 0.579487 0.000000 -0.814981 1.009171 1.009171 1.009171
7625.338867 0.000000 629.604919 0.000000 0.657907 0.000000 0.753099 0.802281 0.802281 0.802281
7628.005859 0.000000 636.236450 0.000000 0.896364 0.000000 0.443319 0.847368 0.847368 0.847368
7650.796875 0.000000 618.569702 0.000000 0.277339 0.000000 -0.960772 1.047797 1.047797 1.047797
7659.659668 0.000000 614.031067 0.000000 0.992881 0.000000 0.119115 0.886318 0.886318 0.886318
7659.835449 0.000000 615.769409 0.000000 0.659513 0.000000 0.751693 0.802525 0.802525 0.802525
7658.382812 0.000000 614.038513 0.000000 0.871935 0.000000 0.489622 0.841369 0.841369 0.841369
7268.566406 0.000000 899.751099 0.000000 0.977183 0.000000 -0.212399 0.924526 0.924526 0.924526
7501.166504 0.000000 804.681091 0.000000 0.976347 0.000000 -0.216209 0.924973 0.924973 0.924973
7498.965820 0.000000 808.075684 0.000000 0.903377 0.000000 -0.428848 0.950789 0.950789 0.950789
7668.323730 0.000000 784.592285 0.000000 0.282375 0.000000 -0.959304 1.047196 1.047196 1.047196
7663.218262 0.000000 790.448425 0.000000 0.615128 0.000000 0.788427 0.795922 0.795922 0.795922
7652.041992 0.000000 866.908875 0.000000 0.422932 0.000000 0.906162 0.770040 0.770040 0.770040
7654.952637 0.000000 880.074341 0.000000 0.484595 0.000000 -0.874739 1.022028 1.022028 1.022028
7653.028809 0.000000 866.432068 0.000000 0.733966 0.000000 0.679186 0.814440 0.814440 0.814440
7698.670410 0.000000 851.770691 0.000000 0.774453 0.000000 0.632631 0.821511 0.821511 0.821511
7690.997559 0.000000 843.127136 0.000000 0.371109 0.000000 0.928589 0.763568 0.763568 0.763568
6169.419922 0.000000 1530.732178 0.000000 0.902630 0.000000 -0.430417 0.739657 0.739657 0.739657
7092.454102 0.000000 1078.945312 0.000000 0.916983 0.000000 0.398927 0.852978 0.852978 0.852978
7095.449707 0.000000 1078.598633 0.000000 0.588946 0.000000 -0.808173 1.007836 1.007836 1.007836
7140.121094 0.000000 1096.558838 0.000000 0.837157 0.000000 0.546962 0.833682 0.833682 0.833682
7137.732910 0.000000 1089.056763 0.000000 0.469065 0.000000 0.883164 0.775947 0.775947 0.775947
6817.437012 0.000000 1501.905029 0.000000 0.745446 0.000000 -0.666566 0.983605 0.983605 0.983605
6817.178223 0.000000 1500.472656 0.000000 0.202566 0.000000 0.979269 0.743374 0.743374 0.743374
6817.169922 0.000000 1503.683228 0.000000 0.110268 0.000000 -0.993902 1.067338 1.067338 1.067338
6821.500488 0.000000 1513.990723 0.000000 0.999884 0.000000 0.015249 0.898253 0.898253 0.898253
6165.549805 0.000000 1538.323364 0.000000 0.439306 0.000000 -0.898338 1.027881 1.027881 1.027881
6217.881836 0.000000 1585.046753 0.000000 0.172040 0.000000 -0.985090 1.060187 1.060187 1.060187
6220.025391 0.000000 1590.314941 0.000000 0.959315 0.000000 0.282336 0.867201 0.867201 0.867201
6216.872559 0.000000 1585.851807 0.000000 0.842812 0.000000 0.538209 0.834876 0.834876 0.834876
6216.656738 0.000000 1584.533081 0.000000 0.425862 0.000000 0.904788 0.770410 0.770410 0.770410
6219.052246 0.000000 1593.234009 0.000000 0.977725 0.000000 -0.209891 0.924232 0.924232 0.924232
6574.232910 0.000000 1628.487915 0.000000 0.385526 0.000000 -0.922697 1.034647 1.034647 1.034647
6577.520996 0.000000 1640.670044 0.000000 0.532280 0.000000 -0.846569 1.015681 1.015681 1.015681
6619.796387 0.000000 1651.341187 0.000000 0.822133 0.000000 -0.569295 0.969402 0.969402 0.969402
6612.230957 0.000000 1649.647827 0.000000 0.988259 0.000000 -0.152789 0.917577 0.917577 0.917577
6621.616211 0.000000 1652.446655 0.000000 0.039039 0.000000 0.999238 0.724475 0.724475 0.724475
6615.956055 0.000000 1657.388062 0.000000 0.222118 0.000000 -0.975020 1.054333 1.054333 1.054333
6500.199219 0.000000 1672.418213 0.000000 0.817477 0.000000 -0.575961 0.970334 0.970334 0.970334
6500.999512 0.000000 1685.542725 0.000000 0.992970 0.000000 0.118369 0.886404 0.886404 0.886404
6504.787598 0.000000 1674.693970 0.000000 0.442716 0.000000 -0.896662 1.027445 1.027445 1.027445
6501.361328 0.000000 1672.917358 0.000000 0.811216 0.000000 0.584746 0.828430 0.828430 0.828430
6502.753906 0.000000 1675.758423 0.000000 0.986821 0.000000 -0.161814 0.918624 0.918624 0.918624
6500.500488 0.000000 1679.435303 0.000000 0.148977 0.000000 0.988841 0.737135 0.737135 0.737135
6510.647461 0.000000 1680.162231 0.000000 0.784561 0.000000 -0.620051 0.976640 0.976640 0.976640
6501.737305 0.000000 1684.878418 0.000000 0.998656 0.000000 -0.051834 0.905942 0.905942 0.905942
6553.915039 0.000000 1717.384766 0.000000 0.961889 0.000000 -0.273440 0.931738 0.931738 0.931738
6555.421387 0.000000 1702.228516 0.000000 0.945993 0.000000 -0.324187 0.937833 0.937833 0.937833
6567.420898 0.000000 1710.474121 0.000000 0.991747 0.000000 0.128211 0.885267 0.885267 0.885267
6567.085449 0.000000 1711.871216 0.000000 0.871480 0.000000 0.490431 0.841262 0.841262 0.841262
6561.155273 0.000000 1714.791626 0.000000 0.786429 0.000000 -0.617681 0.976294 0.976294 0.976294
6563.640625 0.000000 1710.671753 0.000000 0.691793 0.000000 0.722095 0.807544 0.807544 0.807544
6622.460938 0.000000 1691.059204 0.000000 0.972234 0.000000 0.234011 0.872933 0.872933 0.872933
6622.601562 0.000000 1694.935791 0.000000 0.982943 0.000000 0.183913 0.878805 0.878805 0.878805
6619.563477 0.000000 1664.023682 0.000000 0.784087 0.000000 -0.620651 0.976727 0.976727 0.976727
6364.815918 0.000000 1804.783203 0.000000 0.091327 0.000000 0.995821 0.730480 0.730480 0.730480
6365.714844 0.000000 1804.318359 0.000000 0.156834 0.000000 0.987625 0.738046 0.738046 0.738046
6373.772949 0.000000 1811.938477 0.000000 0.925475 0.000000 -0.378809 0.944520 0.944520 0.944520
6372.602539 0.000000 1810.047607 0.000000 0.388752 0.000000 -0.921343 1.034246 1.034246 1.034246
6451.387207 0.000000 1823.194580 0.000000 0.153327 0.000000 0.988175 0.737640 0.737640 0.737640
6437.401367 0.000000 1825.156738 0.000000 0.234005 0.000000 -0.972235 1.052934 1.052934 1.052934
6589.590332 0.000000 1887.065796 0.000000 0.904320 0.000000 -0.426855 0.950536 0.950536 0.950536
6596.187500 0.000000 1896.363525 0.000000 0.666323 0.000000 -0.745663 0.996432 0.996432 0.996432
6594.162598 0.000000 1894.676636 0.000000 0.445345 0.000000 -0.895359 1.027109 1.027109 1.027109
6604.974121 0.000000 1893.682007 0.000000 0.166428 0.000000 -0.986054 1.060840 1.060840 1.060840
6707.943359 0.000000 1559.616577 0.000000 0.572586 0.000000 0.819845 0.789861 0.789861 0.789861
6684.302734 0.000000 1597.076172 0.000000 0.675188 0.000000 -0.737645 0.995062 0.995062 0.995062
6691.239258 0.000000 1575.342285 0.000000 0.587007 0.000000 -0.809582 1.008110 1.008110 1.008110
6715.880371 0.000000 1571.088867 0.000000 0.708293 0.000000 -0.705919 0.989808 0.989808 0.989808
6697.222168 0.000000 1592.669067 0.000000 0.975944 0.000000 -0.218022 0.925186 0.925186 0.925186
6691.109375 0.000000 1568.735474 0.000000 0.617553 0.000000 0.786529 0.796275 0.796275 0.796275
6699.952637 0.000000 1607.527222 0.000000 0.231886 0.000000 -0.972743 1.053184 1.053184 1.053184
6688.999512 0.000000 1603.865845 0.000000 0.976747 0.000000 -0.214394 0.924760 0.924760 0.924760
6699.846680 0.000000 1604.538208 0.000000 0.421194 0.000000 0.906971 0.769820 0.769820 0.769820
6699.095215 0.000000 1605.086548 0.000000 0.587508 0.000000 -0.809219 1.008039 1.008039 1.008039
6700.484863 0.000000 1608.246338 0.000000 0.435307 0.000000 -0.900282 1.028390 1.028390 1.028390
6685.180664 0.000000 1642.013184 0.000000 0.310587 0.000000 0.950545 0.756189 0.756189 0.756189
6856.261719 0.000000 1691.094116 0.000000 0.166166 0.000000 -0.986098 1.060870 1.060870 1.060870
6857.793457 0.000000 1690.922363 0.000000 0.749211 0.000000 -0.662332 0.982956 0.982956 0.982956
6852.707031 0.000000 1686.813721 0.000000 0.011186 0.000000 -0.999937 1.078718 1.078718 1.078718
6868.738281 0.000000 1676.335815 0.000000 0.538351 0.000000 -0.842721 1.014857 1.014857 1.014857
6904.202637 0.000000 1702.704712 0.000000 0.776021 0.000000 0.630707 0.821795 0.821795 0.821795
6908.681641 0.000000 1700.907715 0.000000 0.971071 0.000000 0.238790 0.872370 0.872370 0.872370
6897.148438 0.000000 1784.094116 0.000000 0.367075 0.000000 0.930191 0.763071 0.763071 0.763071
6942.333496 0.000000 1661.626465 0.000000 0.615925 0.000000 0.787804 0.796038 0.796038 0.796038
6959.618652 0.000000 1650.497803 0.000000 0.671218 0.000000 -0.741260 0.995678 0.995678 0.995678
6948.941406 0.000000 1662.893555 0.000000 0.659666 0.000000 0.751559 0.802549 0.802549 0.802549
6949.077148 0.000000 1657.372925 0.000000 0.669277 0.000000 -0.743013 0.995977 0.995977 0.995977
6954.639648 0.000000 1660.578735 0.000000 0.712137 0.000000 -0.702041 0.989182 0.989182 0.989182
6926.781250 0.000000 1695.439941 0.000000 0.542871 0.000000 -0.839816 1.014241 1.014241 1.014241
6914.573730 0.000000 1689.839844 0.000000 0.998956 0.000000 -0.045689 0.905237 0.905237 0.905237
6923.737793 0.000000 1694.588623 0.000000 0.312156 0.000000 0.950031 0.756378 0.756378 0.756378
6933.684570 0.000000 1691.407349 0.000000 0.972908 0.000000 0.231194 0.873265 0.873265 0.873265
6925.888184 0.000000 1684.484253 0.000000 0.867724 0.000000 0.497045 0.840391 0.840391 0.840391
6915.706543 0.000000 1689.218750 0.000000 0.315665 0.000000 0.948871 0.756802 0.756802 0.756802
6921.424805 0.000000 1685.347046 0.000000 0.540005 0.000000 -0.841662 1.014632 1.014632 1.014632
6921.294434 0.000000 1684.217651 0.000000 0.057999 0.000000 -0.998317 1.073350 1.073350 1.073350
6934.818848 0.000000 1687.192627 0.000000 0.971799 0.000000 0.235812 0.872721 0.872721 0.872721
6943.180176 0.000000 1665.964966 0.000000 0.386475 0.000000 -0.922300 1.034529 1.034529 1.034529
6946.899902 0.000000 1672.926758 0.000000 0.998687 0.000000 -0.051219 0.905872 0.905872 0.905872
6951.894043 0.000000 1682.329346 0.000000 0.991696 0.000000 0.128604 0.885222 0.885222 0.885222
6951.702637 0.000000 1668.951782 0.000000 0.634850 0.000000 -0.772635 1.001182 1.001182 1.001182
6946.226562 0.000000 1673.597168 0.000000 0.999916 0.000000 0.012951 0.898516 0.898516 0.898516
6928.600098 0.000000 1702.774048 0.000000 0.275402 0.000000 -0.961329 1.048028 1.048028 1.048028
6940.236816 0.000000 1704.213989 0.000000 0.522117 0.000000 0.852874 0.782949 0.782949 0.782949
6923.209961 0.000000 1698.105835 0.000000 0.627020 0.000000 -0.779003 1.002339 1.002339 1.002339
6931.105957 0.000000 1701.527466 0.000000 0.482890 0.000000 -0.875681 1.022251 1.022251 1.022251
6922.513184 0.000000 1699.737305 0.000000 0.791346 0.000000 -0.611368 0.975377 0.975377 0.975377
6916.572266 0.000000 1742.200439 0.000000 0.170007 0.000000 -0.985443 1.060423 1.060423 1.060423
6912.094727 0.000000 1756.096436 0.000000 0.789973 0.000000 -0.613141 0.975634 0.975634 0.975634
6916.942383 0.000000 1741.046631 0.000000 0.787969 0.000000 -0.615715 0.976008 0.976008 0.976008
6912.438965 0.000000 1751.936768 0.000000 0.916824 0.000000 0.399291 0.852932 0.852932 0.852932
6761.815430 0.000000 1840.984253 0.000000 0.668467 0.000000 -0.743742 0.996102 0.996102 0.996102
6760.209961 0.000000 1849.383057 0.000000 0.329874 0.000000 -0.944025 1.041478 1.041478 1.041478
6761.214355 0.000000 1848.606567 0.000000 0.065191 0.000000 -0.997873 1.072524 1.072524 1.072524
6766.341309 0.000000 1863.270386 0.000000 0.415280 0.000000 0.909694 0.769074 0.769074 0.769074
6817.722168 0.000000 1813.269775 0.000000 0.998802 0.000000 -0.048937 0.905610 0.905610 0.905610
6824.626953 0.000000 1821.140137 0.000000 0.155661 0.000000 0.987811 0.737910 0.737910 0.737910
6899.986328 0.000000 1797.956177 0.000000 0.441102 0.000000 -0.897457 1.027652 1.027652 1.027652
6892.950195 0.000000 1793.726807 0.000000 0.416156 0.000000 0.909293 0.769184 0.769184 0.769184
6897.781738 0.000000 1796.414551 0.000000 0.853203 0.000000 -0.521578 0.962876 0.962876 0.962876
6680.843750 0.000000 2017.895386 0.000000 0.092174 0.000000 0.995743 0.730577 0.730577 0.730577
6820.500488 0.000000 2010.299438 0.000000 0.287332 0.000000 -0.957831 1.046603 1.046603 1.046603
6808.488281 0.000000 2025.226074 0.000000 0.881195 0.000000 -0.472753 0.956426 0.956426 0.956426
6809.676270 0.000000 2023.044067 0.000000 0.112930 0.000000 -0.993603 1.067031 1.067031 1.067031
6813.165039 0.000000 2025.919434 0.000000 0.939468 0.000000 0.342636 0.859925 0.859925 0.859925
6813.167480 0.000000 2024.566528 0.000000 0.994650 0.000000 -0.103301 0.911859 0.911859 0.911859
6812.247559 0.000000 2022.834595 0.000000 0.696311 0.000000 0.717740 0.808264 0.808264 0.808264
6814.609863 0.000000 2021.399780 0.000000 0.038982 0.000000 0.999240 0.724468 0.724468 0.724468
6815.399902 0.000000 2023.607178 0.000000 0.096212 0.000000 0.995361 0.731042 0.731042 0.731042
6820.160156 0.000000 2024.332275 0.000000 0.221784 0.000000 -0.975096 1.054372 1.054372 1.054372
6840.773926 0.000000 2040.923584 0.000000 0.264600 0.000000 0.964358 0.750686 0.750686 0.750686
6820.532715 0.000000 2022.646973 0.000000 0.059235 0.000000 -0.998244 1.073208 1.073208 1.073208
6816.053223 0.000000 2024.815308 0.000000 0.881506 0.000000 -0.472174 0.956351 0.956351 0.956351
6840.198242 0.000000 2021.192749 0.000000 0.712469 0.000000 -0.701703 0.989128 0.989128 0.989128
6821.354492 0.000000 2017.109863 0.000000 0.651856 0.000000 0.758343 0.801363 0.801363 0.801363
7154.158203 0.000000 1925.197144 0.000000 0.957294 0.000000 0.289115 0.866390 0.866390 0.866390
7155.827148 0.000000 1924.671997 0.000000 0.494449 0.000000 -0.869207 1.020733 1.020733 1.020733
7166.410156 0.000000 1940.049561 0.000000 0.116620 0.000000 -0.993177 1.066606 1.066606 1.066606
7161.840820 0.000000 1941.330078 0.000000 0.999949 0.000000 0.010059 0.898847 0.898847 0.898847
7160.454590 0.000000 1940.334961 0.000000 0.625300 0.000000 -0.780385 1.002592 1.002592 1.002592
7435.085938 0.000000 1530.166992 0.000000 0.895546 0.000000 0.444969 0.847157 0.847157 0.847157
7448.513184 0.000000 1530.052734 0.000000 0.155658 0.000000 0.987811 0.737910 0.737910 0.737910
7385.605957 0.000000 1575.153442 0.000000 0.921370 0.000000 0.388688 0.854254 0.854254 0.854254
7383.379883 0.000000 1567.786865 0.000000 0.817380 0.000000 -0.576099 0.970353 0.970353 0.970353
7412.556152 0.000000 1627.887329 0.000000 0.995016 0.000000 -0.099718 0.911446 0.911446 0.911446
7416.753906 0.000000 1633.989136 0.000000 0.896251 0.000000 0.443548 0.847339 0.847339 0.847339
7405.859375 0.000000 1632.987671 0.000000 0.851832 0.000000 -0.523816 0.963177 0.963177 0.963177
7411.923828 0.000000 1637.995239 0.000000 0.276809 0.000000 -0.960925 1.047860 1.047860 1.047860
7411.519531 0.000000 1640.169800 0.000000 0.893056 0.000000 0.449946 0.846520 0.846520 0.846520
7417.072266 0.000000 1649.088379 0.000000 0.994995 0.000000 -0.099921 0.911469 0.911469 0.911469
7308.512207 0.000000 1780.924683 0.000000 0.231535 0.000000 -0.972827 1.053225 1.053225 1.053225
7307.875488 0.000000 1788.999390 0.000000 0.010176 0.000000 -0.999948 1.078834 1.078834 1.078834
7298.340332 0.000000 1789.016357 0.000000 0.959377 0.000000 0.282127 0.867226 0.867226 0.867226
7528.144531 0.000000 1577.239136 0.000000 0.207688 0.000000 0.978195 0.743974 0.743974 0.743974
7523.137695 0.000000 1575.342285 0.000000 0.111661 0.000000 -0.993746 1.067178 1.067178 1.067178
7535.205078 0.000000 1574.891724 0.000000 0.207226 0.000000 0.978293 0.743920 0.743920 0.743920
7534.973145 0.000000 1570.422363 0.000000 0.999202 0.000000 -0.039946 0.904579 0.904579 0.904579
7551.142090 0.000000 1536.193237 0.000000 0.157735 0.000000 0.987482 0.738151 0.738151 0.738151
7555.133789 0.000000 1543.350098 0.000000 0.897491 0.000000 0.441033 0.847660 0.847660 0.847660
7537.778320 0.000000 1750.351074 0.000000 0.614972 0.000000 0.788549 0.795900 0.795900 0.795900
7542.504395 0.000000 1744.922974 0.000000 0.222083 0.000000 -0.975028 1.054337 1.054337 1.054337
7537.526367 0.000000 1739.834839 0.000000 0.003267 0.000000 -0.999995 1.079626 1.079626 1.079626
7528.712402 0.000000 1745.812744 0.000000 0.582839 0.000000 -0.812587 1.008699 1.008699 1.008699
7543.429688 0.000000 1744.531494 0.000000 0.992567 0.000000 0.121699 0.886020 0.886020 0.886020
7225.345703 0.000000 1841.987793 0.000000 0.897564 0.000000 0.440885 0.847679 0.847679 0.847679
7232.716797 0.000000 1804.590332 0.000000 0.992853 0.000000 0.119340 0.886292 0.886292 0.886292
7284.370605 0.000000 1808.342285 0.000000 0.121396 0.000000 -0.992604 1.066055 1.066055 1.066055
7230.298340 0.000000 1885.571777 0.000000 0.995026 0.000000 -0.099619 0.911434 0.911434 0.911434
7225.547363 0.000000 1855.713867 0.000000 0.493076 0.000000 -0.869986 1.020914 1.020914 1.020914
7217.761230 0.000000 1856.493408 0.000000 0.419558 0.000000 0.907729 0.769613 0.769613 0.769613
7230.559082 0.000000 1893.431030 0.000000 0.907727 0.000000 -0.419562 0.949614 0.949614 0.949614
7229.830566 0.000000 1892.193115 0.000000 0.698009 0.000000 0.716089 0.808535 0.808535 0.808535
7231.424805 0.000000 1874.604980 0.000000 0.657033 0.000000 0.753862 0.802148 0.802148 0.802148
7290.599121 0.000000 1887.490112 0.000000 0.414200 0.000000 0.910186 0.768938 0.768938 0.768938
7290.533203 0.000000 1883.546875 0.000000 0.223410 0.000000 -0.974725 1.054181 1.054181 1.054181
7293.293945 0.000000 1882.314209 0.000000 0.907632 0.000000 -0.419767 0.949640 0.949640 0.949640
7291.161133 0.000000 1882.526611 0.000000 0.783820 0.000000 -0.620989 0.976777 0.976777 0.976777
7301.965820 0.000000 1814.746582 0.000000 0.711351 0.000000 -0.702837 0.989310 0.989310 0.989310
7300.652344 0.000000 1814.782471 0.000000 0.948128 0.000000 -0.317890 0.937071 0.937071 0.937071
7350.705078 0.000000 1803.547974 0.000000 0.947647 0.000000 -0.319320 0.937244 0.937244 0.937244
7354.394043 0.000000 1807.161133 0.000000 0.061470 0.000000 -0.998109 1.072952 1.072952 1.072952
7335.937988 0.000000 1821.902466 0.000000 0.892661 0.000000 0.450728 0.846419 0.846419 0.846419
7336.941406 0.000000 1818.118042 0.000000 0.374548 0.000000 0.927208 0.763993 0.763993 0.763993
7335.479004 0.000000 1827.801270 0.000000 0.524968 0.000000 0.851122 0.783332 0.783332 0.783332
7357.755371 0.000000 1842.413818 0.000000 0.817205 0.000000 -0.576347 0.970388 0.970388 0.970388
7343.500000 0.000000 1840.532837 0.000000 0.752570 0.000000 -0.658512 0.982373 0.982373 0.982373
7357.053223 0.000000 1843.608398 0.000000 0.569766 0.000000 0.821807 0.789468 0.789468 0.789468
7338.740234 0.000000 1853.679810 0.000000 0.773067 0.000000 0.634325 0.821260 0.821260 0.821260
7357.644531 0.000000 1825.113770 0.000000 0.881478 0.000000 -0.472224 0.956358 0.956358 0.956358
7358.688965 0.000000 1841.725708 0.000000 0.975701 0.000000 -0.219107 0.925313 0.925313 0.925313
7333.067871 0.000000 1826.197632 0.000000 0.093993 0.000000 0.995573 0.730787 0.730787 0.730787
7355.321289 0.000000 1839.731567 0.000000 0.166946 0.000000 -0.985966 1.060779 1.060779 1.060779
7356.485352 0.000000 1842.782349 0.000000 0.434564 0.000000 -0.900641 1.028485 1.028485 1.028485
7343.801758 0.000000 1844.798584 0.000000 0.977788 0.000000 -0.209596 0.924197 0.924197 0.924197
7344.826172 0.000000 1846.120605 0.000000 0.054459 0.000000 -0.998516 1.073756 1.073756 1.073756
7363.225586 0.000000 1813.654175 0.000000 0.372398 0.000000 0.928073 0.763727 0.763727 0.763727
7369.450195 0.000000 1815.482178 0.000000 0.167371 0.000000 -0.985894 1.060730 1.060730 1.060730
7364.906738 0.000000 1809.201416 0.000000 0.166618 0.000000 -0.986022 1.060817 1.060817 1.060817
7316.366699 0.000000 1872.326660 0.000000 0.958165 0.000000 0.286217 0.866737 0.866737 0.866737
7323.710449 0.000000 1875.286499 0.000000 0.610183 0.000000 0.792260 0.795205 0.795205 0.795205
7321.086426 0.000000 1861.899292 0.000000 0.970636 0.000000 0.240555 0.872161 0.872161 0.872161
7176.217285 0.000000 1941.062866 0.000000 0.977152 0.000000 -0.212541 0.924543 0.924543 0.924543
7167.578125 0.000000 1943.006348 0.000000 0.991667 0.000000 0.128826 0.885196 0.885196 0.885196
7242.931641 0.000000 1920.572510 0.000000 0.437452 0.000000 -0.899242 1.028117 1.028117 1.028117
7239.667480 0.000000 1924.889282 0.000000 0.999965 0.000000 0.008392 0.899038 0.899038 0.899038
7303.536133 0.000000 1969.210571 0.000000 0.094165 0.000000 0.995557 0.730806 0.730806 0.730806
7306.001953 0.000000 1964.877808 0.000000 0.111409 0.000000 -0.993775 1.067207 1.067207 1.067207
7307.395508 0.000000 1965.503296 0.000000 0.946133 0.000000 -0.323778 0.937783 0.937783 0.937783
7302.345215 0.000000 1962.362427 0.000000 0.167271 0.000000 -0.985911 1.060742 1.060742 1.060742
7543.458984 0.000000 2002.914917 0.000000 0.746271 0.000000 -0.665642 0.983463 0.983463 0.983463
7546.917480 0.000000 1994.656250 0.000000 0.524198 0.000000 0.851596 0.783229 0.783229 0.783229
7543.057617 0.000000 2008.867310 0.000000 0.921756 0.000000 0.387770 0.854368 0.854368 0.854368
7550.941406 0.000000 1993.250000 0.000000 0.741846 0.000000 0.670570 0.815778 0.815778 0.815778
7549.570312 0.000000 1996.271484 0.000000 0.751505 0.000000 -0.659727 0.982558 0.982558 0.982558
7609.244141 0.000000 1978.622803 0.000000 0.385458 0.000000 -0.922725 1.034656 1.034656 1.034656
7604.856445 0.000000 1975.825073 0.000000 0.057041 0.000000 -0.998372 1.073460 1.073460 1.073460
7602.193359 0.000000 1981.344116 0.000000 0.039333 0.000000 0.999226 0.724508 0.724508 0.724508
7573.954102 0.000000 2004.580322 0.000000 0.063343 0.000000 -0.997992 1.072737 1.072737 1.072737
7564.916016 0.000000 2007.304688 0.000000 0.754490 0.000000 -0.656312 0.982038 0.982038 0.982038
7563.969238 0.000000 1995.781250 0.000000 0.998548 0.000000 -0.053876 0.906177 0.906177 0.906177
7557.350098 0.000000 2000.237549 0.000000 0.840222 0.000000 0.542242 0.834327 0.834327 0.834327
7558.084473 0.000000 1996.826416 0.000000 0.892253 0.000000 0.451535 0.846316 0.846316 0.846316
7566.211914 0.000000 1998.971069 0.000000 0.699964 0.000000 0.714178 0.808848 0.808848 0.808848
7561.458984 0.000000 1993.561279 0.000000 0.692638 0.000000 0.721285 0.807679 0.807679 0.807679
7560.492676 0.000000 2000.431519 0.000000 0.093196 0.000000 0.995648 0.730695 0.730695 0.730695
7563.013184 0.000000 1994.845947 0.000000 0.997844 0.000000 0.065637 0.892473 0.892473 0.892473
7556.883301 0.000000 2001.154541 0.000000 0.011233 0.000000 -0.999937 1.078713 1.078713 1.078713
7603.772461 0.000000 1988.656372 0.000000 0.881770 0.000000 -0.471679 0.956287 0.956287 0.956287
7611.442383 0.000000 1983.945557 0.000000 0.997780 0.000000 0.066600 0.892362 0.892362 0.892362
7708.908203 0.000000 1552.712524 0.000000 0.939071 0.000000 0.343723 0.859792 0.859792 0.859792
7709.653320 0.000000 1553.451904 0.000000 0.984621 0.000000 0.174704 0.879877 0.879877 0.879877
7708.027832 0.000000 1552.375122 0.000000 0.997546 0.000000 0.070009 0.891971 0.891971 0.891971
7763.294922 0.000000 1595.543945 0.000000 0.475617 0.000000 0.879652 0.776799 0.776799 0.776799
7762.133789 0.000000 1594.480225 0.000000 0.385313 0.000000 -0.922786 1.034674 1.034674 1.034674
7762.210449 0.000000 1595.447876 0.000000 0.118890 0.000000 -0.992907 1.066344 1.066344 1.066344
7742.140137 0.000000 1622.921265 0.000000 0.010010 0.000000 -0.999950 1.078853 1.078853 1.078853
7733.370117 0.000000 1612.932861 0.000000 0.984432 0.000000 0.175763 0.879754 0.879754 0.879754
7736.375000 0.000000 1609.327637 0.000000 0.034334 0.000000 0.999410 0.723935 0.723935 0.723935
7732.221680 0.000000 1613.265015 0.000000 0.896240 0.000000 0.443569 0.847336 0.847336 0.847336
7731.340332 0.000000 1616.505981 0.000000 0.633937 0.000000 -0.773384 1.001318 1.001318 1.001318
7774.558105 0.000000 1600.810669 0.000000 0.122901 0.000000 -0.992419 1.065881 1.065881 1.065881
7710.517578 0.000000 1715.150879 0.000000 0.416618 0.000000 0.909082 0.769242 0.769242 0.769242
7704.423828 0.000000 1706.222168 0.000000 0.937346 0.000000 0.348401 0.859221 0.859221 0.859221
7714.251953 0.000000 1712.910767 0.000000 0.169342 0.000000 -0.985557 1.060501 1.060501 1.060501
7715.107910 0.000000 1712.592407 0.000000 0.519711 0.000000 0.854342 0.782626 0.782626 0.782626
7773.704590 0.000000 1714.445068 0.000000 0.971495 0.000000 0.237060 0.872574 0.872574 0.872574
7772.434570 0.000000 1714.813599 0.000000 0.997569 0.000000 0.069690 0.892008 0.892008 0.892008
7779.849609 0.000000 1719.886841 0.000000 0.537853 0.000000 -0.843038 1.014925 1.014925 1.014925
7784.681152 0.000000 1713.820557 0.000000 0.152822 0.000000 0.988254 0.737581 0.737581 0.737581
7780.640137 0.000000 1716.496582 0.000000 0.286240 0.000000 -0.958158 1.046734 1.046734 1.046734
7740.647949 0.000000 1740.798828 0.000000 0.750675 0.000000 -0.660672 0.982702 0.982702 0.982702
7737.770508 0.000000 1749.376953 0.000000 0.434217 0.000000 -0.900808 1.028529 1.028529 1.028529
7711.333496 0.000000 1758.709473 0.000000 0.539749 0.000000 -0.841826 1.014667 1.014667 1.014667
7735.069824 0.000000 1745.634033 0.000000 0.733029 0.000000 0.680198 0.814282 0.814282 0.814282
7685.249023 0.000000 1761.172363 0.000000 0.519548 0.000000 0.854441 0.782604 0.782604 0.782604
7684.993652 0.000000 1767.786377 0.000000 0.878878 0.000000 -0.477046 0.956985 0.956985 0.956985
7690.383789 0.000000 1762.743896 0.000000 0.822256 0.000000 -0.569118 0.969377 0.969377 0.969377
7711.409180 0.000000 1773.054199 0.000000 0.009676 0.000000 -0.999953 1.078891 1.078891 1.078891
7721.948730 0.000000 1770.815063 0.000000 0.425191 0.000000 0.905104 0.770325 0.770325 0.770325
7715.885254 0.000000 1772.203979 0.000000 0.580990 0.000000 -0.813910 1.008959 1.008959 1.008959
7720.639160 0.000000 1770.670532 0.000000 0.921089 0.000000 0.389352 0.854172 0.854172 0.854172
7745.323730 0.000000 1757.842529 0.000000 0.009621 0.000000 -0.999954 1.078897 1.078897 1.078897
7745.608398 0.000000 1754.738525 0.000000 0.938816 0.000000 0.344420 0.859707 0.859707 0.859707
7744.705078 0.000000 1748.673828 0.000000 0.994636 0.000000 -0.103433 0.911874 0.911874 0.911874
7753.545898 0.000000 1790.146484 0.000000 0.964985 0.000000 -0.262306 0.930414 0.930414 0.930414
7805.724609 0.000000 1775.189331 0.000000 0.343079 0.000000 -0.939306 1.039871 1.039871 1.039871
7796.706055 0.000000 1775.072388 0.000000 0.436694 0.000000 -0.899610 1.028214 1.028214 1.028214
7805.641602 0.000000 1777.397217 0.000000 0.338543 0.000000 -0.940951 1.040424 1.040424 1.040424
7729.298828 0.000000 1809.948975 0.000000 0.925607 0.000000 -0.378487 0.944480 0.944480 0.944480
7714.082031 0.000000 1807.980835 0.000000 0.922253 0.000000 0.386587 0.854515 0.854515 0.854515
7741.479492 0.000000 1812.407593 0.000000 0.942052 0.000000 0.335467 0.860798 0.860798 0.860798
7769.956543 0.000000 1804.427246 0.000000 0.998567 0.000000 -0.053514 0.906135 0.906135 0.906135
7758.533203 0.000000 1797.019165 0.000000 0.903941 0.000000 -0.427657 0.950638 0.950638 0.950638
7751.289062 0.000000 1802.559570 0.000000 0.113817 0.000000 -0.993502 1.066929 1.066929 1.066929
7754.924316 0.000000 1813.559082 0.000000 0.091486 0.000000 0.995806 0.730498 0.730498 0.730498
7757.175293 0.000000 1807.029785 0.000000 0.201290 0.000000 0.979532 0.743225 0.743225 0.743225
7759.206543 0.000000 1814.198364 0.000000 0.945806 0.000000 -0.324731 0.937899 0.937899 0.937899
7753.305176 0.000000 1796.009888 0.000000 0.413506 0.000000 0.910501 0.768851 0.768851 0.768851
7763.771484 0.000000 1807.390991 0.000000 0.897031 0.000000 0.441968 0.847541 0.847541 0.847541
7750.290527 0.000000 1802.401489 0.000000 0.823325 0.000000 -0.567570 0.969162 0.969162 0.969162
7747.104004 0.000000 1808.568970 0.000000 0.929245 0.000000 -0.369464 0.943365 0.943365 0.943365
7742.612305 0.000000 1913.735107 0.000000 0.274298 0.000000 -0.961645 1.048159 1.048159 1.048159
7750.723633 0.000000 1918.215332 0.000000 0.150916 0.000000 0.988547 0.737360 0.737360 0.737360
7749.911133 0.000000 1910.723145 0.000000 0.843132 0.000000 0.537707 0.834945 0.834945 0.834945
7755.046875 0.000000 1914.073242 0.000000 0.999186 0.000000 -0.040346 0.904625 0.904625 0.904625
7751.223633 0.000000 1908.269897 0.000000 0.997820 0.000000 0.065999 0.892431 0.892431 0.892431
7743.077637 0.000000 1913.727173 0.000000 0.010228 0.000000 -0.999948 1.078828 1.078828 1.078828
7750.018555 0.000000 1919.103760 0.000000 0.539134 0.000000 -0.842220 1.014751 1.014751 1.014751
7744.705078 0.000000 1908.634766 0.000000 0.052272 0.000000 -0.998633 1.074007 1.074007 1.074007
7757.321289 0.000000 1905.277344 0.000000 0.906960 0.000000 -0.421217 0.949823 0.949823 0.949823
7781.108398 0.000000 1917.326294 0.000000 0.992574 0.000000 0.121643 0.886026 0.886026 0.886026
7733.586914 0.000000 1947.344849 0.000000 0.892880 0.000000 0.450294 0.846475 0.846475 0.846475
7727.195801 0.000000 1945.977173 0.000000 0.907022 0.000000 -0.421084 0.949806 0.949806 0.949806
7729.489746 0.000000 1945.412476 0.000000 0.059620 0.000000 -0.998221 1.073164 1.073164 1.073164
7736.088867 0.000000 1957.208374 0.000000 0.419374 0.000000 0.907814 0.769590 0.769590 0.769590
7771.522949 0.000000 1924.633301 0.000000 0.892296 0.000000 0.451450 0.846326 0.846326 0.846326
7778.449707 0.000000 1921.619019 0.000000 0.836127 0.000000 0.548536 0.833467 0.833467 0.833467
7782.597656 0.000000 1931.695923 0.000000 0.364557 0.000000 0.931181 0.762761 0.762761 0.762761
7788.709473 0.000000 1920.727539 0.000000 0.154751 0.000000 0.987953 0.737805 0.737805 0.737805
7713.612793 0.000000 2005.222900 0.000000 0.922452 0.000000 0.386111 0.854575 0.854575 0.854575
7704.718750 0.000000 2017.895386 0.000000 0.317281 0.000000 0.948332 0.756997 0.756997 0.756997
7696.333008 0.000000 2018.300049 0.000000 0.228092 0.000000 -0.973640 1.053630 1.053630 1.053630
7727.510254 0.000000 2016.986206 0.000000 0.839745 0.000000 0.542982 0.834226 0.834226 0.834226
7715.547363 0.000000 2033.774658 0.000000 0.867513 0.000000 0.497414 0.840342 0.840342 0.840342
7717.245117 0.000000 2017.109863 0.000000 0.012127 0.000000 -0.999926 1.078610 1.078610 1.078610
7717.916992 0.000000 2022.376465 0.000000 0.822638 0.000000 -0.568566 0.969301 0.969301 0.969301
7712.170410 0.000000 2017.560059 0.000000 0.992137 0.000000 0.125157 0.885620 0.885620 0.885620
7726.694336 0.000000 2016.473022 0.000000 0.256193 0.000000 0.966626 0.749689 0.749689 0.749689
7763.802734 0.000000 2040.467529 0.000000 0.011905 0.000000 -0.999929 1.078636 1.078636 1.078636
7759.547363 0.000000 2031.183716 0.000000 0.992006 0.000000 0.126193 0.885501 0.885501 0.885501
7765.516602 0.000000 2027.474487 0.000000 0.991975 0.000000 0.126434 0.885473 0.885473 0.885473
7795.568359 0.000000 2036.632690 0.000000 0.469985 0.000000 0.882675 0.776067 0.776067 0.776067
7804.998535 0.000000 2035.561523 0.000000 0.563130 0.000000 0.826368 0.788545 0.788545 0.788545
7805.031738 0.000000 2038.538086 0.000000 0.159503 0.000000 0.987197 0.738356 0.738356 0.738356
7811.845703 0.000000 2039.808716 0.000000 0.709303 0.000000 -0.704904 0.989643 0.989643 0.989643
7811.584961 0.000000 2038.536621 0.000000 0.484073 0.000000 -0.875028 1.022097 1.022097 1.022097
7811.096191 0.000000 2032.514282 0.000000 0.754088 0.000000 -0.656774 0.982109 0.982109 0.982109
6120.101562 0.000000 2337.050049 0.000000 0.753780 0.000000 -0.657127 0.982162 0.982162 0.982162
6129.126465 0.000000 2337.061523 0.000000 0.096585 0.000000 0.995325 0.731085 0.731085 0.731085
6121.231445 0.000000 2337.709961 0.000000 0.146718 0.000000 0.989178 0.736874 0.736874 0.736874
6124.912598 0.000000 2336.625977 0.000000 0.415386 0.000000 0.909645 0.769087 0.769087 0.769087
5930.701660 0.000000 2551.881836 0.000000 0.903082 0.000000 -0.429468 0.950868 0.950868 0.950868
5929.768555 0.000000 2557.958984 0.000000 0.995163 0.000000 -0.098240 0.911276 0.911276 0.911276
5928.736328 0.000000 2556.960449 0.000000 0.871764 0.000000 0.489926 0.841329 0.841329 0.841329
5930.347168 0.000000 2555.518555 0.000000 0.151539 0.000000 0.988451 0.737432 0.737432 0.737432
5969.751953 0.000000 2627.058594 0.000000 0.711985 0.000000 -0.702195 0.989207 0.989207 0.989207
5972.099609 0.000000 2629.752930 0.000000 0.691591 0.000000 0.722289 0.807512 0.807512 0.807512
5973.735352 0.000000 2635.325928 0.000000 0.006926 0.000000 -0.999976 1.079206 1.079206 1.079206
5976.504883 0.000000 2627.062744 0.000000 0.564393 0.000000 0.825506 0.788720 0.788720 0.788720
6034.982422 0.000000 2653.920410 0.000000 0.945109 0.000000 -0.326755 0.938144 0.938144 0.938144
6046.533691 0.000000 2662.148926 0.000000 0.159837 0.000000 0.987143 0.738395 0.738395 0.738395
6043.483887 0.000000 2661.994141 0.000000 0.922198 0.000000 0.386717 0.854499 0.854499 0.854499
6040.626953 0.000000 2665.987793 0.000000 0.926562 0.000000 -0.376143 0.944190 0.944190 0.944190
6049.561035 0.000000 2661.808594 0.000000 0.118305 0.000000 -0.992977 1.066411 1.066411 1.066411
6126.913086 0.000000 2643.249268 0.000000 0.045836 0.000000 0.998949 0.725254 0.725254 0.725254
6128.572266 0.000000 2639.631348 0.000000 0.999918 0.000000 0.012819 0.898531 0.898531 0.898531
6067.357910 0.000000 2918.683350 0.000000 0.616223 0.000000 0.787572 0.796082 0.796082 0.796082
6066.553711 0.000000 2919.596680 0.000000 0.151976 0.000000 0.988384 0.737483 0.737483 0.737483
6021.631348 0.000000 2954.671631 0.000000 0.384711 0.000000 -0.923037 1.034748 1.034748 1.034748
6026.577637 0.000000 2950.796631 0.000000 0.985020 0.000000 0.172443 0.880140 0.880140 0.880140
6021.440918 0.000000 2955.725098 0.000000 0.210065 0.000000 0.977687 0.744252 0.744252 0.744252
6027.478516 0.000000 2950.386719 0.000000 0.264023 0.000000 0.964516 0.750618 0.750618 0.750618
6047.714844 0.000000 3062.732910 0.000000 0.542111 0.000000 -0.840307 1.014345 1.014345 1.014345
6227.414551 0.000000 2559.014893 0.000000 0.485588 0.000000 -0.874188 1.021898 1.021898 1.021898
6770.989258 0.000000 2556.553467 0.000000 0.992766 0.000000 0.120068 0.886208 0.886208 0.886208
6146.980469 0.000000 2602.085449 0.000000 0.961273 0.000000 -0.275597 0.931995 0.931995 0.931995
6146.784180 0.000000 2603.505127 0.000000 0.488649 0.000000 -0.872480 1.021496 1.021496 1.021496
6153.262695 0.000000 2619.745850 0.000000 0.998737 0.000000 -0.050253 0.905761 0.905761 0.905761
6205.746582 0.000000 2616.813965 0.000000 0.170921 0.000000 -0.985285 1.060317 1.060317 1.060317
6202.666016 0.000000 2619.367188 0.000000 0.440222 0.000000 -0.897889 1.027764 1.027764 1.027764
6199.221680 0.000000 2616.718750 0.000000 0.517543 0.000000 0.855657 0.782335 0.782335 0.782335
6198.351562 0.000000 2617.874023 0.000000 0.007216 0.000000 -0.999974 1.079173 1.079173 1.079173
6226.914062 0.000000 2568.815674 0.000000 0.156091 0.000000 0.987743 0.737960 0.737960 0.737960
6216.089844 0.000000 2560.995361 0.000000 0.035624 0.000000 0.999365 0.724083 0.724083 0.724083
6219.528320 0.000000 2573.354980 0.000000 0.896898 0.000000 0.442238 0.847506 0.847506 0.847506
6231.416992 0.000000 2574.121826 0.000000 0.998252 0.000000 0.059102 0.893223 0.893223 0.893223
6229.714355 0.000000 2560.329834 0.000000 0.231080 0.000000 -0.972935 1.053279 1.053279 1.053279
6226.177246 0.000000 2569.730713 0.000000 0.539133 0.000000 -0.842220 1.014751 1.014751 1.014751
6231.589844 0.000000 2576.328369 0.000000 0.904772 0.000000 -0.425895 0.950415 0.950415 0.950415
6231.253418 0.000000 2577.430908 0.000000 0.984781 0.000000 0.173798 0.879983 0.879983 0.879983
6241.798340 0.000000 2564.958740 0.000000 0.386724 0.000000 -0.922195 1.034498 1.034498 1.034498
6248.559570 0.000000 2574.171143 0.000000 0.009997 0.000000 -0.999950 1.078854 1.078854 1.078854
6243.147949 0.000000 2572.419922 0.000000 0.177732 0.000000 -0.984079 1.059525 1.059525 1.059525
6210.060547 0.000000 2626.513916 0.000000 0.754164 0.000000 -0.656687 0.982095 0.982095 0.982095
6211.666504 0.000000 2627.284912 0.000000 0.994372 0.000000 -0.105946 0.912163 0.912163 0.912163
6449.490234 0.000000 2575.967773 0.000000 0.486192 0.000000 -0.873852 1.021819 1.021819 1.021819
6488.852051 0.000000 2578.834229 0.000000 0.114960 0.000000 -0.993370 1.066797 1.066797 1.066797
6502.213379 0.000000 2572.685791 0.000000 0.494021 0.000000 -0.869450 1.020790 1.020790 1.020790
6422.664062 0.000000 2695.174805 0.000000 0.320169 0.000000 0.947360 0.757346 0.757346 0.757346
6409.848145 0.000000 2714.672363 0.000000 0.999024 0.000000 -0.044166 0.905063 0.905063 0.905063
6408.283203 0.000000 2715.736816 0.000000 0.517790 0.000000 0.855508 0.782368 0.782368 0.782368
6419.978516 0.000000 2711.335449 0.000000 0.976053 0.000000 -0.217532 0.925128 0.925128 0.925128
6416.898926 0.000000 2778.438232 0.000000 0.921066 0.000000 0.389406 0.854165 0.854165 0.854165
6416.527832 0.000000 2779.715088 0.000000 0.227889 0.000000 -0.973687 1.053654 1.053654 1.053654
6416.390625 0.000000 2769.236816 0.000000 0.367520 0.000000 0.930016 0.763126 0.763126 0.763126
6417.310547 0.000000 2779.253174 0.000000 0.120443 0.000000 -0.992720 1.066165 1.066165 1.066165
6417.806152 0.000000 2768.871338 0.000000 0.972214 0.000000 0.234092 0.872924 0.872924 0.872924
6188.388184 0.000000 2831.074219 0.000000 0.925185 0.000000 -0.379516 0.944607 0.944607 0.944607
6320.294922 0.000000 2998.473389 0.000000 0.963001 0.000000 -0.269496 0.931269 0.931269 0.931269
6323.888672 0.000000 3004.095215 0.000000 0.443753 0.000000 -0.896149 1.027313 1.027313 1.027313
6320.364746 0.000000 2999.422852 0.000000 0.812782 0.000000 0.582569 0.828737 0.828737 0.828737
6336.509277 0.000000 2999.632080 0.000000 0.654412 0.000000 0.756138 0.801750 0.801750 0.801750
6326.812500 0.000000 3008.066162 0.000000 0.926391 0.000000 -0.376562 0.944242 0.944242 0.944242
6318.370117 0.000000 3009.524170 0.000000 0.675215 0.000000 -0.737621 0.995058 0.995058 0.995058
6622.976562 0.000000 2890.670654 0.000000 0.540565 0.000000 -0.841303 1.014556 1.014556 1.014556
6580.537598 0.000000 2955.089111 0.000000 0.669073 0.000000 -0.743196 0.996009 0.996009 0.996009
6587.104492 0.000000 2953.094971 0.000000 0.734974 0.000000 0.678095 0.814610 0.814610 0.814610
6585.074219 0.000000 2956.491699 0.000000 0.371507 0.000000 0.928430 0.763617 0.763617 0.763617
6589.723145 0.000000 2946.444092 0.000000 0.173488 0.000000 -0.984836 1.060019 1.060019 1.060019
6573.465820 0.000000 2961.019531 0.000000 0.484231 0.000000 -0.874940 1.022076 1.022076 1.022076
6594.942871 0.000000 2952.614258 0.000000 0.738872 0.000000 0.673846 0.815271 0.815271 0.815271
6779.011230 0.000000 2666.492188 0.000000 0.867523 0.000000 0.497397 0.840344 0.840344 0.840344
6818.898438 0.000000 2602.085449 0.000000 0.924486 0.000000 -0.381216 0.944818 0.944818 0.944818
6819.889648 0.000000 2602.799316 0.000000 0.372983 0.000000 0.927838 0.763799 0.763799 0.763799
6822.559570 0.000000 2595.105957 0.000000 0.842623 0.000000 0.538503 0.834836 0.834836 0.834836
6848.208984 0.000000 2577.826660 0.000000 0.783615 0.000000 -0.621247 0.976814 0.976814 0.976814
6894.193848 0.000000 2620.245850 0.000000 0.716627 0.000000 -0.697457 0.988447 0.988447 0.988447
6789.722168 0.000000 2643.735352 0.000000 0.997790 0.000000 0.066454 0.892379 0.892379 0.892379
6789.449707 0.000000 2641.920410 0.000000 0.492643 0.000000 -0.870231 1.020971 1.020971 1.020971
6788.400879 0.000000 2633.719238 0.000000 0.987724 0.000000 -0.156210 0.917974 0.917974 0.917974
6793.750977 0.000000 2638.038086 0.000000 0.848960 0.000000 -0.528457 0.963803 0.963803 0.963803
6793.414062 0.000000 2631.041504 0.000000 0.154411 0.000000 0.988007 0.737765 0.737765 0.737765
6802.914062 0.000000 2637.328857 0.000000 0.973684 0.000000 0.227903 0.873653 0.873653 0.873653
6801.759277 0.000000 2640.902588 0.000000 0.870274 0.000000 0.492568 0.840981 0.840981 0.840981
6821.473145 0.000000 2629.071045 0.000000 0.386775 0.000000 -0.922174 1.034492 1.034492 1.034492
6818.361328 0.000000 2640.684326 0.000000 0.877597 0.000000 -0.479399 0.957292 0.957292 0.957292
6821.322266 0.000000 2632.682861 0.000000 0.441830 0.000000 -0.897099 1.027559 1.027559 1.027559
6822.408203 0.000000 2637.724365 0.000000 0.573288 0.000000 0.819354 0.789960 0.789960 0.789960
6878.248047 0.000000 2632.306885 0.000000 0.224533 0.000000 -0.974466 1.054049 1.054049 1.054049
6865.000977 0.000000 2633.780029 0.000000 0.925172 0.000000 -0.379549 0.944611 0.944611 0.944611
6878.358887 0.000000 2633.979248 0.000000 0.124260 0.000000 -0.992250 1.065724 1.065724 1.065724
6867.217285 0.000000 2636.297119 0.000000 0.986628 0.000000 -0.162987 0.918761 0.918761 0.918761
6886.252441 0.000000 2631.476074 0.000000 0.822416 0.000000 -0.568886 0.969345 0.969345 0.969345
6898.189453 0.000000 2629.025391 0.000000 0.417216 0.000000 0.908808 0.769318 0.769318 0.769318
6890.208496 0.000000 2623.460693 0.000000 0.775237 0.000000 0.631670 0.821653 0.821653 0.821653
6896.328613 0.000000 2631.557617 0.000000 0.584440 0.000000 -0.811437 1.008473 1.008473 1.008473
6888.007812 0.000000 2624.979736 0.000000 0.958851 0.000000 0.283910 0.867013 0.867013 0.867013
6897.639160 0.000000 2630.802979 0.000000 0.657388 0.000000 0.753552 0.802202 0.802202 0.802202
6884.150879 0.000000 2629.387207 0.000000 0.146562 0.000000 0.989201 0.736855 0.736855 0.736855
6889.799316 0.000000 2624.457764 0.000000 0.998639 0.000000 -0.052155 0.905979 0.905979 0.905979
6897.781738 0.000000 2628.211426 0.000000 0.341457 0.000000 -0.939897 1.040069 1.040069 1.040069
6788.147461 0.000000 2690.463623 0.000000 0.588536 0.000000 -0.808471 1.007894 1.007894 1.007894
7097.111328 0.000000 2576.861816 0.000000 0.944950 0.000000 -0.327216 0.938200 0.938200 0.938200
7110.801758 0.000000 2590.051270 0.000000 0.770193 0.000000 0.637810 0.820743 0.820743 0.820743
7115.714355 0.000000 2590.369873 0.000000 0.309773 0.000000 0.950810 0.756091 0.756091 0.756091
7106.120117 0.000000 2587.630859 0.000000 0.153645 0.000000 0.988126 0.737676 0.737676 0.737676
7109.935059 0.000000 2574.709717 0.000000 0.752741 0.000000 -0.658316 0.982343 0.982343 0.982343
7107.245605 0.000000 2586.674072 0.000000 0.746017 0.000000 -0.665927 0.983507 0.983507 0.983507
7110.096680 0.000000 2590.939697 0.000000 0.544014 0.000000 -0.839076 1.014085 1.014085 1.014085
7108.512695 0.000000 2577.860107 0.000000 0.928677 0.000000 -0.370888 0.943541 0.943541 0.943541
7114.181152 0.000000 2591.468506 0.000000 0.978624 0.000000 -0.205657 0.923736 0.923736 0.923736
7067.311035 0.000000 2648.256836 0.000000 0.715568 0.000000 -0.698543 0.988620 0.988620 0.988620
6983.755859 0.000000 2716.529541 0.000000 0.987129 0.000000 -0.159925 0.918405 0.918405 0.918405
6977.978516 0.000000 2712.815186 0.000000 0.812465 0.000000 0.583009 0.828675 0.828675 0.828675
6973.864258 0.000000 2805.810059 0.000000 0.971777 0.000000 0.235903 0.872710 0.872710 0.872710
6981.431641 0.000000 2807.862793 0.000000 0.999970 0.000000 0.007806 0.899105 0.899105 0.899105
6979.888672 0.000000 2804.673340 0.000000 0.695197 0.000000 0.718819 0.808086 0.808086 0.808086
7115.916016 0.000000 2710.041504 0.000000 0.971576 0.000000 0.236727 0.872613 0.872613 0.872613
7103.805176 0.000000 2704.870117 0.000000 0.338425 0.000000 -0.940994 1.040438 1.040438 1.040438
7104.415527 0.000000 2711.702393 0.000000 0.119041 0.000000 -0.992889 1.066326 1.066326 1.066326
7108.032715 0.000000 2720.682373 0.000000 0.092729 0.000000 0.995691 0.730641 0.730641 0.730641
7103.470215 0.000000 2725.989014 0.000000 0.991400 0.000000 0.130865 0.884961 0.884961 0.884961
6713.353516 0.000000 2874.404053 0.000000 0.948231 0.000000 -0.317580 0.937033 0.937033 0.937033
6706.791504 0.000000 2867.278564 0.000000 0.119668 0.000000 -0.992814 1.066254 1.066254 1.066254
6710.388672 0.000000 2867.109375 0.000000 0.812584 0.000000 0.582845 0.828698 0.828698 0.828698
6717.604492 0.000000 2868.149658 0.000000 0.533224 0.000000 -0.845974 1.015553 1.015553 1.015553
6720.216797 0.000000 2873.098877 0.000000 0.669782 0.000000 -0.742558 0.995900 0.995900 0.995900
6719.999023 0.000000 2850.291016 0.000000 0.816486 0.000000 -0.577365 0.970531 0.970531 0.970531
6717.050293 0.000000 2887.218262 0.000000 0.485580 0.000000 -0.874192 1.021899 1.021899 1.021899
6724.155273 0.000000 2882.416748 0.000000 0.666520 0.000000 -0.745487 0.996402 0.996402 0.996402
6730.491699 0.000000 2886.812256 0.000000 0.626722 0.000000 -0.779243 1.002383 1.002383 1.002383
6731.392578 0.000000 2886.402344 0.000000 0.841125 0.000000 0.540841 0.834518 0.834518 0.834518
6731.091309 0.000000 2884.774170 0.000000 0.586742 0.000000 -0.809774 1.008148 1.008148 1.008148
6845.817871 0.000000 2930.148193 0.000000 0.577558 0.000000 -0.816349 1.009442 1.009442 1.009442
6837.297852 0.000000 2930.353760 0.000000 0.961571 0.000000 -0.274557 0.931871 0.931871 0.931871
6838.064941 0.000000 2935.512207 0.000000 0.963847 0.000000 -0.266456 0.930907 0.930907 0.930907
6838.373047 0.000000 2931.093750 0.000000 0.991544 0.000000 0.129775 0.885087 0.885087 0.885087
6841.142578 0.000000 2928.775879 0.000000 0.440995 0.000000 -0.897510 1.027665 1.027665 1.027665
6851.862305 0.000000 2931.622803 0.000000 0.866496 0.000000 0.499185 0.840108 0.840108 0.840108
6847.187012 0.000000 2937.477295 0.000000 0.999935 0.000000 0.011415 0.898692 0.898692 0.898692
6773.198730 0.000000 2982.029785 0.000000 0.569814 0.000000 0.821774 0.789474 0.789474 0.789474
6769.654785 0.000000 2982.717041 0.000000 0.997976 0.000000 0.063596 0.892708 0.892708 0.892708
6773.471191 0.000000 2983.189209 0.000000 0.693148 0.000000 0.720796 0.807760 0.807760 0.807760
6843.316895 0.000000 2960.529541 0.000000 0.009383 0.000000 -0.999956 1.078925 1.078925 1.078925
6838.486816 0.000000 2959.166748 0.000000 0.580962 0.000000 -0.813931 1.008963 1.008963 1.008963
7042.942871 0.000000 2853.412354 0.000000 0.866412 0.000000 0.499330 0.840089 0.840089 0.840089
6952.244629 0.000000 2964.812988 0.000000 0.897455 0.000000 0.441105 0.847651 0.847651 0.847651
6951.984863 0.000000 2973.621094 0.000000 0.487595 0.000000 -0.873070 1.021635 1.021635 1.021635
6947.754395 0.000000 2952.940186 0.000000 0.608916 0.000000 0.793235 0.795022 0.795022 0.795022
6993.528320 0.000000 2963.589844 0.000000 0.963109 0.000000 -0.269111 0.931223 0.931223 0.931223
6996.184082 0.000000 2961.327393 0.000000 0.336605 0.000000 -0.941646 1.040660 1.040660 1.040660
6991.467773 0.000000 2967.029297 0.000000 0.919934 0.000000 0.392072 0.853833 0.853833 0.853833
6925.394043 0.000000 3024.046387 0.000000 0.870563 0.000000 0.492058 0.841048 0.841048 0.841048
6931.603027 0.000000 3008.461670 0.000000 0.999905 0.000000 0.013757 0.898423 0.898423 0.898423
6925.983398 0.000000 3007.598633 0.000000 0.986708 0.000000 -0.162502 0.918704 0.918704 0.918704
7555.904785 0.000000 2060.133545 0.000000 0.005379 0.000000 -0.999986 1.079384 1.079384 1.079384
7221.320801 0.000000 2321.155273 0.000000 0.205009 0.000000 0.978760 0.743660 0.743660 0.743660
7285.861816 0.000000 2309.486084 0.000000 0.997470 0.000000 0.071088 0.891847 0.891847 0.891847
7827.540527 0.000000 2115.617432 0.000000 0.917852 0.000000 0.396923 0.853228 0.853228 0.853228
8037.569824 0.000000 2195.844727 0.000000 0.992214 0.000000 0.124547 0.885691 0.885691 0.885691
8037.297363 0.000000 2194.029785 0.000000 0.056539 0.000000 -0.998400 1.073518 1.073518 1.073518
8040.412109 0.000000 2189.238770 0.000000 0.112523 0.000000 -0.993649 1.067078 1.067078 1.067078
8042.793945 0.000000 2193.409668 0.000000 0.926072 0.000000 -0.377347 0.944339 0.944339 0.944339
7751.266113 0.000000 2441.360352 0.000000 0.205296 0.000000 0.978700 0.743694 0.743694 0.743694
7684.395020 0.000000 2554.166504 0.000000 0.970560 0.000000 0.240858 0.872126 0.872126 0.872126
8039.393066 0.000000 2307.684082 0.000000 0.904034 0.000000 -0.427460 0.950613 0.950613 0.950613
8039.971680 0.000000 2306.413574 0.000000 0.285081 0.000000 -0.958503 1.046873 1.046873 1.046873
7366.694824 0.000000 2682.675049 0.000000 0.841146 0.000000 0.540809 0.834523 0.834523 0.834523
7371.547852 0.000000 2675.814697 0.000000 0.653982 0.000000 0.756510 0.801685 0.801685 0.801685
7370.229004 0.000000 2675.224854 0.000000 0.999852 0.000000 0.017177 0.898032 0.898032 0.898032
7223.635254 0.000000 2746.160889 0.000000 0.587500 0.000000 -0.809224 1.008040 1.008040 1.008040
7230.386719 0.000000 2746.801270 0.000000 0.568775 0.000000 0.822493 0.789330 0.789330 0.789330
7227.164551 0.000000 2740.812500 0.000000 0.391590 0.000000 -0.920140 1.033893 1.033893 1.033893
7223.221680 0.000000 2747.665283 0.000000 0.986303 0.000000 -0.164944 0.918988 0.918988 0.918988
7232.770508 0.000000 2736.441650 0.000000 0.375369 0.000000 0.926875 0.764094 0.764094 0.764094
7226.362305 0.000000 2752.309570 0.000000 0.228302 0.000000 -0.973590 1.053606 1.053606 1.053606
7227.249512 0.000000 2753.703369 0.000000 0.997646 0.000000 0.068572 0.892136 0.892136 0.892136
7371.662598 0.000000 2697.822266 0.000000 0.337916 0.000000 -0.941176 1.040500 1.040500 1.040500
7364.395020 0.000000 2703.185303 0.000000 0.606271 0.000000 0.795258 0.794641 0.794641 0.794641
7400.160156 0.000000 2696.965576 0.000000 0.837547 0.000000 0.546365 0.833764 0.833764 0.833764
7414.542969 0.000000 2695.174805 0.000000 0.748619 0.000000 -0.663000 0.983058 0.983058 0.983058
7406.679688 0.000000 2695.971924 0.000000 0.627754 0.000000 -0.778412 1.002231 1.002231 1.002231
7403.760742 0.000000 2692.272705 0.000000 0.998890 0.000000 -0.047094 0.905398 0.905398 0.905398
7407.104004 0.000000 2693.618164 0.000000 0.710722 0.000000 -0.703473 0.989413 0.989413 0.989413
7407.793945 0.000000 2708.587646 0.000000 0.055042 0.000000 -0.998484 1.073689 1.073689 1.073689
7406.892578 0.000000 2708.120850 0.000000 0.984562 0.000000 0.175036 0.879838 0.879838 0.879838
7409.109863 0.000000 2751.211426 0.000000 0.770981 0.000000 0.636859 0.820884 0.820884 0.820884
7397.590332 0.000000 2746.163818 0.000000 0.421410 0.000000 0.906870 0.769847 0.769847 0.769847
7394.429688 0.000000 2749.781006 0.000000 0.473733 0.000000 0.880668 0.776554 0.776554 0.776554
7382.054199 0.000000 2758.317383 0.000000 0.540315 0.000000 -0.841463 1.014590 1.014590 1.014590
7397.558594 0.000000 2751.624756 0.000000 0.369564 0.000000 0.929205 0.763377 0.763377 0.763377
7395.153320 0.000000 2759.053223 0.000000 0.987029 0.000000 -0.160545 0.918477 0.918477 0.918477
7435.788574 0.000000 2680.649170 0.000000 0.999858 0.000000 0.016844 0.898070 0.898070 0.898070
7441.686523 0.000000 2684.020508 0.000000 0.939520 0.000000 0.342494 0.859942 0.859942 0.859942
7438.127441 0.000000 2684.230225 0.000000 0.962719 0.000000 -0.270504 0.931388 0.931388 0.931388
7439.719727 0.000000 2682.702148 0.000000 0.434024 0.000000 -0.900901 1.028553 1.028553 1.028553
7434.903809 0.000000 2680.968506 0.000000 0.438830 0.000000 -0.898570 1.027941 1.027941 1.027941
7646.505371 0.000000 2583.836426 0.000000 0.956435 0.000000 0.291944 0.866051 0.866051 0.866051
7640.040527 0.000000 2589.123535 0.000000 0.843299 0.000000 0.537445 0.834980 0.834980 0.834980
7672.992676 0.000000 2570.761963 0.000000 0.995398 0.000000 -0.095832 0.910998 0.910998 0.910998
7649.452637 0.000000 2583.258545 0.000000 0.154632 0.000000 0.987972 0.737791 0.737791 0.737791
7665.297363 0.000000 2565.769043 0.000000 0.807700 0.000000 0.589594 0.827744 0.827744 0.827744
7673.214355 0.000000 2571.652100 0.000000 0.837639 0.000000 0.546224 0.833783 0.833783 0.833783
7621.127930 0.000000 2621.154297 0.000000 0.841706 0.000000 0.539936 0.834641 0.834641 0.834641
7639.732910 0.000000 2592.569824 0.000000 0.749668 0.000000 -0.661814 0.982877 0.982877 0.982877
7620.363770 0.000000 2607.208740 0.000000 0.440000 0.000000 -0.897998 1.027792 1.027792 1.027792
7437.920898 0.000000 2687.676758 0.000000 0.279238 0.000000 -0.960222 1.047570 1.047570 1.047570
7438.888672 0.000000 2708.120850 0.000000 0.714869 0.000000 -0.699258 0.988735 0.988735 0.988735
7423.180664 0.000000 2749.535645 0.000000 0.330077 0.000000 -0.943954 1.041453 1.041453 1.041453
7425.188965 0.000000 2750.944336 0.000000 0.769051 0.000000 0.639187 0.820538 0.820538 0.820538
7424.313965 0.000000 2750.176514 0.000000 0.318365 0.000000 0.947968 0.757128 0.757128 0.757128
7504.254395 0.000000 2727.534180 0.000000 0.057080 0.000000 -0.998370 1.073455 1.073455 1.073455
7493.391113 0.000000 2725.047607 0.000000 0.524033 0.000000 0.851698 0.783206 0.783206 0.783206
7499.486816 0.000000 2736.330566 0.000000 0.173469 0.000000 -0.984839 1.060021 1.060021 1.060021
7509.397461 0.000000 2732.659424 0.000000 0.226823 0.000000 -0.973936 1.053780 1.053780 1.053780
7508.741211 0.000000 2734.838135 0.000000 0.586477 0.000000 -0.809966 1.008185 1.008185 1.008185
7508.660156 0.000000 2732.077881 0.000000 0.011373 0.000000 -0.999935 1.078697 1.078697 1.078697
7424.106934 0.000000 2751.611572 0.000000 0.147139 0.000000 0.989116 0.736922 0.736922 0.736922
7615.093262 0.000000 2713.531982 0.000000 0.984115 0.000000 0.177533 0.879548 0.879548 0.879548
7630.104004 0.000000 2716.222412 0.000000 0.812282 0.000000 0.583265 0.828639 0.828639 0.828639
7623.691406 0.000000 2718.816895 0.000000 0.977794 0.000000 -0.209569 0.924194 0.924194 0.924194
7225.291016 0.000000 2938.388428 0.000000 0.164327 0.000000 -0.986406 1.061084 1.061084 1.061084
7684.069824 0.000000 2576.390137 0.000000 0.227697 0.000000 -0.973732 1.053677 1.053677 1.053677
7685.237793 0.000000 2571.818848 0.000000 0.364649 0.000000 0.931145 0.762772 0.762772 0.762772
7766.347656 0.000000 2613.976562 0.000000 0.701723 0.000000 0.712450 0.809131 0.809131 0.809131
7756.233887 0.000000 2618.328125 0.000000 0.213097 0.000000 0.977031 0.744608 0.744608 0.744608
7755.837891 0.000000 2614.064941 0.000000 0.962604 0.000000 -0.270912 0.931437 0.931437 0.931437
7762.868164 0.000000 2620.537842 0.000000 0.568679 0.000000 0.822560 0.789316 0.789316 0.789316
7766.758301 0.000000 2613.007812 0.000000 0.342642 0.000000 -0.939466 1.039924 1.039924 1.039924
7742.473633 0.000000 2640.411865 0.000000 0.426077 0.000000 0.904687 0.770438 0.770438 0.770438
7742.642090 0.000000 2641.530273 0.000000 0.893739 0.000000 0.448588 0.846694 0.846694 0.846694
7733.354004 0.000000 2663.267334 0.000000 0.524025 0.000000 0.851703 0.783205 0.783205 0.783205
7739.274414 0.000000 2671.528564 0.000000 0.945582 0.000000 -0.325383 0.937978 0.937978 0.937978
7730.800781 0.000000 2669.321045 0.000000 0.670148 0.000000 -0.742228 0.995843 0.995843 0.995843
7737.206543 0.000000 2667.628662 0.000000 0.895078 0.000000 0.445911 0.847037 0.847037 0.847037
7747.137695 0.000000 2639.452881 0.000000 0.315914 0.000000 0.948788 0.756832 0.756832 0.756832
7750.354004 0.000000 2633.219482 0.000000 0.660740 0.000000 0.750615 0.802713 0.802713 0.802713
7774.485352 0.000000 2645.317139 0.000000 0.957350 0.000000 0.288932 0.866412 0.866412 0.866412
7752.469238 0.000000 2640.275146 0.000000 0.386928 0.000000 -0.922110 1.034473 1.034473 1.034473
7764.305176 0.000000 2631.084229 0.000000 0.992420 0.000000 0.122895 0.885881 0.885881 0.885881
7746.078125 0.000000 2639.777832 0.000000 0.286462 0.000000 -0.958092 1.046708 1.046708 1.046708
7802.536621 0.000000 2655.302734 0.000000 0.634995 0.000000 -0.772516 1.001161 1.001161 1.001161
7799.828125 0.000000 2645.202637 0.000000 0.365812 0.000000 0.930689 0.762915 0.762915 0.762915
7799.236816 0.000000 2644.113281 0.000000 0.615216 0.000000 0.788359 0.795935 0.795935 0.795935
7775.052734 0.000000 2645.861816 0.000000 0.283999 0.000000 -0.958825 1.047002 1.047002 1.047002
7798.754395 0.000000 2645.000000 0.000000 0.629841 0.000000 -0.776724 1.001923 1.001923 1.001923
7865.414551 0.000000 2585.493652 0.000000 0.569035 0.000000 0.822313 0.789366 0.789366 0.789366
7866.606934 0.000000 2581.632080 0.000000 0.873008 0.000000 0.487707 0.841620 0.841620 0.841620
7884.218262 0.000000 2586.335938 0.000000 0.818959 0.000000 -0.573852 0.970039 0.970039 0.970039
7812.589844 0.000000 2646.579346 0.000000 0.112362 0.000000 -0.993667 1.067097 1.067097 1.067097
7807.069824 0.000000 2649.547607 0.000000 0.808068 0.000000 0.589089 0.827815 0.827815 0.827815
6199.657715 0.000000 3139.683105 0.000000 0.994788 0.000000 -0.101962 0.911704 0.911704 0.911704
6159.373047 0.000000 3366.454346 0.000000 0.149890 0.000000 0.988703 0.737241 0.737241 0.737241
6150.490234 0.000000 3373.544678 0.000000 0.892443 0.000000 0.451160 0.846364 0.846364 0.846364
6780.214355 0.000000 3252.034912 0.000000 0.938009 0.000000 0.346611 0.859440 0.859440 0.859440
6781.887695 0.000000 3253.700684 0.000000 0.164897 0.000000 -0.986311 1.061018 1.061018 1.061018
6790.028320 0.000000 3254.395020 0.000000 0.737734 0.000000 0.675092 0.815077 0.815077 0.815077
6227.900391 0.000000 3585.460205 0.000000 0.381084 0.000000 -0.924540 1.035198 1.035198 1.035198
6313.243164 0.000000 3611.503662 0.000000 0.938987 0.000000 0.343953 0.859764 0.859764 0.859764
6381.612305 0.000000 3637.495117 0.000000 0.970691 0.000000 0.240330 0.872188 0.872188 0.872188
6381.137695 0.000000 3644.965332 0.000000 0.987758 0.000000 -0.155992 0.917949 0.917949 0.917949
6379.485352 0.000000 3650.890137 0.000000 0.939242 0.000000 0.343257 0.859849 0.859849 0.859849
6380.390137 0.000000 3650.042725 0.000000 0.963395 0.000000 -0.268085 0.931101 0.931101 0.931101
6380.562500 0.000000 3651.165283 0.000000 0.283993 0.000000 -0.958826 1.047003 1.047003 1.047003
6381.432617 0.000000 3650.919678 0.000000 0.944848 0.000000 -0.327509 0.938235 0.938235 0.938235
6447.086426 0.000000 3636.802246 0.000000 0.207351 0.000000 0.978267 0.743934 0.743934 0.743934
6447.911133 0.000000 3636.361084 0.000000 0.438062 0.000000 -0.898945 1.028039 1.028039 1.028039
6600.335449 0.000000 3603.348389 0.000000 0.998671 0.000000 -0.051540 0.905909 0.905909 0.905909
7292.228516 0.000000 3292.662109 0.000000 0.811640 0.000000 0.584158 0.828513 0.828513 0.828513
7260.983887 0.000000 3303.116699 0.000000 0.445933 0.000000 -0.895066 1.027034 1.027034 1.027034
7264.134766 0.000000 3310.892822 0.000000 0.920013 0.000000 0.391889 0.853856 0.853856 0.853856
7304.207031 0.000000 3290.703613 0.000000 0.523527 0.000000 0.852009 0.783138 0.783138 0.783138
7295.196289 0.000000 3293.402832 0.000000 0.536461 0.000000 -0.843925 1.015114 1.015114 1.015114
7301.414551 0.000000 3364.891357 0.000000 0.960070 0.000000 0.279760 0.867508 0.867508 0.867508
7296.925293 0.000000 3363.436279 0.000000 0.445845 0.000000 -0.895110 1.027045 1.027045 1.027045
7298.941895 0.000000 3364.251221 0.000000 0.976819 0.000000 -0.214065 0.924721 0.924721 0.924721
7301.441895 0.000000 3369.537598 0.000000 0.488669 0.000000 -0.872469 1.021494 1.021494 1.021494
"}
object={
	name="tree_savanna_generator_1_7"
	clamp_to_water_level=no
	render_under_water=no
	generated_content=yes
	layer="tree_layer"
	pdxmesh="tree_baobab_02_mesh"
	count=197
	transform="1183.036499 0.000000 2877.329590 0.000000 0.999998 0.000000 0.001906 0.699830 0.699830 0.699830
1173.881836 0.000000 2854.061035 0.000000 0.329076 0.000000 -0.944303 0.810114 0.810114 0.810114
1687.626343 0.000000 2717.031006 0.000000 0.051676 0.000000 -0.998664 0.835392 0.835392 0.835392
1680.214355 0.000000 2712.053711 0.000000 0.162933 0.000000 -0.986637 0.825413 0.825413 0.825413
1750.741455 0.000000 2702.324951 0.000000 0.899118 0.000000 0.437707 0.659621 0.659621 0.659621
1740.370117 0.000000 2814.315186 0.000000 0.743558 0.000000 0.668671 0.634722 0.634722 0.634722
1816.295166 0.000000 2714.168701 0.000000 0.664517 0.000000 -0.747273 0.775218 0.775218 0.775218
1826.163208 0.000000 2711.227295 0.000000 0.215446 0.000000 0.976516 0.579354 0.579354 0.579354
1823.726807 0.000000 2724.401123 0.000000 0.220892 0.000000 -0.975298 0.820149 0.820149 0.820149
1832.717407 0.000000 2731.640625 0.000000 0.778217 0.000000 0.627996 0.639485 0.639485 0.639485
1900.535156 0.000000 2748.765137 0.000000 0.873486 0.000000 0.486849 0.654681 0.654681 0.654681
1914.142822 0.000000 2771.702881 0.000000 0.993804 0.000000 -0.111150 0.709927 0.709927 0.709927
1919.050415 0.000000 2771.846436 0.000000 0.873988 0.000000 -0.485948 0.745227 0.745227 0.745227
1919.184448 0.000000 2768.380615 0.000000 0.874222 0.000000 0.485526 0.654816 0.654816 0.654816
1932.656250 0.000000 2763.593750 0.000000 0.960918 0.000000 -0.276833 0.725000 0.725000 0.725000
1920.258423 0.000000 2755.251221 0.000000 0.220394 0.000000 -0.975411 0.820194 0.820194 0.820194
1934.497070 0.000000 2772.218750 0.000000 0.378136 0.000000 0.925750 0.594562 0.594562 0.594562
1933.113403 0.000000 2768.478271 0.000000 0.974001 0.000000 0.226543 0.873813 0.873813 0.873813
1928.138916 0.000000 2787.566895 0.000000 0.433052 0.000000 -0.901369 0.800082 0.800082 0.800082
1929.607178 0.000000 2799.029785 0.000000 0.376775 0.000000 0.926305 0.594431 0.594431 0.594431
1754.013184 0.000000 2833.745605 0.000000 0.703850 0.000000 0.710348 0.629590 0.629590 0.629590
1765.200562 0.000000 2861.927002 0.000000 0.998416 0.000000 0.056259 0.694983 0.694983 0.694983
1766.640991 0.000000 2870.488770 0.000000 0.478469 0.000000 0.878104 0.604466 0.604466 0.604466
1777.797241 0.000000 2911.172363 0.000000 0.999998 0.000000 0.001939 0.699827 0.699827 0.699827
1822.281372 0.000000 2840.759277 0.000000 0.706289 0.000000 -0.707923 0.770103 0.770103 0.770103
1819.266479 0.000000 2847.255859 0.000000 0.942928 0.000000 0.332996 0.669743 0.669743 0.669743
1852.892334 0.000000 2844.771484 0.000000 0.960541 0.000000 -0.278137 0.725121 0.725121 0.725121
1836.956299 0.000000 2842.273438 0.000000 0.782154 0.000000 -0.623085 0.759954 0.759954 0.759954
1829.834717 0.000000 2845.099609 0.000000 0.327746 0.000000 -0.944766 0.810239 0.810239 0.810239
1846.882568 0.000000 2841.819336 0.000000 0.993342 0.000000 0.115200 0.689710 0.689710 0.689710
1795.864014 0.000000 2863.398193 0.000000 0.993431 0.000000 0.114430 0.689779 0.689779 0.689779
1793.730103 0.000000 2865.410645 0.000000 0.618207 0.000000 0.786015 0.619399 0.619399 0.619399
1835.402954 0.000000 2862.674072 0.000000 0.665014 0.000000 -0.746831 0.775159 0.775159 0.775159
1837.666016 0.000000 2847.318359 0.000000 0.998422 0.000000 -0.056155 0.705008 0.705008 0.705008
1834.416870 0.000000 2864.734375 0.000000 0.780936 0.000000 -0.624611 0.760128 0.760128 0.760128
1838.956787 0.000000 2877.311279 0.000000 0.618868 0.000000 0.785495 0.619474 0.619474 0.619474
1842.369751 0.000000 2875.973633 0.000000 0.706801 0.000000 -0.707413 0.770039 0.770039 0.770039
1859.897339 0.000000 2837.404053 0.000000 0.901507 0.000000 -0.432764 0.739889 0.739889 0.739889
1878.648926 0.000000 2868.369385 0.000000 0.922918 0.000000 0.384998 0.664777 0.664777 0.664777
1885.545532 0.000000 2851.415527 0.000000 0.215715 0.000000 0.976456 0.579378 0.579378 0.579378
1885.040283 0.000000 2871.315186 0.000000 0.975166 0.000000 -0.221474 0.719904 0.719904 0.719904
1894.775635 0.000000 2860.615479 0.000000 0.706896 0.000000 -0.707317 0.770027 0.770027 0.770027
1888.654541 0.000000 2856.612061 0.000000 0.107890 0.000000 -0.994163 0.830365 0.830365 0.830365
1792.256592 0.000000 2890.098877 0.000000 0.814830 0.000000 -0.579699 0.755112 0.755112 0.755112
1845.115479 0.000000 2891.104736 0.000000 0.960327 0.000000 0.278878 0.674811 0.674811 0.674811
1834.669434 0.000000 2892.651123 0.000000 0.777845 0.000000 0.628456 0.639432 0.639432 0.639432
1840.841309 0.000000 2902.496826 0.000000 0.993293 0.000000 0.115628 0.689671 0.689671 0.689671
1841.047485 0.000000 2882.089111 0.000000 0.873976 0.000000 -0.485970 0.745229 0.745229 0.745229
1886.447144 0.000000 2894.916016 0.000000 0.213869 0.000000 0.976862 0.579210 0.579210 0.579210
1891.081787 0.000000 2879.665283 0.000000 0.663216 0.000000 -0.748428 0.775373 0.775373 0.775373
1872.190918 0.000000 2935.999023 0.000000 0.109337 0.000000 -0.994005 0.830236 0.830236 0.830236
1821.095093 0.000000 2971.130615 0.000000 0.847407 0.000000 -0.530943 0.749885 0.749885 0.749885
1881.150269 0.000000 2943.347412 0.000000 0.960423 0.000000 -0.278546 0.725159 0.725159 0.725159
1893.184937 0.000000 3021.887939 0.000000 0.944304 0.000000 -0.329075 0.729886 0.729886 0.729886
1911.218628 0.000000 3073.016602 0.000000 0.961087 0.000000 -0.276246 0.724945 0.724945 0.724945
7061.531738 0.000000 663.031677 0.000000 0.575634 0.000000 0.817707 0.790288 0.790288 0.790288
7302.073242 0.000000 383.478760 0.000000 0.843996 0.000000 0.536350 0.835129 0.835129 0.835129
7566.247070 0.000000 497.919556 0.000000 0.985728 0.000000 0.168345 0.880617 0.880617 0.880617
7621.645508 0.000000 636.217102 0.000000 0.998309 0.000000 0.058132 0.893335 0.893335 0.893335
7621.681152 0.000000 630.172974 0.000000 0.975073 0.000000 -0.221886 0.925640 0.925640 0.925640
7501.708008 0.000000 805.630188 0.000000 0.707675 0.000000 -0.706538 0.989908 0.989908 0.989908
7656.100586 0.000000 889.617493 0.000000 0.706522 0.000000 -0.707691 0.990095 0.990095 0.990095
7688.643066 0.000000 842.897095 0.000000 0.844407 0.000000 0.535702 0.835217 0.835217 0.835217
6634.143555 0.000000 1202.428223 0.000000 0.901778 0.000000 -0.432200 0.951214 0.951214 0.951214
6228.944336 0.000000 1589.457886 0.000000 0.273143 0.000000 -0.961973 1.048297 1.048297 1.048297
6614.100098 0.000000 1656.919312 0.000000 0.426509 0.000000 0.904483 0.770492 0.770492 0.770492
6646.144043 0.000000 1646.582642 0.000000 0.271530 0.000000 0.962430 0.751511 0.751511 0.751511
6648.152344 0.000000 1650.285034 0.000000 0.846237 0.000000 -0.532806 0.964390 0.964390 0.964390
6560.798828 0.000000 1708.613770 0.000000 0.575559 0.000000 -0.817760 1.009722 1.009722 1.009722
6589.192383 0.000000 1897.950684 0.000000 0.328767 0.000000 -0.944411 1.041612 1.041612 1.041612
6691.617188 0.000000 1569.860352 0.000000 0.898468 0.000000 0.439038 0.847915 0.847915 0.847915
6690.001953 0.000000 1602.763916 0.000000 0.574893 0.000000 0.818229 0.790184 0.790184 0.790184
6904.476562 0.000000 1705.304199 0.000000 0.942653 0.000000 0.333773 0.861004 0.861004 0.861004
6944.420410 0.000000 1661.269287 0.000000 0.480913 0.000000 -0.876768 1.022510 1.022510 1.022510
6924.499512 0.000000 1681.820557 0.000000 0.993972 0.000000 -0.109637 0.912589 0.912589 0.912589
6927.275879 0.000000 1692.983398 0.000000 0.815133 0.000000 -0.579274 0.970799 0.970799 0.970799
6941.149414 0.000000 1705.997559 0.000000 0.999995 0.000000 0.003293 0.899623 0.899623 0.899623
6829.288574 0.000000 1807.029785 0.000000 0.960146 0.000000 0.279498 0.867539 0.867539 0.867539
6841.145020 0.000000 2021.860229 0.000000 0.214976 0.000000 0.976619 0.744828 0.744828 0.744828
6838.744141 0.000000 2020.551025 0.000000 0.922902 0.000000 -0.385035 0.945292 0.945292 0.945292
7385.397949 0.000000 1571.083374 0.000000 0.944061 0.000000 -0.329771 0.938510 0.938510 0.938510
7412.607910 0.000000 1626.725830 0.000000 0.378320 0.000000 -0.925675 1.035541 1.035541 1.035541
7411.978516 0.000000 1641.468872 0.000000 0.526060 0.000000 0.850447 0.783479 0.783479 0.783479
7527.703125 0.000000 1567.098145 0.000000 0.324617 0.000000 0.945845 0.757885 0.757885 0.757885
7550.585449 0.000000 1536.826294 0.000000 0.985746 0.000000 -0.168241 0.919371 0.919371 0.919371
7560.919922 0.000000 1551.334473 0.000000 0.778938 0.000000 0.627101 0.822327 0.822327 0.822327
7553.758301 0.000000 1548.112183 0.000000 0.215488 0.000000 0.976506 0.744888 0.744888 0.744888
7207.245605 0.000000 1849.939209 0.000000 0.782559 0.000000 -0.622577 0.977009 0.977009 0.977009
7289.283203 0.000000 1882.646240 0.000000 0.379119 0.000000 -0.925348 1.035442 1.035442 1.035442
7291.453125 0.000000 1883.409668 0.000000 0.527358 0.000000 0.849643 0.783654 0.783654 0.783654
7287.775879 0.000000 1888.741577 0.000000 0.213480 0.000000 0.976947 0.744653 0.744653 0.744653
7340.994629 0.000000 1823.568359 0.000000 0.272674 0.000000 0.962106 0.751647 0.751647 0.751647
7368.164062 0.000000 1801.184448 0.000000 0.899388 0.000000 0.437151 0.848155 0.848155 0.848155
7368.959961 0.000000 1814.432983 0.000000 0.814494 0.000000 0.580173 0.829075 0.829075 0.829075
7368.516113 0.000000 1808.478394 0.000000 0.108393 0.000000 -0.994108 1.067555 1.067555 1.067555
7362.301758 0.000000 1813.939209 0.000000 0.379045 0.000000 -0.925378 1.035451 1.035451 1.035451
7317.309082 0.000000 1873.264648 0.000000 0.481583 0.000000 -0.876401 1.022422 1.022422 1.022422
7296.957520 0.000000 1890.418213 0.000000 0.994013 0.000000 -0.109260 0.912545 0.912545 0.912545
7169.679199 0.000000 1941.238525 0.000000 0.377443 0.000000 -0.926033 1.035649 1.035649 1.035649
7304.049805 0.000000 1963.828125 0.000000 0.813125 0.000000 0.582089 0.828805 0.828805 0.828805
7299.598145 0.000000 1969.790283 0.000000 0.526932 0.000000 0.849908 0.783597 0.783597 0.783597
7307.428223 0.000000 1964.513184 0.000000 0.707687 0.000000 -0.706526 0.989906 0.989906 0.989906
7543.842773 0.000000 2009.302124 0.000000 0.899400 0.000000 0.437126 0.848159 0.848159 0.848159
7605.465332 0.000000 1974.711304 0.000000 0.743087 0.000000 -0.669195 0.984010 0.984010 0.984010
7568.950684 0.000000 1985.147339 0.000000 0.427077 0.000000 0.904215 0.770564 0.770564 0.770564
7734.480957 0.000000 1616.954224 0.000000 0.663441 0.000000 -0.748229 0.996874 0.996874 0.996874
7737.283203 0.000000 1618.042480 0.000000 0.480336 0.000000 -0.877085 1.022585 1.022585 1.022585
7777.006836 0.000000 1714.791626 0.000000 0.706150 0.000000 -0.708062 0.990155 0.990155 0.990155
7778.074219 0.000000 1712.004272 0.000000 0.813927 0.000000 0.580967 0.828963 0.828963 0.828963
7735.159180 0.000000 1755.907593 0.000000 0.901411 0.000000 -0.432965 0.951312 0.951312 0.951312
7733.449707 0.000000 1750.765991 0.000000 0.161858 0.000000 -0.986814 1.061370 1.061370 1.061370
7691.325195 0.000000 1763.351074 0.000000 0.050843 0.000000 0.998707 0.725829 0.725829 0.725829
7691.831543 0.000000 1767.488159 0.000000 0.814465 0.000000 0.580213 0.829069 0.829069 0.829069
7688.801270 0.000000 1760.134277 0.000000 0.742641 0.000000 0.669689 0.815914 0.815914 0.815914
7715.282227 0.000000 1773.510986 0.000000 0.813741 0.000000 -0.581227 0.971074 0.971074 0.971074
7721.256348 0.000000 1771.891357 0.000000 0.873812 0.000000 -0.486264 0.958191 0.958191 0.958191
7721.637695 0.000000 1774.249023 0.000000 0.874086 0.000000 -0.485771 0.958126 0.958126 0.958126
7726.499023 0.000000 1776.138794 0.000000 0.162729 0.000000 0.986671 0.738731 0.738731 0.738731
7719.280273 0.000000 1806.450684 0.000000 0.844774 0.000000 0.535123 0.835295 0.835295 0.835295
7749.359863 0.000000 1797.274170 0.000000 0.102485 0.000000 0.994735 0.731765 0.731765 0.731765
7759.680664 0.000000 1914.889526 0.000000 0.161039 0.000000 -0.986948 1.061466 1.061466 1.061466
7727.023926 0.000000 1947.725464 0.000000 0.960580 0.000000 -0.278003 0.932282 0.932282 0.932282
7779.950684 0.000000 1920.877808 0.000000 0.781889 0.000000 -0.623417 0.977132 0.977132 0.977132
7788.840820 0.000000 1921.695557 0.000000 0.742508 0.000000 0.669837 0.815891 0.815891 0.815891
7763.132324 0.000000 2034.255737 0.000000 0.974999 0.000000 -0.222208 0.925677 0.925677 0.925677
7774.138672 0.000000 2024.455444 0.000000 0.898489 0.000000 0.438996 0.847920 0.847920 0.847920
7758.220215 0.000000 2023.231323 0.000000 0.323477 0.000000 0.946236 0.757747 0.757747 0.757747
7806.457031 0.000000 2046.849854 0.000000 0.985917 0.000000 -0.167234 0.919254 0.919254 0.919254
7809.606934 0.000000 2021.091675 0.000000 0.622609 0.000000 -0.782533 1.002986 1.002986 1.002986
6118.923828 0.000000 2331.846924 0.000000 0.480465 0.000000 0.877014 0.777432 0.777432 0.777432
5924.866699 0.000000 2548.293457 0.000000 0.815062 0.000000 -0.579373 0.970813 0.970813 0.970813
6033.887207 0.000000 2660.203613 0.000000 0.220817 0.000000 -0.975315 1.054486 1.054486 1.054486
6218.729492 0.000000 2556.360107 0.000000 0.998483 0.000000 -0.055055 0.906312 0.906312 0.906312
6227.900391 0.000000 2556.204590 0.000000 0.993290 0.000000 0.115654 0.886717 0.886717 0.886717
6226.732910 0.000000 2563.788330 0.000000 0.985543 0.000000 0.169427 0.880491 0.880491 0.880491
6442.571777 0.000000 2563.526367 0.000000 0.985688 0.000000 -0.168582 0.919411 0.919411 0.919411
6399.493652 0.000000 2686.482910 0.000000 0.480121 0.000000 0.877202 0.777387 0.777387 0.777387
6420.729004 0.000000 2714.460205 0.000000 0.575826 0.000000 -0.817572 1.009685 1.009685 1.009685
6189.256836 0.000000 2842.743164 0.000000 0.531254 0.000000 -0.847213 1.015820 1.015820 1.015820
6331.400879 0.000000 3000.170898 0.000000 0.846312 0.000000 -0.532688 0.964374 0.964374 0.964374
6321.244629 0.000000 2998.802490 0.000000 0.813843 0.000000 -0.581085 0.971054 0.971054 0.971054
6326.679688 0.000000 3009.032227 0.000000 0.999995 0.000000 0.003312 0.899620 0.899620 0.899620
6641.466797 0.000000 2895.889648 0.000000 0.847469 0.000000 -0.530844 0.964125 0.964125 0.964125
6582.096191 0.000000 2967.504395 0.000000 0.664395 0.000000 0.747382 0.803272 0.803272 0.803272
6787.887207 0.000000 2622.175537 0.000000 0.998437 0.000000 0.055888 0.893592 0.893592 0.893592
6856.370605 0.000000 2583.541016 0.000000 0.960828 0.000000 0.277144 0.867820 0.867820 0.867820
6819.866211 0.000000 2643.693115 0.000000 0.814037 0.000000 -0.580812 0.971015 0.971015 0.971015
6832.855957 0.000000 2636.114258 0.000000 0.433115 0.000000 -0.901339 1.028669 1.028669 1.028669
6899.986328 0.000000 2629.752930 0.000000 0.960621 0.000000 -0.277864 0.932265 0.932265 0.932265
6789.326172 0.000000 2696.667236 0.000000 0.102735 0.000000 0.994709 0.731793 0.731793 0.731793
7108.426270 0.000000 2575.216553 0.000000 0.619562 0.000000 0.784948 0.796568 0.796568 0.796568
7104.932617 0.000000 2710.143799 0.000000 0.974267 0.000000 0.225396 0.873948 0.873948 0.873948
6708.521973 0.000000 2859.112549 0.000000 0.813950 0.000000 0.580936 0.828967 0.828967 0.828967
6712.861328 0.000000 2875.933594 0.000000 0.051265 0.000000 -0.998685 1.074123 1.074123 1.074123
6718.265137 0.000000 2870.616455 0.000000 0.049110 0.000000 -0.998793 1.074370 1.074370 1.074370
6709.100098 0.000000 2867.754883 0.000000 0.622311 0.000000 -0.782770 1.003030 1.003030 1.003030
6709.645508 0.000000 2859.271240 0.000000 0.843392 0.000000 0.537298 0.835000 0.835000 0.835000
6719.530273 0.000000 2860.788574 0.000000 0.428530 0.000000 0.903527 0.770749 0.770749 0.770749
6729.448242 0.000000 2869.058105 0.000000 0.050213 0.000000 -0.998739 1.074244 1.074244 1.074244
6717.433105 0.000000 2886.243164 0.000000 0.942379 0.000000 0.334547 0.860910 0.860910 0.860910
6839.480957 0.000000 2934.145508 0.000000 0.923061 0.000000 -0.384654 0.945245 0.945245 0.945245
6673.199707 0.000000 3071.133301 0.000000 0.975547 0.000000 -0.219793 0.925394 0.925394 0.925394
7042.973145 0.000000 2852.376221 0.000000 0.479179 0.000000 0.877717 0.777264 0.777264 0.777264
6960.275391 0.000000 2954.746338 0.000000 0.874126 0.000000 -0.485699 0.958117 0.958117 0.958117
6928.306641 0.000000 3013.479248 0.000000 0.874489 0.000000 -0.485045 0.958031 0.958031 0.958031
6924.499512 0.000000 3025.492432 0.000000 0.873543 0.000000 0.486748 0.841746 0.841746 0.841746
6928.886230 0.000000 3012.182373 0.000000 0.108860 0.000000 -0.994057 1.067501 1.067501 1.067501
7554.031250 0.000000 2060.880371 0.000000 0.814406 0.000000 0.580295 0.829057 0.829057 0.829057
7765.354492 0.000000 2050.198242 0.000000 0.574516 0.000000 0.818494 0.790131 0.790131 0.790131
7236.909668 0.000000 2741.284912 0.000000 0.705865 0.000000 -0.708346 0.990201 0.990201 0.990201
7232.162109 0.000000 2737.787598 0.000000 0.813798 0.000000 -0.581148 0.971063 0.971063 0.971063
7228.777832 0.000000 2753.959473 0.000000 0.378844 0.000000 0.925460 0.764524 0.764524 0.764524
7379.019043 0.000000 2690.565674 0.000000 0.923840 0.000000 -0.382779 0.945012 0.945012 0.945012
7633.058594 0.000000 2583.898682 0.000000 0.102255 0.000000 0.994758 0.731738 0.731738 0.731738
7676.032715 0.000000 2571.187744 0.000000 0.480793 0.000000 0.876834 0.777474 0.777474 0.777474
7438.018066 0.000000 2714.676025 0.000000 0.744246 0.000000 0.667906 0.816189 0.816189 0.816189
7503.237793 0.000000 2741.971924 0.000000 0.847156 0.000000 -0.531344 0.964193 0.964193 0.964193
7225.561035 0.000000 2939.369629 0.000000 0.923045 0.000000 0.384693 0.854751 0.854751 0.854751
7245.506836 0.000000 2933.666992 0.000000 0.781115 0.000000 -0.624387 0.977274 0.977274 0.977274
7685.864746 0.000000 2574.709717 0.000000 0.526877 0.000000 0.849941 0.783589 0.783589 0.783589
7689.443359 0.000000 2569.420654 0.000000 0.271573 0.000000 -0.962418 1.048484 1.048484 1.048484
7759.020020 0.000000 2619.561279 0.000000 0.986000 0.000000 -0.166745 0.919197 0.919197 0.919197
7731.464355 0.000000 2667.403320 0.000000 0.162569 0.000000 0.986697 0.738712 0.738712 0.738712
7761.376465 0.000000 2632.427734 0.000000 0.322856 0.000000 0.946448 0.757671 0.757671 0.757671
7775.993164 0.000000 2645.239014 0.000000 0.479417 0.000000 0.877587 0.777295 0.777295 0.777295
7775.064453 0.000000 2628.361328 0.000000 0.922953 0.000000 -0.384913 0.945277 0.945277 0.945277
7780.975586 0.000000 2649.130859 0.000000 0.975047 0.000000 -0.221998 0.925653 0.925653 0.925653
7780.341797 0.000000 2648.427002 0.000000 0.379297 0.000000 -0.925275 1.035420 1.035420 1.035420
6200.607422 0.000000 3145.870605 0.000000 0.960694 0.000000 -0.277611 0.932235 0.932235 0.932235
6154.855957 0.000000 3371.490967 0.000000 0.998334 0.000000 0.057692 0.893385 0.893385 0.893385
6781.089844 0.000000 3252.828613 0.000000 0.161703 0.000000 -0.986839 1.061388 1.061388 1.061388
6226.421387 0.000000 3584.927734 0.000000 0.899065 0.000000 0.437814 0.848071 0.848071 0.848071
6325.146973 0.000000 3603.575195 0.000000 0.960867 0.000000 0.277011 0.867836 0.867836 0.867836
7260.176758 0.000000 3304.796875 0.000000 0.049738 0.000000 -0.998762 1.074298 1.074298 1.074298
7257.062500 0.000000 3318.126465 0.000000 0.530172 0.000000 -0.847890 1.015966 1.015966 1.015966
7301.684570 0.000000 3355.552979 0.000000 0.743328 0.000000 -0.668927 0.983969 0.983969 0.983969
7299.560059 0.000000 3365.967285 0.000000 0.707139 0.000000 -0.707074 0.989995 0.989995 0.989995
"}
object={
	name="tree_savanna_generator_1_8"
	clamp_to_water_level=no
	render_under_water=no
	generated_content=yes
	layer="tree_layer"
	pdxmesh="tree_baobab_03_mesh"
	count=436
	transform="1532.035278 0.000000 2733.400635 0.000000 0.812972 0.000000 -0.582303 0.755398 0.755398 0.755398
1171.530762 0.000000 2856.745361 0.000000 0.962416 0.000000 0.271581 0.675487 0.675487 0.675487
1169.027466 0.000000 2855.502930 0.000000 0.998484 0.000000 0.055041 0.695092 0.695092 0.695092
1670.068604 0.000000 2672.073486 0.000000 0.704523 0.000000 -0.709681 0.770325 0.770325 0.770325
1757.703003 0.000000 2676.969238 0.000000 0.701936 0.000000 -0.712240 0.770649 0.770649 0.770649
1775.409790 0.000000 2687.197754 0.000000 0.899022 0.000000 -0.437904 0.740398 0.740398 0.740398
1563.152100 0.000000 2745.356445 0.000000 0.812346 0.000000 -0.583176 0.755493 0.755493 0.755493
1676.687500 0.000000 2699.609375 0.000000 0.526966 0.000000 -0.849886 0.790532 0.790532 0.790532
1708.385986 0.000000 2693.523193 0.000000 0.998625 0.000000 0.052415 0.695326 0.695326 0.695326
1822.958374 0.000000 2717.368652 0.000000 0.781282 0.000000 0.624178 0.639921 0.639921 0.639921
1848.291260 0.000000 2714.168701 0.000000 0.871155 0.000000 -0.491008 0.745744 0.745744 0.745744
1853.141602 0.000000 2718.389404 0.000000 0.813329 0.000000 -0.581804 0.755343 0.755343 0.755343
1852.892334 0.000000 2716.802734 0.000000 0.108965 0.000000 0.994046 0.569731 0.569731 0.569731
1821.059814 0.000000 2720.566895 0.000000 0.974719 0.000000 0.223432 0.679917 0.679917 0.679917
1819.257446 0.000000 2723.143066 0.000000 0.746796 0.000000 0.665053 0.635154 0.635154 0.635154
1820.112305 0.000000 2727.249512 0.000000 0.987114 0.000000 0.160019 0.685676 0.685676 0.685676
1825.625000 0.000000 2722.215088 0.000000 0.216415 0.000000 -0.976302 0.820558 0.820558 0.820558
1845.221558 0.000000 2722.790527 0.000000 0.701800 0.000000 -0.712374 0.770666 0.770666 0.770666
1824.252686 0.000000 2730.137939 0.000000 0.984539 0.000000 -0.175168 0.715693 0.715693 0.715693
1855.998413 0.000000 2712.444092 0.000000 0.268558 0.000000 -0.963264 0.815767 0.815767 0.815767
1859.085693 0.000000 2719.704346 0.000000 0.984468 0.000000 -0.175563 0.715729 0.715729 0.715729
1887.994507 0.000000 2744.436279 0.000000 0.993483 0.000000 -0.113983 0.710181 0.710181 0.710181
1888.001099 0.000000 2727.435303 0.000000 0.943601 0.000000 0.331084 0.669924 0.669924 0.669924
1900.660156 0.000000 2731.601562 0.000000 0.975950 0.000000 0.217994 0.680414 0.680414 0.680414
1879.218262 0.000000 2759.159180 0.000000 0.845223 0.000000 -0.534414 0.750251 0.750251 0.750251
1900.200562 0.000000 2751.406738 0.000000 0.777298 0.000000 -0.629133 0.977972 0.977972 0.977972
1936.231689 0.000000 2770.224365 0.000000 0.993915 0.000000 0.110152 0.690163 0.690163 0.690163
1921.613281 0.000000 2754.207275 0.000000 0.974944 0.000000 -0.222448 0.719993 0.719993 0.719993
1931.269287 0.000000 2760.455566 0.000000 0.921947 0.000000 -0.387317 0.735447 0.735447 0.735447
1935.636963 0.000000 2773.013184 0.000000 0.877924 0.000000 0.478801 0.655500 0.655500 0.655500
1930.405151 0.000000 2768.757812 0.000000 0.660425 0.000000 -0.750892 0.775705 0.775705 0.775705
1930.655396 0.000000 2762.572754 0.000000 0.044026 0.000000 -0.999030 0.836075 0.836075 0.836075
1934.899170 0.000000 2766.783691 0.000000 0.619130 0.000000 -0.785289 0.780496 0.780496 0.780496
1937.412109 0.000000 2766.641357 0.000000 0.167096 0.000000 0.985941 0.574963 0.574963 0.574963
1933.043335 0.000000 2770.821777 0.000000 0.780640 0.000000 0.624981 0.639830 0.639830 0.639830
1928.191895 0.000000 2801.007568 0.000000 0.810747 0.000000 -0.585397 0.755737 0.755737 0.755737
1771.935669 0.000000 2866.493164 0.000000 0.169469 0.000000 0.985536 0.575177 0.575177 0.575177
1773.819824 0.000000 2875.739258 0.000000 0.623734 0.000000 0.781637 0.620028 0.620028 0.620028
1773.622925 0.000000 2903.085938 0.000000 0.267806 0.000000 -0.963473 0.815836 0.815836 0.815836
1773.787598 0.000000 2888.535400 0.000000 0.043141 0.000000 -0.999069 0.836154 0.836154 0.836154
1775.750122 0.000000 2907.490967 0.000000 0.619980 0.000000 -0.784617 0.780399 0.780399 0.780399
1780.289673 0.000000 2925.947754 0.000000 0.528388 0.000000 -0.849003 0.790383 0.790383 0.790383
1781.229370 0.000000 2914.743652 0.000000 0.475358 0.000000 -0.879793 0.795849 0.795849 0.795849
1778.229126 0.000000 2923.545898 0.000000 0.660139 0.000000 -0.751144 0.775739 0.775739 0.775739
1781.102173 0.000000 2934.492188 0.000000 0.871838 0.000000 -0.489795 0.745620 0.745620 0.745620
1816.295166 0.000000 2842.137451 0.000000 0.783493 0.000000 0.621401 0.640238 0.640238 0.640238
1821.145508 0.000000 2846.358154 0.000000 0.777420 0.000000 -0.628982 0.760628 0.760628 0.760628
1817.950806 0.000000 2842.411865 0.000000 0.778551 0.000000 -0.627581 0.760467 0.760467 0.760467
1817.882812 0.000000 2845.196045 0.000000 0.529424 0.000000 0.848357 0.609726 0.609726 0.609726
1824.715576 0.000000 2843.830811 0.000000 0.155561 0.000000 -0.987826 0.826079 0.826079 0.826079
1854.451050 0.000000 2830.931641 0.000000 0.057743 0.000000 0.998331 0.565149 0.565149 0.565149
1849.577515 0.000000 2831.835205 0.000000 0.900542 0.000000 0.434768 0.659912 0.659912 0.659912
1833.712036 0.000000 2834.813721 0.000000 0.705123 0.000000 0.709085 0.629750 0.629750 0.629750
1851.262573 0.000000 2847.255859 0.000000 0.216672 0.000000 -0.976245 0.820534 0.820534 0.820534
1839.742310 0.000000 2843.506592 0.000000 0.705077 0.000000 -0.709130 0.770255 0.770255 0.770255
1851.820679 0.000000 2836.789062 0.000000 0.998015 0.000000 -0.062977 0.705617 0.705617 0.705617
1855.058228 0.000000 2835.830811 0.000000 0.616365 0.000000 -0.787460 0.780809 0.780809 0.780809
1847.070068 0.000000 2837.921875 0.000000 0.273034 0.000000 0.962004 0.584648 0.584648 0.584648
1828.695557 0.000000 2843.564453 0.000000 0.871534 0.000000 -0.490336 0.745675 0.745675 0.745675
1832.134644 0.000000 2838.184326 0.000000 0.217986 0.000000 0.975952 0.579586 0.579586 0.579586
1841.135620 0.000000 2841.087646 0.000000 0.998102 0.000000 -0.061585 0.705492 0.705492 0.705492
1827.240723 0.000000 2840.153564 0.000000 0.616508 0.000000 -0.787349 0.780793 0.780793 0.780793
1842.905273 0.000000 2836.765381 0.000000 0.993504 0.000000 -0.113795 0.710164 0.710164 0.710164
1827.007812 0.000000 2844.758545 0.000000 0.878022 0.000000 0.478620 0.655518 0.655518 0.655518
1795.905151 0.000000 2869.396240 0.000000 0.958280 0.000000 -0.285830 0.725835 0.725835 0.725835
1792.601807 0.000000 2879.218994 0.000000 0.986640 0.000000 0.162914 0.685415 0.685415 0.685415
1817.158081 0.000000 2847.370850 0.000000 0.621274 0.000000 -0.783594 0.780252 0.780252 0.780252
1822.864868 0.000000 2856.252197 0.000000 0.329304 0.000000 0.944224 0.589908 0.589908 0.589908
1814.860474 0.000000 2847.324219 0.000000 0.745286 0.000000 0.666745 0.634952 0.634952 0.634952
1827.194336 0.000000 2873.550781 0.000000 0.847049 0.000000 0.531515 0.650054 0.650054 0.650054
1836.370361 0.000000 2853.484131 0.000000 0.426001 0.000000 -0.904723 0.800778 0.800778 0.800778
1834.667114 0.000000 2858.549316 0.000000 0.382718 0.000000 0.923865 0.595003 0.595003 0.595003
1823.790161 0.000000 2863.634766 0.000000 0.812568 0.000000 -0.582867 0.755459 0.755459 0.755459
1841.614014 0.000000 2857.725342 0.000000 0.781052 0.000000 0.624466 0.639889 0.639889 0.639889
1828.677124 0.000000 2848.651123 0.000000 0.429474 0.000000 -0.903079 0.800436 0.800436 0.800436
1838.910889 0.000000 2862.760254 0.000000 0.621617 0.000000 0.783321 0.619787 0.619787 0.619787
1841.765503 0.000000 2871.828369 0.000000 0.746752 0.000000 0.665103 0.635149 0.635149 0.635149
1826.882690 0.000000 2862.255615 0.000000 0.384523 0.000000 0.923115 0.595177 0.595177 0.595177
1838.699219 0.000000 2872.025146 0.000000 0.572857 0.000000 -0.819655 0.785634 0.785634 0.785634
1856.593994 0.000000 2847.226807 0.000000 0.660178 0.000000 -0.751109 0.775735 0.775735 0.775735
1881.288452 0.000000 2846.416260 0.000000 0.665053 0.000000 0.746796 0.624846 0.624846 0.624846
1861.105713 0.000000 2842.096191 0.000000 0.275244 0.000000 0.961374 0.584852 0.584852 0.584852
1867.399048 0.000000 2862.674072 0.000000 0.103100 0.000000 -0.994671 0.830795 0.830795 0.830795
1886.447144 0.000000 2862.923828 0.000000 0.944122 0.000000 0.329596 0.670065 0.670065 0.670065
1862.323486 0.000000 2867.680664 0.000000 0.533361 0.000000 0.845888 0.610140 0.610140 0.610140
1884.104492 0.000000 2855.218262 0.000000 0.993102 0.000000 -0.117255 0.710475 0.710475 0.710475
1892.158203 0.000000 2877.017090 0.000000 0.902714 0.000000 0.430241 0.660360 0.660360 0.660360
1891.014160 0.000000 2851.512695 0.000000 0.872480 0.000000 -0.488650 0.745503 0.745503 0.745503
1892.467651 0.000000 2867.638428 0.000000 0.524927 0.000000 -0.851147 0.790746 0.790746 0.790746
1892.998047 0.000000 2857.664551 0.000000 0.704409 0.000000 0.709794 0.629661 0.629661 0.629661
1792.131348 0.000000 2892.780762 0.000000 0.986641 0.000000 0.162909 0.685415 0.685415 0.685415
1795.511475 0.000000 2890.015137 0.000000 0.900545 0.000000 -0.434763 0.740087 0.740087 0.740087
1795.864014 0.000000 2895.390381 0.000000 0.776825 0.000000 -0.629716 0.760712 0.760712 0.760712
1829.192749 0.000000 2893.919189 0.000000 0.898653 0.000000 -0.438661 0.740473 0.740473 0.740473
1837.615112 0.000000 2903.085938 0.000000 0.472937 0.000000 -0.881096 0.796094 0.796094 0.796094
1833.618896 0.000000 2895.006348 0.000000 0.985360 0.000000 -0.170486 0.715269 0.715269 0.715269
1839.588623 0.000000 2879.330078 0.000000 0.973841 0.000000 -0.227232 0.720431 0.720431 0.720431
1857.621094 0.000000 2882.176025 0.000000 0.782733 0.000000 0.622358 0.640129 0.640129 0.640129
1870.579224 0.000000 2886.109131 0.000000 0.922178 0.000000 -0.386766 0.735394 0.735394 0.735394
1874.048218 0.000000 2895.889648 0.000000 0.993569 0.000000 -0.113232 0.710114 0.710114 0.710114
1874.251587 0.000000 2882.996094 0.000000 0.961258 0.000000 0.275650 0.675110 0.675110 0.675110
1879.195312 0.000000 2992.618164 0.000000 0.659244 0.000000 -0.751929 0.775845 0.775845 0.775845
1878.725830 0.000000 2990.254639 0.000000 0.921644 0.000000 -0.388036 0.735517 0.735517 0.735517
1877.030518 0.000000 2992.053223 0.000000 0.163487 0.000000 0.986546 0.574637 0.574637 0.574637
1910.721924 0.000000 2990.254639 0.000000 0.169295 0.000000 0.985565 0.575162 0.575162 0.575162
1901.589600 0.000000 2989.759521 0.000000 0.481929 0.000000 0.876210 0.604818 0.604818 0.604818
1902.776611 0.000000 2987.912109 0.000000 0.700896 0.000000 -0.713264 0.770779 0.770779 0.770779
1854.858521 0.000000 3030.577393 0.000000 0.973571 0.000000 -0.228384 0.720536 0.720536 0.720536
1918.946655 0.000000 3037.290527 0.000000 0.573416 0.000000 -0.819264 0.785573 0.785573 0.785573
1920.707520 0.000000 3029.145264 0.000000 0.166530 0.000000 0.986036 0.574912 0.574912 0.574912
1913.425537 0.000000 3073.637695 0.000000 0.998278 0.000000 -0.058656 0.705231 0.705231 0.705231
1936.216919 0.000000 3072.728271 0.000000 0.975048 0.000000 0.221993 0.680048 0.680048 0.680048
6132.956055 0.000000 1621.450073 0.000000 0.425616 0.000000 -0.904904 1.029621 1.029621 1.029621
7061.126953 0.000000 654.271912 0.000000 0.898986 0.000000 -0.437977 0.951950 0.951950 0.951950
7294.194824 0.000000 375.225922 0.000000 0.747290 0.000000 0.664498 0.816712 0.816712 0.816712
7307.163086 0.000000 386.426178 0.000000 0.742516 0.000000 -0.669829 0.984108 0.984108 0.984108
7483.421387 0.000000 391.819855 0.000000 0.993756 0.000000 0.111579 0.887187 0.887187 0.887187
7482.084473 0.000000 395.681030 0.000000 0.165595 0.000000 0.986194 0.739064 0.739064 0.739064
7513.060547 0.000000 401.393066 0.000000 0.921054 0.000000 -0.389436 0.945839 0.945839 0.945839
7490.160156 0.000000 393.909668 0.000000 0.701275 0.000000 -0.712891 0.990941 0.990941 0.990941
7559.925781 0.000000 481.503296 0.000000 0.984581 0.000000 -0.174927 0.920149 0.920149 0.920149
7551.091309 0.000000 496.212891 0.000000 0.780176 0.000000 0.625560 0.822553 0.822553 0.822553
7385.911621 0.000000 568.392761 0.000000 0.373756 0.000000 -0.927527 1.036105 1.036105 1.036105
7390.532227 0.000000 565.825073 0.000000 0.662377 0.000000 -0.749171 0.997037 0.997037 0.997037
7391.100586 0.000000 564.466919 0.000000 0.569255 0.000000 -0.822161 1.010603 1.010603 1.010603
7230.674805 0.000000 730.024231 0.000000 0.665326 0.000000 0.746553 0.803415 0.803415 0.803415
7237.174805 0.000000 733.615356 0.000000 0.662452 0.000000 -0.749104 0.997026 0.997026 0.997026
7236.803223 0.000000 732.700867 0.000000 0.985044 0.000000 -0.172301 0.919843 0.919843 0.919843
7642.490234 0.000000 603.859375 0.000000 0.374488 0.000000 -0.927232 1.036015 1.036015 1.036015
7638.651367 0.000000 603.297363 0.000000 0.845920 0.000000 -0.533309 0.964459 0.964459 0.964459
7635.830078 0.000000 599.851013 0.000000 0.812832 0.000000 -0.582499 0.971253 0.971253 0.971253
7647.153320 0.000000 606.059021 0.000000 0.943081 0.000000 -0.332564 0.938849 0.938849 0.938849
7652.991211 0.000000 601.630798 0.000000 0.277715 0.000000 0.960664 0.752248 0.752248 0.752248
7656.902344 0.000000 602.414856 0.000000 0.999995 0.000000 -0.003266 0.900374 0.900374 0.900374
7628.249512 0.000000 634.812561 0.000000 0.873596 0.000000 -0.486653 0.958242 0.958242 0.958242
7623.427734 0.000000 630.723511 0.000000 0.959879 0.000000 -0.280416 0.932570 0.932570 0.932570
7632.379395 0.000000 636.238525 0.000000 0.845258 0.000000 -0.534358 0.964601 0.964601 0.964601
7628.904785 0.000000 628.250366 0.000000 0.998763 0.000000 0.049724 0.894300 0.894300 0.894300
7504.922852 0.000000 810.225403 0.000000 0.325857 0.000000 0.945419 0.758035 0.758035 0.758035
7637.270020 0.000000 881.506836 0.000000 0.998827 0.000000 0.048431 0.894448 0.894448 0.894448
7647.519531 0.000000 887.264160 0.000000 0.105801 0.000000 0.994387 0.732147 0.732147 0.732147
7652.519531 0.000000 867.758911 0.000000 0.973733 0.000000 -0.227692 0.926322 0.926322 0.926322
7695.809082 0.000000 844.463806 0.000000 0.993432 0.000000 -0.114428 0.913141 0.913141 0.913141
7691.623535 0.000000 842.275269 0.000000 0.163499 0.000000 0.986544 0.738820 0.738820 0.738820
7131.038086 0.000000 1097.547974 0.000000 0.264932 0.000000 -0.964267 1.049274 1.049274 1.049274
7144.450195 0.000000 1102.530518 0.000000 0.703132 0.000000 -0.711060 0.990642 0.990642 0.990642
6822.260254 0.000000 1511.749512 0.000000 0.107036 0.000000 0.994255 0.732289 0.732289 0.732289
6820.396973 0.000000 1513.992676 0.000000 0.872767 0.000000 -0.488137 0.958436 0.958436 0.958436
6615.170898 0.000000 1656.953247 0.000000 0.577001 0.000000 0.816743 0.790480 0.790480 0.790480
6620.233887 0.000000 1652.425537 0.000000 0.666708 0.000000 0.745319 0.803627 0.803627 0.803627
6614.776367 0.000000 1659.039551 0.000000 0.222173 0.000000 0.975007 0.745673 0.745673 0.745673
6651.026855 0.000000 1642.742188 0.000000 0.809748 0.000000 -0.586778 0.971857 0.971857 0.971857
6625.128906 0.000000 1656.935181 0.000000 0.707111 0.000000 0.707102 0.810001 0.810001 0.810001
6511.601562 0.000000 1680.571899 0.000000 0.103096 0.000000 -0.994671 1.068165 1.068165 1.068165
6515.488770 0.000000 1680.490356 0.000000 0.526704 0.000000 -0.850049 1.016434 1.016434 1.016434
6555.352051 0.000000 1712.834106 0.000000 0.570311 0.000000 -0.821429 1.010456 1.010456 1.010456
6552.519531 0.000000 1705.304199 0.000000 0.221058 0.000000 0.975261 0.745542 0.745542 0.745542
6556.278809 0.000000 1702.912720 0.000000 0.322194 0.000000 -0.946674 1.042409 1.042409 1.042409
6563.282227 0.000000 1711.679321 0.000000 0.739716 0.000000 -0.672920 0.984586 0.984586 0.984586
6618.084961 0.000000 1665.911743 0.000000 0.264868 0.000000 -0.964285 1.049282 1.049282 1.049282
6622.188965 0.000000 1695.827148 0.000000 0.872899 0.000000 -0.487901 0.958405 0.958405 0.958405
6366.822754 0.000000 1806.430420 0.000000 0.625065 0.000000 0.780573 0.797374 0.797374 0.797374
6441.227539 0.000000 1819.941162 0.000000 0.665585 0.000000 0.746322 0.803455 0.803455 0.803455
6440.279297 0.000000 1819.955566 0.000000 0.381243 0.000000 0.924475 0.764821 0.764821 0.764821
6588.563965 0.000000 1886.592529 0.000000 0.047043 0.000000 -0.998893 1.074607 1.074607 1.074607
6696.813965 0.000000 1585.851807 0.000000 0.993765 0.000000 -0.111499 0.912803 0.912803 0.912803
6693.793457 0.000000 1598.234985 0.000000 0.984454 0.000000 -0.175642 0.920232 0.920232 0.920232
6698.500000 0.000000 1605.796387 0.000000 0.899055 0.000000 -0.437836 0.951932 0.951932 0.951932
6700.697266 0.000000 1609.758667 0.000000 0.943625 0.000000 -0.331016 0.938661 0.938661 0.938661
6684.116211 0.000000 1642.397949 0.000000 0.997968 0.000000 -0.063716 0.907306 0.907306 0.907306
6655.468750 0.000000 1660.830444 0.000000 0.268517 0.000000 -0.963275 1.048848 1.048848 1.048848
6678.506348 0.000000 1647.487061 0.000000 0.217729 0.000000 -0.976009 1.054849 1.054849 1.054849
6853.441895 0.000000 1682.154785 0.000000 0.993516 0.000000 -0.113689 0.913056 0.913056 0.913056
6857.176758 0.000000 1691.972412 0.000000 0.573031 0.000000 -0.819534 1.010076 1.010076 1.010076
6895.578125 0.000000 1784.280396 0.000000 0.818175 0.000000 0.574969 0.829805 0.829805 0.829805
6943.230957 0.000000 1646.454102 0.000000 0.279106 0.000000 0.960260 0.752414 0.752414 0.752414
6955.144531 0.000000 1658.135742 0.000000 0.477325 0.000000 -0.878727 1.022978 1.022978 1.022978
6945.162598 0.000000 1660.433594 0.000000 0.998690 0.000000 0.051173 0.894133 0.894133 0.894133
6918.351074 0.000000 1689.446655 0.000000 0.572307 0.000000 -0.820040 1.010177 1.010177 1.010177
6925.394043 0.000000 1680.374512 0.000000 0.842262 0.000000 -0.539069 0.965241 0.965241 0.965241
6943.102051 0.000000 1668.658936 0.000000 0.477087 0.000000 -0.878856 1.023009 1.023009 1.023009
6924.559082 0.000000 1684.948120 0.000000 0.621026 0.000000 -0.783790 1.003218 1.003218 1.003218
6928.220703 0.000000 1686.793823 0.000000 0.872585 0.000000 -0.488462 0.958479 0.958479 0.958479
6936.540527 0.000000 1678.834229 0.000000 0.267962 0.000000 -0.963429 1.048914 1.048914 1.048914
6925.166992 0.000000 1691.024292 0.000000 0.993652 0.000000 -0.112499 0.912919 0.912919 0.912919
6950.236328 0.000000 1683.114502 0.000000 0.744937 0.000000 0.667135 0.816307 0.816307 0.816307
6931.982422 0.000000 1701.979614 0.000000 0.707605 0.000000 0.706608 0.810081 0.810081 0.810081
6919.198730 0.000000 1697.964111 0.000000 0.926327 0.000000 0.376721 0.855738 0.855738 0.855738
6924.946289 0.000000 1697.750244 0.000000 0.156121 0.000000 -0.987738 1.062036 1.062036 1.062036
6767.298828 0.000000 1862.821411 0.000000 0.842973 0.000000 -0.537955 0.965089 0.965089 0.965089
6820.957031 0.000000 1822.854492 0.000000 0.873609 0.000000 -0.486629 0.958238 0.958238 0.958238
6896.890137 0.000000 1796.479370 0.000000 0.528570 0.000000 -0.848890 1.016182 1.016182 1.016182
7163.406738 0.000000 1943.441895 0.000000 0.533413 0.000000 0.845855 0.784473 0.784473 0.784473
7446.923340 0.000000 1533.320068 0.000000 0.745287 0.000000 0.666744 0.816367 0.816367 0.816367
7437.128906 0.000000 1532.067505 0.000000 0.529433 0.000000 0.848352 0.783934 0.783934 0.783934
7434.163574 0.000000 1531.768555 0.000000 0.994297 0.000000 0.106650 0.887756 0.887756 0.887756
7382.181152 0.000000 1567.636597 0.000000 0.871572 0.000000 -0.490268 0.958716 0.958716 0.958716
7413.625977 0.000000 1627.422974 0.000000 0.616660 0.000000 -0.787230 1.003855 1.003855 1.003855
7411.795898 0.000000 1636.742310 0.000000 0.474597 0.000000 -0.880203 1.023334 1.023334 1.023334
7309.499023 0.000000 1781.948242 0.000000 0.531063 0.000000 0.847332 0.784155 0.784155 0.784155
7309.120117 0.000000 1787.000854 0.000000 0.620025 0.000000 -0.784582 1.003364 1.003364 1.003364
7530.218750 0.000000 1567.088135 0.000000 0.431647 0.000000 0.902043 0.771144 0.771144 0.771144
7520.930176 0.000000 1570.496338 0.000000 0.776338 0.000000 -0.630317 0.978147 0.978147 0.978147
7534.247559 0.000000 1575.340698 0.000000 0.875857 0.000000 0.482571 0.842293 0.842293 0.842293
7523.532715 0.000000 1574.404785 0.000000 0.985492 0.000000 -0.169722 0.919543 0.919543 0.919543
7558.162109 0.000000 1555.145752 0.000000 0.484986 0.000000 0.874522 0.778023 0.778023 0.778023
7554.152344 0.000000 1545.628418 0.000000 0.569256 0.000000 -0.822160 1.010603 1.010603 1.010603
7555.680176 0.000000 1545.283936 0.000000 0.321781 0.000000 -0.946814 1.042459 1.042459 1.042459
7532.561035 0.000000 1753.460815 0.000000 0.427912 0.000000 -0.903820 1.029330 1.029330 1.029330
7534.456543 0.000000 1746.545166 0.000000 0.624839 0.000000 0.780754 0.797341 0.797341 0.797341
7284.148926 0.000000 1809.608765 0.000000 0.986588 0.000000 0.163233 0.881211 0.881211 0.881211
7220.389160 0.000000 1887.683960 0.000000 0.974470 0.000000 -0.224516 0.925949 0.925949 0.925949
7227.817871 0.000000 1891.010742 0.000000 0.101651 0.000000 -0.994820 1.068331 1.068331 1.068331
7227.207031 0.000000 1916.453125 0.000000 0.848302 0.000000 0.529512 0.836055 0.836055 0.836055
7293.436035 0.000000 1883.326904 0.000000 0.898629 0.000000 -0.438710 0.952043 0.952043 0.952043
7289.090332 0.000000 1893.891479 0.000000 0.993731 0.000000 -0.111796 0.912838 0.912838 0.912838
7336.203125 0.000000 1819.062866 0.000000 0.525841 0.000000 -0.850583 1.016550 1.016550 1.016550
7347.610352 0.000000 1838.213257 0.000000 0.872820 0.000000 -0.488042 0.958424 0.958424 0.958424
7340.943359 0.000000 1847.343750 0.000000 0.384979 0.000000 0.922925 0.765285 0.765285 0.765285
7333.454102 0.000000 1827.703369 0.000000 0.383251 0.000000 0.923644 0.765070 0.765070 0.765070
7348.760742 0.000000 1839.056763 0.000000 0.155520 0.000000 -0.987833 1.062106 1.062106 1.062106
7331.655762 0.000000 1849.179688 0.000000 0.813309 0.000000 -0.581832 0.971159 0.971159 0.971159
7337.486328 0.000000 1833.600342 0.000000 0.524858 0.000000 -0.851190 1.016683 1.016683 1.016683
7334.497070 0.000000 1827.293457 0.000000 0.702789 0.000000 -0.711398 0.990698 0.990698 0.990698
7328.217285 0.000000 1825.606934 0.000000 0.045068 0.000000 -0.998984 1.074834 1.074834 1.074834
7332.558594 0.000000 1827.524536 0.000000 0.993381 0.000000 -0.114867 0.913192 0.913192 0.913192
7344.239746 0.000000 1847.704224 0.000000 0.277676 0.000000 0.960675 0.752243 0.752243 0.752243
7369.741211 0.000000 1808.992065 0.000000 0.999990 0.000000 -0.004455 0.900510 0.900510 0.900510
7367.323242 0.000000 1804.913940 0.000000 0.816297 0.000000 0.577632 0.829432 0.829432 0.829432
7363.552246 0.000000 1798.350098 0.000000 0.659671 0.000000 -0.751554 0.997450 0.997450 0.997450
7324.698730 0.000000 1868.767578 0.000000 0.958427 0.000000 -0.285338 0.933158 0.933158 0.933158
7303.466797 0.000000 1878.418823 0.000000 0.665695 0.000000 0.746224 0.803471 0.803471 0.803471
7316.145020 0.000000 1873.593140 0.000000 0.572356 0.000000 -0.820005 1.010171 1.010171 1.010171
7167.127930 0.000000 1940.130981 0.000000 0.429103 0.000000 0.903256 0.770821 0.770821 0.770821
7230.559082 0.000000 1925.423218 0.000000 0.943021 0.000000 -0.332734 0.938870 0.938870 0.938870
7238.656250 0.000000 1924.793091 0.000000 0.746205 0.000000 0.665716 0.816525 0.816525 0.816525
7303.331055 0.000000 1966.411621 0.000000 0.274898 0.000000 0.961474 0.751912 0.751912 0.751912
7304.689941 0.000000 1962.623657 0.000000 0.106367 0.000000 0.994327 0.732212 0.732212 0.732212
7312.629883 0.000000 1965.162964 0.000000 0.778655 0.000000 -0.627452 0.977725 0.977725 0.977725
7299.849609 0.000000 1972.876465 0.000000 0.325971 0.000000 -0.945380 1.041951 1.041951 1.041951
7311.988770 0.000000 1962.078979 0.000000 0.993134 0.000000 -0.116982 0.913436 0.913436 0.913436
7306.588379 0.000000 1965.950317 0.000000 0.944675 0.000000 0.328008 0.861704 0.861704 0.861704
7333.259766 0.000000 1960.847046 0.000000 0.211451 0.000000 -0.977389 1.055585 1.055585 1.055585
7331.827148 0.000000 1962.955688 0.000000 0.328938 0.000000 0.944352 0.758409 0.758409 0.758409
7560.140625 0.000000 1993.137573 0.000000 0.667307 0.000000 0.744783 0.803719 0.803719 0.803719
7563.671387 0.000000 1989.695190 0.000000 0.744989 0.000000 0.667076 0.816316 0.816316 0.816316
7569.699707 0.000000 1988.367676 0.000000 0.428939 0.000000 0.903333 0.770800 0.770800 0.770800
7603.900391 0.000000 1989.909302 0.000000 0.526293 0.000000 -0.850303 1.016489 1.016489 1.016489
7662.235352 0.000000 2033.544556 0.000000 0.921089 0.000000 -0.389352 0.945828 0.945828 0.945828
7713.327637 0.000000 1565.889404 0.000000 0.846046 0.000000 -0.533110 0.964432 0.964432 0.964432
7713.068848 0.000000 1564.457031 0.000000 0.999984 0.000000 -0.005628 0.900645 0.900645 0.900645
7730.541504 0.000000 1617.072632 0.000000 0.279409 0.000000 0.960172 0.752450 0.752450 0.752450
7732.975098 0.000000 1620.059570 0.000000 0.818776 0.000000 0.574113 0.829925 0.829925 0.829925
7743.507812 0.000000 1623.084473 0.000000 0.975910 0.000000 0.218174 0.874796 0.874796 0.874796
7747.496094 0.000000 1614.695190 0.000000 0.321908 0.000000 -0.946771 1.042443 1.042443 1.042443
7715.756836 0.000000 1715.919678 0.000000 0.622024 0.000000 0.782998 0.796928 0.796928 0.796928
7714.791992 0.000000 1715.339478 0.000000 0.215944 0.000000 -0.976406 1.055058 1.055058 1.055058
7712.103516 0.000000 1714.037720 0.000000 0.810012 0.000000 -0.586413 0.971806 0.971806 0.971806
7776.650391 0.000000 1708.613770 0.000000 0.660563 0.000000 -0.750771 0.997314 0.997314 0.997314
7784.465332 0.000000 1712.501831 0.000000 0.278534 0.000000 0.960426 0.752346 0.752346 0.752346
7713.327637 0.000000 1757.842529 0.000000 0.219920 0.000000 0.975518 0.745409 0.745409 0.745409
7719.101074 0.000000 1729.956299 0.000000 0.372620 0.000000 -0.927984 1.036245 1.036245 1.036245
7710.056152 0.000000 1759.811523 0.000000 0.777107 0.000000 -0.629369 0.978007 0.978007 0.978007
7689.701660 0.000000 1760.668701 0.000000 0.973431 0.000000 -0.228979 0.926474 0.926474 0.926474
7714.011719 0.000000 1772.950806 0.000000 0.578912 0.000000 0.815390 0.790748 0.790748 0.790748
7727.453125 0.000000 1776.548462 0.000000 0.624495 0.000000 0.781029 0.797290 0.797290 0.797290
7751.662109 0.000000 1756.763794 0.000000 0.620663 0.000000 0.784078 0.796729 0.796729 0.796729
7750.395996 0.000000 1757.056885 0.000000 0.974948 0.000000 0.222432 0.874296 0.874296 0.874296
7752.689453 0.000000 1790.754639 0.000000 0.103551 0.000000 -0.994624 1.068113 1.068113 1.068113
7799.427734 0.000000 1778.969604 0.000000 0.779086 0.000000 -0.626918 0.977646 0.977646 0.977646
7732.375977 0.000000 1814.765625 0.000000 0.370731 0.000000 -0.928740 1.036479 1.036479 1.036479
7729.998047 0.000000 1822.885498 0.000000 0.985305 0.000000 -0.170807 0.919669 0.919669 0.919669
7715.500000 0.000000 1806.648315 0.000000 0.744524 0.000000 0.667596 0.816236 0.816236 0.816236
7728.746582 0.000000 1804.317383 0.000000 1.000000 0.000000 -0.000850 0.900097 0.900097 0.900097
7773.002441 0.000000 1811.616211 0.000000 0.384237 0.000000 0.923235 0.765193 0.765193 0.765193
7746.980469 0.000000 1792.680786 0.000000 0.900304 0.000000 0.435261 0.848396 0.848396 0.848396
7768.858887 0.000000 1813.247192 0.000000 0.998726 0.000000 0.050469 0.894214 0.894214 0.894214
7743.280273 0.000000 1912.639282 0.000000 0.163388 0.000000 0.986562 0.738807 0.738807 0.738807
7745.440918 0.000000 1911.422485 0.000000 0.373814 0.000000 -0.927504 1.036098 1.036098 1.036098
7748.597656 0.000000 1910.759033 0.000000 0.529824 0.000000 0.848108 0.783987 0.783987 0.783987
7759.750977 0.000000 1908.782959 0.000000 0.158061 0.000000 -0.987429 1.061811 1.061811 1.061811
7732.502930 0.000000 1954.978027 0.000000 0.529734 0.000000 0.848164 0.783975 0.783975 0.783975
7737.354980 0.000000 1954.989624 0.000000 0.870513 0.000000 -0.492145 0.958963 0.958963 0.958963
7749.017090 0.000000 1922.174194 0.000000 0.581911 0.000000 0.813253 0.791170 0.791170 0.791170
7702.507812 0.000000 2023.338745 0.000000 0.702592 0.000000 -0.711593 0.990729 0.990729 0.990729
7705.952148 0.000000 2017.825806 0.000000 0.921923 0.000000 -0.387374 0.945582 0.945582 0.945582
7713.662598 0.000000 2016.830200 0.000000 0.700732 0.000000 -0.713425 0.991028 0.991028 0.991028
7805.700684 0.000000 2034.366943 0.000000 0.429144 0.000000 0.903236 0.770827 0.770827 0.770827
7810.240234 0.000000 2032.832642 0.000000 0.900081 0.000000 -0.435722 0.951662 0.951662 0.951662
5927.401367 0.000000 2546.909424 0.000000 0.777415 0.000000 -0.628989 0.977951 0.977951 0.977951
5928.109863 0.000000 2557.722656 0.000000 0.662596 0.000000 -0.748977 0.997004 0.997004 0.997004
5907.023438 0.000000 2573.344482 0.000000 0.623579 0.000000 0.781761 0.797156 0.797156 0.797156
5929.475586 0.000000 2565.889648 0.000000 0.433819 0.000000 0.901000 0.771420 0.771420 0.771420
5973.829590 0.000000 2628.345947 0.000000 0.900013 0.000000 -0.435863 0.951680 0.951680 0.951680
5983.054688 0.000000 2634.733154 0.000000 0.477948 0.000000 -0.878388 1.022897 1.022897 1.022897
6043.733887 0.000000 2660.453613 0.000000 0.660877 0.000000 -0.750494 0.997266 0.997266 0.997266
6034.200684 0.000000 2665.707275 0.000000 0.620745 0.000000 -0.784012 1.003259 1.003259 1.003259
6033.496582 0.000000 2661.745605 0.000000 0.985588 0.000000 -0.169166 0.919479 0.919479 0.919479
6031.775391 0.000000 2660.750244 0.000000 0.167122 0.000000 0.985936 0.739241 0.739241 0.739241
6123.847168 0.000000 2629.538818 0.000000 0.618258 0.000000 -0.785975 1.003622 1.003622 1.003622
6014.646484 0.000000 2945.830811 0.000000 0.273833 0.000000 0.961777 0.751785 0.751785 0.751785
6770.892578 0.000000 2557.943848 0.000000 0.217835 0.000000 0.975986 0.745164 0.745164 0.745164
6798.351562 0.000000 2557.389404 0.000000 0.943154 0.000000 0.332356 0.861176 0.861176 0.861176
6203.293945 0.000000 2618.346924 0.000000 0.873629 0.000000 -0.486593 0.958234 0.958234 0.958234
6198.827148 0.000000 2618.805176 0.000000 0.708681 0.000000 0.705529 0.810255 0.810255 0.810255
6202.348633 0.000000 2618.319092 0.000000 0.959143 0.000000 -0.282922 0.932869 0.932869 0.932869
6223.708496 0.000000 2578.271240 0.000000 0.623631 0.000000 0.781718 0.797164 0.797164 0.797164
6230.664551 0.000000 2576.719727 0.000000 0.570237 0.000000 -0.821480 1.010466 1.010466 1.010466
6218.134766 0.000000 2572.729248 0.000000 0.998295 0.000000 -0.058370 0.906693 0.906693 0.906693
6223.133301 0.000000 2562.180176 0.000000 0.371574 0.000000 -0.928403 1.036375 1.036375 1.036375
6222.616699 0.000000 2578.342041 0.000000 0.579080 0.000000 0.815271 0.790772 0.790772 0.790772
6249.173340 0.000000 2578.876221 0.000000 0.279553 0.000000 0.960130 0.752467 0.752467 0.752467
6246.478516 0.000000 2573.739990 0.000000 0.156081 0.000000 -0.987744 1.062041 1.062041 1.062041
6143.600586 0.000000 2636.843262 0.000000 0.580213 0.000000 0.814465 0.790931 0.790931 0.790931
6448.533203 0.000000 2575.646973 0.000000 0.110028 0.000000 0.993928 0.732634 0.732634 0.732634
6189.281250 0.000000 2843.747070 0.000000 0.897990 0.000000 -0.440017 0.952210 0.952210 0.952210
6182.048340 0.000000 2830.647217 0.000000 0.105304 0.000000 0.994440 0.732089 0.732089 0.732089
6195.418457 0.000000 2846.944580 0.000000 0.705569 0.000000 0.708641 0.809751 0.809751 0.809751
6327.607422 0.000000 2994.672852 0.000000 0.429277 0.000000 -0.903173 1.029157 1.029157 1.029157
6322.349609 0.000000 3005.093994 0.000000 0.426870 0.000000 -0.904313 1.029462 1.029462 1.029462
6622.534180 0.000000 2891.481445 0.000000 0.668232 0.000000 0.743953 0.803861 0.803861 0.803861
6627.680176 0.000000 2897.563721 0.000000 0.484434 0.000000 0.874828 0.777951 0.777951 0.777951
6630.784668 0.000000 2906.620361 0.000000 0.665184 0.000000 0.746679 0.803393 0.803393 0.803393
6819.280762 0.000000 2586.674072 0.000000 0.325075 0.000000 0.945688 0.757940 0.757940 0.757940
6819.908203 0.000000 2580.728027 0.000000 0.267438 0.000000 -0.963575 1.048976 1.048976 1.048976
6786.849609 0.000000 2622.757080 0.000000 0.532969 0.000000 0.846134 0.784413 0.784413 0.784413
6814.953125 0.000000 2602.740967 0.000000 0.924011 0.000000 0.382367 0.855039 0.855039 0.855039
6823.541504 0.000000 2595.613770 0.000000 0.524754 0.000000 -0.851254 1.016697 1.016697 1.016697
6847.471680 0.000000 2578.433105 0.000000 0.925644 0.000000 0.378396 0.855531 0.855531 0.855531
6847.242676 0.000000 2574.227539 0.000000 0.811141 0.000000 -0.584851 0.971585 0.971585 0.971585
6849.717773 0.000000 2586.535400 0.000000 0.529209 0.000000 0.848491 0.783904 0.783904 0.783904
6848.796875 0.000000 2587.122070 0.000000 0.702867 0.000000 -0.711321 0.990685 0.990685 0.990685
6891.926270 0.000000 2620.796387 0.000000 0.481452 0.000000 0.876473 0.777561 0.777561 0.777561
6792.363770 0.000000 2630.185303 0.000000 0.042029 0.000000 -0.999116 1.075182 1.075182 1.075182
6792.493164 0.000000 2638.155518 0.000000 0.944404 0.000000 0.328789 0.861609 0.861609 0.861609
6802.220703 0.000000 2636.500488 0.000000 0.108409 0.000000 0.994106 0.732447 0.732447 0.732447
6825.373535 0.000000 2632.153320 0.000000 0.043838 0.000000 -0.999039 1.074975 1.074975 1.074975
6823.389648 0.000000 2636.710693 0.000000 0.474403 0.000000 -0.880308 1.023359 1.023359 1.023359
6820.965332 0.000000 2628.284912 0.000000 0.669222 0.000000 0.743063 0.804014 0.804014 0.804014
6878.445312 0.000000 2643.877686 0.000000 0.054612 0.000000 0.998508 0.726261 0.726261 0.726261
6782.679199 0.000000 2688.544922 0.000000 0.577539 0.000000 0.816363 0.790555 0.790555 0.790555
6791.473633 0.000000 2687.390625 0.000000 0.902841 0.000000 0.429975 0.849068 0.849068 0.849068
6791.722168 0.000000 2692.701660 0.000000 0.876157 0.000000 0.482026 0.842364 0.842364 0.842364
7100.403809 0.000000 2583.385498 0.000000 0.875192 0.000000 0.483776 0.842135 0.842135 0.842135
7100.175293 0.000000 2580.198975 0.000000 0.898358 0.000000 -0.439264 0.952114 0.952114 0.952114
7107.734863 0.000000 2569.033936 0.000000 0.668622 0.000000 0.743602 0.803922 0.803922 0.803922
7060.021484 0.000000 2665.218994 0.000000 0.780156 0.000000 0.625584 0.822550 0.822550 0.822550
6969.376953 0.000000 2801.753418 0.000000 0.812785 0.000000 -0.582564 0.971262 0.971262 0.971262
7102.574707 0.000000 2725.228027 0.000000 0.434537 0.000000 0.900654 0.771512 0.771512 0.771512
7104.566406 0.000000 2714.077881 0.000000 0.371608 0.000000 -0.928390 1.036370 1.036370 1.036370
7114.557129 0.000000 2711.842773 0.000000 0.748992 0.000000 0.662579 0.817006 0.817006 0.817006
7109.319336 0.000000 2720.937988 0.000000 0.101592 0.000000 -0.994826 1.068338 1.068338 1.068338
6709.313477 0.000000 2866.369385 0.000000 0.902629 0.000000 0.430420 0.849011 0.849011 0.849011
6717.176758 0.000000 2857.716309 0.000000 0.993641 0.000000 0.112593 0.887070 0.887070 0.887070
6719.632812 0.000000 2870.779785 0.000000 0.668590 0.000000 0.743631 0.803917 0.803917 0.803917
6712.500000 0.000000 2889.015137 0.000000 0.960027 0.000000 -0.279908 0.932509 0.932509 0.932509
6716.264160 0.000000 2887.924805 0.000000 0.669710 0.000000 0.742623 0.804089 0.804089 0.804089
6712.544922 0.000000 2889.933105 0.000000 0.746970 0.000000 0.664857 0.816657 0.816657 0.816657
6725.640625 0.000000 2879.593506 0.000000 0.621308 0.000000 0.783566 0.796823 0.796823 0.796823
6836.950195 0.000000 2935.590820 0.000000 0.660432 0.000000 -0.750886 0.997334 0.997334 0.997334
6851.772949 0.000000 2930.581787 0.000000 0.846686 0.000000 0.532093 0.835706 0.835706 0.835706
6662.921387 0.000000 3063.670898 0.000000 0.279389 0.000000 0.960178 0.752447 0.752447 0.752447
6836.860352 0.000000 2945.062988 0.000000 0.986947 0.000000 0.161043 0.881465 0.881465 0.881465
6832.693359 0.000000 2964.962891 0.000000 0.875501 0.000000 0.483216 0.842209 0.842209 0.842209
6828.310059 0.000000 2959.042969 0.000000 0.523851 0.000000 -0.851810 1.016818 1.016818 1.016818
6826.773926 0.000000 2955.592529 0.000000 0.526684 0.000000 -0.850061 1.016437 1.016437 1.016437
6955.553223 0.000000 2960.275879 0.000000 0.986988 0.000000 0.160793 0.881494 0.881494 0.881494
6951.038574 0.000000 2959.566650 0.000000 0.993223 0.000000 -0.116223 0.913348 0.913348 0.913348
6955.598633 0.000000 2963.744385 0.000000 0.277136 0.000000 0.960831 0.752179 0.752179 0.752179
6931.904297 0.000000 3000.233154 0.000000 0.871526 0.000000 -0.490349 0.958727 0.958727 0.958727
7005.798340 0.000000 2962.140381 0.000000 0.846764 0.000000 0.531969 0.835723 0.835723 0.835723
6991.566406 0.000000 2967.991211 0.000000 0.484117 0.000000 0.875003 0.777909 0.777909 0.777909
6929.082031 0.000000 3007.431641 0.000000 0.383644 0.000000 0.923481 0.765119 0.765119 0.765119
6928.008301 0.000000 3007.701660 0.000000 0.986575 0.000000 0.163306 0.881202 0.881202 0.881202
7285.669434 0.000000 2308.424072 0.000000 0.159253 0.000000 -0.987238 1.061673 1.061673 1.061673
8041.912109 0.000000 2188.822998 0.000000 0.974839 0.000000 0.222910 0.874240 0.874240 0.874240
7231.184570 0.000000 2746.673584 0.000000 0.531665 0.000000 0.846955 0.784236 0.784236 0.784236
7237.609863 0.000000 2746.163818 0.000000 0.986443 0.000000 0.164102 0.881110 0.881110 0.881110
7231.130859 0.000000 2756.330078 0.000000 0.900395 0.000000 -0.435073 0.951580 0.951580 0.951580
7361.919922 0.000000 2690.498291 0.000000 0.738953 0.000000 -0.673757 0.984715 0.984715 0.984715
7414.697266 0.000000 2699.329346 0.000000 0.816656 0.000000 0.577125 0.829503 0.829503 0.829503
7402.414062 0.000000 2693.530762 0.000000 0.777351 0.000000 -0.629067 0.977963 0.977963 0.977963
7406.263184 0.000000 2695.067383 0.000000 0.573175 0.000000 -0.819433 1.010056 1.010056 1.010056
7408.456543 0.000000 2745.111084 0.000000 0.155193 0.000000 -0.987884 1.062144 1.062144 1.062144
7415.198242 0.000000 2747.665283 0.000000 0.158972 0.000000 -0.987283 1.061705 1.061705 1.061705
7395.812988 0.000000 2750.144287 0.000000 0.872510 0.000000 -0.488596 0.958497 0.958497 0.958497
7414.678711 0.000000 2746.773926 0.000000 0.942022 0.000000 -0.335550 0.939212 0.939212 0.939212
7632.134766 0.000000 2582.574951 0.000000 0.529993 0.000000 0.848002 0.784010 0.784010 0.784010
7641.840820 0.000000 2588.330566 0.000000 0.974579 0.000000 -0.224045 0.925893 0.925893 0.925893
7633.084473 0.000000 2582.904053 0.000000 0.708869 0.000000 0.705340 0.810286 0.810286 0.810286
7664.796387 0.000000 2564.291748 0.000000 0.898923 0.000000 -0.438106 0.951966 0.951966 0.951966
7648.866211 0.000000 2582.175049 0.000000 0.428469 0.000000 -0.903557 1.029259 1.029259 1.029259
7674.971680 0.000000 2569.188721 0.000000 0.705072 0.000000 0.709135 0.809671 0.809671 0.809671
7672.427734 0.000000 2570.011230 0.000000 0.898827 0.000000 -0.438304 0.951991 0.951991 0.951991
7638.652344 0.000000 2592.167725 0.000000 0.569082 0.000000 -0.822281 1.010628 1.010628 1.010628
7439.059082 0.000000 2715.537842 0.000000 0.268589 0.000000 -0.963255 1.048839 1.048839 1.048839
7440.619141 0.000000 2709.025391 0.000000 0.926026 0.000000 0.377459 0.855647 0.855647 0.855647
7438.233398 0.000000 2689.602295 0.000000 0.973913 0.000000 -0.226923 0.926232 0.926232 0.926232
7490.484863 0.000000 2721.423828 0.000000 0.744399 0.000000 0.667735 0.816215 0.816215 0.816215
7499.372070 0.000000 2733.315918 0.000000 0.569303 0.000000 -0.822128 1.010597 1.010597 1.010597
7509.072266 0.000000 2733.764160 0.000000 0.745469 0.000000 0.666540 0.816399 0.816399 0.816399
7615.295898 0.000000 2712.444092 0.000000 0.921411 0.000000 -0.388588 0.945733 0.945733 0.945733
7631.189941 0.000000 2716.733398 0.000000 0.430458 0.000000 0.902611 0.770993 0.770993 0.770993
7621.256836 0.000000 2720.937988 0.000000 0.373961 0.000000 -0.927444 1.036080 1.036080 1.036080
7242.378906 0.000000 2932.312500 0.000000 0.527126 0.000000 -0.849787 1.016377 1.016377 1.016377
7686.071289 0.000000 2562.044189 0.000000 0.217636 0.000000 -0.976030 1.054860 1.054860 1.054860
7689.268066 0.000000 2568.168945 0.000000 0.943705 0.000000 -0.330788 0.938633 0.938633 0.938633
7760.575195 0.000000 2605.006592 0.000000 0.159973 0.000000 -0.987121 1.061589 1.061589 1.061589
7688.202637 0.000000 2643.582764 0.000000 0.432594 0.000000 0.901589 0.771265 0.771265 0.771265
7731.576172 0.000000 2676.476562 0.000000 0.487203 0.000000 0.873288 0.778314 0.778314 0.778314
7771.098145 0.000000 2644.835938 0.000000 0.961702 0.000000 0.274098 0.868183 0.868183 0.868183
7752.685059 0.000000 2641.593994 0.000000 0.425986 0.000000 -0.904730 1.029574 1.029574 1.029574
7754.829102 0.000000 2641.300293 0.000000 0.528795 0.000000 0.848750 0.783848 0.783848 0.783848
7761.989746 0.000000 2633.715088 0.000000 0.618743 0.000000 -0.785593 1.003551 1.003551 1.003551
7752.194824 0.000000 2643.582764 0.000000 0.666577 0.000000 0.745436 0.803607 0.803607 0.803607
7773.766602 0.000000 2645.849121 0.000000 0.962068 0.000000 0.272809 0.868337 0.868337 0.868337
7775.358398 0.000000 2642.417480 0.000000 0.325632 0.000000 -0.945497 1.041992 1.041992 1.041992
7785.690430 0.000000 2640.789062 0.000000 0.269979 0.000000 -0.962866 1.048674 1.048674 1.048674
7800.376465 0.000000 2644.163086 0.000000 0.901459 0.000000 0.432864 0.848701 0.848701 0.848701
7877.614258 0.000000 2587.740479 0.000000 0.900444 0.000000 -0.434972 0.951567 0.951567 0.951567
6200.562500 0.000000 3144.952637 0.000000 0.573774 0.000000 -0.819014 1.009972 1.009972 1.009972
6154.140137 0.000000 3370.424316 0.000000 0.164734 0.000000 0.986338 0.738964 0.738964 0.738964
6150.256348 0.000000 3372.490479 0.000000 0.998751 0.000000 0.049972 0.894271 0.894271 0.894271
6673.113281 0.000000 3071.416016 0.000000 0.100913 0.000000 -0.994895 1.068416 1.068416 1.068416
6362.467773 0.000000 3648.090820 0.000000 0.571634 0.000000 -0.820509 1.010271 1.010271 1.010271
6365.222168 0.000000 3656.168213 0.000000 0.985280 0.000000 -0.170948 0.919686 0.919686 0.919686
6601.333496 0.000000 3603.749023 0.000000 0.217927 0.000000 -0.975965 1.054825 1.054825 1.054825
7292.427246 0.000000 3291.052490 0.000000 0.270073 0.000000 -0.962840 1.048663 1.048663 1.048663
7260.974609 0.000000 3306.845947 0.000000 0.525214 0.000000 -0.850970 1.016635 1.016635 1.016635
7253.316895 0.000000 3312.913086 0.000000 0.660896 0.000000 -0.750478 0.997264 0.997264 0.997264
7261.112793 0.000000 3304.254150 0.000000 0.321948 0.000000 -0.946757 1.042439 1.042439 1.042439
7256.862793 0.000000 3319.427979 0.000000 0.570599 0.000000 -0.821229 1.010416 1.010416 1.010416
7296.146484 0.000000 3288.997314 0.000000 0.572519 0.000000 -0.819891 1.010148 1.010148 1.010148
7297.367676 0.000000 3289.437988 0.000000 0.320333 0.000000 -0.947305 1.042634 1.042634 1.042634
7300.101562 0.000000 3368.004150 0.000000 0.973711 0.000000 -0.227785 0.926333 0.926333 0.926333
7301.263672 0.000000 3368.503174 0.000000 0.106528 0.000000 -0.994310 1.067770 1.067770 1.067770
"}
