object={
	name="tree_africa_generator_1_0"
	clamp_to_water_level=no
	render_under_water=no
	generated_content=yes
	layer="tree_layer"
	pdxmesh="tree_olive_01_mesh"
	count=1357
	transform="121.914154 0.000000 2442.793213 0.000000 0.428450 0.000000 -0.903566 1.019295 1.019295 1.019295
119.587402 0.000000 2443.391846 0.000000 0.314084 0.000000 0.949395 0.451273 0.451273 0.451273
123.823288 0.000000 2442.546875 0.000000 0.974949 0.000000 -0.222427 0.803548 0.803548 0.803548
120.421791 0.000000 2442.245361 0.000000 0.998907 0.000000 -0.046742 0.761163 0.761163 0.761163
120.932587 0.000000 2443.883057 0.000000 0.437236 0.000000 -0.899347 1.016968 1.016968 1.016968
1487.723633 0.000000 2442.050781 0.000000 0.443146 0.000000 0.896450 0.484603 0.484603 0.484603
1480.760376 0.000000 2443.710938 0.000000 0.354966 0.000000 0.934879 0.461631 0.461631 0.461631
1484.710938 0.000000 2443.671875 0.000000 0.499565 0.000000 0.866276 0.499880 0.499880 0.499880
1482.710083 0.000000 2442.650879 0.000000 0.858831 0.000000 -0.512260 0.878394 0.878394 0.878394
1482.017578 0.000000 2443.727295 0.000000 0.976969 0.000000 0.213380 0.698665 0.698665 0.698665
1483.425781 0.000000 2443.717529 0.000000 0.912780 0.000000 0.408451 0.649552 0.649552 0.649552
2007.357056 0.000000 2443.391846 0.000000 0.180649 0.000000 -0.983548 1.081635 1.081635 1.081635
2006.915283 0.000000 2442.261230 0.000000 0.107479 0.000000 0.994207 0.400708 0.400708 0.400708
2006.219604 0.000000 2443.372803 0.000000 0.327197 0.000000 0.944956 0.454578 0.454578 0.454578
2109.603027 0.000000 2443.056885 0.000000 0.998956 0.000000 0.045676 0.739092 0.739092 0.739092
2107.581299 0.000000 2442.546875 0.000000 0.987754 0.000000 -0.156019 0.787400 0.787400 0.787400
2108.056396 0.000000 2443.924316 0.000000 0.985386 0.000000 -0.170333 0.790863 0.790863 0.790863
2108.674561 0.000000 2442.202637 0.000000 0.857449 0.000000 -0.514568 0.879036 0.879036 0.879036
2627.409912 0.000000 2442.124512 0.000000 0.725734 0.000000 0.687976 0.568875 0.568875 0.568875
2624.155029 0.000000 2442.208252 0.000000 0.727389 0.000000 -0.686225 0.930550 0.930550 0.930550
2625.737549 0.000000 2443.198730 0.000000 0.253898 0.000000 -0.967231 1.063715 1.063715 1.063715
2624.005371 0.000000 2443.515869 0.000000 0.148123 0.000000 0.988969 0.410492 0.410492 0.410492
3131.769775 0.000000 2480.646729 0.000000 0.601894 0.000000 0.798576 0.529190 0.529190 0.529190
3121.301270 0.000000 2490.508545 0.000000 0.223927 0.000000 -0.974606 1.071084 1.071084 1.071084
3133.535156 0.000000 2485.016113 0.000000 0.052632 0.000000 -0.998614 1.112429 1.112429 1.112429
3129.994385 0.000000 2483.773193 0.000000 0.906425 0.000000 0.422367 0.645899 0.645899 0.645899
3123.337646 0.000000 2493.959473 0.000000 0.260018 0.000000 0.965604 0.437796 0.437796 0.437796
3134.294922 0.000000 2479.017578 0.000000 0.994425 0.000000 -0.105449 0.775221 0.775221 0.775221
3134.270508 0.000000 2482.257568 0.000000 0.503628 0.000000 0.863921 0.501001 0.501001 0.501001
3132.221924 0.000000 2483.138184 0.000000 0.470143 0.000000 0.882591 0.491848 0.491848 0.491848
3129.845459 0.000000 2481.831543 0.000000 0.168289 0.000000 -0.985738 1.084632 1.084632 1.084632
3130.909180 0.000000 2478.997070 0.000000 0.939506 0.000000 0.342533 0.666536 0.666536 0.666536
3133.466309 0.000000 2480.485840 0.000000 0.782933 0.000000 0.622106 0.589708 0.589708 0.589708
3121.146484 0.000000 2485.080078 0.000000 0.809780 0.000000 0.586733 0.600310 0.600310 0.600310
3128.539795 0.000000 2481.160400 0.000000 0.574313 0.000000 0.818636 0.521048 0.521048 0.521048
3132.714844 0.000000 2481.725342 0.000000 0.989725 0.000000 0.142981 0.715748 0.715748 0.715748
3131.207275 0.000000 2482.062744 0.000000 0.208324 0.000000 -0.978060 1.074899 1.074899 1.074899
3133.568604 0.000000 2483.452148 0.000000 0.816384 0.000000 -0.577509 0.896981 0.896981 0.896981
3130.530273 0.000000 2480.494629 0.000000 0.085065 0.000000 -0.996375 1.104668 1.104668 1.104668
3131.199463 0.000000 2483.758545 0.000000 0.975356 0.000000 -0.220635 0.803110 0.803110 0.803110
3151.241943 0.000000 2463.252441 0.000000 0.402672 0.000000 -0.915344 1.026061 1.026061 1.026061
3146.100342 0.000000 2492.921631 0.000000 0.983437 0.000000 0.181248 0.706490 0.706490 0.706490
3162.956787 0.000000 2489.418945 0.000000 0.256498 0.000000 -0.966545 1.063073 1.063073 1.063073
3152.083252 0.000000 2482.294678 0.000000 0.957076 0.000000 -0.289835 0.820200 0.820200 0.820200
3151.520752 0.000000 2474.042969 0.000000 0.999953 0.000000 0.009710 0.747682 0.747682 0.747682
3153.297363 0.000000 2490.508545 0.000000 0.706136 0.000000 -0.708076 0.937827 0.937827 0.937827
3158.492676 0.000000 2484.463135 0.000000 0.841056 0.000000 -0.540948 0.886451 0.886451 0.886451
3135.924805 0.000000 2482.456543 0.000000 0.762368 0.000000 0.647144 0.581972 0.581972 0.581972
3156.121826 0.000000 2478.057129 0.000000 0.940714 0.000000 -0.339202 0.832618 0.832618 0.832618
3151.241943 0.000000 2495.244629 0.000000 0.300417 0.000000 -0.953808 1.052155 1.052155 1.052155
3149.455078 0.000000 2487.187500 0.000000 0.686289 0.000000 0.727329 0.555571 0.555571 0.555571
3159.446777 0.000000 2493.085693 0.000000 0.995491 0.000000 0.094860 0.727320 0.727320 0.727320
3135.967529 0.000000 2476.882324 0.000000 0.663582 0.000000 0.748103 0.548223 0.548223 0.548223
3139.741211 0.000000 2485.489990 0.000000 0.204670 0.000000 0.978831 0.424209 0.424209 0.424209
3147.121094 0.000000 2472.525879 0.000000 0.406035 0.000000 -0.913858 1.025183 1.025183 1.025183
3157.481201 0.000000 2489.114502 0.000000 0.402474 0.000000 -0.915431 1.026113 1.026113 1.026113
3154.313232 0.000000 2486.171387 0.000000 0.167069 0.000000 0.985945 0.415073 0.415073 0.415073
3152.065186 0.000000 2477.849609 0.000000 0.315995 0.000000 0.948761 0.451754 0.451754 0.451754
3150.423096 0.000000 2470.210693 0.000000 0.181241 0.000000 -0.983439 1.081491 1.081491 1.081491
3140.105713 0.000000 2481.665283 0.000000 0.582293 0.000000 0.812979 0.523383 0.523383 0.523383
3159.039062 0.000000 2480.743164 0.000000 0.947678 0.000000 0.319228 0.672432 0.672432 0.672432
3149.652100 0.000000 2491.833008 0.000000 0.473619 0.000000 -0.880730 1.007210 1.007210 1.007210
3155.694580 0.000000 2482.146484 0.000000 0.764167 0.000000 -0.645019 0.917363 0.917363 0.917363
3161.990479 0.000000 2483.773193 0.000000 0.359073 0.000000 -0.933309 1.037320 1.037320 1.037320
3155.333740 0.000000 2493.959473 0.000000 0.012477 0.000000 0.999922 0.377979 0.377979 0.377979
3163.040771 0.000000 2493.255615 0.000000 0.092194 0.000000 0.995741 0.397041 0.397041 0.397041
3160.362793 0.000000 2487.246582 0.000000 0.204852 0.000000 0.978793 0.424253 0.424253 0.424253
3137.750977 0.000000 2479.550537 0.000000 0.033992 0.000000 0.999422 0.383116 0.383116 0.383116
3136.559082 0.000000 2485.278076 0.000000 0.229077 0.000000 0.973408 0.430178 0.430178 0.430178
3160.131348 0.000000 2490.223389 0.000000 0.666776 0.000000 -0.745258 0.950755 0.950755 0.950755
3142.167480 0.000000 2483.774414 0.000000 0.992342 0.000000 -0.123520 0.779564 0.779564 0.779564
3153.892090 0.000000 2479.991211 0.000000 0.986833 0.000000 0.161744 0.711216 0.711216 0.711216
3152.034668 0.000000 2488.108398 0.000000 0.168819 0.000000 0.985647 0.415497 0.415497 0.415497
3155.857178 0.000000 2491.325195 0.000000 0.958317 0.000000 0.285707 0.680829 0.680829 0.680829
3136.092529 0.000000 2474.200439 0.000000 0.931153 0.000000 0.364627 0.660897 0.660897 0.660897
3156.934326 0.000000 2486.601562 0.000000 0.032144 0.000000 0.999483 0.382675 0.382675 0.382675
3152.813965 0.000000 2493.177246 0.000000 0.999836 0.000000 -0.018097 0.754321 0.754321 0.754321
3138.281982 0.000000 2483.408691 0.000000 0.372814 0.000000 -0.927906 1.033795 1.033795 1.033795
3148.198242 0.000000 2494.393311 0.000000 0.478074 0.000000 0.878320 0.493999 0.493999 0.493999
3155.004150 0.000000 2488.675293 0.000000 0.408618 0.000000 -0.912706 1.024508 1.024508 1.024508
3149.619629 0.000000 2472.636963 0.000000 0.580009 0.000000 0.814610 0.522713 0.522713 0.522713
3150.079834 0.000000 2489.419922 0.000000 0.490891 0.000000 0.871221 0.497497 0.497497 0.497497
3141.889160 0.000000 2480.120361 0.000000 0.889759 0.000000 -0.456430 0.863154 0.863154 0.863154
3157.524170 0.000000 2494.678223 0.000000 0.247185 0.000000 -0.968968 1.065371 1.065371 1.065371
3156.874512 0.000000 2480.178223 0.000000 0.384284 0.000000 -0.923215 1.030836 1.030836 1.030836
3159.993652 0.000000 2482.797852 0.000000 0.892408 0.000000 0.451229 0.638239 0.638239 0.638239
3156.134521 0.000000 2484.523438 0.000000 0.301778 0.000000 -0.953378 1.051815 1.051815 1.051815
3158.145508 0.000000 2491.212158 0.000000 0.959932 0.000000 -0.280233 0.817809 0.817809 0.817809
3161.294678 0.000000 2492.027344 0.000000 0.991706 0.000000 0.128528 0.719231 0.719231 0.719231
3157.746582 0.000000 2482.463135 0.000000 0.327986 0.000000 0.944683 0.454777 0.454777 0.454777
3160.394043 0.000000 2485.241699 0.000000 0.206331 0.000000 0.978482 0.424614 0.424614 0.424614
3153.453857 0.000000 2473.819092 0.000000 0.587782 0.000000 0.809020 0.524999 0.524999 0.524999
3151.582275 0.000000 2491.592529 0.000000 0.390934 0.000000 -0.920419 1.029114 1.029114 1.029114
3148.311523 0.000000 2488.696045 0.000000 0.449450 0.000000 -0.893305 1.013715 1.013715 1.013715
3137.566162 0.000000 2481.504395 0.000000 0.991504 0.000000 0.130073 0.718859 0.718859 0.718859
3157.021729 0.000000 2492.810059 0.000000 0.767871 0.000000 0.640605 0.584013 0.584013 0.584013
3154.352539 0.000000 2477.514404 0.000000 0.639454 0.000000 0.768830 0.540630 0.540630 0.540630
3158.513672 0.000000 2487.621582 0.000000 0.853031 0.000000 0.521860 0.618929 0.618929 0.618929
3141.895020 0.000000 2481.959473 0.000000 0.158158 0.000000 0.987414 0.412917 0.412917 0.412917
3140.315430 0.000000 2483.732178 0.000000 0.977680 0.000000 -0.210101 0.800534 0.800534 0.800534
3154.209717 0.000000 2492.067383 0.000000 0.891085 0.000000 -0.453836 0.862458 0.862458 0.862458
3148.385986 0.000000 2471.316406 0.000000 0.485024 0.000000 0.874501 0.495892 0.495892 0.495892
3152.363525 0.000000 2476.065430 0.000000 0.990825 0.000000 0.135152 0.717636 0.717636 0.717636
3155.669922 0.000000 2476.336182 0.000000 0.738371 0.000000 0.674395 0.573303 0.573303 0.573303
3152.681152 0.000000 2486.598389 0.000000 0.690490 0.000000 -0.723342 0.943046 0.943046 0.943046
3148.177734 0.000000 2473.876953 0.000000 0.609464 0.000000 0.792814 0.531461 0.531461 0.531461
3151.754150 0.000000 2489.844482 0.000000 0.746428 0.000000 -0.665466 0.923825 0.923825 0.923825
3138.171143 0.000000 2485.105713 0.000000 0.409228 0.000000 -0.912432 1.024348 1.024348 1.024348
3137.184082 0.000000 2478.006104 0.000000 0.778956 0.000000 -0.627078 0.911812 0.911812 0.911812
3151.198975 0.000000 2472.026611 0.000000 0.769845 0.000000 -0.638230 0.915250 0.915250 0.915250
3141.409424 0.000000 2485.347412 0.000000 0.888362 0.000000 0.459143 0.636117 0.636117 0.636117
3158.909912 0.000000 2486.007812 0.000000 0.851860 0.000000 -0.523769 0.881606 0.881606 0.881606
3161.786865 0.000000 2490.497803 0.000000 0.483397 0.000000 -0.875401 1.004552 1.004552 1.004552
3155.373779 0.000000 2479.491943 0.000000 0.475330 0.000000 -0.879808 1.006747 1.006747 1.006747
3159.592529 0.000000 2488.750000 0.000000 0.990654 0.000000 0.136399 0.717335 0.717335 0.717335
3155.496826 0.000000 2487.221924 0.000000 0.696286 0.000000 0.717764 0.558874 0.558874 0.558874
3156.051270 0.000000 2489.851562 0.000000 0.997921 0.000000 0.064451 0.734603 0.734603 0.734603
3146.929199 0.000000 2470.913818 0.000000 0.962225 0.000000 -0.272255 0.815827 0.815827 0.815827
3138.810303 0.000000 2480.723389 0.000000 0.138328 0.000000 -0.990386 1.091870 1.091870 1.091870
3158.722412 0.000000 2489.905273 0.000000 0.976170 0.000000 0.217007 0.697778 0.697778 0.697778
3153.263916 0.000000 2478.711670 0.000000 0.962985 0.000000 -0.269554 0.815157 0.815157 0.815157
3154.695801 0.000000 2490.261475 0.000000 0.895825 0.000000 0.444407 0.640061 0.640061 0.640061
3153.938477 0.000000 2472.466797 0.000000 0.996981 0.000000 -0.077640 0.768554 0.768554 0.768554
3152.975586 0.000000 2489.173584 0.000000 0.655158 0.000000 0.755492 0.545548 0.545548 0.545548
3150.539307 0.000000 2488.118896 0.000000 0.819881 0.000000 0.572533 0.604471 0.604471 0.604471
3159.717773 0.000000 2491.727783 0.000000 0.472204 0.000000 -0.881489 1.007594 1.007594 1.007594
3157.319092 0.000000 2485.239258 0.000000 0.927702 0.000000 -0.373321 0.841336 0.841336 0.841336
3155.099609 0.000000 2480.861816 0.000000 0.330071 0.000000 0.943956 0.455305 0.455305 0.455305
3155.771240 0.000000 2485.850342 0.000000 0.896837 0.000000 0.442361 0.640606 0.640606 0.640606
3156.575684 0.000000 2483.188477 0.000000 0.154351 0.000000 -0.988016 1.088003 1.088003 1.088003
3150.541016 0.000000 2490.730713 0.000000 0.741462 0.000000 0.670995 0.574401 0.574401 0.574401
3156.365234 0.000000 2488.358154 0.000000 0.026100 0.000000 0.999659 0.381232 0.381232 0.381232
3154.745361 0.000000 2484.851318 0.000000 0.296530 0.000000 -0.955024 1.053128 1.053128 1.053128
3152.385498 0.000000 2472.890869 0.000000 0.984827 0.000000 -0.173538 0.791640 0.791640 0.791640
3138.825439 0.000000 2482.087402 0.000000 0.258541 0.000000 0.966000 0.437431 0.437431 0.437431
3161.718994 0.000000 2493.281982 0.000000 0.525043 0.000000 -0.851076 0.993037 0.993037 0.993037
3158.195557 0.000000 2493.515869 0.000000 0.908329 0.000000 -0.418257 0.853019 0.853019 0.853019
3152.926025 0.000000 2491.785400 0.000000 0.423745 0.000000 0.905781 0.479464 0.479464 0.479464
3137.216309 0.000000 2476.426270 0.000000 0.914955 0.000000 -0.403556 0.849169 0.849169 0.849169
3149.753174 0.000000 2471.338867 0.000000 0.683590 0.000000 -0.729867 0.945313 0.945313 0.945313
3153.137207 0.000000 2477.037842 0.000000 0.416145 0.000000 0.909298 0.477464 0.477464 0.477464
3157.126953 0.000000 2490.514893 0.000000 0.999182 0.000000 0.040436 0.740344 0.740344 0.740344
3152.740234 0.000000 2474.863525 0.000000 0.295573 0.000000 -0.955320 1.053367 1.053367 1.053367
3141.192383 0.000000 2482.914551 0.000000 0.948999 0.000000 -0.315279 0.826574 0.826574 0.826574
3154.450684 0.000000 2478.738525 0.000000 0.693583 0.000000 0.720376 0.557977 0.557977 0.557977
3150.641846 0.000000 2473.247314 0.000000 0.876975 0.000000 -0.480537 0.869669 0.869669 0.869669
3158.428711 0.000000 2492.365723 0.000000 0.965255 0.000000 -0.261311 0.813116 0.813116 0.813116
3157.533447 0.000000 2483.848633 0.000000 0.939946 0.000000 -0.341322 0.833156 0.833156 0.833156
3157.399414 0.000000 2487.700195 0.000000 0.049546 0.000000 -0.998772 1.113167 1.113167 1.113167
3157.075439 0.000000 2491.676270 0.000000 0.924801 0.000000 -0.380452 0.843174 0.843174 0.843174
3154.048096 0.000000 2489.279785 0.000000 0.875410 0.000000 -0.483381 0.870444 0.870444 0.870444
3158.521973 0.000000 2488.716064 0.000000 0.525390 0.000000 -0.850861 0.992939 0.992939 0.992939
3173.028809 0.000000 2478.020752 0.000000 0.905319 0.000000 0.424732 0.645276 0.645276 0.645276
3184.079346 0.000000 2482.294678 0.000000 0.793533 0.000000 0.608527 0.593821 0.593821 0.593821
3167.844971 0.000000 2471.497803 0.000000 0.311347 0.000000 -0.950296 1.049415 1.049415 1.049415
3183.516846 0.000000 2474.042969 0.000000 0.826903 0.000000 0.562344 0.607425 0.607425 0.607425
3179.239014 0.000000 2478.767822 0.000000 0.121999 0.000000 -0.992530 1.095802 1.095802 1.095802
3171.343506 0.000000 2474.116699 0.000000 0.497516 0.000000 -0.867455 1.000684 1.000684 1.000684
3176.553467 0.000000 2475.703125 0.000000 0.668040 0.000000 0.744125 0.549650 0.549650 0.549650
3173.979004 0.000000 2474.788818 0.000000 0.049677 0.000000 -0.998765 1.113136 1.113136 1.113136
3168.088623 0.000000 2474.200439 0.000000 0.941746 0.000000 -0.336324 0.831888 0.831888 0.831888
3170.566162 0.000000 2476.778809 0.000000 0.812876 0.000000 0.582436 0.601575 0.601575 0.601575
3181.433350 0.000000 2477.884521 0.000000 0.467622 0.000000 0.883928 0.491167 0.491167 0.491167
3185.992920 0.000000 2483.707031 0.000000 0.918167 0.000000 0.396193 0.652748 0.652748 0.652748
3172.604980 0.000000 2472.222900 0.000000 0.107871 0.000000 0.994165 0.400802 0.400802 0.400802
3182.620605 0.000000 2476.037109 0.000000 0.052420 0.000000 0.998625 0.387520 0.387520 0.387520
3182.034180 0.000000 2482.815186 0.000000 0.589593 0.000000 0.807700 0.525534 0.525534 0.525534
3174.619629 0.000000 2476.709229 0.000000 0.388074 0.000000 0.921628 0.470145 0.470145 0.470145
3172.439697 0.000000 2476.031982 0.000000 0.253728 0.000000 0.967276 0.436243 0.436243 0.436243
3169.670654 0.000000 2473.412354 0.000000 0.996793 0.000000 0.080018 0.730877 0.730877 0.730877
3171.147217 0.000000 2475.536377 0.000000 0.292682 0.000000 -0.956210 1.054089 1.054089 1.054089
3099.773682 0.000000 2512.638916 0.000000 0.146806 0.000000 -0.989165 1.089825 1.089825 1.089825
3094.500488 0.000000 2516.455322 0.000000 0.517557 0.000000 0.855649 0.504869 0.504869 0.504869
3092.129639 0.000000 2510.049316 0.000000 0.815792 0.000000 -0.578346 0.897226 0.897226 0.897226
3101.539062 0.000000 2517.008301 0.000000 0.412295 0.000000 -0.911050 1.023546 1.023546 1.023546
3095.046875 0.000000 2512.735352 0.000000 0.985191 0.000000 0.171461 0.708863 0.708863 0.708863
3097.998291 0.000000 2515.765381 0.000000 0.997241 0.000000 -0.074226 0.767736 0.767736 0.767736
3102.298828 0.000000 2511.009766 0.000000 0.019971 0.000000 -0.999801 1.120232 1.120232 1.120232
3102.274414 0.000000 2514.249756 0.000000 0.994638 0.000000 -0.103417 0.774733 0.774733 0.774733
3097.425293 0.000000 2511.913330 0.000000 0.810484 0.000000 -0.585761 0.899403 0.899403 0.899403
3094.577637 0.000000 2510.371826 0.000000 0.524058 0.000000 0.851683 0.506687 0.506687 0.506687
3092.882324 0.000000 2512.170410 0.000000 0.964621 0.000000 0.263639 0.686308 0.686308 0.686308
3096.001465 0.000000 2514.790039 0.000000 0.745385 0.000000 0.666635 0.575801 0.575801 0.575801
3100.225830 0.000000 2515.130371 0.000000 0.446271 0.000000 0.894898 0.485436 0.485436 0.485436
3102.706299 0.000000 2518.702393 0.000000 0.884901 0.000000 -0.465778 0.865669 0.865669 0.865669
3096.401855 0.000000 2517.233887 0.000000 0.146674 0.000000 -0.989185 1.089857 1.089857 1.089857
3097.849365 0.000000 2513.823730 0.000000 0.690409 0.000000 -0.723419 0.943073 0.943073 0.943073
3100.891846 0.000000 2519.401123 0.000000 0.770084 0.000000 -0.637943 0.915161 0.915161 0.915161
3099.668457 0.000000 2516.867188 0.000000 0.071246 0.000000 -0.997459 1.107977 1.107977 1.107977
3102.906006 0.000000 2515.908936 0.000000 0.990203 0.000000 -0.139635 0.783445 0.783445 0.783445
3101.470215 0.000000 2512.478027 0.000000 0.992696 0.000000 -0.120644 0.778872 0.778872 0.778872
3095.885254 0.000000 2511.350098 0.000000 0.693880 0.000000 0.720091 0.558075 0.558075 0.558075
3103.040039 0.000000 2512.443115 0.000000 0.132722 0.000000 -0.991153 1.093221 1.093221 1.093221
3096.543701 0.000000 2513.152588 0.000000 0.098872 0.000000 0.995100 0.398642 0.398642 0.398642
3100.718750 0.000000 2513.717529 0.000000 0.949565 0.000000 -0.313571 0.826144 0.826144 0.826144
3099.211182 0.000000 2514.054932 0.000000 0.269191 0.000000 -0.963087 1.059933 1.059933 1.059933
3103.055664 0.000000 2517.348389 0.000000 0.973624 0.000000 -0.228159 0.804953 0.804953 0.804953
3101.572510 0.000000 2515.444336 0.000000 0.085588 0.000000 0.996331 0.395458 0.395458 0.395458
3098.336914 0.000000 2517.189453 0.000000 0.327570 0.000000 0.944827 0.454672 0.454672 0.454672
3097.009033 0.000000 2510.631104 0.000000 0.091110 0.000000 -0.995841 1.103219 1.103219 1.103219
3098.534180 0.000000 2512.486816 0.000000 0.944464 0.000000 0.328615 0.670064 0.670064 0.670064
3094.897217 0.000000 2513.979736 0.000000 0.929330 0.000000 0.369249 0.659711 0.659711 0.659711
3097.266113 0.000000 2514.849854 0.000000 0.994925 0.000000 -0.100616 0.774061 0.774061 0.774061
3099.203369 0.000000 2515.750732 0.000000 0.989617 0.000000 0.143730 0.715568 0.715568 0.715568
3100.663330 0.000000 2516.214600 0.000000 0.958323 0.000000 -0.285686 0.819166 0.819166 0.819166
3114.104248 0.000000 2524.913818 0.000000 0.007680 0.000000 0.999970 0.376833 0.376833 0.376833
3109.036621 0.000000 2510.012939 0.000000 0.259449 0.000000 -0.965757 1.062344 1.062344 1.062344
3112.713379 0.000000 2516.922363 0.000000 0.684111 0.000000 0.729378 0.554857 0.554857 0.554857
3103.928711 0.000000 2514.448730 0.000000 0.920656 0.000000 0.390375 0.654259 0.654259 0.654259
3117.458984 0.000000 2519.179688 0.000000 0.738392 0.000000 -0.674371 0.926689 0.926689 0.926689
3107.745117 0.000000 2517.482178 0.000000 0.857691 0.000000 -0.514165 0.878924 0.878924 0.878924
3112.047363 0.000000 2513.077881 0.000000 0.975505 0.000000 -0.219976 0.802949 0.802949 0.802949
3108.109619 0.000000 2513.657471 0.000000 0.782177 0.000000 0.623056 0.589418 0.589418 0.589418
3114.527832 0.000000 2521.289307 0.000000 0.984535 0.000000 0.175187 0.707960 0.707960 0.707960
3105.754883 0.000000 2511.542725 0.000000 0.248541 0.000000 -0.968621 1.065037 1.065037 1.065037
3104.562988 0.000000 2517.270264 0.000000 0.510907 0.000000 0.859636 0.503018 0.503018 0.503018
3110.171387 0.000000 2515.766602 0.000000 0.473164 0.000000 0.880974 0.492666 0.492666 0.492666
3111.842773 0.000000 2510.278809 0.000000 0.001108 0.000000 0.999999 0.375265 0.375265 0.375265
3114.933594 0.000000 2518.397461 0.000000 0.132396 0.000000 0.991197 0.406700 0.406700 0.406700
3106.285889 0.000000 2515.400879 0.000000 0.447909 0.000000 -0.894079 1.014127 1.014127 1.014127
3116.202148 0.000000 2526.385498 0.000000 0.487265 0.000000 -0.873254 1.003496 1.003496 1.003496
3106.007080 0.000000 2519.274170 0.000000 0.430500 0.000000 0.902591 0.481247 0.481247 0.481247
3112.827148 0.000000 2519.556641 0.000000 0.818675 0.000000 0.574257 0.603968 0.603968 0.603968
3108.419678 0.000000 2519.691650 0.000000 0.230739 0.000000 -0.973016 1.069414 1.069414 1.069414
3109.893066 0.000000 2512.112549 0.000000 0.722298 0.000000 0.691582 0.567685 0.567685 0.567685
3113.555908 0.000000 2514.891846 0.000000 0.922193 0.000000 0.386729 0.655204 0.655204 0.655204
3103.634033 0.000000 2511.720703 0.000000 0.695570 0.000000 0.718458 0.558636 0.558636 0.558636
3105.570068 0.000000 2513.496582 0.000000 0.369242 0.000000 0.929333 0.465287 0.465287 0.465287
3109.898926 0.000000 2513.951660 0.000000 0.519214 0.000000 -0.854644 0.994668 0.994668 0.994668
3108.319336 0.000000 2515.724365 0.000000 0.164137 0.000000 0.986437 0.414363 0.414363 0.414363
3111.745117 0.000000 2514.917236 0.000000 0.526302 0.000000 0.850298 0.507316 0.507316 0.507316
3106.175049 0.000000 2517.097900 0.000000 0.976447 0.000000 0.215756 0.698084 0.698084 0.698084
3109.413330 0.000000 2517.339600 0.000000 0.922708 0.000000 0.385500 0.655522 0.655522 0.655522
3110.996338 0.000000 2517.094482 0.000000 0.951694 0.000000 -0.307048 0.824506 0.824506 0.824506
3114.757568 0.000000 2526.853760 0.000000 0.405468 0.000000 0.914109 0.474669 0.474669 0.474669
3103.624023 0.000000 2515.990479 0.000000 0.943821 0.000000 0.330458 0.669598 0.669598 0.669598
3106.814209 0.000000 2512.715576 0.000000 0.977208 0.000000 -0.212285 0.801068 0.801068 0.801068
3104.293457 0.000000 2512.916992 0.000000 0.162121 0.000000 -0.986771 1.086125 1.086125 1.086125
3104.897949 0.000000 2515.499512 0.000000 0.043816 0.000000 -0.999040 1.114536 1.114536 1.114536
3106.829346 0.000000 2514.079590 0.000000 0.667880 0.000000 -0.744269 0.950402 0.950402 0.950402
3107.163818 0.000000 2516.279785 0.000000 0.326983 0.000000 -0.945030 1.045476 1.045476 1.045476
3107.354492 0.000000 2515.144287 0.000000 0.269194 0.000000 0.963086 0.440068 0.440068 0.440068
3115.883301 0.000000 2531.163574 0.000000 0.646443 0.000000 -0.762962 0.957192 0.957192 0.957192
3122.650146 0.000000 2533.048828 0.000000 0.362788 0.000000 -0.931872 1.036369 1.036369 1.036369
3123.292480 0.000000 2536.823486 0.000000 0.972098 0.000000 -0.234576 0.806528 0.806528 0.806528
3114.669434 0.000000 2527.484131 0.000000 0.333065 0.000000 0.942904 0.456062 0.456062 0.456062
3118.427002 0.000000 2534.195068 0.000000 0.006403 0.000000 -0.999979 1.123471 1.123471 1.123471
3125.643555 0.000000 2534.139160 0.000000 0.996283 0.000000 -0.086146 0.770591 0.770591 0.770591
3122.065186 0.000000 2539.639648 0.000000 0.094389 0.000000 0.995535 0.397567 0.397567 0.397567
3124.959229 0.000000 2539.190674 0.000000 0.899279 0.000000 -0.437375 0.858069 0.858069 0.858069
3117.509766 0.000000 2527.396484 0.000000 0.682853 0.000000 0.730556 0.554446 0.554446 0.554446
3120.067871 0.000000 2531.704834 0.000000 0.210883 0.000000 -0.977511 1.074275 1.074275 1.074275
3120.789307 0.000000 2535.581055 0.000000 0.549190 0.000000 0.835697 0.513798 0.513798 0.513798
3112.468750 0.000000 2529.003174 0.000000 0.406937 0.000000 0.913456 0.475052 0.475052 0.475052
3118.111816 0.000000 2530.338379 0.000000 0.635165 0.000000 -0.772377 0.960699 0.960699 0.960699
3116.214355 0.000000 2533.562256 0.000000 0.332842 0.000000 0.942983 0.456006 0.456006 0.456006
3116.311768 0.000000 2529.145996 0.000000 0.088581 0.000000 0.996069 0.396175 0.396175 0.396175
3123.717285 0.000000 2534.777100 0.000000 0.997310 0.000000 -0.073301 0.767515 0.767515 0.767515
3125.305664 0.000000 2536.224365 0.000000 0.491629 0.000000 0.870804 0.497699 0.497699 0.497699
3121.457764 0.000000 2537.803467 0.000000 0.815603 0.000000 -0.578612 0.897304 0.897304 0.897304
3117.701660 0.000000 2532.259277 0.000000 0.155806 0.000000 0.987788 0.412348 0.412348 0.412348
3120.771240 0.000000 2533.596436 0.000000 0.918688 0.000000 0.394983 0.653063 0.653063 0.653063
3114.708252 0.000000 2529.397217 0.000000 0.974419 0.000000 -0.224739 0.804115 0.804115 0.804115
3122.099854 0.000000 2534.826416 0.000000 0.613236 0.000000 -0.789900 0.967401 0.967401 0.967401
3119.099365 0.000000 2532.839600 0.000000 0.967736 0.000000 0.251966 0.689192 0.689192 0.689192
3121.351074 0.000000 2532.299561 0.000000 0.113163 0.000000 -0.993576 1.097926 1.097926 1.097926
3119.743896 0.000000 2534.657471 0.000000 0.655625 0.000000 -0.755087 0.954304 0.954304 0.954304
3119.511963 0.000000 2530.187988 0.000000 0.664597 0.000000 0.747202 0.548548 0.548548 0.548548
3118.836182 0.000000 2531.443359 0.000000 0.949787 0.000000 0.312899 0.674025 0.674025 0.674025
3116.788086 0.000000 2530.316162 0.000000 0.931121 0.000000 -0.364711 0.839124 0.839124 0.839124
3162.956787 0.000000 2521.411133 0.000000 0.413385 0.000000 -0.910556 1.023260 1.023260 1.023260
3156.885010 0.000000 2495.535645 0.000000 0.757937 0.000000 -0.652328 0.919655 0.919655 0.919655
3158.492676 0.000000 2516.455322 0.000000 0.867158 0.000000 0.498033 0.625542 0.625542 0.625542
3156.121826 0.000000 2510.049316 0.000000 0.068194 0.000000 0.997672 0.391293 0.391293 0.391293
3166.794434 0.000000 2525.415527 0.000000 0.855778 0.000000 0.517344 0.620191 0.620191 0.620191
3152.068604 0.000000 2496.868896 0.000000 0.458345 0.000000 0.888774 0.488668 0.488668 0.488668
3160.994141 0.000000 2495.456787 0.000000 0.260449 0.000000 -0.965488 1.062097 1.062097 1.062097
3146.665527 0.000000 2495.491943 0.000000 0.834494 0.000000 -0.551018 0.889320 0.889320 0.889320
3163.040771 0.000000 2525.247803 0.000000 0.747103 0.000000 0.664708 0.576417 0.576417 0.576417
3160.362793 0.000000 2519.238770 0.000000 0.734728 0.000000 -0.678362 0.927982 0.927982 0.927982
3166.117432 0.000000 2520.837402 0.000000 0.362727 0.000000 -0.931895 1.036384 1.036384 1.036384
3149.505859 0.000000 2495.404297 0.000000 0.668059 0.000000 -0.744108 0.950344 0.950344 0.950344
3152.063965 0.000000 2499.712646 0.000000 0.943079 0.000000 0.332567 0.669064 0.669064 0.669064
3160.131348 0.000000 2522.215576 0.000000 0.776974 0.000000 0.629532 0.587435 0.587435 0.587435
3163.162354 0.000000 2518.589844 0.000000 0.262014 0.000000 0.965064 0.438290 0.438290 0.438290
3164.931152 0.000000 2523.239990 0.000000 0.134766 0.000000 -0.990878 1.092729 1.092729 1.092729
3156.874512 0.000000 2512.170410 0.000000 0.318773 0.000000 0.947831 0.452453 0.452453 0.452453
3159.993652 0.000000 2514.790039 0.000000 0.321524 0.000000 -0.946902 1.046854 1.046854 1.046854
3156.134521 0.000000 2516.515625 0.000000 0.914830 0.000000 -0.403839 0.849243 0.849243 0.849243
3157.746582 0.000000 2514.455322 0.000000 0.114015 0.000000 -0.993479 1.097721 1.097721 1.097721
3164.981445 0.000000 2526.436279 0.000000 0.255104 0.000000 0.966914 0.436582 0.436582 0.436582
3160.394043 0.000000 2517.233887 0.000000 0.383010 0.000000 0.923744 0.468834 0.468834 0.468834
3166.882568 0.000000 2522.855957 0.000000 0.961511 0.000000 0.274766 0.683550 0.683550 0.683550
3164.884033 0.000000 2519.401123 0.000000 0.982841 0.000000 -0.184453 0.794288 0.794288 0.794288
3163.037109 0.000000 2523.390625 0.000000 0.062987 0.000000 0.998014 0.390047 0.390047 0.390047
3158.513672 0.000000 2519.613770 0.000000 0.700434 0.000000 0.713717 0.560258 0.560258 0.560258
3161.222900 0.000000 2520.806396 0.000000 0.908323 0.000000 0.418269 0.646978 0.646978 0.646978
3164.732422 0.000000 2524.849609 0.000000 0.733124 0.000000 -0.680095 0.928546 0.928546 0.928546
3164.645508 0.000000 2521.555420 0.000000 0.862556 0.000000 0.505961 0.623353 0.623353 0.623353
3150.378662 0.000000 2496.776611 0.000000 0.358620 0.000000 0.933484 0.462564 0.462564 0.462564
3158.909912 0.000000 2518.000000 0.000000 0.943592 0.000000 0.331110 0.669433 0.669433 0.669433
3161.786865 0.000000 2522.489990 0.000000 0.988877 0.000000 0.148736 0.714360 0.714360 0.714360
3159.592529 0.000000 2520.742188 0.000000 0.920466 0.000000 -0.390823 0.845857 0.845857 0.845857
3161.562500 0.000000 2518.321777 0.000000 0.070806 0.000000 0.997490 0.391918 0.391918 0.391918
3152.887451 0.000000 2498.182861 0.000000 0.928340 0.000000 0.371732 0.659073 0.659073 0.659073
3162.426758 0.000000 2519.916260 0.000000 0.263569 0.000000 -0.964640 1.061325 1.061325 1.061325
3166.072266 0.000000 2524.150391 0.000000 0.994633 0.000000 -0.103467 0.774745 0.774745 0.774745
3158.722412 0.000000 2521.897461 0.000000 0.138096 0.000000 -0.990419 1.091926 1.091926 1.091926
3163.787354 0.000000 2520.288086 0.000000 0.909711 0.000000 -0.415241 0.852227 0.852227 0.852227
3164.537842 0.000000 2518.039551 0.000000 0.876994 0.000000 -0.480502 0.869659 0.869659 0.869659
3156.575684 0.000000 2515.180664 0.000000 0.494340 0.000000 0.869269 0.498443 0.498443 0.498443
3167.595459 0.000000 2524.115967 0.000000 0.814976 0.000000 -0.579495 0.897563 0.897563 0.897563
3167.023193 0.000000 2526.732666 0.000000 0.425407 0.000000 0.905002 0.479902 0.479902 0.479902
3165.797607 0.000000 2522.157959 0.000000 0.411736 0.000000 0.911303 0.476308 0.476308 0.476308
3157.816895 0.000000 2513.108398 0.000000 0.256397 0.000000 -0.966572 1.063098 1.063098 1.063098
3159.803223 0.000000 2516.144531 0.000000 0.778764 0.000000 0.627317 0.588115 0.588115 0.588115
3167.170654 0.000000 2521.586670 0.000000 0.261793 0.000000 0.965124 0.438235 0.438235 0.438235
3163.664551 0.000000 2522.370361 0.000000 0.274425 0.000000 0.961609 0.441366 0.441366 0.441366
3156.652588 0.000000 2513.436768 0.000000 0.686818 0.000000 -0.726829 0.944255 0.944255 0.944255
3165.598145 0.000000 2518.420898 0.000000 0.904912 0.000000 -0.425599 0.854953 0.854953 0.854953
3165.645508 0.000000 2525.510986 0.000000 0.943027 0.000000 0.332716 0.669026 0.669026 0.669026
3165.038330 0.000000 2520.531982 0.000000 0.018946 0.000000 -0.999821 1.120477 1.120477 1.120477
3165.994629 0.000000 2519.581055 0.000000 0.026472 0.000000 -0.999650 1.118680 1.118680 1.118680
3161.362549 0.000000 2519.623291 0.000000 0.097624 0.000000 0.995223 0.398343 0.398343 0.398343
3167.838379 0.000000 2520.490967 0.000000 0.050229 0.000000 0.998738 0.386996 0.386996 0.386996
3172.002197 0.000000 2525.103027 0.000000 0.753187 0.000000 0.657806 0.578614 0.578614 0.578614
3179.117188 0.000000 2504.518066 0.000000 0.244571 0.000000 -0.969631 1.066015 1.066015 1.066015
3168.433838 0.000000 2527.304932 0.000000 0.871349 0.000000 0.490664 0.627566 0.627566 0.627566
3168.551514 0.000000 2523.908936 0.000000 0.986042 0.000000 0.166497 0.710066 0.710066 0.710066
3175.282227 0.000000 2526.066895 0.000000 0.995852 0.000000 0.090993 0.728247 0.728247 0.728247
3169.882324 0.000000 2525.655029 0.000000 0.402440 0.000000 -0.915446 1.026122 1.026122 1.026122
3173.402100 0.000000 2526.682617 0.000000 0.682962 0.000000 0.730454 0.554481 0.554481 0.554481
3169.046631 0.000000 2522.124756 0.000000 0.355103 0.000000 0.934827 0.461666 0.461666 0.461666
3167.699951 0.000000 2525.590332 0.000000 0.225526 0.000000 0.974237 0.429307 0.429307 0.429307
3171.290771 0.000000 2526.780518 0.000000 0.999566 0.000000 -0.029443 0.757030 0.757030 0.757030
3167.680176 0.000000 2522.728271 0.000000 0.881303 0.000000 -0.472552 0.867500 0.867500 0.867500
3169.708252 0.000000 2526.999023 0.000000 0.820062 0.000000 0.572275 0.604546 0.604546 0.604546
3168.881348 0.000000 2525.058350 0.000000 0.369344 0.000000 -0.929293 1.034687 1.034687 1.034687
3168.833496 0.000000 2526.231201 0.000000 0.775804 0.000000 0.630974 0.586991 0.586991 0.586991
3169.623291 0.000000 2524.222656 0.000000 0.019868 0.000000 0.999803 0.379743 0.379743 0.379743
3166.610352 0.000000 2527.624023 0.000000 0.997721 0.000000 -0.067469 0.766119 0.766119 0.766119
3179.875488 0.000000 2531.163574 0.000000 0.627991 0.000000 -0.778221 0.962908 0.962908 0.962908
3196.891846 0.000000 2528.613770 0.000000 0.653377 0.000000 0.757033 0.544986 0.544986 0.544986
3174.073975 0.000000 2527.679443 0.000000 0.833462 0.000000 -0.552577 0.889767 0.889767 0.889767
3179.239014 0.000000 2542.752197 0.000000 0.879971 0.000000 0.475028 0.631829 0.631829 0.631829
3188.117920 0.000000 2542.041504 0.000000 0.451374 0.000000 0.892335 0.486800 0.486800 0.486800
3171.737305 0.000000 2549.474365 0.000000 0.464075 0.000000 -0.885796 1.009790 1.009790 1.009790
3192.659912 0.000000 2541.286865 0.000000 0.094458 0.000000 -0.995529 1.102416 1.102416 1.102416
3171.343506 0.000000 2538.101074 0.000000 0.914876 0.000000 0.403735 0.650784 0.650784 0.650784
3175.986572 0.000000 2531.629395 0.000000 0.430585 0.000000 0.902550 0.481269 0.481269 0.481269
3176.039551 0.000000 2545.070068 0.000000 0.733290 0.000000 -0.679916 0.928488 0.928488 0.928488
3184.061279 0.000000 2541.833984 0.000000 0.662845 0.000000 0.748757 0.547988 0.547988 0.547988
3172.101807 0.000000 2545.649658 0.000000 0.250993 0.000000 -0.967989 1.064432 1.064432 1.064432
3172.588623 0.000000 2530.502686 0.000000 0.725787 0.000000 -0.687920 0.931107 0.931107 0.931107
3181.850830 0.000000 2544.163574 0.000000 0.091718 0.000000 -0.995785 1.103073 1.103073 1.103073
3199.559082 0.000000 2532.447998 0.000000 0.961397 0.000000 0.275166 0.683450 0.683450 0.683450
3198.697021 0.000000 2536.330322 0.000000 0.897805 0.000000 0.440394 0.641129 0.641129 0.641129
3170.925537 0.000000 2527.751221 0.000000 0.966591 0.000000 -0.256323 0.811883 0.811883 0.811883
3177.811523 0.000000 2533.897461 0.000000 0.078845 0.000000 0.996887 0.393842 0.393842 0.393842
3185.888184 0.000000 2543.975586 0.000000 0.627575 0.000000 0.778556 0.536964 0.536964 0.536964
3192.655518 0.000000 2534.501465 0.000000 0.926453 0.000000 -0.376410 0.842131 0.842131 0.842131
3173.979004 0.000000 2538.773193 0.000000 0.102823 0.000000 -0.994700 1.100409 1.100409 1.100409
3176.460938 0.000000 2529.003174 0.000000 0.896995 0.000000 -0.442040 0.859309 0.859309 0.859309
3175.834961 0.000000 2542.270996 0.000000 0.733853 0.000000 0.679308 0.571710 0.571710 0.571710
3170.566162 0.000000 2540.763184 0.000000 0.283669 0.000000 -0.958922 1.056336 1.056336 1.056336
3170.278076 0.000000 2547.393066 0.000000 0.772857 0.000000 0.634581 0.585880 0.585880 0.585880
3190.565918 0.000000 2542.364014 0.000000 0.728827 0.000000 0.684698 0.569951 0.569951 0.569951
3181.433350 0.000000 2541.868896 0.000000 0.999842 0.000000 0.017757 0.745761 0.745761 0.745761
3180.206543 0.000000 2533.562256 0.000000 0.269469 0.000000 -0.963009 1.059864 1.059864 1.059864
3173.885254 0.000000 2544.104736 0.000000 0.674078 0.000000 -0.738661 0.948406 0.948406 0.948406
3188.870605 0.000000 2544.162598 0.000000 0.552970 0.000000 -0.833201 0.985121 0.985121 0.985121
3194.728271 0.000000 2533.632568 0.000000 0.734282 0.000000 -0.678844 0.928139 0.928139 0.928139
3178.252930 0.000000 2544.812500 0.000000 0.910632 0.000000 0.413219 0.648303 0.648303 0.648303
3182.620605 0.000000 2540.021484 0.000000 0.987979 0.000000 0.154585 0.712947 0.712947 0.712947
3178.505371 0.000000 2540.737061 0.000000 0.191869 0.000000 0.981421 0.421091 0.421091 0.421091
3177.860840 0.000000 2530.773193 0.000000 0.730082 0.000000 -0.683360 0.929611 0.929611 0.929611
3174.621826 0.000000 2530.052002 0.000000 0.221897 0.000000 0.975070 0.428419 0.428419 0.428419
3174.619629 0.000000 2540.693604 0.000000 0.874891 0.000000 -0.484319 0.870700 0.870700 0.870700
3172.439697 0.000000 2540.016357 0.000000 0.232768 0.000000 0.972532 0.431084 0.431084 0.431084
3186.348633 0.000000 2541.498779 0.000000 0.307824 0.000000 -0.951443 1.050300 1.050300 1.050300
3169.139893 0.000000 2528.455811 0.000000 0.658915 0.000000 -0.752218 0.953262 0.953262 0.953262
3173.891113 0.000000 2545.943848 0.000000 0.110239 0.000000 -0.993905 1.098629 1.098629 1.098629
3172.513184 0.000000 2528.729248 0.000000 0.664260 0.000000 -0.747502 0.951560 0.951560 0.951560
3180.014160 0.000000 2544.377441 0.000000 0.931378 0.000000 -0.364054 0.838956 0.838956 0.838956
3177.454834 0.000000 2543.092285 0.000000 0.420769 0.000000 -0.907168 1.021320 1.021320 1.021320
3195.944336 0.000000 2535.296387 0.000000 0.045915 0.000000 0.998945 0.385965 0.385965 0.385965
3171.012207 0.000000 2529.470703 0.000000 0.043598 0.000000 0.999049 0.385412 0.385412 0.385412
3182.747070 0.000000 2542.838379 0.000000 0.750852 0.000000 0.660471 0.577768 0.577768 0.577768
3187.369873 0.000000 2543.476318 0.000000 0.731555 0.000000 0.681783 0.570904 0.570904 0.570904
3167.676758 0.000000 2527.951172 0.000000 0.968962 0.000000 0.247210 0.690365 0.690365 0.690365
3174.415039 0.000000 2542.717529 0.000000 0.833359 0.000000 0.552732 0.610189 0.610189 0.610189
3170.806396 0.000000 2544.707764 0.000000 0.263071 0.000000 0.964776 0.438552 0.438552 0.438552
3198.197754 0.000000 2532.927002 0.000000 0.992734 0.000000 0.120332 0.721203 0.721203 0.721203
3180.754883 0.000000 2543.144531 0.000000 0.307899 0.000000 0.951419 0.449719 0.449719 0.449719
3185.260010 0.000000 2542.696045 0.000000 0.767637 0.000000 0.640885 0.583926 0.583926 0.583926
3175.499268 0.000000 2543.668213 0.000000 0.392784 0.000000 0.919631 0.471366 0.471366 0.471366
3173.799316 0.000000 2528.984863 0.000000 0.433466 0.000000 -0.901170 1.017968 1.017968 1.017968
3242.088623 0.000000 2492.921631 0.000000 0.302141 0.000000 0.953263 0.448276 0.448276 0.448276
3258.945068 0.000000 2489.418945 0.000000 0.929119 0.000000 0.369781 0.659575 0.659575 0.659575
3249.285645 0.000000 2490.508545 0.000000 0.921421 0.000000 -0.388566 0.845272 0.845272 0.845272
3247.230225 0.000000 2495.244629 0.000000 0.923041 0.000000 -0.384701 0.844272 0.844272 0.844272
3255.435059 0.000000 2493.085693 0.000000 0.209610 0.000000 0.977785 0.425415 0.425415 0.425415
3262.782715 0.000000 2493.423340 0.000000 0.051700 0.000000 0.998663 0.387348 0.387348 0.387348
3245.640381 0.000000 2491.833008 0.000000 0.862568 0.000000 0.505941 0.623359 0.623359 0.623359
3242.512207 0.000000 2489.297119 0.000000 0.984959 0.000000 -0.172790 0.791459 0.791459 0.791459
3259.029053 0.000000 2493.255615 0.000000 0.987823 0.000000 0.155579 0.712707 0.712707 0.712707
3262.105713 0.000000 2488.845215 0.000000 0.649149 0.000000 0.760661 0.543656 0.543656 0.543656
3256.119629 0.000000 2490.223389 0.000000 0.195892 0.000000 0.980625 0.422070 0.422070 0.422070
3260.919434 0.000000 2491.247803 0.000000 0.743876 0.000000 -0.668318 0.924739 0.924739 0.924739
3242.917969 0.000000 2486.405273 0.000000 0.507100 0.000000 -0.861887 0.998038 0.998038 0.998038
3248.802246 0.000000 2493.177246 0.000000 0.971591 0.000000 0.236665 0.692959 0.692959 0.692959
3244.186523 0.000000 2494.393311 0.000000 0.792585 0.000000 0.609762 0.593449 0.593449 0.593449
3246.068115 0.000000 2489.419922 0.000000 0.968840 0.000000 -0.247689 0.809753 0.809753 0.809753
3253.512451 0.000000 2494.678223 0.000000 0.957714 0.000000 -0.287723 0.819674 0.819674 0.819674
3249.617676 0.000000 2495.273926 0.000000 1.000000 0.000000 0.000479 0.749886 0.749886 0.749886
3243.569336 0.000000 2491.327881 0.000000 0.740837 0.000000 0.671685 0.574178 0.574178 0.574178
3257.282959 0.000000 2492.027344 0.000000 0.091170 0.000000 0.995835 0.396796 0.396796 0.396796
3259.090820 0.000000 2495.341797 0.000000 0.917058 0.000000 -0.398753 0.847918 0.847918 0.847918
3257.120605 0.000000 2494.502197 0.000000 0.451827 0.000000 -0.892105 1.013079 1.013079 1.013079
3242.867188 0.000000 2484.421875 0.000000 0.652918 0.000000 0.757428 0.544842 0.544842 0.544842
3262.870850 0.000000 2490.863770 0.000000 0.919560 0.000000 0.392950 0.653591 0.653591 0.653591
3247.570557 0.000000 2491.592529 0.000000 0.099653 0.000000 0.995022 0.398830 0.398830 0.398830
3244.299805 0.000000 2488.696045 0.000000 0.969904 0.000000 -0.243486 0.808718 0.808718 0.808718
3246.785156 0.000000 2493.405029 0.000000 0.564009 0.000000 -0.825769 0.981944 0.981944 0.981944
3259.025391 0.000000 2491.398438 0.000000 0.650612 0.000000 0.759410 0.544116 0.544116 0.544116
3244.371094 0.000000 2492.827637 0.000000 0.995797 0.000000 -0.091589 0.771896 0.771896 0.771896
3244.784668 0.000000 2490.359375 0.000000 0.153988 0.000000 -0.988073 1.088091 1.088091 1.088091
3243.029297 0.000000 2487.897461 0.000000 0.045367 0.000000 0.998970 0.385834 0.385834 0.385834
3242.234619 0.000000 2490.727051 0.000000 0.906142 0.000000 0.422973 0.645740 0.645740 0.645740
3241.463623 0.000000 2486.269043 0.000000 0.480938 0.000000 -0.876755 1.005222 1.005222 1.005222
3248.416748 0.000000 2494.537842 0.000000 0.579854 0.000000 -0.814721 0.977332 0.977332 0.977332
3246.529297 0.000000 2490.730713 0.000000 0.997833 0.000000 0.065797 0.734281 0.734281 0.734281
3249.976318 0.000000 2493.787842 0.000000 0.137570 0.000000 0.990492 0.407947 0.407947 0.407947
3245.520020 0.000000 2493.246582 0.000000 0.994209 0.000000 -0.107461 0.775704 0.775704 0.775704
3247.724854 0.000000 2492.788086 0.000000 0.999751 0.000000 -0.022325 0.755330 0.755330 0.755330
3246.639160 0.000000 2492.277100 0.000000 0.559197 0.000000 -0.829035 0.983332 0.983332 0.983332
3211.871582 0.000000 2499.171387 0.000000 0.126133 0.000000 -0.992013 1.094807 1.094807 1.094807
3216.075439 0.000000 2514.286865 0.000000 0.620893 0.000000 0.783895 0.534922 0.534922 0.534922
3222.484863 0.000000 2516.455322 0.000000 0.996259 0.000000 0.086413 0.729345 0.729345 0.729345
3206.070068 0.000000 2495.687256 0.000000 0.492262 0.000000 0.870447 0.497872 0.497872 0.497872
3220.114014 0.000000 2510.049316 0.000000 0.012634 0.000000 0.999920 0.378016 0.378016 0.378016
3203.733398 0.000000 2517.482178 0.000000 0.008228 0.000000 -0.999966 1.123036 1.123036 1.123036
3206.804199 0.000000 2521.243652 0.000000 0.936109 0.000000 0.351710 0.664200 0.664200 0.664200
3207.982666 0.000000 2499.637207 0.000000 0.901510 0.000000 0.432758 0.643155 0.643155 0.643155
3210.657715 0.000000 2495.491943 0.000000 0.116949 0.000000 0.993138 0.402984 0.402984 0.402984
3219.686768 0.000000 2514.138672 0.000000 0.323488 0.000000 0.946232 0.453642 0.453642 0.453642
3225.982666 0.000000 2515.765381 0.000000 0.060503 0.000000 -0.998168 1.110547 1.110547 1.110547
3210.516113 0.000000 2521.289307 0.000000 0.105523 0.000000 -0.994417 1.099761 1.099761 1.099761
3203.026611 0.000000 2521.636719 0.000000 0.940552 0.000000 -0.339651 0.832732 0.832732 0.832732
3213.846924 0.000000 2512.171387 0.000000 0.811389 0.000000 0.584507 0.600966 0.600966 0.600966
3210.921875 0.000000 2518.397461 0.000000 0.979397 0.000000 -0.201943 0.798544 0.798544 0.798544
3206.465332 0.000000 2518.574707 0.000000 0.999243 0.000000 -0.038895 0.759288 0.759288 0.759288
3206.184326 0.000000 2523.756104 0.000000 0.864032 0.000000 -0.503437 0.875949 0.875949 0.875949
3208.815430 0.000000 2519.556641 0.000000 0.755390 0.000000 0.655275 0.579414 0.579414 0.579414
3208.706787 0.000000 2522.891113 0.000000 0.992868 0.000000 0.119223 0.721470 0.721470 0.721470
3204.407959 0.000000 2519.691650 0.000000 0.682960 0.000000 -0.730456 0.945519 0.945519 0.945519
3217.989014 0.000000 2515.699219 0.000000 0.240971 0.000000 0.970532 0.433099 0.433099 0.433099
3223.985840 0.000000 2514.790039 0.000000 0.633168 0.000000 -0.774015 0.961316 0.961316 0.961316
3214.030273 0.000000 2514.807373 0.000000 0.382503 0.000000 0.923954 0.468703 0.468703 0.468703
3209.856934 0.000000 2498.781006 0.000000 0.081087 0.000000 -0.996707 1.105621 1.105621 1.105621
3221.738770 0.000000 2514.455322 0.000000 0.999932 0.000000 0.011628 0.747224 0.747224 0.747224
3216.003418 0.000000 2512.368652 0.000000 0.663951 0.000000 -0.747776 0.951659 0.951659 0.951659
3217.849121 0.000000 2513.777100 0.000000 0.065655 0.000000 -0.997842 1.109315 1.109315 1.109315
3208.643311 0.000000 2521.218994 0.000000 0.836707 0.000000 -0.547651 0.888358 0.888358 0.888358
3210.696533 0.000000 2497.405029 0.000000 0.435664 0.000000 -0.900110 1.017385 1.017385 1.017385
3214.778076 0.000000 2513.427490 0.000000 0.916511 0.000000 0.400008 0.651755 0.651755 0.651755
3216.488525 0.000000 2515.713135 0.000000 0.585586 0.000000 -0.810610 0.975648 0.975648 0.975648
3207.966797 0.000000 2518.262451 0.000000 0.598488 0.000000 0.801132 0.528174 0.528174 0.528174
3207.343262 0.000000 2519.803711 0.000000 0.996022 0.000000 -0.089102 0.771300 0.771300 0.771300
3205.892090 0.000000 2519.933105 0.000000 0.179067 0.000000 -0.983837 1.082019 1.082019 1.082019
3219.091797 0.000000 2512.854004 0.000000 0.959704 0.000000 -0.281014 0.818003 0.818003 0.818003
3220.567871 0.000000 2515.180664 0.000000 0.905915 0.000000 -0.423459 0.854388 0.854388 0.854388
3204.159668 0.000000 2521.015625 0.000000 0.967736 0.000000 -0.251966 0.810808 0.810808 0.810808
3205.152100 0.000000 2518.610596 0.000000 0.759949 0.000000 0.649982 0.581082 0.581082 0.581082
3221.809082 0.000000 2513.108398 0.000000 0.741452 0.000000 0.671006 0.574397 0.574397 0.574397
3209.647949 0.000000 2520.442383 0.000000 0.773861 0.000000 -0.633355 0.913742 0.913742 0.913742
3222.881592 0.000000 2513.979736 0.000000 0.781219 0.000000 0.624256 0.589051 0.589051 0.589051
3220.644775 0.000000 2513.436768 0.000000 0.294317 0.000000 -0.955708 1.053681 1.053681 1.053681
3216.780762 0.000000 2513.299316 0.000000 0.278058 0.000000 -0.960564 1.057732 1.057732 1.057732
3205.533691 0.000000 2521.162109 0.000000 0.880130 0.000000 0.474733 0.631909 0.631909 0.631909
3252.873291 0.000000 2495.535645 0.000000 0.873817 0.000000 -0.486255 0.871228 0.871228 0.871228
3256.016846 0.000000 2499.839355 0.000000 0.771614 0.000000 -0.636092 0.914587 0.914587 0.914587
3248.056885 0.000000 2496.868896 0.000000 0.780014 0.000000 0.625762 0.588591 0.588591 0.588591
3256.982422 0.000000 2495.456787 0.000000 0.643753 0.000000 -0.765233 0.958032 0.958032 0.958032
3259.081787 0.000000 2499.197754 0.000000 0.131942 0.000000 0.991257 0.406591 0.406591 0.406591
3245.494141 0.000000 2495.404297 0.000000 0.805666 0.000000 -0.592370 0.901356 0.901356 0.901356
3248.052246 0.000000 2499.712646 0.000000 0.922794 0.000000 -0.385295 0.844425 0.844425 0.844425
3250.784424 0.000000 2497.193359 0.000000 0.612978 0.000000 0.790100 0.532521 0.532521 0.532521
3258.720459 0.000000 2501.640381 0.000000 0.873916 0.000000 0.486076 0.628821 0.628821 0.628821
3258.846191 0.000000 2496.372070 0.000000 0.972407 0.000000 0.233290 0.693788 0.693788 0.693788
3249.531006 0.000000 2495.556641 0.000000 0.706214 0.000000 0.707998 0.562199 0.562199 0.562199
3257.642090 0.000000 2500.155518 0.000000 0.185630 0.000000 0.982620 0.419574 0.419574 0.419574
3259.733887 0.000000 2497.765869 0.000000 0.718323 0.000000 -0.695710 0.933683 0.933683 0.933683
3246.366943 0.000000 2496.776611 0.000000 0.043157 0.000000 0.999068 0.385306 0.385306 0.385306
3247.416992 0.000000 2495.423828 0.000000 0.599424 0.000000 -0.800432 0.971547 0.971547 0.971547
3250.949463 0.000000 2495.615723 0.000000 0.139543 0.000000 -0.990216 1.091578 1.091578 1.091578
3249.477783 0.000000 2497.022461 0.000000 0.218841 0.000000 -0.975761 1.072329 1.072329 1.072329
3248.457520 0.000000 2495.826660 0.000000 0.203034 0.000000 -0.979172 1.076190 1.076190 1.076190
3201.457031 0.000000 2530.261963 0.000000 0.048496 0.000000 0.998823 0.386582 0.386582 0.386582
3203.339600 0.000000 2538.101074 0.000000 0.997784 0.000000 -0.066541 0.765897 0.765897 0.765897
3203.411377 0.000000 2533.490479 0.000000 0.108683 0.000000 0.994076 0.400998 0.400998 0.400998
3205.975098 0.000000 2538.773193 0.000000 0.889775 0.000000 0.456400 0.636854 0.636854 0.636854
3200.799805 0.000000 2532.895264 0.000000 0.721276 0.000000 -0.692648 0.932667 0.932667 0.932667
3200.084717 0.000000 2538.184814 0.000000 0.993025 0.000000 -0.117901 0.778212 0.778212 0.778212
3204.601074 0.000000 2536.207275 0.000000 0.595874 0.000000 -0.803078 0.972604 0.972604 0.972604
3201.666748 0.000000 2537.396729 0.000000 0.999918 0.000000 -0.012803 0.753056 0.753056 0.753056
3204.973877 0.000000 2534.521973 0.000000 0.574405 0.000000 -0.818572 0.978925 0.978925 0.978925
3204.837891 0.000000 2537.742676 0.000000 0.997137 0.000000 -0.075622 0.768071 0.768071 0.768071
3200.494385 0.000000 2536.690186 0.000000 0.300224 0.000000 0.953869 0.447796 0.447796 0.447796
3203.356689 0.000000 2536.715820 0.000000 0.271501 0.000000 -0.962438 1.059360 1.059360 1.059360
3205.763428 0.000000 2536.706299 0.000000 0.982385 0.000000 0.186869 0.705124 0.705124 0.705124
3199.622803 0.000000 2532.384766 0.000000 0.333874 0.000000 0.942618 0.456267 0.456267 0.456267
3663.458252 0.000000 2442.050781 0.000000 0.974475 0.000000 0.224497 0.695945 0.695945 0.695945
3656.494873 0.000000 2443.710938 0.000000 0.687036 0.000000 0.726623 0.555816 0.555816 0.555816
3657.134766 0.000000 2442.506592 0.000000 0.726890 0.000000 0.686753 0.569276 0.569276 0.569276
3657.752197 0.000000 2443.727295 0.000000 0.880080 0.000000 -0.474825 0.868117 0.868117 0.868117
7235.605957 0.000000 530.141785 0.000000 0.592865 0.000000 -0.805302 0.973498 0.973498 0.973498
7234.325684 0.000000 530.564087 0.000000 0.946162 0.000000 0.323693 0.671307 0.671307 0.671307
4175.395996 0.000000 2442.050781 0.000000 0.737179 0.000000 -0.675698 0.927118 0.927118 0.927118
4172.383301 0.000000 2443.671875 0.000000 0.996536 0.000000 0.083164 0.730123 0.730123 0.730123
4170.382324 0.000000 2442.650879 0.000000 0.264524 0.000000 0.964379 0.438911 0.438911 0.438911
4173.641602 0.000000 2442.384277 0.000000 0.948543 0.000000 0.316649 0.673082 0.673082 0.673082
4687.333496 0.000000 2442.050781 0.000000 0.147805 0.000000 -0.989017 1.089584 1.089584 1.089584
4689.874023 0.000000 2443.663086 0.000000 0.146362 0.000000 -0.989231 1.089933 1.089933 1.089933
4688.552734 0.000000 2442.871338 0.000000 0.199811 0.000000 -0.979834 1.076975 1.076975 1.076975
5206.966797 0.000000 2443.391846 0.000000 0.997025 0.000000 -0.077081 0.768420 0.768420 0.768420
5205.829102 0.000000 2443.372803 0.000000 0.655461 0.000000 0.755229 0.545644 0.545644 0.545644
5725.162109 0.000000 2443.056885 0.000000 0.698389 0.000000 -0.715719 0.940426 0.940426 0.940426
5721.230957 0.000000 2442.793213 0.000000 0.067537 0.000000 0.997717 0.391136 0.391136 0.391136
5718.904297 0.000000 2443.391846 0.000000 0.480287 0.000000 -0.877111 1.005399 1.005399 1.005399
5720.249512 0.000000 2443.883057 0.000000 0.924640 0.000000 -0.380842 0.843274 0.843274 0.843274
6078.542969 0.000000 2355.947998 0.000000 0.236506 0.000000 -0.971630 1.067998 1.067998 1.067998
6084.673828 0.000000 2350.052002 0.000000 0.987584 0.000000 -0.157095 0.787660 0.787660 0.787660
6086.350098 0.000000 2343.546387 0.000000 0.993715 0.000000 -0.111938 0.776779 0.776779 0.776779
6079.565430 0.000000 2354.487793 0.000000 0.445905 0.000000 -0.895080 1.014661 1.014661 1.014661
6085.562988 0.000000 2341.141357 0.000000 0.437604 0.000000 -0.899168 1.016870 1.016870 1.016870
6086.557129 0.000000 2345.289795 0.000000 0.046660 0.000000 0.998911 0.386143 0.386143 0.386143
6084.105469 0.000000 2340.205811 0.000000 0.263784 0.000000 0.964582 0.438728 0.438728 0.438728
6086.116211 0.000000 2342.298340 0.000000 0.951671 0.000000 0.307119 0.675476 0.675476 0.675476
6087.432129 0.000000 2344.192627 0.000000 0.058585 0.000000 0.998282 0.388994 0.388994 0.388994
6084.551270 0.000000 2351.271240 0.000000 0.172748 0.000000 -0.984966 1.083552 1.083552 1.083552
6084.248535 0.000000 2341.457520 0.000000 0.805348 0.000000 -0.592803 0.901484 0.901484 0.901484
5970.990234 0.000000 2525.951660 0.000000 0.999237 0.000000 -0.039052 0.759326 0.759326 0.759326
5963.854980 0.000000 2526.385498 0.000000 0.199149 0.000000 0.979969 0.422863 0.422863 0.422863
5962.410156 0.000000 2526.853760 0.000000 0.776771 0.000000 0.629784 0.587358 0.587358 0.587358
5971.086914 0.000000 2524.561279 0.000000 0.972878 0.000000 0.231318 0.694272 0.694272 0.694272
5962.321777 0.000000 2527.484131 0.000000 0.946819 0.000000 0.321765 0.671793 0.671793 0.671793
5966.079590 0.000000 2534.195068 0.000000 0.899020 0.000000 0.437908 0.641790 0.641790 0.641790
5976.315918 0.000000 2534.501465 0.000000 0.913982 0.000000 0.405754 0.650257 0.650257 0.650257
5977.777832 0.000000 2534.919189 0.000000 0.320771 0.000000 -0.947157 1.047044 1.047044 1.047044
5967.396484 0.000000 2534.657471 0.000000 0.091894 0.000000 -0.995769 1.103031 1.103031 1.103031
5963.704590 0.000000 2527.461426 0.000000 0.474362 0.000000 -0.880330 1.007009 1.007009 1.007009
5976.052734 0.000000 2535.846191 0.000000 0.858635 0.000000 -0.512588 0.878485 0.878485 0.878485
5990.862793 0.000000 2554.706299 0.000000 0.079781 0.000000 -0.996812 1.105933 1.105933 1.105933
6136.570312 0.000000 2441.124512 0.000000 0.129509 0.000000 -0.991578 1.093995 1.093995 1.093995
6142.448730 0.000000 2442.026123 0.000000 0.771009 0.000000 -0.636825 0.914814 0.914814 0.914814
6142.668945 0.000000 2448.458740 0.000000 0.206802 0.000000 -0.978383 1.075271 1.075271 1.075271
6142.592773 0.000000 2443.590820 0.000000 0.956747 0.000000 0.290923 0.679528 0.679528 0.679528
6137.954590 0.000000 2441.689453 0.000000 0.578625 0.000000 -0.815594 0.977692 0.977692 0.977692
6142.660156 0.000000 2462.748291 0.000000 0.877275 0.000000 0.479987 0.630481 0.630481 0.630481
6137.550293 0.000000 2434.872314 0.000000 0.107588 0.000000 0.994196 0.400735 0.400735 0.400735
6139.473145 0.000000 2477.463135 0.000000 0.588807 0.000000 -0.808274 0.974698 0.974698 0.974698
6134.703125 0.000000 2465.165039 0.000000 0.939283 0.000000 -0.343142 0.833618 0.833618 0.833618
6142.247559 0.000000 2463.639648 0.000000 0.854770 0.000000 0.519007 0.619726 0.619726 0.619726
6138.155762 0.000000 2476.263184 0.000000 0.999535 0.000000 -0.030491 0.757280 0.757280 0.757280
6139.585449 0.000000 2471.312012 0.000000 0.636319 0.000000 -0.771426 0.960342 0.960342 0.960342
6135.916504 0.000000 2464.601074 0.000000 0.528448 0.000000 0.848966 0.507919 0.507919 0.507919
6139.472168 0.000000 2470.041016 0.000000 0.876424 0.000000 0.481541 0.630058 0.630058 0.630058
6197.153320 0.000000 2334.717285 0.000000 0.893696 0.000000 -0.448673 0.861078 0.861078 0.861078
6193.258301 0.000000 2335.312988 0.000000 0.754909 0.000000 0.655829 0.579239 0.579239 0.579239
6192.057617 0.000000 2334.576904 0.000000 0.772372 0.000000 -0.635171 0.914303 0.914303 0.914303
6187.508789 0.000000 2339.210449 0.000000 0.902810 0.000000 0.430041 0.643874 0.643874 0.643874
6196.514160 0.000000 2335.574707 0.000000 0.219966 0.000000 0.975508 0.427946 0.427946 0.427946
6194.275391 0.000000 2341.095703 0.000000 0.488999 0.000000 0.872284 0.496978 0.496978 0.496978
6199.657715 0.000000 2339.878418 0.000000 0.258484 0.000000 0.966016 0.437417 0.437417 0.437417
6180.221680 0.000000 2338.549561 0.000000 0.804954 0.000000 0.593337 0.598358 0.598358 0.598358
6196.931152 0.000000 2344.271240 0.000000 0.761236 0.000000 -0.648475 0.918445 0.918445 0.918445
6193.171875 0.000000 2335.595703 0.000000 0.979675 0.000000 -0.200589 0.798214 0.798214 0.798214
6179.329102 0.000000 2351.523193 0.000000 0.978626 0.000000 -0.205650 0.799448 0.799448 0.799448
6197.802246 0.000000 2340.416260 0.000000 0.925509 0.000000 0.378725 0.657272 0.657272 0.657272
6195.944336 0.000000 2340.570312 0.000000 0.489648 0.000000 0.871920 0.497156 0.497156 0.497156
6198.691406 0.000000 2343.260742 0.000000 0.800088 0.000000 -0.599882 0.903589 0.903589 0.903589
6198.332520 0.000000 2338.876953 0.000000 0.150038 0.000000 -0.988680 1.089045 1.089045 1.089045
6197.279297 0.000000 2345.816650 0.000000 0.521857 0.000000 0.853033 0.506070 0.506070 0.506070
6181.594727 0.000000 2339.578369 0.000000 0.539853 0.000000 -0.841759 0.988860 0.988860 0.988860
6195.163574 0.000000 2338.651611 0.000000 0.999849 0.000000 0.017383 0.745850 0.745850 0.745850
6186.558105 0.000000 2342.945068 0.000000 0.993235 0.000000 0.116117 0.722216 0.722216 0.722216
6178.351562 0.000000 2350.380615 0.000000 0.757484 0.000000 -0.652854 0.919821 0.919821 0.919821
6199.642090 0.000000 2338.375977 0.000000 0.781581 0.000000 0.623804 0.589190 0.589190 0.589190
6196.126953 0.000000 2345.297119 0.000000 0.487221 0.000000 0.873279 0.496492 0.496492 0.496492
6196.072266 0.000000 2341.823242 0.000000 0.677068 0.000000 -0.735920 0.947438 0.947438 0.947438
6194.736816 0.000000 2339.843018 0.000000 0.720702 0.000000 -0.693245 0.932865 0.932865 0.932865
6193.118652 0.000000 2337.061523 0.000000 0.544666 0.000000 -0.838653 0.987492 0.987492 0.987492
6201.542480 0.000000 2338.895752 0.000000 0.274826 0.000000 -0.961494 1.058535 1.058535 1.058535
6149.825195 0.000000 2427.779541 0.000000 0.134497 0.000000 0.990914 0.407206 0.407206 0.407206
6155.831543 0.000000 2430.408936 0.000000 0.987514 0.000000 0.157533 0.712234 0.712234 0.712234
6148.582520 0.000000 2426.197754 0.000000 0.708496 0.000000 -0.705715 0.937031 0.937031 0.937031
6154.386719 0.000000 2430.877197 0.000000 0.188373 0.000000 -0.982098 1.079759 1.079759 1.079759
6148.168457 0.000000 2427.666016 0.000000 0.385012 0.000000 -0.922911 1.030648 1.030648 1.030648
6205.895996 0.000000 2418.273193 0.000000 0.591636 0.000000 0.806205 0.526138 0.526138 0.526138
6206.511719 0.000000 2426.879395 0.000000 0.948270 0.000000 0.317466 0.672876 0.672876 0.672876
6204.361328 0.000000 2428.873047 0.000000 0.550451 0.000000 0.834868 0.514158 0.514158 0.514158
6205.701172 0.000000 2428.173828 0.000000 0.281385 0.000000 0.959595 0.443095 0.443095 0.443095
6205.193848 0.000000 2419.467773 0.000000 0.023200 0.000000 0.999731 0.380539 0.380539 0.380539
6206.799805 0.000000 2425.610107 0.000000 0.994017 0.000000 -0.109222 0.776127 0.776127 0.776127
6207.467773 0.000000 2424.514404 0.000000 0.128057 0.000000 0.991767 0.405656 0.405656 0.405656
6211.366211 0.000000 2421.505615 0.000000 0.609198 0.000000 -0.793018 0.968619 0.968619 0.968619
6237.156250 0.000000 2421.031738 0.000000 0.670963 0.000000 -0.741490 0.949411 0.949411 0.949411
6229.106445 0.000000 2425.130127 0.000000 0.673627 0.000000 -0.739072 0.948552 0.948552 0.948552
6231.988281 0.000000 2423.262207 0.000000 0.001819 0.000000 -0.999998 1.124566 1.124566 1.124566
6214.098633 0.000000 2422.598145 0.000000 0.990384 0.000000 0.138345 0.716866 0.716866 0.716866
6230.139160 0.000000 2423.637207 0.000000 0.637402 0.000000 0.770532 0.539993 0.539993 0.539993
6230.535156 0.000000 2422.023438 0.000000 0.402157 0.000000 0.915571 0.473805 0.473805 0.473805
6215.599609 0.000000 2422.285889 0.000000 0.966800 0.000000 -0.255533 0.811688 0.811688 0.811688
6214.976074 0.000000 2423.827148 0.000000 0.990233 0.000000 -0.139420 0.783393 0.783393 0.783393
6224.889160 0.000000 2414.727295 0.000000 0.808980 0.000000 0.587836 0.599985 0.599985 0.599985
6207.309570 0.000000 2426.751709 0.000000 0.941643 0.000000 -0.336613 0.831961 0.831961 0.831961
6210.792480 0.000000 2422.662109 0.000000 0.918792 0.000000 0.394741 0.653126 0.653126 0.653126
6210.785156 0.000000 2420.303223 0.000000 0.402446 0.000000 -0.915444 1.026120 1.026120 1.026120
6250.550781 0.000000 2422.420898 0.000000 0.902086 0.000000 0.431556 0.643474 0.643474 0.643474
6241.903320 0.000000 2419.424316 0.000000 0.309830 0.000000 0.950792 0.450204 0.450204 0.450204
6241.624512 0.000000 2423.297607 0.000000 0.913000 0.000000 0.407960 0.649680 0.649680 0.649680
6253.701172 0.000000 2425.435547 0.000000 0.729017 0.000000 -0.684495 0.929983 0.929983 0.929983
6241.187500 0.000000 2417.520020 0.000000 0.372841 0.000000 0.927895 0.466212 0.466212 0.466212
6247.845703 0.000000 2428.599854 0.000000 0.814235 0.000000 0.580535 0.602133 0.602133 0.602133
6247.362305 0.000000 2418.940674 0.000000 0.131066 0.000000 0.991374 0.406380 0.406380 0.406380
6245.030762 0.000000 2421.363037 0.000000 0.018246 0.000000 0.999834 0.379356 0.379356 0.379356
6250.662598 0.000000 2423.913086 0.000000 0.856272 0.000000 0.516526 0.620419 0.620419 0.620419
6240.515137 0.000000 2419.522949 0.000000 0.705236 0.000000 0.708973 0.561869 0.561869 0.561869
6241.038086 0.000000 2422.214111 0.000000 0.671830 0.000000 -0.740706 0.949131 0.949131 0.949131
6251.857910 0.000000 2423.319092 0.000000 0.699500 0.000000 -0.714633 0.940055 0.940055 0.940055
6246.579590 0.000000 2428.892822 0.000000 0.942840 0.000000 -0.333246 0.831108 0.831108 0.831108
6240.520996 0.000000 2423.772705 0.000000 0.984731 0.000000 -0.174083 0.791772 0.791772 0.791772
6145.098145 0.000000 2434.285400 0.000000 0.971114 0.000000 -0.238616 0.807520 0.807520 0.807520
6154.298340 0.000000 2431.507568 0.000000 0.634912 0.000000 -0.772584 0.960777 0.960777 0.960777
6144.188477 0.000000 2459.924561 0.000000 0.996444 0.000000 0.084259 0.729861 0.729861 0.729861
6153.448242 0.000000 2437.920898 0.000000 0.185833 0.000000 -0.982581 1.080376 1.080376 1.080376
6152.097656 0.000000 2433.026611 0.000000 0.241517 0.000000 0.970397 0.433234 0.433234 0.433234
6143.725586 0.000000 2442.208252 0.000000 0.831180 0.000000 0.556004 0.609251 0.609251 0.609251
6150.106445 0.000000 2454.590332 0.000000 0.941069 0.000000 -0.338214 0.832367 0.832367 0.832367
6146.237305 0.000000 2459.662109 0.000000 0.992861 0.000000 -0.119280 0.778544 0.778544 0.778544
6144.683594 0.000000 2458.140381 0.000000 0.251164 0.000000 -0.967945 1.064390 1.064390 1.064390
6150.549316 0.000000 2441.266357 0.000000 0.230141 0.000000 0.973157 0.430439 0.430439 0.430439
6146.648926 0.000000 2433.494141 0.000000 0.982603 0.000000 -0.185717 0.794595 0.794595 0.794595
6145.187500 0.000000 2456.739990 0.000000 0.331788 0.000000 0.943354 0.455739 0.455739 0.455739
6151.607422 0.000000 2454.278076 0.000000 0.118422 0.000000 0.992963 0.403338 0.403338 0.403338
6150.983887 0.000000 2455.819336 0.000000 0.916922 0.000000 0.399066 0.652001 0.652001 0.652001
6152.783691 0.000000 2436.587891 0.000000 0.204945 0.000000 -0.978774 1.075724 1.075724 1.075724
6155.681152 0.000000 2431.484863 0.000000 0.358766 0.000000 0.933428 0.462602 0.462602 0.462602
6143.922363 0.000000 2448.932617 0.000000 0.958802 0.000000 0.284075 0.681235 0.681235 0.681235
6145.065918 0.000000 2435.662842 0.000000 0.877967 0.000000 -0.478722 0.869175 0.869175 0.869175
6143.576172 0.000000 2443.515869 0.000000 0.997182 0.000000 0.075023 0.732073 0.732073 0.732073
6147.362793 0.000000 2458.705322 0.000000 0.928376 0.000000 0.371643 0.659096 0.659096 0.659096
6151.424316 0.000000 2440.169189 0.000000 0.999900 0.000000 -0.014131 0.753374 0.753374 0.753374
6145.803711 0.000000 2458.566650 0.000000 0.830869 0.000000 0.556468 0.609117 0.609117 0.609117
6144.440918 0.000000 2468.910889 0.000000 0.950452 0.000000 -0.310871 0.825466 0.825466 0.825466
6145.308105 0.000000 2475.190918 0.000000 0.448029 0.000000 -0.894019 1.014094 1.014094 1.014094
6143.313965 0.000000 2463.966797 0.000000 0.818315 0.000000 0.574769 0.603819 0.603819 0.603819
6147.305664 0.000000 2471.123535 0.000000 0.224627 0.000000 -0.974445 1.070913 1.070913 1.070913
6145.810059 0.000000 2468.982178 0.000000 0.493543 0.000000 -0.869722 1.001776 1.001776 1.001776
6144.849609 0.000000 2476.426270 0.000000 0.944362 0.000000 0.328909 0.669989 0.669989 0.669989
6146.217285 0.000000 2470.535889 0.000000 0.645208 0.000000 0.764007 0.542422 0.542422 0.542422
6237.099609 0.000000 2443.056885 0.000000 0.985376 0.000000 -0.170397 0.790879 0.790879 0.790879
6235.077637 0.000000 2442.546875 0.000000 0.023025 0.000000 -0.999735 1.119503 1.119503 1.119503
6221.396484 0.000000 2462.539307 0.000000 0.929152 0.000000 0.369697 0.659596 0.659596 0.659596
6236.170898 0.000000 2442.202637 0.000000 0.170664 0.000000 0.985329 0.415943 0.415943 0.415943
6239.713867 0.000000 2442.208252 0.000000 0.999772 0.000000 -0.021368 0.755102 0.755102 0.755102
6230.737793 0.000000 2473.101562 0.000000 0.540738 0.000000 0.841191 0.511391 0.511391 0.511391
6222.048340 0.000000 2470.210693 0.000000 0.833640 0.000000 -0.552308 0.889690 0.889690 0.889690
6228.580566 0.000000 2475.206299 0.000000 0.342444 0.000000 -0.939538 1.041559 1.041559 1.041559
6221.131348 0.000000 2463.412109 0.000000 0.856020 0.000000 -0.516943 0.879698 0.879698 0.879698
6226.421387 0.000000 2465.201172 0.000000 0.889056 0.000000 0.457799 0.636478 0.636478 0.636478
6213.547363 0.000000 2469.110107 0.000000 0.290987 0.000000 0.956727 0.445488 0.445488 0.445488
6221.733398 0.000000 2466.354004 0.000000 0.993583 0.000000 0.113108 0.722940 0.722940 0.722940
6219.933105 0.000000 2465.161621 0.000000 0.960589 0.000000 0.277972 0.682753 0.682753 0.682753
6225.720703 0.000000 2467.097656 0.000000 0.857479 0.000000 -0.514519 0.879022 0.879022 0.879022
6238.476562 0.000000 2477.060791 0.000000 0.901934 0.000000 0.431874 0.643389 0.643389 0.643389
6215.463867 0.000000 2469.813477 0.000000 0.816468 0.000000 0.577391 0.603053 0.603053 0.603053
6224.392578 0.000000 2469.612061 0.000000 0.999550 0.000000 -0.029991 0.757161 0.757161 0.757161
6230.687500 0.000000 2471.229492 0.000000 0.723786 0.000000 0.690024 0.568200 0.568200 0.568200
6212.089844 0.000000 2468.174561 0.000000 0.973628 0.000000 0.228141 0.695051 0.695051 0.695051
6218.329590 0.000000 2465.412842 0.000000 0.998106 0.000000 0.061521 0.735304 0.735304 0.735304
6224.512695 0.000000 2466.190674 0.000000 0.364674 0.000000 0.931135 0.464115 0.464115 0.464115
6224.972168 0.000000 2468.315186 0.000000 0.805193 0.000000 -0.593012 0.901546 0.901546 0.901546
6223.365234 0.000000 2470.673096 0.000000 0.027643 0.000000 -0.999618 1.118400 1.118400 1.118400
6227.688965 0.000000 2464.594482 0.000000 0.968421 0.000000 0.249320 0.689845 0.689845 0.689845
6214.781250 0.000000 2468.660400 0.000000 0.972509 0.000000 -0.232865 0.806108 0.806108 0.806108
6220.409668 0.000000 2466.331787 0.000000 0.947574 0.000000 -0.319535 0.827645 0.827645 0.827645
6212.232910 0.000000 2469.426270 0.000000 0.342601 0.000000 0.939481 0.458481 0.458481 0.458481
6239.588867 0.000000 2476.882324 0.000000 0.999551 0.000000 0.029952 0.742848 0.742848 0.742848
6245.788574 0.000000 2483.774414 0.000000 0.866794 0.000000 0.498666 0.625367 0.625367 0.625367
6242.985840 0.000000 2472.731445 0.000000 0.533400 0.000000 -0.845863 0.990685 0.990685 0.990685
6244.813477 0.000000 2482.914551 0.000000 0.721888 0.000000 -0.692010 0.932456 0.932456 0.932456
6173.899902 0.000000 2514.249756 0.000000 0.018728 0.000000 0.999825 0.379471 0.379471 0.379471
6164.567383 0.000000 2518.593750 0.000000 0.946335 0.000000 -0.323188 0.828566 0.828566 0.828566
6168.027344 0.000000 2517.233887 0.000000 0.470194 0.000000 -0.882563 1.008138 1.008138 1.008138
6160.608887 0.000000 2521.165771 0.000000 0.875124 0.000000 -0.483898 0.870585 0.870585 0.870585
6174.680664 0.000000 2517.348389 0.000000 0.631768 0.000000 -0.775157 0.961747 0.961747 0.961747
6173.197754 0.000000 2515.444336 0.000000 0.153881 0.000000 0.988089 0.411883 0.411883 0.411883
6169.961914 0.000000 2517.189453 0.000000 0.735734 0.000000 0.677271 0.572372 0.572372 0.572372
6326.726074 0.000000 2441.109375 0.000000 0.986143 0.000000 -0.165900 0.789790 0.789790 0.789790
6328.277344 0.000000 2445.310303 0.000000 0.889625 0.000000 0.456692 0.636776 0.636776 0.636776
6325.253418 0.000000 2438.162598 0.000000 0.364888 0.000000 0.931051 0.464170 0.464170 0.464170
6331.065918 0.000000 2442.546875 0.000000 0.835566 0.000000 0.549390 0.611145 0.611145 0.611145
6334.498535 0.000000 2438.203613 0.000000 0.664925 0.000000 -0.746911 0.951348 0.951348 0.951348
6328.546875 0.000000 2441.124512 0.000000 0.937539 0.000000 0.347880 0.665176 0.665176 0.665176
6329.716309 0.000000 2445.642334 0.000000 0.197970 0.000000 0.980208 0.422576 0.422576 0.422576
6331.541016 0.000000 2443.924316 0.000000 0.989987 0.000000 -0.141161 0.783813 0.783813 0.783813
6329.931152 0.000000 2441.689453 0.000000 0.448845 0.000000 0.893609 0.486123 0.486123 0.486123
6324.480957 0.000000 2439.131104 0.000000 0.995677 0.000000 -0.092878 0.772205 0.772205 0.772205
6335.458496 0.000000 2439.505615 0.000000 0.780166 0.000000 0.625572 0.588649 0.588649 0.588649
6342.318848 0.000000 2439.522949 0.000000 0.999523 0.000000 -0.030891 0.757376 0.757376 0.757376
6342.421387 0.000000 2457.259277 0.000000 0.705901 0.000000 -0.708310 0.937907 0.937907 0.937907
6339.715332 0.000000 2449.673096 0.000000 0.022469 0.000000 -0.999748 1.119636 1.119636 1.119636
6341.592285 0.000000 2442.796631 0.000000 0.438691 0.000000 -0.898638 1.016582 1.016582 1.016582
6340.053223 0.000000 2444.039795 0.000000 0.921826 0.000000 0.387603 0.654977 0.654977 0.654977
6345.068359 0.000000 2447.115723 0.000000 0.660709 0.000000 -0.750642 0.952692 0.952692 0.952692
6337.284180 0.000000 2441.420166 0.000000 0.673576 0.000000 0.739118 0.551432 0.551432 0.551432
6341.019043 0.000000 2453.355225 0.000000 0.998252 0.000000 0.059102 0.735882 0.735882 0.735882
6342.602051 0.000000 2453.110107 0.000000 0.903684 0.000000 0.428201 0.644361 0.644361 0.644361
6338.419922 0.000000 2448.731201 0.000000 0.998422 0.000000 -0.056156 0.763413 0.763413 0.763413
6336.111816 0.000000 2440.713623 0.000000 0.514054 0.000000 -0.857758 0.996107 0.996107 0.996107
6335.563965 0.000000 2438.059326 0.000000 0.308726 0.000000 0.951151 0.449927 0.449927 0.449927
6342.084961 0.000000 2438.274902 0.000000 0.999748 0.000000 -0.022438 0.755357 0.755357 0.755357
6345.805664 0.000000 2446.084961 0.000000 0.739400 0.000000 0.673267 0.573668 0.573668 0.573668
6341.012695 0.000000 2444.874756 0.000000 0.193038 0.000000 -0.981191 1.078624 1.078624 1.078624
6343.395508 0.000000 2452.136963 0.000000 0.715199 0.000000 -0.698921 0.934752 0.934752 0.934752
6424.733887 0.000000 2558.486572 0.000000 0.976434 0.000000 0.215817 0.698069 0.698069 0.698069
6430.484375 0.000000 2554.848145 0.000000 0.436293 0.000000 0.899804 0.482782 0.482782 0.482782
6425.164062 0.000000 2550.313965 0.000000 0.262255 0.000000 0.964999 0.438349 0.438349 0.438349
6422.827637 0.000000 2558.569092 0.000000 0.932401 0.000000 -0.361424 0.838282 0.838282 0.838282
6430.625000 0.000000 2558.724854 0.000000 0.982400 0.000000 -0.186787 0.794855 0.794855 0.794855
6435.604004 0.000000 2557.095215 0.000000 0.679966 0.000000 0.733243 0.553504 0.553504 0.553504
6432.153320 0.000000 2555.901123 0.000000 0.023249 0.000000 -0.999730 1.119449 1.119449 1.119449
6438.071289 0.000000 2550.566895 0.000000 0.910404 0.000000 -0.413720 0.851828 0.851828 0.851828
6443.796387 0.000000 2558.377686 0.000000 0.324838 0.000000 -0.945770 1.046018 1.046018 1.046018
6434.202148 0.000000 2555.638672 0.000000 0.308005 0.000000 -0.951385 1.050254 1.050254 1.050254
6437.003906 0.000000 2558.674805 0.000000 0.200243 0.000000 -0.979746 1.076870 1.076870 1.076870
6432.648438 0.000000 2554.116943 0.000000 0.493552 0.000000 0.869716 0.498226 0.498226 0.498226
6434.892578 0.000000 2558.772705 0.000000 0.994340 0.000000 -0.106241 0.775411 0.775411 0.775411
6442.351562 0.000000 2558.845947 0.000000 0.962990 0.000000 -0.269537 0.815153 0.815153 0.815153
6437.272461 0.000000 2557.169922 0.000000 0.972113 0.000000 -0.234514 0.806512 0.806512 0.806512
6433.152344 0.000000 2552.716553 0.000000 0.464276 0.000000 -0.885691 1.009736 1.009736 1.009736
6439.572266 0.000000 2550.254639 0.000000 0.395117 0.000000 -0.918631 1.028028 1.028028 1.028028
6438.948730 0.000000 2551.795898 0.000000 0.540480 0.000000 -0.841357 0.988682 0.988682 0.988682
6438.808105 0.000000 2554.706299 0.000000 0.840633 0.000000 -0.541606 0.886637 0.886637 0.886637
6431.282227 0.000000 2554.720459 0.000000 0.421206 0.000000 -0.906965 1.021205 1.021205 1.021205
6435.327637 0.000000 2554.681885 0.000000 0.752578 0.000000 -0.658503 0.921608 0.921608 0.921608
6434.445801 0.000000 2556.828857 0.000000 0.925647 0.000000 -0.378388 0.842641 0.842641 0.842641
6433.768555 0.000000 2554.543213 0.000000 0.575481 0.000000 0.817815 0.521389 0.521389 0.521389
6754.906250 0.000000 2442.124512 0.000000 0.937470 0.000000 0.348067 0.665129 0.665129 0.665129
6751.651367 0.000000 2442.208252 0.000000 0.795963 0.000000 -0.605345 0.905224 0.905224 0.905224
6753.233887 0.000000 2443.198730 0.000000 0.312765 0.000000 0.949830 0.450941 0.450941 0.450941
6715.332520 0.000000 2544.631104 0.000000 0.692330 0.000000 -0.721581 0.942438 0.942438 0.942438
6710.605957 0.000000 2544.727539 0.000000 0.979309 0.000000 -0.202368 0.798648 0.798648 0.798648
6708.500977 0.000000 2550.585938 0.000000 0.987567 0.000000 0.157199 0.712315 0.712315 0.712315
6708.440918 0.000000 2544.162598 0.000000 0.414161 0.000000 0.910204 0.476944 0.476944 0.476944
6707.063477 0.000000 2551.206299 0.000000 0.347867 0.000000 0.937544 0.459820 0.459820 0.459820
6709.383301 0.000000 2545.100586 0.000000 0.997441 0.000000 0.071492 0.732918 0.732918 0.732918
6714.093262 0.000000 2544.479004 0.000000 0.495486 0.000000 0.868616 0.498758 0.498758 0.498758
6710.456055 0.000000 2545.971924 0.000000 0.658546 0.000000 -0.752541 0.953379 0.953379 0.953379
6708.219238 0.000000 2545.428955 0.000000 0.999421 0.000000 0.034012 0.741879 0.741879 0.741879
6755.299805 0.000000 2549.474365 0.000000 0.075364 0.000000 0.997156 0.393009 0.393009 0.393009
6761.110840 0.000000 2546.884033 0.000000 0.501488 0.000000 0.865165 0.500410 0.500410 0.500410
6758.769043 0.000000 2554.706299 0.000000 0.769535 0.000000 0.638604 0.584634 0.584634 0.584634
6754.718750 0.000000 2548.271973 0.000000 0.143987 0.000000 -0.989579 1.090506 1.090506 1.090506
6902.759766 0.000000 2443.391846 0.000000 0.866123 0.000000 -0.499831 0.874954 0.874954 0.874954
6908.932617 0.000000 2435.517090 0.000000 0.347489 0.000000 0.937684 0.459724 0.459724 0.459724
6906.995605 0.000000 2442.546875 0.000000 0.957998 0.000000 -0.286774 0.819437 0.819437 0.819437
6904.476562 0.000000 2441.124512 0.000000 0.994327 0.000000 -0.106365 0.775441 0.775441 0.775441
6906.448730 0.000000 2447.004883 0.000000 0.466766 0.000000 0.884381 0.490936 0.490936 0.490936
6910.354980 0.000000 2442.026123 0.000000 0.426855 0.000000 0.904320 0.480284 0.480284 0.480284
6902.893555 0.000000 2437.585938 0.000000 0.450906 0.000000 -0.892571 1.013326 1.013326 1.013326
6910.499023 0.000000 2443.590820 0.000000 0.941131 0.000000 0.338041 0.667677 0.667677 0.667677
6908.816895 0.000000 2434.037598 0.000000 0.993453 0.000000 -0.114244 0.777333 0.777333 0.777333
6907.470703 0.000000 2443.924316 0.000000 0.664551 0.000000 -0.747243 0.951467 0.951467 0.951467
6903.594238 0.000000 2442.245361 0.000000 0.328659 0.000000 -0.944448 1.045052 1.045052 1.045052
6905.860840 0.000000 2441.689453 0.000000 0.997565 0.000000 0.069739 0.733338 0.733338 0.733338
6870.993652 0.000000 2493.085693 0.000000 0.515453 0.000000 -0.856918 0.995718 0.995718 0.995718
6866.551270 0.000000 2488.675293 0.000000 0.581434 0.000000 0.813593 0.523131 0.523131 0.523131
6872.679199 0.000000 2494.502197 0.000000 0.528354 0.000000 -0.849024 0.992107 0.992107 0.992107
6868.568848 0.000000 2492.810059 0.000000 0.998233 0.000000 0.059415 0.735807 0.735807 0.735807
6867.598633 0.000000 2489.851562 0.000000 0.229247 0.000000 0.973368 0.430220 0.430220 0.430220
6878.369141 0.000000 2467.305664 0.000000 0.134078 0.000000 -0.990971 1.092895 1.092895 1.092895
6867.912109 0.000000 2488.358154 0.000000 0.031760 0.000000 -0.999496 1.117417 1.117417 1.117417
6869.742676 0.000000 2493.515869 0.000000 0.943456 0.000000 -0.331499 0.830666 0.830666 0.830666
6873.994141 0.000000 2494.326172 0.000000 0.750829 0.000000 -0.660497 0.922241 0.922241 0.922241
6869.975586 0.000000 2492.365723 0.000000 0.990407 0.000000 0.138177 0.716907 0.716907 0.716907
6881.008301 0.000000 2466.277588 0.000000 0.853981 0.000000 0.520304 0.619364 0.619364 0.619364
6879.653320 0.000000 2467.321533 0.000000 0.614713 0.000000 -0.788751 0.966954 0.966954 0.966954
6880.976074 0.000000 2467.655029 0.000000 0.995544 0.000000 0.094298 0.727455 0.727455 0.727455
6872.541504 0.000000 2495.456787 0.000000 0.978254 0.000000 -0.207413 0.799878 0.799878 0.799878
6869.187012 0.000000 2502.146973 0.000000 0.072663 0.000000 0.997357 0.392362 0.392362 0.392362
6877.813965 0.000000 2514.249756 0.000000 0.518370 0.000000 0.855157 0.505096 0.505096 0.505096
6865.000977 0.000000 2505.811279 0.000000 0.977824 0.000000 -0.209430 0.800371 0.800371 0.800371
6873.388672 0.000000 2513.823730 0.000000 0.833766 0.000000 0.552118 0.610365 0.610365 0.610365
6875.207520 0.000000 2516.867188 0.000000 0.734521 0.000000 0.678586 0.571945 0.571945 0.571945
6869.475586 0.000000 2508.714111 0.000000 0.935183 0.000000 0.354164 0.663574 0.663574 0.663574
6870.609375 0.000000 2503.221680 0.000000 0.473510 0.000000 -0.880789 1.007240 1.007240 1.007240
6868.856445 0.000000 2497.172363 0.000000 0.866343 0.000000 -0.499450 0.874848 0.874848 0.874848
6866.906738 0.000000 2506.554688 0.000000 0.568305 0.000000 -0.822818 0.980700 0.980700 0.980700
6864.689453 0.000000 2517.072266 0.000000 0.332623 0.000000 0.943060 0.455950 0.455950 0.455950
6872.083008 0.000000 2513.152588 0.000000 0.209978 0.000000 -0.977706 1.074496 1.074496 1.074496
6865.485840 0.000000 2504.458984 0.000000 0.362012 0.000000 0.932174 0.463432 0.463432 0.463432
6868.866211 0.000000 2517.231445 0.000000 0.730192 0.000000 -0.683241 0.929573 0.929573 0.929573
6877.111816 0.000000 2515.444336 0.000000 0.361563 0.000000 0.932348 0.463318 0.463318 0.463318
6871.943359 0.000000 2503.854004 0.000000 0.444714 0.000000 -0.895673 1.014979 1.014979 1.014979
6868.327148 0.000000 2509.046143 0.000000 0.907503 0.000000 -0.420045 0.853489 0.853489 0.853489
6868.414551 0.000000 2503.115479 0.000000 0.954297 0.000000 -0.298861 0.822455 0.822455 0.822455
6882.907715 0.000000 2504.723633 0.000000 0.095550 0.000000 0.995425 0.397846 0.397846 0.397846
6997.055664 0.000000 2334.717285 0.000000 0.994707 0.000000 0.102752 0.725426 0.725426 0.725426
6997.676758 0.000000 2331.251221 0.000000 0.200091 0.000000 0.979777 0.423093 0.423093 0.423093
7002.568359 0.000000 2331.437500 0.000000 0.517581 0.000000 0.855634 0.504876 0.504876 0.504876
6995.028320 0.000000 2327.260986 0.000000 0.999565 0.000000 -0.029509 0.757046 0.757046 0.757046
6996.658691 0.000000 2330.553955 0.000000 0.919176 0.000000 0.393848 0.653358 0.653358 0.653358
7003.196289 0.000000 2330.417236 0.000000 0.949710 0.000000 -0.313130 0.826033 0.826033 0.826033
7009.239746 0.000000 2335.045898 0.000000 0.012724 0.000000 0.999919 0.378038 0.378038 0.378038
6996.416504 0.000000 2335.574707 0.000000 0.094221 0.000000 0.995551 0.397527 0.397527 0.397527
6992.316895 0.000000 2343.627930 0.000000 0.217797 0.000000 0.975994 0.427415 0.427415 0.427415
6998.597656 0.000000 2337.196289 0.000000 0.763736 0.000000 -0.645529 0.917522 0.917522 0.917522
6992.985352 0.000000 2345.850342 0.000000 0.501420 0.000000 0.865204 0.500392 0.500392 0.500392
7001.185547 0.000000 2340.194580 0.000000 0.677088 0.000000 -0.735902 0.947431 0.947431 0.947431
6993.627441 0.000000 2342.873291 0.000000 0.347368 0.000000 -0.937729 1.040307 1.040307 1.040307
6998.827148 0.000000 2349.070557 0.000000 0.999867 0.000000 -0.016329 0.753898 0.753898 0.753898
6993.470215 0.000000 2344.498047 0.000000 0.549070 0.000000 0.835776 0.513763 0.513763 0.513763
7000.178711 0.000000 2341.114746 0.000000 0.999864 0.000000 -0.016493 0.753938 0.753938 0.753938
6999.811035 0.000000 2336.632324 0.000000 0.676037 0.000000 -0.736868 0.947772 0.947772 0.947772
6918.749512 0.000000 2426.737549 0.000000 0.775496 0.000000 0.631352 0.586875 0.586875 0.586875
6950.821289 0.000000 2430.090332 0.000000 0.985685 0.000000 -0.168595 0.790442 0.790442 0.790442
6950.745605 0.000000 2426.737549 0.000000 0.074089 0.000000 0.997252 0.392704 0.392704 0.392704
7082.043457 0.000000 2329.336182 0.000000 0.979569 0.000000 -0.201107 0.798341 0.798341 0.798341
7090.853516 0.000000 2333.998535 0.000000 0.256633 0.000000 -0.966509 1.063040 1.063040 1.063040
7100.450684 0.000000 2331.286865 0.000000 0.993097 0.000000 0.117293 0.721934 0.721934 0.721934
7083.831543 0.000000 2328.735107 0.000000 0.044525 0.000000 -0.999008 1.114367 1.114367 1.114367
7090.950195 0.000000 2332.608154 0.000000 0.191853 0.000000 0.981424 0.421087 0.421087 0.421087
7101.317383 0.000000 2330.204834 0.000000 0.442191 0.000000 0.896921 0.484349 0.484349 0.484349
7083.128906 0.000000 2329.971680 0.000000 0.985220 0.000000 -0.171293 0.791096 0.791096 0.791096
7087.603027 0.000000 2354.325928 0.000000 0.721407 0.000000 0.692512 0.567378 0.567378 0.567378
7078.229004 0.000000 2343.546387 0.000000 0.927108 0.000000 0.374795 0.658285 0.658285 0.658285
7091.641602 0.000000 2350.088379 0.000000 0.693963 0.000000 -0.720011 0.941897 0.941897 0.941897
7086.761719 0.000000 2367.275879 0.000000 0.093951 0.000000 0.995577 0.397462 0.397462 0.397462
7080.077148 0.000000 2347.734375 0.000000 0.483410 0.000000 -0.875394 1.004549 1.004549 1.004549
7079.510254 0.000000 2339.676270 0.000000 0.876631 0.000000 0.481162 0.630161 0.630161 0.630161
7085.942871 0.000000 2342.241943 0.000000 0.922298 0.000000 0.386479 0.655268 0.655268 0.655268
7091.214355 0.000000 2354.177734 0.000000 0.195252 0.000000 0.980753 0.421914 0.421914 0.421914
7095.650879 0.000000 2362.254639 0.000000 0.189277 0.000000 -0.981924 1.079539 1.079539 1.079539
7096.179199 0.000000 2342.548340 0.000000 0.647704 0.000000 -0.761892 0.956797 0.956797 0.956797
7087.554688 0.000000 2360.139648 0.000000 0.197391 0.000000 0.980325 0.422435 0.422435 0.422435
7090.315918 0.000000 2337.232422 0.000000 0.900161 0.000000 0.435557 0.642414 0.642414 0.642414
7092.454102 0.000000 2358.632812 0.000000 0.798956 0.000000 -0.601389 0.904039 0.904039 0.904039
7080.199219 0.000000 2345.051514 0.000000 0.148762 0.000000 -0.988873 1.089353 1.089353 1.089353
7085.627930 0.000000 2338.385254 0.000000 0.931809 0.000000 0.362949 0.661327 0.661327 0.661327
7089.516602 0.000000 2355.738281 0.000000 0.812182 0.000000 -0.583404 0.898710 0.898710 0.898710
7081.776367 0.000000 2352.859375 0.000000 0.487454 0.000000 -0.873149 1.003444 1.003444 1.003444
7093.665039 0.000000 2363.243408 0.000000 0.722976 0.000000 -0.690873 0.932080 0.932080 0.932080
7082.026855 0.000000 2346.674316 0.000000 0.530166 0.000000 0.847894 0.508403 0.508403 0.508403
7089.148926 0.000000 2367.305176 0.000000 1.000000 0.000000 -0.000117 0.750028 0.750028 0.750028
7083.100586 0.000000 2363.359131 0.000000 0.391709 0.000000 0.920089 0.471087 0.471087 0.471087
7078.145508 0.000000 2338.098877 0.000000 0.997501 0.000000 -0.070654 0.766881 0.766881 0.766881
7078.143066 0.000000 2348.740479 0.000000 0.876885 0.000000 -0.480700 0.869713 0.869713 0.869713
7088.973633 0.000000 2345.850342 0.000000 0.992180 0.000000 0.124815 0.720125 0.720125 0.720125
7097.361328 0.000000 2353.862793 0.000000 0.774818 0.000000 -0.632184 0.913381 0.913381 0.913381
7085.217285 0.000000 2340.306152 0.000000 0.003466 0.000000 0.999994 0.375827 0.375827 0.375827
7086.316406 0.000000 2365.436279 0.000000 0.930256 0.000000 0.366911 0.660311 0.660311 0.660311
7092.541504 0.000000 2364.841309 0.000000 0.747604 0.000000 -0.664144 0.923403 0.923403 0.923403
7076.036621 0.000000 2336.776123 0.000000 0.385165 0.000000 0.922848 0.469392 0.469392 0.469392
7097.173828 0.000000 2340.194580 0.000000 0.890621 0.000000 0.454747 0.637297 0.637297 0.637297
7087.273926 0.000000 2361.875732 0.000000 0.997587 0.000000 -0.069430 0.766588 0.766588 0.766588
7086.718750 0.000000 2344.057861 0.000000 0.994066 0.000000 -0.108778 0.776020 0.776020 0.776020
7088.662109 0.000000 2357.111328 0.000000 0.170180 0.000000 0.985413 0.415826 0.415826 0.415826
7090.893555 0.000000 2351.523193 0.000000 0.669709 0.000000 -0.742623 0.949814 0.949814 0.949814
7091.016602 0.000000 2359.253174 0.000000 0.886035 0.000000 -0.463618 0.865087 0.865087 0.865087
7088.016113 0.000000 2355.752197 0.000000 0.800710 0.000000 -0.599052 0.903342 0.903342 0.903342
7096.055664 0.000000 2353.191650 0.000000 0.824682 0.000000 -0.565597 0.893516 0.893516 0.893516
7075.192383 0.000000 2343.154785 0.000000 0.140149 0.000000 0.990130 0.408569 0.408569 0.408569
7097.641113 0.000000 2342.966064 0.000000 0.346441 0.000000 0.938072 0.459457 0.459457 0.459457
7089.458496 0.000000 2344.498047 0.000000 0.591007 0.000000 0.806666 0.525952 0.525952 0.525952
7087.259766 0.000000 2342.704346 0.000000 0.998689 0.000000 0.051188 0.737774 0.737774 0.737774
7086.059082 0.000000 2360.150146 0.000000 0.589497 0.000000 -0.807771 0.974495 0.974495 0.974495
7095.237305 0.000000 2363.759033 0.000000 0.310458 0.000000 0.950587 0.450362 0.450362 0.450362
7090.619629 0.000000 2352.893066 0.000000 0.957856 0.000000 0.287248 0.680445 0.680445 0.680445
7087.948242 0.000000 2366.569092 0.000000 0.950840 0.000000 -0.309683 0.825167 0.825167 0.825167
7087.905273 0.000000 2344.922119 0.000000 0.980753 0.000000 -0.195250 0.796914 0.796914 0.796914
7096.166992 0.000000 2341.114746 0.000000 0.258294 0.000000 -0.966066 1.062630 1.062630 1.062630
7081.342285 0.000000 2344.223633 0.000000 0.999228 0.000000 -0.039289 0.759382 0.759382 0.759382
7092.791992 0.000000 2350.931885 0.000000 0.936893 0.000000 0.349616 0.664734 0.664734 0.664734
7080.717285 0.000000 2346.530029 0.000000 0.975016 0.000000 0.222136 0.696523 0.696523 0.696523
7091.583496 0.000000 2336.625732 0.000000 0.846262 0.000000 -0.532767 0.884136 0.884136 0.884136
7093.715332 0.000000 2365.547119 0.000000 0.671670 0.000000 0.740850 0.550817 0.550817 0.550817
7077.323242 0.000000 2337.031738 0.000000 0.734899 0.000000 -0.678177 0.927922 0.927922 0.927922
7080.767090 0.000000 2353.664307 0.000000 0.262116 0.000000 0.965036 0.438315 0.438315 0.438315
7085.272949 0.000000 2343.370117 0.000000 0.880920 0.000000 -0.473266 0.867694 0.867694 0.867694
7081.517578 0.000000 2345.475342 0.000000 0.081991 0.000000 0.996633 0.394596 0.394596 0.394596
7093.674805 0.000000 2351.829346 0.000000 0.763493 0.000000 -0.645816 0.917612 0.917612 0.917612
7086.795898 0.000000 2355.319580 0.000000 0.902432 0.000000 -0.430833 0.856335 0.856335 0.856335
7090.744629 0.000000 2355.403564 0.000000 0.915377 0.000000 -0.402598 0.848919 0.848919 0.848919
7084.304199 0.000000 2338.363037 0.000000 0.384054 0.000000 0.923310 0.469104 0.469104 0.469104
7081.334473 0.000000 2347.750732 0.000000 0.363577 0.000000 0.931564 0.463833 0.463833 0.463833
7074.104004 0.000000 2342.567139 0.000000 0.905161 0.000000 -0.425070 0.854813 0.854813 0.854813
7080.551270 0.000000 2352.345459 0.000000 0.411658 0.000000 0.911338 0.476288 0.476288 0.476288
7092.646973 0.000000 2362.546143 0.000000 0.463059 0.000000 0.886327 0.489936 0.489936 0.489936
7082.742676 0.000000 2347.740967 0.000000 0.231721 0.000000 0.972782 0.430827 0.430827 0.430827
7097.433105 0.000000 2338.895752 0.000000 0.763319 0.000000 -0.646022 0.917677 0.917677 0.917677
7085.051758 0.000000 2365.277832 0.000000 0.954151 0.000000 0.299325 0.677429 0.677429 0.677429
7079.358398 0.000000 2348.781006 0.000000 0.735818 0.000000 0.677179 0.572402 0.572402 0.572402
7086.161621 0.000000 2345.278564 0.000000 0.657863 0.000000 0.753137 0.546405 0.546405 0.546405
7084.915527 0.000000 2341.572510 0.000000 0.946578 0.000000 0.322475 0.671614 0.671614 0.671614
7093.948242 0.000000 2364.396973 0.000000 0.628406 0.000000 0.777886 0.537219 0.537219 0.537219
7107.521973 0.000000 2333.149902 0.000000 0.863774 0.000000 0.503880 0.623929 0.623929 0.623929
7109.708008 0.000000 2331.802979 0.000000 0.958840 0.000000 -0.283948 0.818733 0.818733 0.818733
7108.465332 0.000000 2330.221191 0.000000 0.196999 0.000000 -0.980404 1.077660 1.077660 1.077660
7108.051270 0.000000 2331.689453 0.000000 0.942203 0.000000 0.335042 0.668437 0.668437 0.668437
7110.726074 0.000000 2330.760986 0.000000 0.701597 0.000000 0.712574 0.560647 0.560647 0.560647
7106.363770 0.000000 2332.883545 0.000000 0.021060 0.000000 -0.999778 1.119972 1.119972 1.119972
7106.935059 0.000000 2341.537354 0.000000 0.740607 0.000000 -0.671939 0.925904 0.925904 0.925904
7113.331055 0.000000 2341.944336 0.000000 0.914745 0.000000 0.404031 0.650707 0.650707 0.650707
7106.377930 0.000000 2339.637695 0.000000 0.046940 0.000000 -0.998898 1.113790 1.113790 1.113790
7104.659668 0.000000 2336.502686 0.000000 0.981131 0.000000 0.193343 0.703550 0.703550 0.703550
7105.190430 0.000000 2345.443604 0.000000 0.733332 0.000000 0.679871 0.571527 0.571527 0.571527
7107.980469 0.000000 2340.205811 0.000000 0.197953 0.000000 -0.980211 1.077428 1.077428 1.077428
7112.666504 0.000000 2340.611328 0.000000 0.915730 0.000000 -0.401794 0.848710 0.848710 0.848710
7104.018066 0.000000 2344.737061 0.000000 0.719139 0.000000 0.694867 0.566598 0.566598 0.566598
7121.005371 0.000000 2337.061523 0.000000 0.889342 0.000000 0.457242 0.636628 0.636628 0.636628
7089.062500 0.000000 2367.587891 0.000000 0.652642 0.000000 0.757667 0.544754 0.544754 0.544754
7086.948242 0.000000 2367.455078 0.000000 0.994442 0.000000 -0.105282 0.775181 0.775181 0.775181
6942.240234 0.000000 2440.353760 0.000000 0.311642 0.000000 0.950200 0.450659 0.450659 0.450659
6911.631836 0.000000 2442.208252 0.000000 0.770776 0.000000 0.637106 0.585098 0.585098 0.585098
6938.397461 0.000000 2432.387695 0.000000 0.061541 0.000000 -0.998105 1.110299 1.110299 1.110299
6942.424316 0.000000 2438.203613 0.000000 0.888090 0.000000 0.459670 0.635976 0.635976 0.635976
6916.520996 0.000000 2438.545410 0.000000 0.992360 0.000000 -0.123376 0.779529 0.779529 0.779529
6939.284668 0.000000 2433.781494 0.000000 0.296861 0.000000 0.954921 0.446955 0.446955 0.446955
6911.482422 0.000000 2443.515869 0.000000 0.913385 0.000000 0.407097 0.649906 0.649906 0.649906
6938.045898 0.000000 2433.724365 0.000000 0.699078 0.000000 0.715045 0.559805 0.559805 0.559805
6943.384277 0.000000 2439.505615 0.000000 0.745652 0.000000 -0.666336 0.924104 0.924104 0.924104
6960.832520 0.000000 2458.516357 0.000000 0.090227 0.000000 0.995921 0.396570 0.396570 0.396570
6958.777344 0.000000 2463.252441 0.000000 0.827189 0.000000 0.561923 0.607546 0.607546 0.607546
6946.882812 0.000000 2442.124512 0.000000 0.210860 0.000000 0.977516 0.425720 0.425720 0.425720
6949.457520 0.000000 2437.117920 0.000000 0.672753 0.000000 0.739868 0.551166 0.551166 0.551166
6952.266602 0.000000 2439.280762 0.000000 0.941702 0.000000 0.336448 0.668081 0.668081 0.668081
6946.551270 0.000000 2433.494141 0.000000 0.049533 0.000000 -0.998773 1.113170 1.113170 1.113170
6948.000000 0.000000 2436.182373 0.000000 0.329108 0.000000 0.944292 0.455061 0.455061 0.455061
6951.454102 0.000000 2431.453125 0.000000 0.921367 0.000000 0.388694 0.654695 0.654695 0.654695
6947.208008 0.000000 2439.131348 0.000000 0.648149 0.000000 -0.761514 0.956658 0.956658 0.956658
6946.686523 0.000000 2443.544189 0.000000 0.360697 0.000000 -0.932683 1.036904 1.036904 1.036904
6959.963867 0.000000 2462.545654 0.000000 0.541094 0.000000 -0.840962 0.988508 0.988508 0.988508
6960.461426 0.000000 2459.793213 0.000000 0.926631 0.000000 0.375973 0.657981 0.657981 0.657981
6943.489746 0.000000 2438.059326 0.000000 0.032384 0.000000 -0.999475 1.117267 1.117267 1.117267
6946.119629 0.000000 2438.543701 0.000000 0.654163 0.000000 -0.756353 0.954766 0.954766 0.954766
6947.874023 0.000000 2442.838379 0.000000 0.133781 0.000000 -0.991011 1.092966 1.092966 1.092966
6948.143066 0.000000 2437.434082 0.000000 0.848570 0.000000 0.529083 0.616902 0.616902 0.616902
6970.151367 0.000000 2472.424805 0.000000 0.119206 0.000000 0.992869 0.403526 0.403526 0.403526
6971.371582 0.000000 2477.463135 0.000000 0.703425 0.000000 -0.710769 0.938740 0.938740 0.938740
6969.078613 0.000000 2474.785400 0.000000 0.292200 0.000000 0.956357 0.445790 0.445790 0.445790
6968.952637 0.000000 2479.921143 0.000000 0.048488 0.000000 0.998824 0.386580 0.386580 0.386580
6966.751953 0.000000 2475.384033 0.000000 0.520445 0.000000 0.853895 0.505675 0.505675 0.505675
6965.463867 0.000000 2476.721924 0.000000 0.970580 0.000000 -0.240779 0.808052 0.808052 0.808052
6970.054199 0.000000 2476.263184 0.000000 0.671656 0.000000 -0.740863 0.949188 0.949188 0.949188
6958.963867 0.000000 2463.431641 0.000000 0.814832 0.000000 -0.579697 0.897622 0.897622 0.897622
6967.586426 0.000000 2474.237549 0.000000 0.317072 0.000000 0.948401 0.452025 0.452025 0.452025
6968.097168 0.000000 2475.875244 0.000000 0.430568 0.000000 -0.902558 1.018735 1.018735 1.018735
6968.536621 0.000000 2478.638916 0.000000 0.881093 0.000000 0.472944 0.632394 0.632394 0.632394
6961.024902 0.000000 2465.030273 0.000000 0.152048 0.000000 0.988373 0.411440 0.411440 0.411440
6964.315430 0.000000 2477.053955 0.000000 0.856269 0.000000 0.516529 0.620418 0.620418 0.620418
7112.225098 0.000000 2548.914551 0.000000 0.863167 0.000000 -0.504919 0.876358 0.876358 0.876358
7126.008789 0.000000 2548.447510 0.000000 0.887351 0.000000 -0.461095 0.864407 0.864407 0.864407
7117.167969 0.000000 2555.817383 0.000000 0.104651 0.000000 -0.994509 1.099971 1.099971 1.099971
7123.210449 0.000000 2546.130859 0.000000 0.307999 0.000000 0.951387 0.449745 0.449745 0.449745
7133.633301 0.000000 2552.829590 0.000000 0.993728 0.000000 -0.111823 0.776752 0.776752 0.776752
7124.471191 0.000000 2539.190674 0.000000 0.333038 0.000000 -0.942913 1.043945 1.043945 1.043945
7114.445312 0.000000 2550.389648 0.000000 0.587316 0.000000 0.809358 0.524861 0.524861 0.524861
7117.595703 0.000000 2553.404297 0.000000 0.262452 0.000000 0.964945 0.438398 0.438398 0.438398
7109.404785 0.000000 2544.104736 0.000000 0.100097 0.000000 0.994978 0.398936 0.398936 0.398936
7125.262695 0.000000 2546.447510 0.000000 0.294883 0.000000 -0.955533 1.053540 1.053540 1.053540
7127.910156 0.000000 2549.226074 0.000000 0.964295 0.000000 0.264830 0.686013 0.686013 0.686013
7114.394531 0.000000 2548.406250 0.000000 0.178692 0.000000 0.983905 0.417890 0.417890 0.417890
7120.969727 0.000000 2537.803467 0.000000 0.986153 0.000000 0.165840 0.710225 0.710225 0.710225
7119.527344 0.000000 2544.360840 0.000000 0.806661 0.000000 0.591014 0.599046 0.599046 0.599046
7109.410645 0.000000 2545.943848 0.000000 0.405096 0.000000 -0.914274 1.025429 1.025429 1.025429
7121.373047 0.000000 2545.769287 0.000000 0.612066 0.000000 0.790807 0.532246 0.532246 0.532246
7108.925293 0.000000 2549.331787 0.000000 0.852899 0.000000 0.522076 0.618868 0.618868 0.618868
7132.161133 0.000000 2553.547607 0.000000 0.993998 0.000000 -0.109398 0.776169 0.776169 0.776169
7126.425781 0.000000 2549.992188 0.000000 0.100396 0.000000 0.994948 0.399008 0.399008 0.399008
7118.266602 0.000000 2542.838379 0.000000 0.873706 0.000000 -0.486454 0.871282 0.871282 0.871282
7118.301758 0.000000 2545.419678 0.000000 0.372481 0.000000 -0.928040 1.033880 1.033880 1.033880
7123.012695 0.000000 2551.206299 0.000000 0.349789 0.000000 -0.936829 1.039690 1.039690 1.039690
7116.312012 0.000000 2554.343750 0.000000 0.955880 0.000000 -0.293756 0.821179 0.821179 0.821179
7114.557129 0.000000 2551.881836 0.000000 0.656250 0.000000 0.754543 0.545894 0.545894 0.545894
7115.916016 0.000000 2550.080566 0.000000 0.991601 0.000000 -0.129335 0.780963 0.780963 0.780963
7126.811523 0.000000 2541.023682 0.000000 0.523011 0.000000 -0.852326 0.993607 0.993607 0.993607
7121.454590 0.000000 2536.451172 0.000000 0.022515 0.000000 -0.999747 1.119624 1.119624 1.119624
7122.615723 0.000000 2544.846191 0.000000 0.755885 0.000000 -0.654705 0.920405 0.920405 0.920405
7124.091309 0.000000 2547.172852 0.000000 0.979551 0.000000 0.201197 0.701638 0.701638 0.701638
7108.140137 0.000000 2544.397949 0.000000 0.980443 0.000000 -0.196805 0.797292 0.797292 0.797292
7122.740723 0.000000 2547.356689 0.000000 0.175230 0.000000 0.984527 0.417050 0.417050 0.417050
7127.318848 0.000000 2548.136719 0.000000 0.992786 0.000000 0.119902 0.721306 0.721306 0.721306
7115.752441 0.000000 2551.287842 0.000000 0.955083 0.000000 0.296340 0.678175 0.678175 0.678175
7119.625488 0.000000 2543.058838 0.000000 0.980489 0.000000 0.196575 0.702764 0.702764 0.702764
7113.401367 0.000000 2549.136230 0.000000 0.555560 0.000000 -0.831476 0.984378 0.984378 0.984378
7120.304688 0.000000 2545.291504 0.000000 0.565305 0.000000 0.824882 0.518431 0.518431 0.518431
7134.729004 0.000000 2542.250732 0.000000 0.941654 0.000000 -0.336582 0.831953 0.831953 0.831953
7139.927734 0.000000 2551.683838 0.000000 0.970050 0.000000 0.242905 0.691425 0.691425 0.691425
7135.142090 0.000000 2543.712891 0.000000 0.999072 0.000000 0.043062 0.739717 0.739717 0.739717
7135.207520 0.000000 2542.235352 0.000000 0.136686 0.000000 -0.990614 1.092266 1.092266 1.092266
7138.679199 0.000000 2550.630859 0.000000 0.997837 0.000000 0.065729 0.734297 0.734297 0.734297
6415.670410 0.000000 2560.853271 0.000000 0.476902 0.000000 -0.878956 1.006320 1.006320 1.006320
6424.596191 0.000000 2559.441162 0.000000 0.042841 0.000000 -0.999082 1.114769 1.114769 1.114769
6430.595703 0.000000 2561.924561 0.000000 0.333753 0.000000 -0.942661 1.043764 1.043764 1.043764
6430.212402 0.000000 2559.616211 0.000000 0.958833 0.000000 0.283969 0.681261 0.681261 0.681261
6422.298340 0.000000 2559.394531 0.000000 0.582586 0.000000 -0.812769 0.976531 0.976531 0.976531
6427.550293 0.000000 2567.288574 0.000000 0.304601 0.000000 0.952480 0.448892 0.448892 0.448892
6427.437012 0.000000 2566.017578 0.000000 0.994841 0.000000 -0.101444 0.774260 0.774260 0.774260
6437.675781 0.000000 2559.671631 0.000000 0.857166 0.000000 0.515040 0.620833 0.620833 0.620833
6442.263184 0.000000 2559.476318 0.000000 0.520256 0.000000 0.854011 0.505623 0.505623 0.505623
6434.527344 0.000000 2559.743408 0.000000 0.816681 0.000000 0.577089 0.603141 0.603141 0.603141
6441.462402 0.000000 2562.765381 0.000000 0.096958 0.000000 -0.995288 1.101817 1.101817 1.101817
6434.459961 0.000000 2563.583008 0.000000 0.999181 0.000000 0.040473 0.740335 0.740335 0.740335
6431.242676 0.000000 2561.746094 0.000000 0.986014 0.000000 0.166662 0.710026 0.710026 0.710026
6432.741699 0.000000 2560.447998 0.000000 0.550264 0.000000 0.834991 0.514105 0.514105 0.514105
6431.278809 0.000000 2559.943359 0.000000 0.974104 0.000000 -0.226100 0.804448 0.804448 0.804448
6438.723145 0.000000 2560.600342 0.000000 0.992806 0.000000 0.119738 0.721346 0.721346 0.721346
6443.645996 0.000000 2559.453613 0.000000 0.530182 0.000000 0.847884 0.508407 0.508407 0.508407
6434.962402 0.000000 2568.708008 0.000000 0.391689 0.000000 0.920098 0.471082 0.471082 0.471082
6440.166992 0.000000 2562.351074 0.000000 0.641200 0.000000 0.767374 0.541172 0.541172 0.541172
6435.803223 0.000000 2559.439697 0.000000 0.161325 0.000000 0.986901 0.413682 0.413682 0.413682
7106.810547 0.000000 2910.686768 0.000000 0.422292 0.000000 -0.906460 1.020919 1.020919 1.020919
7104.980957 0.000000 2914.168213 0.000000 0.411155 0.000000 0.911566 0.476156 0.476156 0.476156
7106.445312 0.000000 2911.657471 0.000000 0.664239 0.000000 -0.747520 0.951567 0.951567 0.951567
7104.948730 0.000000 2915.545654 0.000000 0.796867 0.000000 -0.604154 0.904867 0.904867 0.904867
7107.721191 0.000000 2911.353760 0.000000 0.820007 0.000000 0.572353 0.604523 0.604523 0.604523
7576.593262 0.000000 2302.549072 0.000000 0.334494 0.000000 0.942398 0.456424 0.456424 0.456424
7577.908203 0.000000 2302.373047 0.000000 0.454828 0.000000 0.890579 0.487724 0.487724 0.487724
7598.699219 0.000000 2303.291504 0.000000 0.813850 0.000000 -0.581074 0.898026 0.898026 0.898026
7600.271484 0.000000 2301.224121 0.000000 0.843962 0.000000 0.536404 0.614837 0.614837 0.614837
7605.602539 0.000000 2299.259033 0.000000 0.087432 0.000000 -0.996171 1.104100 1.104100 1.104100
7601.666992 0.000000 2300.114258 0.000000 0.505271 0.000000 -0.862961 0.998544 0.998544 0.998544
7606.683105 0.000000 2302.631592 0.000000 0.535801 0.000000 -0.844344 0.990007 0.990007 0.990007
7599.885742 0.000000 2302.584717 0.000000 0.999363 0.000000 0.035682 0.741480 0.741480 0.741480
7601.445312 0.000000 2301.834717 0.000000 0.630303 0.000000 0.776349 0.537802 0.537802 0.537802
7604.584473 0.000000 2298.561768 0.000000 0.759883 0.000000 -0.650060 0.918942 0.918942 0.918942
7579.227051 0.000000 2320.685791 0.000000 0.970215 0.000000 0.242244 0.691587 0.691587 0.691587
7576.455566 0.000000 2303.503662 0.000000 0.763473 0.000000 0.645840 0.582381 0.582381 0.582381
7578.077148 0.000000 2312.463867 0.000000 0.312818 0.000000 0.949813 0.450955 0.450955 0.450955
7581.751953 0.000000 2319.056641 0.000000 0.477614 0.000000 -0.878570 1.006126 1.006126 1.006126
7581.728027 0.000000 2322.296631 0.000000 0.318196 0.000000 -0.948025 1.047692 1.047692 1.047692
7578.623535 0.000000 2326.636719 0.000000 0.998456 0.000000 0.055546 0.736732 0.736732 0.736732
7578.913574 0.000000 2314.578125 0.000000 0.597031 0.000000 0.802218 0.527740 0.527740 0.527740
7568.228516 0.000000 2309.651123 0.000000 0.337412 0.000000 0.941357 0.457164 0.457164 0.457164
7576.684082 0.000000 2328.853271 0.000000 0.930207 0.000000 0.367034 0.660280 0.660280 0.660280
7578.366699 0.000000 2319.036133 0.000000 0.090850 0.000000 -0.995865 1.103281 1.103281 1.103281
7580.923828 0.000000 2320.524902 0.000000 0.730694 0.000000 -0.682705 0.929397 0.929397 0.929397
7582.272949 0.000000 2314.057373 0.000000 0.108637 0.000000 0.994081 0.400986 0.400986 0.400986
7580.061523 0.000000 2318.922119 0.000000 0.966758 0.000000 0.255693 0.688272 0.688272 0.688272
7577.023438 0.000000 2326.368652 0.000000 0.168846 0.000000 -0.985642 1.084497 1.084497 1.084497
7577.888184 0.000000 2327.963135 0.000000 0.780535 0.000000 0.625113 0.588790 0.588790 0.588790
7582.416992 0.000000 2315.622070 0.000000 0.780067 0.000000 -0.625695 0.911389 0.911389 0.911389
7579.388672 0.000000 2315.955566 0.000000 0.998483 0.000000 0.055061 0.736848 0.736848 0.736848
7579.999023 0.000000 2326.086426 0.000000 0.941408 0.000000 -0.337271 0.832128 0.832128 0.832128
7580.171875 0.000000 2321.764404 0.000000 0.935905 0.000000 -0.352253 0.835938 0.835938 0.835938
7568.808105 0.000000 2308.354248 0.000000 0.904665 0.000000 -0.426124 0.855091 0.855091 0.855091
7570.561035 0.000000 2320.900879 0.000000 0.588278 0.000000 0.808658 0.525146 0.525146 0.525146
7581.025879 0.000000 2323.491211 0.000000 0.909375 0.000000 0.415977 0.647580 0.647580 0.647580
7572.733398 0.000000 2318.939697 0.000000 0.986721 0.000000 -0.162422 0.788948 0.788948 0.788948
7573.616211 0.000000 2319.837158 0.000000 0.855760 0.000000 0.517374 0.620182 0.620182 0.620182
7606.569824 0.000000 2313.140625 0.000000 0.995592 0.000000 0.093793 0.727576 0.727576 0.727576
7607.485840 0.000000 2307.886230 0.000000 0.455247 0.000000 -0.890365 1.012163 1.012163 1.012163
7586.804688 0.000000 2314.155762 0.000000 0.596804 0.000000 -0.802387 0.972328 0.972328 0.972328
7584.265137 0.000000 2308.949951 0.000000 0.989532 0.000000 0.144313 0.715427 0.715427 0.715427
7602.253418 0.000000 2305.240234 0.000000 0.345528 0.000000 0.938408 0.459225 0.459225 0.459225
7583.549805 0.000000 2314.239502 0.000000 0.524939 0.000000 -0.851140 0.993066 0.993066 0.993066
7606.523438 0.000000 2305.204102 0.000000 0.276231 0.000000 0.961091 0.441814 0.441814 0.441814
7589.379395 0.000000 2309.149170 0.000000 0.998720 0.000000 0.050587 0.737918 0.737918 0.737918
7592.136719 0.000000 2313.059326 0.000000 0.824358 0.000000 0.566068 0.606348 0.606348 0.606348
7597.565430 0.000000 2306.393066 0.000000 0.866432 0.000000 -0.499295 0.874806 0.874806 0.874806
7608.730469 0.000000 2305.825195 0.000000 0.221588 0.000000 -0.975140 1.071657 1.071657 1.071657
7606.153809 0.000000 2303.457031 0.000000 0.956352 0.000000 -0.292217 0.820795 0.820795 0.820795
7609.111328 0.000000 2308.202393 0.000000 0.587844 0.000000 -0.808975 0.974983 0.974983 0.974983
7598.656250 0.000000 2312.065674 0.000000 0.839750 0.000000 0.542973 0.612974 0.612974 0.612974
7606.160645 0.000000 2306.884766 0.000000 0.141636 0.000000 0.989919 0.408927 0.408927 0.408927
7598.885742 0.000000 2303.470703 0.000000 0.789529 0.000000 0.613714 0.592256 0.592256 0.592256
7607.470215 0.000000 2306.383789 0.000000 0.374175 0.000000 -0.927358 1.033444 1.033444 1.033444
7586.608398 0.000000 2315.575439 0.000000 0.982642 0.000000 -0.185513 0.794546 0.794546 0.794546
7599.842773 0.000000 2312.929932 0.000000 0.869246 0.000000 0.494379 0.626547 0.626547 0.626547
7608.104492 0.000000 2309.122559 0.000000 0.341814 0.000000 0.939768 0.458281 0.458281 0.458281
7607.736816 0.000000 2304.640137 0.000000 0.152245 0.000000 0.988343 0.411488 0.411488 0.411488
7593.279785 0.000000 2312.231445 0.000000 0.228300 0.000000 0.973591 0.429987 0.429987 0.429987
7585.634277 0.000000 2309.021240 0.000000 0.849991 0.000000 0.526797 0.617545 0.617545 0.617545
7603.520996 0.000000 2304.633545 0.000000 0.204792 0.000000 0.978806 0.424239 0.424239 0.424239
7583.400391 0.000000 2315.547119 0.000000 0.756923 0.000000 -0.653504 0.920026 0.920026 0.920026
7584.673828 0.000000 2316.465332 0.000000 0.220977 0.000000 -0.975279 1.071807 1.071807 1.071807
7593.455078 0.000000 2313.483154 0.000000 0.888151 0.000000 0.459551 0.636008 0.636008 0.636008
7596.241699 0.000000 2306.370850 0.000000 0.956425 0.000000 -0.291977 0.820735 0.820735 0.820735
7609.963867 0.000000 2305.755615 0.000000 0.758160 0.000000 -0.652069 0.919574 0.919574 0.919574
7609.094238 0.000000 2304.605225 0.000000 0.889111 0.000000 0.457692 0.636507 0.636507 0.636507
7600.946777 0.000000 2305.069336 0.000000 0.469116 0.000000 -0.883136 1.008429 1.008429 1.008429
7587.795898 0.000000 2314.869629 0.000000 0.999142 0.000000 -0.041416 0.759890 0.759890 0.759890
7598.099121 0.000000 2313.286377 0.000000 0.104286 0.000000 0.994547 0.399942 0.399942 0.399942
7588.064941 0.000000 2309.465332 0.000000 0.359665 0.000000 -0.933081 1.037168 1.037168 1.037168
7642.490234 0.000000 2331.437500 0.000000 0.784453 0.000000 0.620188 0.590292 0.590292 0.590292
7644.185547 0.000000 2332.896484 0.000000 0.920390 0.000000 -0.391002 0.845904 0.845904 0.845904
7641.240234 0.000000 2330.536865 0.000000 0.802608 0.000000 -0.596507 0.902584 0.902584 0.902584
7645.525391 0.000000 2332.197266 0.000000 0.307672 0.000000 -0.951493 1.050338 1.050338 1.050338
7643.118164 0.000000 2330.417236 0.000000 0.992355 0.000000 -0.123415 0.779539 0.779539 0.779539
7649.161621 0.000000 2335.045898 0.000000 0.672420 0.000000 0.740170 0.551059 0.551059 0.551059
7646.275391 0.000000 2339.336914 0.000000 0.561876 0.000000 0.827222 0.517440 0.517440 0.517440
7650.868652 0.000000 2341.537354 0.000000 0.387046 0.000000 -0.922060 1.030122 1.030122 1.030122
7648.257324 0.000000 2340.942139 0.000000 0.991907 0.000000 0.126965 0.719607 0.719607 0.719607
7655.914062 0.000000 2337.050049 0.000000 0.996519 0.000000 0.083370 0.730074 0.730074 0.730074
7664.263672 0.000000 2365.208496 0.000000 0.925267 0.000000 -0.379316 0.842880 0.842880 0.842880
7661.529297 0.000000 2361.451172 0.000000 0.341321 0.000000 -0.939947 1.041844 1.041844 1.041844
7669.196289 0.000000 2354.494385 0.000000 0.945455 0.000000 -0.325754 0.829214 0.829214 0.829214
7665.659180 0.000000 2364.098633 0.000000 0.987105 0.000000 -0.160072 0.788380 0.788380 0.788380
7651.914062 0.000000 2340.205811 0.000000 0.664554 0.000000 -0.747241 0.951466 0.951466 0.951466
7647.559570 0.000000 2339.352783 0.000000 0.952591 0.000000 -0.304253 0.823805 0.823805 0.823805
7661.988770 0.000000 2360.150146 0.000000 0.700280 0.000000 -0.713869 0.939794 0.939794 0.939794
7654.574707 0.000000 2336.655029 0.000000 0.218051 0.000000 0.975937 0.427477 0.427477 0.427477
7668.024902 0.000000 2355.219727 0.000000 0.961343 0.000000 0.275352 0.683404 0.683404 0.683404
7673.778320 0.000000 2357.228516 0.000000 0.004046 0.000000 0.999992 0.375966 0.375966 0.375966
7649.626465 0.000000 2341.013428 0.000000 0.237216 0.000000 0.971457 0.432176 0.432176 0.432176
7665.437500 0.000000 2365.819092 0.000000 0.940104 0.000000 -0.340888 0.833046 0.833046 0.833046
7663.513672 0.000000 2371.743896 0.000000 0.744987 0.000000 0.667079 0.575658 0.575658 0.575658
7662.957520 0.000000 2370.227051 0.000000 0.849938 0.000000 -0.526882 0.882479 0.882479 0.882479
7662.281738 0.000000 2371.482422 0.000000 0.781571 0.000000 -0.623817 0.910814 0.910814 0.910814
7601.086426 0.000000 2463.281738 0.000000 0.923802 0.000000 -0.382871 0.843799 0.843799 0.843799
7601.518555 0.000000 2475.655273 0.000000 0.993267 0.000000 0.115844 0.722282 0.722282 0.722282
7606.523438 0.000000 2465.165039 0.000000 0.188329 0.000000 -0.982106 1.079770 1.079770 1.079770
7595.667480 0.000000 2469.577881 0.000000 0.839477 0.000000 0.543395 0.612854 0.612854 0.612854
7601.000000 0.000000 2463.564453 0.000000 0.807681 0.000000 -0.589620 0.900542 0.900542 0.900542
7605.385742 0.000000 2476.721924 0.000000 0.268245 0.000000 -0.963351 1.060167 1.060167 1.060167
7594.148926 0.000000 2468.444336 0.000000 0.218445 0.000000 -0.975849 1.072426 1.072426 1.072426
7602.991699 0.000000 2466.620361 0.000000 0.410864 0.000000 0.911697 0.476080 0.476080 0.476080
7607.736816 0.000000 2464.601074 0.000000 0.157074 0.000000 0.987587 0.412654 0.412654 0.412654
7602.564941 0.000000 2467.811768 0.000000 0.685427 0.000000 -0.728141 0.944712 0.944712 0.944712
7600.197266 0.000000 2474.863525 0.000000 0.198312 0.000000 0.980139 0.422660 0.422660 0.422660
7595.737305 0.000000 2468.327393 0.000000 0.999768 0.000000 -0.021534 0.755141 0.755141 0.755141
7609.370605 0.000000 2466.864502 0.000000 0.079580 0.000000 -0.996828 1.105982 1.105982 1.105982
7604.237305 0.000000 2477.053955 0.000000 0.997711 0.000000 0.067625 0.733843 0.733843 0.733843
7645.570801 0.000000 2488.845215 0.000000 0.842198 0.000000 -0.539168 0.885946 0.885946 0.885946
7639.584473 0.000000 2490.223389 0.000000 0.510712 0.000000 -0.859752 0.997036 0.997036 0.997036
7642.615723 0.000000 2486.597656 0.000000 0.985039 0.000000 -0.172330 0.791347 0.791347 0.791347
7635.310547 0.000000 2491.325195 0.000000 0.955186 0.000000 0.296005 0.678259 0.678259 0.678259
7644.384277 0.000000 2491.247803 0.000000 0.831242 0.000000 0.555911 0.609277 0.609277 0.609277
7643.671387 0.000000 2483.138184 0.000000 0.870328 0.000000 0.492472 0.627070 0.627070 0.627070
7637.598633 0.000000 2491.212158 0.000000 0.929116 0.000000 -0.369788 0.840427 0.840427 0.840427
7644.337402 0.000000 2487.408936 0.000000 0.974930 0.000000 -0.222510 0.803569 0.803569 0.803569
7646.351562 0.000000 2483.916748 0.000000 0.963551 0.000000 0.267526 0.685345 0.685345 0.685345
7644.098633 0.000000 2489.563232 0.000000 0.485621 0.000000 -0.874169 1.003945 1.003945 1.003945
7639.045898 0.000000 2488.750000 0.000000 0.987300 0.000000 -0.158869 0.788089 0.788089 0.788089
7638.175781 0.000000 2489.905273 0.000000 0.962748 0.000000 0.270399 0.684633 0.684633 0.684633
7634.149414 0.000000 2490.261475 0.000000 0.758267 0.000000 -0.651944 0.919535 0.919535 0.919535
7643.991211 0.000000 2486.047363 0.000000 0.708553 0.000000 0.705658 0.562989 0.562989 0.562989
7642.656738 0.000000 2482.062744 0.000000 0.784178 0.000000 0.620536 0.590186 0.590186 0.590186
7639.170898 0.000000 2491.727783 0.000000 0.689731 0.000000 -0.724066 0.943297 0.943297 0.943297
7645.250977 0.000000 2490.165771 0.000000 0.648096 0.000000 0.761559 0.543326 0.543326 0.543326
7636.580566 0.000000 2490.514893 0.000000 0.101288 0.000000 -0.994857 1.100778 1.100778 1.100778
7646.624023 0.000000 2489.594482 0.000000 0.164975 0.000000 -0.986298 1.085434 1.085434 1.085434
7642.648926 0.000000 2483.758545 0.000000 0.437956 0.000000 0.898997 0.483223 0.483223 0.483223
7647.291992 0.000000 2488.498779 0.000000 0.775720 0.000000 0.631077 0.586960 0.586960 0.586960
7647.374023 0.000000 2482.456543 0.000000 0.159415 0.000000 0.987212 0.413220 0.413220 0.413220
7654.261230 0.000000 2489.251465 0.000000 0.952308 0.000000 -0.305139 0.824027 0.824027 0.824027
7655.493164 0.000000 2481.085693 0.000000 0.362833 0.000000 -0.931854 1.036357 1.036357 1.036357
7651.764648 0.000000 2483.732178 0.000000 0.993015 0.000000 0.117988 0.721767 0.721767 0.721767
7647.069336 0.000000 2483.998291 0.000000 0.293538 0.000000 0.955947 0.446125 0.446125 0.446125
7650.274902 0.000000 2482.087402 0.000000 0.963394 0.000000 0.268089 0.685206 0.685206 0.685206
7654.151367 0.000000 2481.080566 0.000000 0.213582 0.000000 0.976925 0.426385 0.426385 0.426385
7645.744141 0.000000 2511.009766 0.000000 0.360856 0.000000 -0.932622 1.036864 1.036864 1.036864
7644.053711 0.000000 2510.875244 0.000000 0.999835 0.000000 -0.018182 0.754341 0.754341 0.754341
7646.485352 0.000000 2512.443115 0.000000 0.974298 0.000000 0.225265 0.695757 0.695757 0.695757
7658.692383 0.000000 2510.760010 0.000000 0.107846 0.000000 0.994168 0.400796 0.400796 0.400796
7666.738281 0.000000 2504.831299 0.000000 0.130668 0.000000 -0.991426 1.093716 1.093716 1.093716
7661.101562 0.000000 2523.825195 0.000000 0.784305 0.000000 -0.620376 0.909765 0.909765 0.909765
7666.783203 0.000000 2525.951660 0.000000 0.369681 0.000000 -0.929159 1.034600 1.034600 1.034600
7667.306641 0.000000 2523.317383 0.000000 0.510129 0.000000 -0.860098 0.997198 0.997198 0.997198
7649.731445 0.000000 2515.400879 0.000000 0.025898 0.000000 -0.999665 1.118817 1.118817 1.118817
7649.452637 0.000000 2519.274170 0.000000 0.464068 0.000000 0.885800 0.490208 0.490208 0.490208
7656.128906 0.000000 2505.012451 0.000000 0.787864 0.000000 0.615849 0.591610 0.591610 0.591610
7666.453613 0.000000 2520.667480 0.000000 0.997050 0.000000 0.076749 0.731659 0.731659 0.731659
7660.886719 0.000000 2509.876709 0.000000 0.906349 0.000000 -0.422531 0.854144 0.854144 0.854144
7668.323730 0.000000 2512.170410 0.000000 0.769317 0.000000 -0.638867 0.915448 0.915448 0.915448
7649.335449 0.000000 2525.655029 0.000000 0.990171 0.000000 -0.139865 0.783500 0.783500 0.783500
7657.001465 0.000000 2514.891846 0.000000 0.773496 0.000000 -0.633801 0.913880 0.913880 0.913880
7673.291016 0.000000 2513.823730 0.000000 0.209401 0.000000 0.977830 0.425363 0.425363 0.425363
7663.460938 0.000000 2512.368652 0.000000 0.605387 0.000000 0.795931 0.530236 0.530236 0.530236
7654.365723 0.000000 2505.250732 0.000000 0.657637 0.000000 0.753335 0.546333 0.546333 0.546333
7654.441895 0.000000 2517.094482 0.000000 0.035708 0.000000 0.999362 0.383526 0.383526 0.383526
7662.235352 0.000000 2513.427490 0.000000 0.843019 0.000000 -0.537883 0.885582 0.885582 0.885582
7660.245605 0.000000 2522.351562 0.000000 0.975460 0.000000 0.220177 0.697002 0.697002 0.697002
7670.675293 0.000000 2526.576904 0.000000 0.050632 0.000000 -0.998717 1.112907 1.112907 1.112907
7659.352539 0.000000 2509.370605 0.000000 0.450483 0.000000 -0.892785 1.013439 1.013439 1.013439
7667.500977 0.000000 2521.843750 0.000000 0.997511 0.000000 -0.070515 0.766848 0.766848 0.766848
7666.145508 0.000000 2522.253662 0.000000 0.954532 0.000000 -0.298108 0.822267 0.822267 0.822267
7670.745117 0.000000 2509.031494 0.000000 0.871260 0.000000 -0.490822 0.872478 0.872478 0.872478
7661.990723 0.000000 2522.722900 0.000000 0.673262 0.000000 0.739404 0.551331 0.551331 0.551331
7667.814453 0.000000 2520.350342 0.000000 0.448441 0.000000 -0.893812 1.013985 1.013985 1.013985
7657.271973 0.000000 2504.184570 0.000000 0.737688 0.000000 0.675141 0.573062 0.573062 0.573062
7647.738770 0.000000 2512.916992 0.000000 0.382116 0.000000 -0.924114 1.031397 1.031397 1.031397
7668.721680 0.000000 2510.892822 0.000000 0.343839 0.000000 -0.939029 1.041204 1.041204 1.041204
7648.343262 0.000000 2515.499512 0.000000 0.954603 0.000000 0.297881 0.677790 0.677790 0.677790
7666.879883 0.000000 2524.561279 0.000000 0.926388 0.000000 -0.376570 0.842172 0.842172 0.842172
7660.819336 0.000000 2508.587891 0.000000 0.941200 0.000000 0.337850 0.667725 0.667725 0.667725
7667.947266 0.000000 2505.258057 0.000000 0.621709 0.000000 -0.783249 0.964829 0.964829 0.964829
7657.447266 0.000000 2505.436279 0.000000 0.365072 0.000000 0.930979 0.464217 0.464217 0.464217
7669.266113 0.000000 2513.108398 0.000000 0.711838 0.000000 0.702343 0.564103 0.564103 0.564103
7669.604492 0.000000 2511.790283 0.000000 0.711945 0.000000 0.702235 0.564139 0.564139 0.564139
7673.976074 0.000000 2512.486816 0.000000 0.955239 0.000000 0.295835 0.678302 0.678302 0.678302
7655.240723 0.000000 2504.153564 0.000000 0.887666 0.000000 -0.460487 0.864244 0.864244 0.864244
7648.866211 0.000000 2518.190674 0.000000 0.738238 0.000000 -0.674541 0.926744 0.926744 0.926744
7668.102051 0.000000 2513.436768 0.000000 0.919387 0.000000 0.393355 0.653486 0.653486 0.653486
7655.235352 0.000000 2516.121338 0.000000 0.327769 0.000000 0.944758 0.454722 0.454722 0.454722
7648.349121 0.000000 2519.749268 0.000000 0.110591 0.000000 -0.993866 1.098544 1.098544 1.098544
7648.334473 0.000000 2525.058350 0.000000 0.565782 0.000000 -0.824555 0.981431 0.981431 0.981431
7670.145996 0.000000 2527.402344 0.000000 0.728582 0.000000 -0.684958 0.930135 0.930135 0.930135
7709.562988 0.000000 2296.892090 0.000000 0.460516 0.000000 0.887651 0.489252 0.489252 0.489252
7708.090820 0.000000 2297.610107 0.000000 0.886044 0.000000 0.463601 0.634918 0.634918 0.634918
7693.216797 0.000000 2302.578369 0.000000 0.251804 0.000000 0.967778 0.435768 0.435768 0.435768
7692.977539 0.000000 2301.293457 0.000000 0.884656 0.000000 0.466244 0.634205 0.634205 0.634205
7706.539062 0.000000 2307.244629 0.000000 0.261366 0.000000 0.965240 0.438130 0.438130 0.438130
7697.506836 0.000000 2315.694336 0.000000 0.666688 0.000000 -0.745337 0.950783 0.950783 0.950783
7692.951660 0.000000 2303.451172 0.000000 0.978723 0.000000 0.205185 0.700665 0.700665 0.700665
7702.511719 0.000000 2305.204102 0.000000 0.520004 0.000000 -0.854164 0.994448 0.994448 0.994448
7708.834961 0.000000 2307.548340 0.000000 0.784549 0.000000 -0.620067 0.909671 0.909671 0.909671
7691.753418 0.000000 2305.200684 0.000000 0.622923 0.000000 0.782283 0.535541 0.535541 0.535541
7699.158691 0.000000 2310.831787 0.000000 0.510497 0.000000 0.859880 0.502904 0.502904 0.502904
7690.149902 0.000000 2305.451904 0.000000 0.233532 0.000000 0.972349 0.431271 0.431271 0.431271
7708.719238 0.000000 2306.068848 0.000000 0.398577 0.000000 0.917135 0.472872 0.472872 0.472872
7703.725098 0.000000 2304.640137 0.000000 0.499841 0.000000 -0.866117 1.000044 1.000044 1.000044
7707.759277 0.000000 2306.909180 0.000000 0.670489 0.000000 -0.741919 0.949563 0.949563 0.949563
7696.185547 0.000000 2314.902588 0.000000 0.977502 0.000000 -0.210927 0.800736 0.800736 0.800736
7696.935059 0.000000 2305.069336 0.000000 0.945284 0.000000 -0.326250 0.829339 0.829339 0.829339
7698.354492 0.000000 2311.745117 0.000000 0.996958 0.000000 -0.077946 0.768627 0.768627 0.768627
7754.367188 0.000000 2358.436523 0.000000 0.138163 0.000000 -0.990410 1.091910 1.091910 1.091910
7752.989746 0.000000 2354.930908 0.000000 0.402046 0.000000 -0.915619 1.026224 1.026224 1.026224
7755.749512 0.000000 2360.727295 0.000000 0.408999 0.000000 0.912535 0.475592 0.475592 0.475592
7754.479004 0.000000 2359.928711 0.000000 0.823552 0.000000 -0.567241 0.893992 0.893992 0.893992
7755.837891 0.000000 2358.127441 0.000000 0.782876 0.000000 0.622178 0.589686 0.589686 0.589686
7755.046875 0.000000 2361.963867 0.000000 0.259889 0.000000 0.965638 0.437764 0.437764 0.437764
7755.674316 0.000000 2359.334717 0.000000 0.747527 0.000000 0.664232 0.576569 0.576569 0.576569
7767.466309 0.000000 2371.870605 0.000000 0.101356 0.000000 0.994850 0.399238 0.399238 0.399238
7770.053711 0.000000 2376.448242 0.000000 0.888619 0.000000 -0.458646 0.863749 0.863749 0.863749
7766.007324 0.000000 2382.403076 0.000000 0.305342 0.000000 -0.952243 1.050922 1.050922 1.050922
7771.655762 0.000000 2387.161621 0.000000 0.931324 0.000000 -0.364191 0.838991 0.838991 0.838991
7770.295898 0.000000 2368.403320 0.000000 0.394880 0.000000 0.918733 0.471910 0.471910 0.471910
7764.739746 0.000000 2376.263428 0.000000 0.976034 0.000000 -0.217619 0.802372 0.802372 0.802372
7760.891602 0.000000 2377.842529 0.000000 0.002196 0.000000 0.999998 0.375524 0.375524 0.375524
7770.890137 0.000000 2378.562500 0.000000 0.301482 0.000000 -0.953472 1.051889 1.051889 1.051889
7767.315430 0.000000 2383.381348 0.000000 0.835892 0.000000 -0.548894 0.888713 0.888713 0.888713
7766.141113 0.000000 2370.869141 0.000000 0.999055 0.000000 -0.043467 0.760380 0.760380 0.760380
7771.183105 0.000000 2369.797119 0.000000 0.862673 0.000000 -0.505762 0.876591 0.876591 0.876591
7765.087891 0.000000 2377.808838 0.000000 0.971630 0.000000 -0.236504 0.807001 0.807001 0.807001
7771.365234 0.000000 2379.939941 0.000000 0.688635 0.000000 0.725108 0.556342 0.556342 0.556342
7761.376465 0.000000 2376.490234 0.000000 0.516185 0.000000 -0.856477 0.995514 0.995514 0.995514
7770.641113 0.000000 2386.086182 0.000000 0.775293 0.000000 0.631601 0.586798 0.586798 0.586798
7767.450684 0.000000 2370.368164 0.000000 0.972899 0.000000 0.231228 0.694294 0.694294 0.694294
7762.398926 0.000000 2367.646973 0.000000 0.941274 0.000000 0.337643 0.667778 0.667778 0.667778
7767.229492 0.000000 2382.168701 0.000000 0.631290 0.000000 0.775547 0.538106 0.538106 0.538106
7774.650879 0.000000 2382.289795 0.000000 0.761108 0.000000 -0.648626 0.918492 0.918492 0.918492
7770.633301 0.000000 2387.781982 0.000000 0.714892 0.000000 0.699235 0.565143 0.565143 0.565143
7777.758301 0.000000 2375.778564 0.000000 0.482242 0.000000 -0.876038 1.004867 1.004867 1.004867
7775.063965 0.000000 2383.751953 0.000000 0.586272 0.000000 -0.810114 0.975446 0.975446 0.975446
7776.701172 0.000000 2374.503174 0.000000 0.985671 0.000000 0.168678 0.709538 0.709538 0.709538
7775.129395 0.000000 2382.274414 0.000000 0.090048 0.000000 -0.995937 1.103473 1.103473 1.103473
7776.650391 0.000000 2380.449707 0.000000 0.998711 0.000000 0.050765 0.737876 0.737876 0.737876
7776.562988 0.000000 2375.739014 0.000000 0.999447 0.000000 -0.033266 0.757943 0.757943 0.757943
7785.534180 0.000000 2428.937256 0.000000 0.992627 0.000000 0.121209 0.720992 0.720992 0.720992
7780.839844 0.000000 2430.706055 0.000000 0.139980 0.000000 0.990154 0.408528 0.408528 0.408528
7711.534180 0.000000 2442.208252 0.000000 0.999992 0.000000 -0.004021 0.750960 0.750960 0.750960
7742.235840 0.000000 2493.423340 0.000000 0.018136 0.000000 0.999836 0.379330 0.379330 0.379330
7742.339844 0.000000 2483.916748 0.000000 0.060313 0.000000 0.998179 0.389408 0.389408 0.389408
7743.037109 0.000000 2492.123779 0.000000 0.209796 0.000000 0.977745 0.425460 0.425460 0.425460
7790.954590 0.000000 2442.050781 0.000000 0.864632 0.000000 -0.502406 0.875664 0.875664 0.875664
7781.511719 0.000000 2431.702881 0.000000 0.258738 0.000000 -0.965948 1.062520 1.062520 1.062520
7787.941895 0.000000 2443.671875 0.000000 0.692697 0.000000 0.721229 0.557683 0.557683 0.557683
7785.249023 0.000000 2437.920898 0.000000 0.378673 0.000000 0.925530 0.467715 0.467715 0.467715
7787.644043 0.000000 2437.585693 0.000000 0.985473 0.000000 0.169832 0.709258 0.709258 0.709258
7785.940918 0.000000 2442.650879 0.000000 0.874238 0.000000 -0.485497 0.871021 0.871021 0.871021
7785.298340 0.000000 2434.796631 0.000000 0.625793 0.000000 -0.779989 0.963582 0.963582 0.963582
7797.180664 0.000000 2450.470947 0.000000 0.584651 0.000000 0.811285 0.524076 0.524076 0.524076
7791.445312 0.000000 2448.384277 0.000000 0.991252 0.000000 0.131982 0.718399 0.718399 0.718399
7786.125488 0.000000 2436.452148 0.000000 0.969446 0.000000 0.245305 0.690834 0.690834 0.690834
7790.219727 0.000000 2449.443115 0.000000 0.999981 0.000000 0.006185 0.748523 0.748523 0.748523
7784.584473 0.000000 2436.587891 0.000000 0.663195 0.000000 -0.748446 0.951900 0.951900 0.951900
7796.009277 0.000000 2451.196289 0.000000 0.576866 0.000000 0.816839 0.521793 0.521793 0.521793
7784.002930 0.000000 2434.382324 0.000000 0.647570 0.000000 -0.762006 0.956839 0.956839 0.956839
7787.713867 0.000000 2436.335205 0.000000 0.763715 0.000000 0.645553 0.582470 0.582470 0.582470
7786.656738 0.000000 2443.717529 0.000000 0.903264 0.000000 -0.429086 0.855873 0.855873 0.855873
7743.362305 0.000000 2482.456543 0.000000 0.857600 0.000000 0.514318 0.621034 0.621034 0.621034
7767.800781 0.000000 2487.246582 0.000000 0.787202 0.000000 -0.616695 0.908647 0.908647 0.908647
7745.323730 0.000000 2493.662842 0.000000 0.998898 0.000000 0.046937 0.738790 0.738790 0.738790
7747.137695 0.000000 2479.491943 0.000000 0.526009 0.000000 0.850479 0.507234 0.507234 0.507234
7743.141602 0.000000 2493.598145 0.000000 0.932793 0.000000 -0.360411 0.838023 0.838023 0.838023
7748.847168 0.000000 2485.347412 0.000000 0.354995 0.000000 -0.934868 1.038362 1.038362 1.038362
7766.347656 0.000000 2486.007812 0.000000 0.597214 0.000000 0.802082 0.527794 0.527794 0.527794
7743.057617 0.000000 2483.998291 0.000000 0.993473 0.000000 -0.114065 0.777290 0.777290 0.777290
7746.160156 0.000000 2478.349365 0.000000 0.605462 0.000000 -0.795874 0.969741 0.969741 0.969741
7746.802246 0.000000 2472.731445 0.000000 0.972376 0.000000 -0.233421 0.806244 0.806244 0.806244
7744.322754 0.000000 2493.066162 0.000000 0.912502 0.000000 0.409073 0.649389 0.649389 0.649389
7681.727539 0.000000 2515.400879 0.000000 0.990412 0.000000 -0.138146 0.783086 0.783086 0.783086
7680.339355 0.000000 2515.499512 0.000000 0.882034 0.000000 -0.471185 0.867130 0.867130 0.867130
7708.376465 0.000000 2555.232178 0.000000 0.867616 0.000000 0.497235 0.625762 0.625762 0.625762
7710.144043 0.000000 2550.694580 0.000000 0.408475 0.000000 -0.912770 1.024546 1.024546 1.024546
7710.493164 0.000000 2549.340576 0.000000 0.791153 0.000000 0.611618 0.592889 0.592889 0.592889
7709.243164 0.000000 2554.150146 0.000000 0.146026 0.000000 -0.989281 1.090014 1.090014 1.090014
7710.497559 0.000000 2551.844238 0.000000 0.040663 0.000000 -0.999173 1.115290 1.115290 1.115290
7710.658691 0.000000 2542.250732 0.000000 0.542876 0.000000 0.839813 0.511999 0.511999 0.511999
7727.506836 0.000000 2541.833984 0.000000 0.828310 0.000000 0.560271 0.608023 0.608023 0.608023
7725.296387 0.000000 2544.163574 0.000000 0.199801 0.000000 0.979837 0.423022 0.423022 0.423022
7717.424316 0.000000 2538.773193 0.000000 0.990781 0.000000 0.135473 0.717559 0.717559 0.717559
7719.280273 0.000000 2542.270996 0.000000 0.074470 0.000000 0.997223 0.392795 0.392795 0.392795
7720.121094 0.000000 2537.004639 0.000000 0.240061 0.000000 0.970758 0.432876 0.432876 0.432876
7717.330566 0.000000 2544.104736 0.000000 1.000000 0.000000 0.000113 0.749973 0.749973 0.749973
7721.698242 0.000000 2544.812500 0.000000 0.990224 0.000000 0.139489 0.716591 0.716591 0.716591
7721.948730 0.000000 2538.627441 0.000000 0.891550 0.000000 -0.452923 0.862214 0.862214 0.862214
7726.065918 0.000000 2540.021484 0.000000 0.468257 0.000000 0.883592 0.491338 0.491338 0.491338
7711.071777 0.000000 2543.712891 0.000000 0.997963 0.000000 -0.063802 0.765242 0.765242 0.765242
7721.951172 0.000000 2540.737061 0.000000 0.319584 0.000000 0.947558 0.452657 0.452657 0.452657
7718.064941 0.000000 2540.693604 0.000000 0.447039 0.000000 0.894515 0.485641 0.485641 0.485641
7722.320312 0.000000 2548.406250 0.000000 0.578471 0.000000 0.815703 0.522263 0.522263 0.522263
7717.336426 0.000000 2545.943848 0.000000 0.425645 0.000000 0.904890 0.479965 0.479965 0.479965
7729.298828 0.000000 2545.769287 0.000000 0.556679 0.000000 0.830728 0.515944 0.515944 0.515944
7725.208008 0.000000 2538.360840 0.000000 0.615386 0.000000 -0.788226 0.966750 0.966750 0.966750
7727.805176 0.000000 2540.049805 0.000000 0.992682 0.000000 0.120761 0.721100 0.721100 0.721100
7718.357910 0.000000 2537.242920 0.000000 0.993624 0.000000 0.112740 0.723028 0.723028 0.723028
7711.511719 0.000000 2550.857910 0.000000 0.789002 0.000000 0.614391 0.592051 0.592051 0.592051
7712.625977 0.000000 2541.990479 0.000000 0.924630 0.000000 -0.380867 0.843281 0.843281 0.843281
7716.851074 0.000000 2549.331787 0.000000 0.861270 0.000000 0.508147 0.622748 0.622748 0.622748
7724.401855 0.000000 2545.609619 0.000000 0.674687 0.000000 -0.738104 0.948209 0.948209 0.948209
7720.451172 0.000000 2541.152832 0.000000 0.966315 0.000000 0.257364 0.687860 0.687860 0.687860
7719.416016 0.000000 2550.254639 0.000000 0.658832 0.000000 0.752290 0.546712 0.546712 0.546712
7718.792480 0.000000 2551.795898 0.000000 0.829069 0.000000 0.559147 0.608347 0.608347 0.608347
7718.944824 0.000000 2543.668213 0.000000 0.920479 0.000000 -0.390791 0.845849 0.845849 0.845849
7711.137207 0.000000 2542.235352 0.000000 0.559771 0.000000 0.828647 0.516833 0.516833 0.516833
7721.264160 0.000000 2536.176758 0.000000 0.379747 0.000000 0.925090 0.467992 0.467992 0.467992
7720.639160 0.000000 2538.483154 0.000000 0.720250 0.000000 -0.693714 0.933020 0.933020 0.933020
7712.658203 0.000000 2540.410645 0.000000 0.943013 0.000000 0.332756 0.669016 0.669016 0.669016
7720.688965 0.000000 2545.617432 0.000000 0.985482 0.000000 -0.169782 0.790730 0.790730 0.790730
7726.150879 0.000000 2541.419189 0.000000 0.370219 0.000000 -0.928945 1.034462 1.034462 1.034462
7716.065918 0.000000 2544.397949 0.000000 0.694417 0.000000 0.719573 0.558253 0.558253 0.558253
7721.439453 0.000000 2537.428467 0.000000 0.957354 0.000000 0.288918 0.680028 0.680028 0.680028
7721.256348 0.000000 2539.703857 0.000000 0.667134 0.000000 0.744938 0.549359 0.549359 0.549359
7720.473145 0.000000 2544.298584 0.000000 0.012170 0.000000 -0.999926 1.122094 1.122094 1.122094
7719.232910 0.000000 2536.145752 0.000000 0.793723 0.000000 -0.608279 0.906105 0.906105 0.906105
7719.280273 0.000000 2540.734131 0.000000 0.589448 0.000000 0.807806 0.525491 0.525491 0.525491
7728.230469 0.000000 2545.291504 0.000000 0.999960 0.000000 0.008902 0.747875 0.747875 0.747875
7186.154297 0.000000 2852.970703 0.000000 0.801783 0.000000 -0.597615 0.902914 0.902914 0.902914
7175.346680 0.000000 2862.192871 0.000000 0.971246 0.000000 -0.238079 0.807388 0.807388 0.807388
7189.653320 0.000000 2875.118408 0.000000 0.045043 0.000000 0.998985 0.385757 0.385757 0.385757
7187.823242 0.000000 2852.445312 0.000000 0.966296 0.000000 0.257434 0.687842 0.687842 0.687842
7175.359375 0.000000 2858.301758 0.000000 0.602516 0.000000 -0.798107 0.970624 0.970624 0.970624
7175.011230 0.000000 2863.590088 0.000000 0.997936 0.000000 -0.064219 0.765342 0.765342 0.765342
7174.671875 0.000000 2859.469482 0.000000 0.853951 0.000000 0.520354 0.619350 0.619350 0.619350
7187.951172 0.000000 2853.698242 0.000000 0.091445 0.000000 0.995810 0.396861 0.396861 0.396861
7188.635254 0.000000 2874.421143 0.000000 0.298312 0.000000 -0.954469 1.052682 1.052682 1.052682
7712.585449 0.000000 2560.447998 0.000000 0.997024 0.000000 0.077091 0.731578 0.731578 0.731578
6251.819824 0.000000 3582.127686 0.000000 0.699665 0.000000 0.714471 0.560000 0.560000 0.560000
6250.375000 0.000000 3582.595947 0.000000 0.509290 0.000000 0.860595 0.502569 0.502569 0.502569
6250.286621 0.000000 3583.226318 0.000000 0.023325 0.000000 0.999728 0.380569 0.380569 0.380569
6251.669434 0.000000 3583.203613 0.000000 0.763797 0.000000 -0.645456 0.917499 0.917499 0.917499
6702.662109 0.000000 3588.581787 0.000000 0.261336 0.000000 0.965248 0.438122 0.438122 0.438122
"}
