object={
	name="tree_cypress_generator_1_0"
	clamp_to_water_level=no
	render_under_water=no
	generated_content=yes
	layer="tree_layer"
	pdxmesh="tree_cypress_01_mesh"
	count=5753
	transform="1559.951660 0.000000 1098.706055 0.000000 0.069320 0.000000 -0.997595 0.952933 0.952933 0.952933
1552.776978 0.000000 1098.529907 0.000000 0.381245 0.000000 -0.924474 0.920159 0.920159 0.920159
1553.542603 0.000000 1094.258911 0.000000 0.627400 0.000000 0.778697 0.709082 0.709082 0.709082
1557.180664 0.000000 1096.071289 0.000000 0.394482 0.000000 -0.918903 0.918696 0.918696 0.918696
1554.655518 0.000000 1096.614258 0.000000 0.778822 0.000000 -0.627245 0.869062 0.869062 0.869062
1557.545166 0.000000 1098.592896 0.000000 0.276701 0.000000 0.960956 0.668557 0.668557 0.668557
1559.474609 0.000000 1096.411987 0.000000 0.999308 0.000000 0.037188 0.796211 0.796211 0.796211
1555.409302 0.000000 1098.496948 0.000000 0.453427 0.000000 -0.891294 0.912064 0.912064 0.912064
1552.761475 0.000000 1096.553711 0.000000 0.959660 0.000000 0.281164 0.770969 0.770969 0.770969
1556.446411 0.000000 1097.393066 0.000000 0.899491 0.000000 -0.436938 0.846060 0.846060 0.846060
1578.291748 0.000000 1117.257568 0.000000 0.417297 0.000000 0.908770 0.683847 0.683847 0.683847
1579.295410 0.000000 1103.450317 0.000000 0.938238 0.000000 0.345991 0.764014 0.764014 0.764014
1575.149048 0.000000 1088.487671 0.000000 0.864004 0.000000 0.503485 0.746256 0.746256 0.746256
1576.236328 0.000000 1096.512573 0.000000 0.408661 0.000000 -0.912686 0.917119 0.917119 0.917119
1576.666748 0.000000 1110.286987 0.000000 0.959770 0.000000 0.280787 0.771010 0.771010 0.771010
1572.829102 0.000000 1092.982422 0.000000 0.946959 0.000000 0.321354 0.766676 0.766676 0.766676
1582.197388 0.000000 1107.779053 0.000000 0.700825 0.000000 -0.713334 0.880901 0.880901 0.880901
1577.500610 0.000000 1092.481079 0.000000 0.554083 0.000000 0.832461 0.699818 0.699818 0.699818
1569.294800 0.000000 1088.977661 0.000000 0.096427 0.000000 0.995340 0.649837 0.649837 0.649837
1583.236328 0.000000 1102.326294 0.000000 0.436967 0.000000 0.899478 0.686063 0.686063 0.686063
1575.798828 0.000000 1114.097168 0.000000 0.756659 0.000000 -0.653810 0.872586 0.872586 0.872586
1574.525146 0.000000 1117.318726 0.000000 0.989645 0.000000 -0.143538 0.814671 0.814671 0.814671
1572.286621 0.000000 1089.899292 0.000000 0.270369 0.000000 0.962757 0.667887 0.667887 0.667887
1578.772949 0.000000 1114.201050 0.000000 0.576806 0.000000 -0.816881 0.897376 0.897376 0.897376
1583.766602 0.000000 1105.226196 0.000000 0.557404 0.000000 -0.830241 0.899775 0.899775 0.899775
1575.056030 0.000000 1091.260254 0.000000 0.833715 0.000000 -0.552194 0.859587 0.859587 0.859587
1578.627441 0.000000 1100.835449 0.000000 0.515978 0.000000 -0.856602 0.904777 0.904777 0.904777
1575.309448 0.000000 1094.018921 0.000000 0.986027 0.000000 -0.166588 0.817048 0.817048 0.817048
1570.441040 0.000000 1091.734863 0.000000 0.176040 0.000000 -0.984383 0.941975 0.941975 0.941975
1580.906128 0.000000 1105.546631 0.000000 0.946595 0.000000 0.322424 0.766561 0.766561 0.766561
1577.781860 0.000000 1098.429077 0.000000 0.781475 0.000000 -0.623937 0.868630 0.868630 0.868630
1577.424316 0.000000 1119.560791 0.000000 0.704340 0.000000 -0.709863 0.880398 0.880398 0.880398
1580.936157 0.000000 1101.560303 0.000000 0.543583 0.000000 0.839355 0.698538 0.698538 0.698538
1577.718384 0.000000 1094.763428 0.000000 0.827779 0.000000 -0.561055 0.860673 0.860673 0.860673
1576.395264 0.000000 1116.198364 0.000000 0.770503 0.000000 -0.637436 0.870402 0.870402 0.870402
1581.517456 0.000000 1103.553711 0.000000 0.641523 0.000000 -0.767103 0.889057 0.889057 0.889057
1573.278931 0.000000 1088.363647 0.000000 0.969070 0.000000 0.246785 0.774600 0.774600 0.774600
1573.224976 0.000000 1091.323364 0.000000 0.934139 0.000000 0.356909 0.762826 0.762826 0.762826
1577.872559 0.000000 1115.533203 0.000000 0.979232 0.000000 0.202743 0.779205 0.779205 0.779205
1576.859253 0.000000 1117.983887 0.000000 0.901966 0.000000 0.431808 0.754520 0.754520 0.754520
1581.992188 0.000000 1123.558960 0.000000 0.256333 0.000000 0.966589 0.666405 0.666405 0.666405
1575.149048 0.000000 1120.479858 0.000000 0.944579 0.000000 0.328285 0.765929 0.765929 0.765929
1579.962891 0.000000 1119.736938 0.000000 0.457412 0.000000 -0.889255 0.911608 0.911608 0.911608
1577.500610 0.000000 1124.473267 0.000000 0.999924 0.000000 0.012352 0.798742 0.798742 0.798742
1577.784302 0.000000 1121.636719 0.000000 0.983304 0.000000 -0.181969 0.818639 0.818639 0.818639
1579.639160 0.000000 1123.255981 0.000000 0.496146 0.000000 0.868239 0.692881 0.692881 0.692881
1579.004761 0.000000 1125.447510 0.000000 0.942690 0.000000 -0.333670 0.834652 0.834652 0.834652
1578.171631 0.000000 1123.122803 0.000000 0.647155 0.000000 -0.762358 0.888307 0.888307 0.888307
1589.328491 0.000000 1156.159058 0.000000 0.999750 0.000000 -0.022376 0.802279 0.802279 0.802279
1597.014038 0.000000 1158.481445 0.000000 0.097184 0.000000 -0.995266 0.950085 0.950085 0.950085
1585.538696 0.000000 1158.243286 0.000000 0.592561 0.000000 0.805526 0.704603 0.704603 0.704603
1592.810425 0.000000 1158.615723 0.000000 0.964747 0.000000 -0.263178 0.827127 0.827127 0.827127
1595.955444 0.000000 1161.930054 0.000000 0.699737 0.000000 -0.714401 0.881056 0.881056 0.881056
1586.294800 0.000000 1155.198975 0.000000 0.756641 0.000000 0.653830 0.727412 0.727412 0.727412
1595.682617 0.000000 1156.179565 0.000000 0.993567 0.000000 -0.113245 0.811560 0.811560 0.811560
1591.455933 0.000000 1156.784302 0.000000 0.340217 0.000000 0.940347 0.675360 0.675360 0.675360
1587.871826 0.000000 1157.950562 0.000000 0.867319 0.000000 0.497752 0.746931 0.746931 0.746931
1594.909668 0.000000 1159.178833 0.000000 0.231690 0.000000 0.972790 0.663816 0.663816 0.663816
1593.814331 0.000000 1156.888428 0.000000 0.948552 0.000000 -0.316620 0.832815 0.832815 0.832815
1584.793335 0.000000 1156.404175 0.000000 0.735738 0.000000 0.677266 0.724213 0.724213 0.724213
1586.621582 0.000000 1156.841064 0.000000 0.269602 0.000000 0.962972 0.667806 0.667806 0.667806
1600.555908 0.000000 1159.646973 0.000000 0.917355 0.000000 -0.398070 0.841702 0.841702 0.841702
1607.819702 0.000000 1164.740601 0.000000 0.640505 0.000000 0.767954 0.710808 0.710808 0.710808
1604.263306 0.000000 1161.775635 0.000000 0.387106 0.000000 -0.922035 0.919512 0.919512 0.919512
1600.335815 0.000000 1163.880127 0.000000 0.672374 0.000000 -0.740211 0.884888 0.884888 0.884888
1606.482178 0.000000 1167.210938 0.000000 0.956690 0.000000 0.291108 0.769912 0.769912 0.769912
1605.234619 0.000000 1164.158569 0.000000 0.851828 0.000000 0.523822 0.743842 0.743842 0.743842
1602.798218 0.000000 1163.868530 0.000000 0.512489 0.000000 0.858694 0.694808 0.694808 0.694808
1606.789307 0.000000 1162.358398 0.000000 0.961897 0.000000 -0.273414 0.828209 0.828209 0.828209
1604.041504 0.000000 1163.168701 0.000000 0.303843 0.000000 -0.952722 0.928554 0.928554 0.928554
1627.331421 0.000000 1184.087036 0.000000 0.985919 0.000000 0.167222 0.782887 0.782887 0.782887
1624.806519 0.000000 1190.607910 0.000000 0.737397 0.000000 -0.675459 0.875538 0.875538 0.875538
1625.073975 0.000000 1186.987915 0.000000 0.975057 0.000000 -0.221955 0.822798 0.822798 0.822798
1625.810425 0.000000 1188.880615 0.000000 0.651212 0.000000 0.758896 0.712237 0.712237 0.712237
1642.283936 0.000000 1213.234131 0.000000 0.067521 0.000000 0.997718 0.646883 0.646883 0.646883
1635.766846 0.000000 1198.270630 0.000000 0.994193 0.000000 -0.107607 0.810982 0.810982 0.810982
1639.318115 0.000000 1201.853882 0.000000 0.401873 0.000000 -0.915696 0.917875 0.917875 0.917875
1632.081177 0.000000 1200.850098 0.000000 0.942575 0.000000 0.333995 0.765313 0.765313 0.765313
1635.548828 0.000000 1201.698608 0.000000 0.961009 0.000000 0.276517 0.771462 0.771462 0.771462
1645.046997 0.000000 1214.255127 0.000000 0.950655 0.000000 0.310249 0.767868 0.767868 0.767868
1637.394409 0.000000 1202.675537 0.000000 0.670465 0.000000 0.741942 0.714850 0.714850 0.714850
1634.582520 0.000000 1199.911133 0.000000 0.552294 0.000000 0.833649 0.699599 0.699599 0.699599
1636.704346 0.000000 1200.102051 0.000000 0.576474 0.000000 0.817115 0.702583 0.702583 0.702583
1643.188354 0.000000 1214.841553 0.000000 0.990917 0.000000 0.134474 0.786261 0.786261 0.786261
1652.218140 0.000000 1246.170532 0.000000 0.935489 0.000000 -0.353357 0.836787 0.836787 0.836787
1640.658936 0.000000 1238.255737 0.000000 0.916246 0.000000 0.400616 0.758015 0.758015 0.758015
1643.955078 0.000000 1215.713501 0.000000 0.012655 0.000000 0.999920 0.641289 0.641289 0.641289
1642.744507 0.000000 1234.948486 0.000000 0.804126 0.000000 -0.594459 0.864843 0.864843 0.864843
1643.759644 0.000000 1237.892822 0.000000 0.891587 0.000000 -0.452849 0.847870 0.847870 0.847870
1642.124023 0.000000 1237.390137 0.000000 0.954178 0.000000 0.299240 0.769045 0.769045 0.769045
1660.120972 0.000000 1273.872437 0.000000 0.961179 0.000000 0.275927 0.771525 0.771525 0.771525
1657.791992 0.000000 1266.174316 0.000000 0.462193 0.000000 0.886779 0.688940 0.688940 0.688940
1640.228516 0.000000 1256.473511 0.000000 0.168606 0.000000 0.985683 0.657257 0.657257 0.657257
1652.218140 0.000000 1278.162720 0.000000 0.114042 0.000000 0.993476 0.651642 0.651642 0.651642
1640.658936 0.000000 1270.247925 0.000000 0.611461 0.000000 0.791275 0.707014 0.707014 0.707014
1648.765259 0.000000 1258.490845 0.000000 0.655860 0.000000 0.754882 0.712862 0.712862 0.712862
1653.320679 0.000000 1252.135620 0.000000 0.427521 0.000000 -0.904005 0.915004 0.915004 0.915004
1654.857056 0.000000 1273.224854 0.000000 0.586414 0.000000 -0.810012 0.896173 0.896173 0.896173
1647.776611 0.000000 1277.087646 0.000000 0.372375 0.000000 0.928082 0.678866 0.678866 0.678866
1656.944214 0.000000 1277.264282 0.000000 0.537413 0.000000 0.843319 0.697791 0.697791 0.697791
1644.275513 0.000000 1258.286621 0.000000 0.922184 0.000000 -0.386752 0.840449 0.840449 0.840449
1654.910522 0.000000 1248.027588 0.000000 0.303432 0.000000 -0.952853 0.928598 0.928598 0.928598
1641.492798 0.000000 1252.442017 0.000000 0.999872 0.000000 -0.015994 0.801629 0.801629 0.801629
1657.907715 0.000000 1270.334839 0.000000 0.494574 0.000000 0.869136 0.692696 0.692696 0.692696
1647.228516 0.000000 1262.287231 0.000000 0.435781 0.000000 0.900053 0.685929 0.685929 0.685929
1650.910278 0.000000 1274.521973 0.000000 0.546266 0.000000 -0.837612 0.901136 0.901136 0.901136
1636.599365 0.000000 1268.633789 0.000000 0.758209 0.000000 -0.652011 0.872344 0.872344 0.872344
1651.973511 0.000000 1260.446655 0.000000 0.947359 0.000000 0.320173 0.766803 0.766803 0.766803
1644.161499 0.000000 1254.723511 0.000000 0.047380 0.000000 -0.998877 0.955172 0.955172 0.955172
1652.360474 0.000000 1249.269287 0.000000 0.473019 0.000000 -0.881052 0.909813 0.909813 0.909813
1657.383911 0.000000 1274.530884 0.000000 0.560197 0.000000 -0.828360 0.899432 0.899432 0.899432
1638.455322 0.000000 1271.806885 0.000000 0.573641 0.000000 0.819107 0.702230 0.702230 0.702230
1649.742432 0.000000 1261.762939 0.000000 0.879126 0.000000 0.476589 0.749399 0.749399 0.749399
1646.469971 0.000000 1259.689941 0.000000 0.874278 0.000000 0.485426 0.748373 0.748373 0.748373
1656.398682 0.000000 1268.280029 0.000000 0.251832 0.000000 0.967771 0.665931 0.665931 0.665931
1650.170776 0.000000 1276.860352 0.000000 0.221639 0.000000 -0.975129 0.937235 0.937235 0.937235
1639.012329 0.000000 1268.544067 0.000000 0.997649 0.000000 0.068535 0.793014 0.793014 0.793014
1654.823608 0.000000 1250.335938 0.000000 0.992993 0.000000 0.118173 0.787935 0.787935 0.787935
1641.710571 0.000000 1254.724365 0.000000 0.732379 0.000000 0.680898 0.723709 0.723709 0.723709
1659.841431 0.000000 1271.606201 0.000000 0.936036 0.000000 -0.351904 0.836629 0.836629 0.836629
1657.691772 0.000000 1272.436523 0.000000 0.312055 0.000000 -0.950064 0.927674 0.927674 0.927674
1649.133179 0.000000 1278.718018 0.000000 0.059102 0.000000 0.998252 0.646024 0.646024 0.646024
1640.945801 0.000000 1268.120972 0.000000 0.985727 0.000000 -0.168351 0.817230 0.817230 0.817230
1648.346680 0.000000 1260.431396 0.000000 0.957290 0.000000 0.289130 0.770123 0.770123 0.770123
1651.859619 0.000000 1276.130249 0.000000 0.791300 0.000000 -0.611428 0.867010 0.867010 0.867010
1659.094238 0.000000 1275.300659 0.000000 0.057682 0.000000 0.998335 0.645879 0.645879 0.645879
1656.382202 0.000000 1273.201782 0.000000 0.333712 0.000000 -0.942675 0.925344 0.925344 0.925344
1653.929810 0.000000 1249.208862 0.000000 0.848807 0.000000 -0.528703 0.856743 0.856743 0.856743
1820.101440 0.000000 1273.872437 0.000000 0.317389 0.000000 -0.948296 0.927102 0.927102 0.927102
1822.108276 0.000000 1277.878662 0.000000 0.948800 0.000000 0.315879 0.767264 0.767264 0.767264
1822.834473 0.000000 1274.875854 0.000000 0.569460 0.000000 -0.822019 0.898289 0.898289 0.898289
1822.020264 0.000000 1271.834717 0.000000 0.152807 0.000000 0.988256 0.655626 0.655626 0.655626
1821.173828 0.000000 1275.867798 0.000000 0.586403 0.000000 0.810019 0.703826 0.703826 0.703826
1823.184326 0.000000 1273.137329 0.000000 0.116014 0.000000 -0.993248 0.948156 0.948156 0.948156
1826.655518 0.000000 1277.576050 0.000000 0.641280 0.000000 0.767307 0.710911 0.710911 0.710911
1832.635498 0.000000 1270.247925 0.000000 0.863423 0.000000 -0.504480 0.853861 0.853861 0.853861
1827.969971 0.000000 1272.795044 0.000000 0.536238 0.000000 0.844067 0.697650 0.697650 0.697650
1823.783569 0.000000 1273.893188 0.000000 0.482169 0.000000 0.876078 0.691248 0.691248 0.691248
1835.736206 0.000000 1269.885010 0.000000 0.387963 0.000000 -0.921675 0.919417 0.919417 0.919417
1834.741699 0.000000 1274.161987 0.000000 0.994794 0.000000 0.101901 0.789602 0.789602 0.789602
1823.871704 0.000000 1276.885498 0.000000 0.624798 0.000000 -0.780786 0.891258 0.891258 0.891258
1839.460327 0.000000 1270.250732 0.000000 0.992935 0.000000 0.118659 0.787885 0.787885 0.787885
1830.431885 0.000000 1271.806885 0.000000 0.456835 0.000000 0.889552 0.688325 0.688325 0.688325
1825.405884 0.000000 1271.749268 0.000000 0.602007 0.000000 0.798491 0.705802 0.705802 0.705802
1826.166748 0.000000 1274.540405 0.000000 0.526311 0.000000 0.850292 0.696456 0.696456 0.696456
1832.500854 0.000000 1272.254883 0.000000 0.040078 0.000000 -0.999197 0.955917 0.955917 0.955917
1837.522705 0.000000 1270.644043 0.000000 0.866193 0.000000 0.499709 0.746701 0.746701 0.746701
1836.282349 0.000000 1268.018921 0.000000 0.183482 0.000000 0.983023 0.658796 0.658796 0.658796
1834.100586 0.000000 1269.382324 0.000000 0.759410 0.000000 -0.650612 0.872156 0.872156 0.872156
1836.140503 0.000000 1271.505127 0.000000 0.804331 0.000000 0.594181 0.735192 0.735192 0.735192
1833.293213 0.000000 1273.576294 0.000000 0.933794 0.000000 0.357810 0.762728 0.762728 0.762728
1823.917236 0.000000 1272.347900 0.000000 0.012630 0.000000 -0.999920 0.958714 0.958714 0.958714
1825.274292 0.000000 1273.314575 0.000000 0.965228 0.000000 0.261408 0.773060 0.773060 0.773060
1837.396973 0.000000 1269.111572 0.000000 0.326230 0.000000 0.945290 0.673849 0.673849 0.673849
1824.361938 0.000000 1275.334229 0.000000 0.219275 0.000000 0.975663 0.662518 0.662518 0.662518
1835.686035 0.000000 1272.901001 0.000000 0.715062 0.000000 0.699061 0.721152 0.721152 0.721152
1833.372314 0.000000 1271.291504 0.000000 0.410715 0.000000 0.911764 0.683111 0.683111 0.683111
1834.687012 0.000000 1270.582520 0.000000 0.710369 0.000000 0.703830 1.080707 1.080707 1.080707
1824.965210 0.000000 1274.363892 0.000000 0.051027 0.000000 0.998697 0.645200 0.645200 0.645200
1837.197510 0.000000 1271.642212 0.000000 0.696835 0.000000 -0.717232 0.881469 0.881469 0.881469
1833.605469 0.000000 1272.356934 0.000000 0.519627 0.000000 0.854393 0.695657 0.695657 0.695657
1835.279541 0.000000 1271.329590 0.000000 0.948728 0.000000 -0.316094 1.249138 1.249138 1.249138
1920.516846 0.000000 1255.623535 0.000000 0.979401 0.000000 0.201924 0.779290 0.779290 0.779290
1943.904785 0.000000 1258.666992 0.000000 0.015660 0.000000 0.999877 0.641595 0.641595 0.641595
1931.252441 0.000000 1263.411255 0.000000 0.861489 0.000000 0.507777 0.745750 0.745750 0.745750
1928.193359 0.000000 1256.473511 0.000000 0.666507 0.000000 -0.745499 0.885692 0.885692 0.885692
1936.730103 0.000000 1258.490845 0.000000 0.175045 0.000000 0.984560 0.657922 0.657922 0.657922
1949.645752 0.000000 1261.260864 0.000000 0.999650 0.000000 0.026470 0.797303 0.797303 0.797303
1932.240356 0.000000 1258.286621 0.000000 0.999754 0.000000 0.022157 0.797743 0.797743 0.797743
1952.512939 0.000000 1255.623535 0.000000 0.961639 0.000000 -0.274317 0.828305 0.828305 0.828305
1975.900879 0.000000 1258.666992 0.000000 0.392569 0.000000 0.919723 0.681092 0.681092 0.681092
1963.248535 0.000000 1263.411255 0.000000 0.777847 0.000000 -0.628453 0.869220 0.869220 0.869220
1979.288452 0.000000 1248.071411 0.000000 0.965366 0.000000 0.260899 0.773114 0.773114 0.773114
1960.189453 0.000000 1256.473511 0.000000 0.989966 0.000000 0.141307 0.785558 0.785558 0.785558
1968.726196 0.000000 1258.490845 0.000000 0.641613 0.000000 0.767029 0.710955 0.710955 0.710955
1973.281616 0.000000 1252.135620 0.000000 0.428643 0.000000 0.903474 0.685123 0.685123 0.685123
1955.727783 0.000000 1262.255005 0.000000 0.798598 0.000000 0.601865 0.734216 0.734216 0.734216
1980.967163 0.000000 1254.458008 0.000000 0.350781 0.000000 0.936457 0.676507 0.676507 0.676507
1970.701660 0.000000 1264.409546 0.000000 0.755396 0.000000 -0.655268 0.872782 0.872782 0.872782
1981.641846 0.000000 1261.260864 0.000000 0.859850 0.000000 0.510547 0.745422 0.745422 0.745422
1964.236450 0.000000 1258.286621 0.000000 0.888018 0.000000 0.459808 0.751334 0.751334 0.751334
1976.763550 0.000000 1254.592285 0.000000 0.089838 0.000000 0.995956 0.649163 0.649163 0.649163
1967.189453 0.000000 1262.287231 0.000000 0.819048 0.000000 0.573725 0.737759 0.737759 0.737759
1973.129883 0.000000 1256.032227 0.000000 0.623687 0.000000 0.781674 0.708597 0.708597 0.708597
1971.934448 0.000000 1260.446655 0.000000 0.945760 0.000000 0.324866 0.766298 0.766298 0.766298
1979.908569 0.000000 1257.906616 0.000000 0.387466 0.000000 0.921884 0.680528 0.680528 0.680528
1971.824951 0.000000 1253.927124 0.000000 0.417371 0.000000 0.908736 0.683856 0.683856 0.683856
1968.746460 0.000000 1252.380737 0.000000 0.330094 0.000000 0.943948 0.674266 0.674266 0.674266
1970.574707 0.000000 1252.817627 0.000000 0.277978 0.000000 -0.960588 0.931307 0.931307 0.931307
1971.909424 0.000000 1252.400879 0.000000 0.853940 0.000000 -0.520371 0.855746 0.855746 0.855746
1970.484619 0.000000 1253.845825 0.000000 0.980074 0.000000 -0.198635 0.820368 0.820368 0.820368
1994.240967 0.000000 1245.226318 0.000000 0.761327 0.000000 -0.648368 0.871855 0.871855 0.871855
2012.078003 0.000000 1241.880249 0.000000 0.307152 0.000000 -0.951661 0.928200 0.928200 0.928200
1986.635986 0.000000 1245.583862 0.000000 0.877450 0.000000 -0.479668 0.850958 0.850958 0.850958
1999.733643 0.000000 1245.095459 0.000000 0.736111 0.000000 0.676861 0.724269 0.724269 0.724269
2008.901245 0.000000 1245.272095 0.000000 0.076890 0.000000 -0.997040 0.952160 0.952160 0.952160
2026.237061 0.000000 1245.226318 0.000000 0.219290 0.000000 0.975660 0.662520 0.662520 0.662520
2018.632080 0.000000 1245.583862 0.000000 0.859078 0.000000 0.511845 0.745268 0.745268 0.745268
1984.509033 0.000000 1255.623535 0.000000 0.903051 0.000000 0.429532 0.754777 0.754777 0.754777
1997.941406 0.000000 1251.527710 0.000000 0.164810 0.000000 0.986325 0.656864 0.656864 0.656864
2011.284546 0.000000 1248.071411 0.000000 0.127356 0.000000 0.991857 0.653008 0.653008 0.653008
1991.098267 0.000000 1248.448608 0.000000 0.598706 0.000000 0.800969 0.705382 0.705382 0.705382
2005.277710 0.000000 1252.135620 0.000000 0.631610 0.000000 0.775287 0.709634 0.709634 0.709634
1988.778320 0.000000 1252.943359 0.000000 0.310047 0.000000 -0.950721 0.927890 0.927890 0.927890
2001.655762 0.000000 1248.161499 0.000000 0.420859 0.000000 -0.907126 0.915753 0.915753 0.915753
2006.867554 0.000000 1248.027588 0.000000 0.262313 0.000000 0.964983 0.667035 0.667035 0.667035
1995.912109 0.000000 1247.705688 0.000000 0.668410 0.000000 -0.743793 0.885432 0.885432 0.885432
1983.783081 0.000000 1252.082275 0.000000 0.322027 0.000000 -0.946731 0.926603 0.926603 0.926603
2029.937500 0.000000 1251.527710 0.000000 0.909365 0.000000 0.415998 0.756298 0.756298 0.756298
2023.094360 0.000000 1248.448608 0.000000 0.829808 0.000000 -0.558049 0.860304 0.860304 0.860304
1565.692627 0.000000 1325.245239 0.000000 0.163790 0.000000 -0.986495 0.943241 0.943241 0.943241
1563.959351 0.000000 1321.890991 0.000000 0.521950 0.000000 0.852976 0.695934 0.695934 0.695934
1566.869507 0.000000 1321.042847 0.000000 0.958843 0.000000 0.283936 0.770675 0.770675 0.770675
1565.915649 0.000000 1323.025146 0.000000 0.875930 0.000000 -0.482438 0.851280 0.851280 0.851280
1564.975952 0.000000 1320.303955 0.000000 0.803925 0.000000 -0.594731 0.864877 0.864877 0.864877
1578.291748 0.000000 1341.202881 0.000000 0.517962 0.000000 0.855403 0.695459 0.695459 0.695459
1568.559814 0.000000 1319.607910 0.000000 0.913586 0.000000 0.406646 0.757343 0.757343 0.757343
1583.784424 0.000000 1341.072021 0.000000 0.689239 0.000000 0.724534 0.717458 0.717458 0.717458
1572.267212 0.000000 1321.736572 0.000000 0.959572 0.000000 -0.281462 0.829062 0.829062 0.829062
1568.339722 0.000000 1323.841064 0.000000 0.634479 0.000000 0.772940 0.710011 0.710011 0.710011
1581.054810 0.000000 1342.223877 0.000000 0.614969 0.000000 0.788551 0.707466 0.707466 0.707466
1570.802124 0.000000 1323.829468 0.000000 0.548426 0.000000 0.836199 0.699127 0.699127 0.699127
1569.845825 0.000000 1321.609619 0.000000 0.147268 0.000000 -0.989097 0.944945 0.944945 0.944945
1585.140991 0.000000 1342.702393 0.000000 0.412482 0.000000 0.910966 0.683308 0.683308 0.683308
1567.843628 0.000000 1321.848022 0.000000 0.803813 0.000000 -0.594882 0.864896 0.864896 0.864896
1582.957886 0.000000 1342.934570 0.000000 0.463376 0.000000 -0.886162 0.910924 0.910924 0.910924
1660.120972 0.000000 1305.864624 0.000000 0.103558 0.000000 0.994623 0.650567 0.650567 0.650567
1645.984375 0.000000 1283.519897 0.000000 0.859197 0.000000 -0.511645 0.854708 0.854708 0.854708
1648.765259 0.000000 1290.483032 0.000000 0.087639 0.000000 -0.996152 0.951062 0.951062 0.951062
1650.740723 0.000000 1296.401733 0.000000 0.868726 0.000000 -0.495294 0.852781 0.852781 0.852781
1661.680908 0.000000 1293.253052 0.000000 0.571867 0.000000 -0.820347 0.897990 0.897990 0.897990
1654.857056 0.000000 1305.217041 0.000000 0.245090 0.000000 0.969500 0.665222 0.665222 0.665222
1661.849243 0.000000 1301.155029 0.000000 0.966994 0.000000 -0.254799 0.826243 0.826243 0.826243
1649.698730 0.000000 1280.153687 0.000000 0.955951 0.000000 0.293527 0.769655 0.769655 0.769655
1646.189575 0.000000 1299.732178 0.000000 0.941074 0.000000 -0.338200 0.835142 0.835142 0.835142
1644.275513 0.000000 1290.278809 0.000000 0.975048 0.000000 -0.221994 0.822802 0.822802 0.822802
1649.530884 0.000000 1286.212036 0.000000 0.507165 0.000000 0.861849 0.694178 0.694178 0.694178
1662.127808 0.000000 1309.870850 0.000000 0.712635 0.000000 0.701535 0.720799 0.720799 0.720799
1657.907715 0.000000 1302.327026 0.000000 0.227876 0.000000 0.973690 0.663417 0.663417 0.663417
1647.228516 0.000000 1294.279419 0.000000 0.623384 0.000000 -0.781915 0.891442 0.891442 0.891442
1644.161499 0.000000 1286.715698 0.000000 0.993345 0.000000 0.115176 0.788242 0.788242 0.788242
1658.606323 0.000000 1294.846802 0.000000 0.993718 0.000000 -0.111916 0.811424 0.811424 0.811424
1647.758789 0.000000 1297.179321 0.000000 0.794929 0.000000 0.606702 0.733597 0.733597 0.733597
1646.954956 0.000000 1287.816162 0.000000 0.402620 0.000000 0.915367 0.682208 0.682208 0.682208
1662.854004 0.000000 1306.868042 0.000000 0.419350 0.000000 0.907825 0.684077 0.684077 0.684077
1657.383911 0.000000 1306.523071 0.000000 0.926230 0.000000 0.376958 0.760630 0.760630 0.760630
1658.720215 0.000000 1292.215332 0.000000 0.648020 0.000000 -0.761624 0.888191 0.888191 0.888191
1649.742432 0.000000 1293.755127 0.000000 0.997448 0.000000 0.071400 0.792721 0.792721 0.792721
1646.469971 0.000000 1291.682129 0.000000 0.276578 0.000000 -0.960991 0.931456 0.931456 0.931456
1647.270630 0.000000 1285.508423 0.000000 0.880958 0.000000 0.473195 0.749792 0.749792 0.749792
1659.841431 0.000000 1303.598389 0.000000 0.949238 0.000000 -0.314559 0.832594 0.832594 0.832594
1657.691772 0.000000 1304.428711 0.000000 0.810081 0.000000 0.586318 0.736185 0.736185 0.736185
1646.916992 0.000000 1289.806763 0.000000 0.562995 0.000000 -0.826460 0.899088 0.899088 0.899088
1648.942749 0.000000 1295.590698 0.000000 0.982817 0.000000 -0.184581 0.818910 0.818910 0.818910
1648.785522 0.000000 1284.372925 0.000000 0.839807 0.000000 0.542885 0.741546 0.741546 0.741546
1663.203857 0.000000 1305.129517 0.000000 0.969385 0.000000 0.245548 0.774730 0.774730 0.774730
1656.382202 0.000000 1305.193970 0.000000 0.475316 0.000000 -0.879815 0.909547 0.909547 0.909547
1647.433716 0.000000 1295.663696 0.000000 0.473193 0.000000 -0.880959 0.909792 0.909792 0.909792
1581.992188 0.000000 1347.504272 0.000000 0.982438 0.000000 0.186591 0.780882 0.780882 0.780882
1585.706543 0.000000 1344.138062 0.000000 0.345724 0.000000 -0.938336 0.924043 0.924043 0.924043
1579.962891 0.000000 1343.682251 0.000000 0.993472 0.000000 0.114073 0.788355 0.788355 0.788355
1577.500610 0.000000 1348.418579 0.000000 0.870181 0.000000 0.492731 0.747520 0.747520 0.747520
1580.169312 0.000000 1350.700073 0.000000 0.170496 0.000000 -0.985358 0.942548 0.942548 0.942548
1582.784302 0.000000 1344.727295 0.000000 0.905100 0.000000 0.425198 0.755265 0.755265 0.755265
1580.896484 0.000000 1345.572266 0.000000 0.944769 0.000000 0.327738 0.765988 0.765988 0.765988
1579.004761 0.000000 1349.392822 0.000000 0.367207 0.000000 -0.930139 0.921700 0.921700 0.921700
1581.557373 0.000000 1343.690796 0.000000 0.005924 0.000000 0.999982 0.640603 0.640603 0.640603
1661.006226 0.000000 1382.426758 0.000000 0.470315 0.000000 -0.882499 0.910125 0.910125 0.910125
1661.680908 0.000000 1389.229614 0.000000 0.540154 0.000000 -0.841567 0.901877 0.901877 0.901877
1662.127808 0.000000 1405.847412 0.000000 0.114472 0.000000 0.993427 0.651686 0.651686 0.651686
1662.857788 0.000000 1385.027222 0.000000 0.987007 0.000000 0.160678 0.783562 0.783562 0.783562
1674.280029 0.000000 1309.210693 0.000000 0.615141 0.000000 -0.788417 0.892512 0.892512 0.892512
1666.675049 0.000000 1309.568237 0.000000 0.682464 0.000000 -0.730919 0.883491 0.883491 0.883491
1671.314209 0.000000 1297.830444 0.000000 0.644028 0.000000 -0.765002 0.888724 0.888724 0.888724
1663.803101 0.000000 1305.885376 0.000000 0.696844 0.000000 0.717223 0.718532 0.718532 0.718532
1670.513428 0.000000 1309.271851 0.000000 0.207710 0.000000 -0.978191 0.938688 0.938688 0.938688
1668.852173 0.000000 1311.248657 0.000000 0.783117 0.000000 0.621875 0.731639 0.731639 0.731639
1673.412598 0.000000 1311.513916 0.000000 0.998385 0.000000 0.056814 0.794210 0.794210 0.794210
1671.533936 0.000000 1310.861938 0.000000 0.864493 0.000000 -0.502645 0.853645 0.853645 0.853645
1671.802490 0.000000 1296.290649 0.000000 0.789722 0.000000 -0.613465 0.867272 0.867272 0.867272
1670.234985 0.000000 1311.340332 0.000000 0.934765 0.000000 0.355267 0.763005 0.763005 0.763005
1671.137329 0.000000 1312.432983 0.000000 0.987606 0.000000 -0.156954 0.816054 0.816054 0.816054
1668.817383 0.000000 1316.927734 0.000000 0.931522 0.000000 0.363685 0.762086 0.762086 0.762086
1675.951172 0.000000 1311.690063 0.000000 0.600349 0.000000 -0.799738 0.894409 0.894409 0.894409
1668.255493 0.000000 1321.736572 0.000000 0.999044 0.000000 -0.043717 0.804454 0.804454 0.804454
1668.274902 0.000000 1313.844604 0.000000 0.960595 0.000000 -0.277952 0.828690 0.828690 0.828690
1673.772583 0.000000 1313.589844 0.000000 0.912927 0.000000 -0.408122 0.842821 0.842821 0.842821
1669.681885 0.000000 1319.849731 0.000000 0.897724 0.000000 0.440558 0.753530 0.753530 0.753530
1667.493286 0.000000 1311.727173 0.000000 0.250600 0.000000 0.968091 0.665801 0.665801 0.665801
1672.935303 0.000000 1311.805542 0.000000 0.181370 0.000000 -0.983415 0.941423 0.941423 0.941423
1668.825073 0.000000 1318.603760 0.000000 0.977447 0.000000 0.211180 0.778326 0.778326 0.778326
1664.784912 0.000000 1365.177612 0.000000 0.621382 0.000000 0.783507 0.708297 0.708297 0.708297
1666.675049 0.000000 1373.552612 0.000000 0.307763 0.000000 0.951463 0.671866 0.671866 0.671866
1672.655029 0.000000 1366.224487 0.000000 0.891068 0.000000 -0.453869 0.847986 0.847986 0.847986
1677.366333 0.000000 1368.681152 0.000000 0.930564 0.000000 0.366128 0.761819 0.761819 0.761819
1667.989502 0.000000 1368.771606 0.000000 0.998103 0.000000 0.061571 0.793724 0.793724 0.793724
1675.755737 0.000000 1365.861572 0.000000 0.913637 0.000000 -0.406530 0.842644 0.842644 0.842644
1668.439697 0.000000 1371.552124 0.000000 0.291201 0.000000 0.956662 0.670098 0.670098 0.670098
1670.451416 0.000000 1367.783447 0.000000 0.327683 0.000000 0.944788 0.674006 0.674006 0.674006
1666.186279 0.000000 1370.516968 0.000000 0.785261 0.000000 0.619165 0.731991 0.731991 0.731991
1674.584351 0.000000 1367.865234 0.000000 0.186003 0.000000 -0.982549 0.940943 0.940943 0.940943
1667.393555 0.000000 1366.560181 0.000000 0.714549 0.000000 0.699586 0.721078 0.721078 0.721078
1669.827515 0.000000 1369.800293 0.000000 0.773289 0.000000 -0.634053 0.869955 0.869955 0.869955
1674.280029 0.000000 1405.187256 0.000000 0.948694 0.000000 0.316196 0.767230 0.767230 0.767230
1664.548096 0.000000 1383.592285 0.000000 0.905273 0.000000 0.424830 0.755307 0.755307 0.755307
1666.675049 0.000000 1405.544800 0.000000 0.650740 0.000000 -0.759300 0.887827 0.887827 0.887827
1672.224609 0.000000 1384.442261 0.000000 0.338302 0.000000 0.941038 0.675153 0.675153 0.675153
1667.762939 0.000000 1390.223755 0.000000 0.241863 0.000000 0.970311 0.664883 0.664883 0.664883
1668.817383 0.000000 1380.912109 0.000000 0.084534 0.000000 0.996421 0.648621 0.648621 0.648621
1667.989502 0.000000 1400.763794 0.000000 0.844309 0.000000 -0.535856 0.857604 0.857604 0.857604
1676.271606 0.000000 1386.255371 0.000000 0.879592 0.000000 0.475729 0.749499 0.749499 0.749499
1664.077271 0.000000 1392.803223 0.000000 0.675367 0.000000 0.737481 0.715525 0.715525 0.715525
1671.811890 0.000000 1388.685913 0.000000 0.516223 0.000000 0.856454 0.695252 0.695252 0.695252
1668.255493 0.000000 1385.720947 0.000000 0.439637 0.000000 -0.898175 0.913634 0.913634 0.913634
1664.328003 0.000000 1387.825439 0.000000 0.625893 0.000000 0.779909 0.708885 0.708885 0.708885
1671.787109 0.000000 1402.026855 0.000000 0.858876 0.000000 0.512184 0.745228 0.745228 0.745228
1676.157593 0.000000 1382.692261 0.000000 0.899996 0.000000 -0.435897 0.845942 0.845942 0.845942
1670.513428 0.000000 1405.248413 0.000000 0.697687 0.000000 0.716402 0.718652 0.718652 0.718652
1678.951050 0.000000 1383.792725 0.000000 0.375570 0.000000 -0.926794 0.920783 0.920783 0.920783
1663.891235 0.000000 1404.854248 0.000000 0.993175 0.000000 0.116632 0.788093 0.788093 0.788093
1667.328979 0.000000 1383.117920 0.000000 0.996878 0.000000 -0.078954 0.808051 0.808051 0.808051
1668.439697 0.000000 1403.544312 0.000000 0.232862 0.000000 0.972510 0.663939 0.663939 0.663939
1668.852173 0.000000 1407.225220 0.000000 0.613697 0.000000 0.789541 0.707302 0.707302 0.707302
1665.037231 0.000000 1390.421509 0.000000 0.829421 0.000000 -0.558625 0.860375 0.860375 0.860375
1669.226807 0.000000 1388.103882 0.000000 0.734586 0.000000 0.678516 0.724040 0.724040 0.724040
1666.186279 0.000000 1402.509155 0.000000 0.929115 0.000000 0.369792 0.761417 0.761417 0.761417
1666.790405 0.000000 1387.813843 0.000000 0.949201 0.000000 -0.314670 0.832606 0.832606 0.832606
1670.781494 0.000000 1386.303711 0.000000 0.702179 0.000000 -0.712000 0.880707 0.880707 0.880707
1669.681885 0.000000 1383.834106 0.000000 0.774068 0.000000 -0.633102 0.869830 0.869830 0.869830
1665.834106 0.000000 1385.593994 0.000000 0.844194 0.000000 0.536038 0.742375 0.742375 0.742375
1664.083374 0.000000 1407.015503 0.000000 0.329628 0.000000 -0.944111 0.925785 0.925785 0.925785
1674.728149 0.000000 1384.508911 0.000000 0.207568 0.000000 -0.978221 0.938702 0.938702 0.938702
1663.831909 0.000000 1385.832397 0.000000 0.960475 0.000000 0.278366 0.771266 0.771266 0.771266
1677.084106 0.000000 1384.405762 0.000000 0.309166 0.000000 -0.951008 0.927984 0.927984 0.927984
1671.533936 0.000000 1406.838501 0.000000 0.254559 0.000000 -0.967057 0.933782 0.933782 0.933782
1677.887207 0.000000 1382.369141 0.000000 0.999752 0.000000 -0.022283 0.802270 0.802270 0.802270
1668.903320 0.000000 1405.040405 0.000000 0.863977 0.000000 0.503532 0.746251 0.746251 0.746251
1662.430542 0.000000 1407.840576 0.000000 0.963615 0.000000 0.267294 0.772439 0.772439 0.772439
1671.137329 0.000000 1408.409546 0.000000 0.305894 0.000000 0.952065 0.671666 0.671666 0.671666
1665.283081 0.000000 1408.899536 0.000000 0.968035 0.000000 0.250815 0.774176 0.774176 0.774176
1668.274902 0.000000 1409.821167 0.000000 0.405134 0.000000 -0.914257 0.917512 0.917512 0.917512
1666.429321 0.000000 1411.656738 0.000000 0.950659 0.000000 -0.310238 0.832131 0.832131 0.832131
1667.493286 0.000000 1407.703735 0.000000 0.987462 0.000000 0.157858 0.783853 0.783853 0.783853
1669.267212 0.000000 1408.285522 0.000000 0.902848 0.000000 -0.429960 0.845271 0.845271 0.845271
1819.307983 0.000000 1280.063599 0.000000 0.945437 0.000000 -0.325804 0.833803 0.833803 0.833803
1821.983887 0.000000 1282.848389 0.000000 0.743971 0.000000 0.668212 0.725459 0.725459 0.725459
1822.411011 0.000000 1279.871826 0.000000 0.447178 0.000000 0.894445 0.687223 0.687223 0.687223
1823.724121 0.000000 1281.426025 0.000000 0.966982 0.000000 -0.254844 1.036860 1.036860 1.036860
1820.900391 0.000000 1281.272827 0.000000 0.351897 0.000000 -0.936039 0.923372 0.923372 0.923372
1823.026611 0.000000 1283.772095 0.000000 0.499247 0.000000 -0.866459 0.906755 0.906755 0.906755
1822.455566 0.000000 1281.661621 0.000000 0.860416 0.000000 0.509593 0.935573 0.935573 0.935573
1823.334961 0.000000 1280.411743 0.000000 0.088931 0.000000 -0.996038 1.193324 1.193324 1.193324
1852.097534 0.000000 1305.864624 0.000000 0.888590 0.000000 -0.458703 0.848539 0.848539 0.848539
1835.264160 0.000000 1295.403442 0.000000 0.991715 0.000000 0.128460 0.786879 0.786879 0.786879
1832.635498 0.000000 1302.240112 0.000000 0.312116 0.000000 -0.950044 0.927668 0.927668 0.927668
1837.346802 0.000000 1304.696777 0.000000 0.029116 0.000000 -0.999576 0.957034 0.957034 0.957034
1825.263550 0.000000 1280.930786 0.000000 0.062257 0.000000 -0.998060 0.953654 0.953654 0.953654
1834.721069 0.000000 1298.932861 0.000000 0.998680 0.000000 -0.051356 0.805233 0.805233 0.805233
1834.741699 0.000000 1306.154175 0.000000 0.762343 0.000000 -0.647173 0.871696 0.871696 0.871696
1837.348145 0.000000 1307.490112 0.000000 0.284182 0.000000 -0.958770 0.930649 0.930649 0.930649
1854.016357 0.000000 1303.826904 0.000000 0.965849 0.000000 -0.259105 0.826697 0.826697 0.826697
1836.874878 0.000000 1297.499756 0.000000 0.544042 0.000000 0.839058 0.698594 0.698594 0.698594
1834.564819 0.000000 1303.880859 0.000000 0.928138 0.000000 0.372237 0.761149 0.761149 0.761149
1855.318481 0.000000 1302.446411 0.000000 0.705645 0.000000 0.708565 0.719790 0.719790 0.719790
1852.236572 0.000000 1301.790283 0.000000 0.831331 0.000000 -0.555777 0.860025 0.860025 0.860025
1823.820923 0.000000 1281.396240 0.000000 0.542357 0.000000 -0.840148 1.131433 1.131433 1.131433
1835.686035 0.000000 1304.893188 0.000000 0.961970 0.000000 -0.273155 0.828181 0.828181 0.828181
1855.174561 0.000000 1300.740112 0.000000 0.938097 0.000000 0.346372 0.763972 0.763972 0.763972
1836.325195 0.000000 1296.269775 0.000000 0.257517 0.000000 -0.966274 0.933471 0.933471 0.933471
1852.713257 0.000000 1300.521729 0.000000 0.989390 0.000000 -0.145286 0.814851 0.814851 0.814851
1834.370361 0.000000 1305.048950 0.000000 0.358992 0.000000 -0.933341 0.922599 0.922599 0.922599
1851.304077 0.000000 1312.055786 0.000000 0.207585 0.000000 -0.978217 0.938701 0.938701 0.938701
1845.297241 0.000000 1316.119995 0.000000 0.616481 0.000000 -0.787370 0.892338 0.892338 0.892338
1846.887085 0.000000 1312.011963 0.000000 0.999977 0.000000 0.006748 0.799313 0.799313 0.799313
1848.779175 0.000000 1318.576660 0.000000 0.802794 0.000000 0.596256 0.734929 0.734929 0.734929
1849.046631 0.000000 1314.956665 0.000000 0.652525 0.000000 -0.757767 0.887587 0.887587 0.887587
1851.651367 0.000000 1316.140503 0.000000 0.885106 0.000000 0.465390 0.750693 0.750693 0.750693
1849.674927 0.000000 1320.959106 0.000000 0.008434 0.000000 -0.999964 0.959141 0.959141 0.959141
1846.800171 0.000000 1314.320312 0.000000 0.415430 0.000000 -0.909625 0.916362 0.916362 0.916362
1847.424683 0.000000 1316.745239 0.000000 0.718016 0.000000 0.696027 0.721584 0.721584 0.721584
1850.878418 0.000000 1319.139771 0.000000 0.381859 0.000000 0.924220 0.679909 0.679909 0.679909
1849.783081 0.000000 1316.849365 0.000000 0.957326 0.000000 -0.289011 0.829865 0.829865 0.829865
1847.160034 0.000000 1318.907959 0.000000 0.366032 0.000000 0.930602 0.678171 0.678171 0.678171
1848.759033 0.000000 1319.928711 0.000000 0.028894 0.000000 0.999582 0.642944 0.642944 0.642944
1847.727295 0.000000 1315.370850 0.000000 0.982555 0.000000 -0.185970 0.819054 0.819054 0.819054
1848.607910 0.000000 1316.270386 0.000000 0.047311 0.000000 0.998880 0.644821 0.644821 0.644821
1846.470215 0.000000 1315.656860 0.000000 0.998167 0.000000 -0.060526 0.806169 0.806169 0.806169
1847.815674 0.000000 1317.868896 0.000000 0.115166 0.000000 0.993346 0.651757 0.651757 0.651757
1846.222290 0.000000 1316.952148 0.000000 0.329267 0.000000 0.944237 0.674177 0.674177 0.674177
1849.896362 0.000000 1319.832764 0.000000 0.206181 0.000000 -0.978514 0.938847 0.938847 0.938847
1848.780762 0.000000 1317.388184 0.000000 0.539535 0.000000 0.841963 0.698048 0.698048 0.698048
1874.375977 0.000000 1302.646362 0.000000 0.917148 0.000000 -0.398548 0.841755 0.841755 0.841755
1876.190796 0.000000 1310.154907 0.000000 0.991889 0.000000 0.127106 0.787018 0.787018 0.787018
1874.713379 0.000000 1296.401733 0.000000 0.345383 0.000000 -0.938462 0.924080 0.924080 0.924080
1863.290771 0.000000 1297.830444 0.000000 0.330235 0.000000 -0.943899 0.925719 0.925719 0.925719
1856.053833 0.000000 1296.826660 0.000000 0.985494 0.000000 -0.169709 0.817371 0.817371 0.817371
1855.779663 0.000000 1305.885376 0.000000 0.305354 0.000000 -0.952239 0.928392 0.928392 0.928392
1873.503540 0.000000 1286.212036 0.000000 0.298407 0.000000 -0.954439 0.929134 0.929134 0.929134
1877.928223 0.000000 1300.128418 0.000000 0.866347 0.000000 -0.499442 0.853268 0.853268 0.853268
1874.882935 0.000000 1306.514160 0.000000 0.457605 0.000000 -0.889156 0.911586 0.911586 0.911586
1860.572021 0.000000 1300.625977 0.000000 0.251970 0.000000 0.967735 0.665945 0.665945 0.665945
1868.134155 0.000000 1286.715698 0.000000 0.892722 0.000000 0.450607 0.752386 0.752386 0.752386
1859.521484 0.000000 1297.675171 0.000000 0.994564 0.000000 0.104126 0.789375 0.789375 0.789375
1873.760254 0.000000 1299.462891 0.000000 0.629156 0.000000 -0.777279 0.890688 0.890688 0.890688
1870.927612 0.000000 1287.816162 0.000000 0.938321 0.000000 0.345764 0.764039 0.764039 0.764039
1877.606201 0.000000 1307.703613 0.000000 0.132640 0.000000 -0.991164 0.946449 0.946449 0.946449
1877.291382 0.000000 1302.849121 0.000000 0.813611 0.000000 -0.581410 0.863200 0.863200 0.863200
1857.401978 0.000000 1303.741455 0.000000 0.963814 0.000000 0.266576 0.772514 0.772514 0.772514
1874.143433 0.000000 1308.852539 0.000000 0.111543 0.000000 0.993760 0.651385 0.651385 0.651385
1878.615601 0.000000 1310.497559 0.000000 0.909214 0.000000 -0.416330 0.843739 0.843739 0.843739
1862.984985 0.000000 1300.536255 0.000000 0.526649 0.000000 -0.850083 0.903503 0.903503 0.903503
1857.343994 0.000000 1298.834595 0.000000 0.243005 0.000000 0.970025 0.665003 0.665003 0.665003
1876.011719 0.000000 1298.697144 0.000000 0.214166 0.000000 0.976797 0.661985 0.661985 0.661985
1871.243286 0.000000 1285.508423 0.000000 0.744729 0.000000 0.667367 0.725575 0.725575 0.725575
1859.370117 0.000000 1302.575806 0.000000 0.999277 0.000000 -0.038016 0.803873 0.803873 0.803873
1875.818970 0.000000 1300.875977 0.000000 0.409575 0.000000 0.912276 0.910645 0.910645 0.910645
1861.367065 0.000000 1298.652100 0.000000 0.273149 0.000000 0.961972 0.668181 0.668181 0.668181
1858.603149 0.000000 1300.389893 0.000000 0.579100 0.000000 0.815257 0.702911 0.702911 0.702911
1860.677002 0.000000 1296.078613 0.000000 0.208100 0.000000 0.978108 0.661353 0.661353 0.661353
1870.889648 0.000000 1289.806763 0.000000 0.755831 0.000000 -0.654766 0.872715 0.872715 0.872715
1875.832275 0.000000 1308.122437 0.000000 0.715336 0.000000 0.698781 0.721192 0.721192 0.721192
1877.171021 0.000000 1311.647461 0.000000 0.421341 0.000000 -0.906902 0.915699 0.915699 0.915699
1855.834717 0.000000 1302.721924 0.000000 0.383099 0.000000 -0.923707 0.919954 0.919954 0.919954
1869.863770 0.000000 1286.392578 0.000000 0.850541 0.000000 -0.525909 0.856408 0.856408 0.856408
1873.567505 0.000000 1301.155884 0.000000 0.609559 0.000000 0.792741 0.706769 0.706769 0.706769
1877.537964 0.000000 1309.277832 0.000000 0.824390 0.000000 -0.566023 0.861286 0.861286 0.861286
1859.858765 0.000000 1299.212646 0.000000 0.987978 0.000000 -0.154597 0.815811 0.815811 0.815811
1874.674683 0.000000 1310.662109 0.000000 0.654929 0.000000 -0.755691 0.887264 0.887264 0.887264
1875.857300 0.000000 1302.491943 0.000000 0.366707 0.000000 0.930337 0.678245 0.678245 0.678245
1858.107788 0.000000 1301.799438 0.000000 0.924127 0.000000 -0.382085 0.839934 0.839934 0.839934
1877.169678 0.000000 1301.408936 0.000000 0.784200 0.000000 0.620508 0.731817 0.731817 0.731817
1856.040771 0.000000 1298.307129 0.000000 0.817683 0.000000 0.575669 0.737517 0.737517 0.737517
1863.615723 0.000000 1299.187378 0.000000 0.635480 0.000000 -0.772117 0.889857 0.889857 0.889857
1861.771851 0.000000 1299.955566 0.000000 0.112339 0.000000 -0.993670 0.948533 0.948533 0.948533
1858.632324 0.000000 1298.811523 0.000000 0.574771 0.000000 -0.818314 0.897629 0.897629 0.897629
1875.099365 0.000000 1299.607788 0.000000 0.871533 0.000000 0.490337 0.747800 0.747800 0.747800
1860.547974 0.000000 1301.872070 0.000000 0.560629 0.000000 0.828067 0.700621 0.700621 0.700621
1875.315186 0.000000 1309.285400 0.000000 0.306080 0.000000 0.952006 0.671686 0.671686 0.671686
1874.788086 0.000000 1301.500244 0.000000 0.832311 0.000000 0.554309 0.986873 0.986873 0.986873
1857.376099 0.000000 1300.140625 0.000000 0.499680 0.000000 -0.866210 1.360056 1.360056 1.360056
1859.287354 0.000000 1301.378662 0.000000 0.177319 0.000000 0.984153 0.658158 0.658158 0.658158
1869.155640 0.000000 1287.293945 0.000000 0.942919 0.000000 -0.333023 0.834582 0.834582 0.834582
1877.269653 0.000000 1310.316284 0.000000 0.085463 0.000000 0.996341 0.648716 0.648716 0.648716
1874.426147 0.000000 1300.466797 0.000000 0.696444 0.000000 0.717611 0.957968 0.957968 0.957968
1876.465088 0.000000 1309.081665 0.000000 0.998716 0.000000 0.050653 0.794838 0.794838 0.794838
1855.780396 0.000000 1301.656494 0.000000 0.192775 0.000000 0.981243 0.659760 0.659760 0.659760
1871.083862 0.000000 1286.530518 0.000000 0.861847 0.000000 0.507168 0.745822 0.745822 0.745822
1860.858765 0.000000 1299.526611 0.000000 0.997668 0.000000 0.068247 0.793043 0.793043 0.793043
1860.386353 0.000000 1298.318848 0.000000 0.155915 0.000000 -0.987770 0.944054 0.944054 0.944054
1871.915039 0.000000 1287.923584 0.000000 0.013135 0.000000 0.999914 0.641338 0.641338 0.641338
1874.005371 0.000000 1298.532104 0.000000 0.994070 0.000000 -0.108741 0.811098 0.811098 0.811098
1870.166748 0.000000 1287.275635 0.000000 0.674511 0.000000 -0.738265 0.884594 0.884594 0.884594
1855.944336 0.000000 1300.721313 0.000000 0.166558 0.000000 -0.986032 0.942955 0.942955 0.942955
1857.894531 0.000000 1300.915527 0.000000 0.397986 0.000000 0.917391 1.022540 1.022540 1.022540
1874.375977 0.000000 1334.638550 0.000000 0.756686 0.000000 -0.653778 0.872581 0.872581 0.872581
1873.671387 0.000000 1312.145874 0.000000 0.198341 0.000000 -0.980133 0.939662 0.939662 0.939662
1870.162231 0.000000 1331.724365 0.000000 0.768809 0.000000 0.639478 0.729328 0.729328 0.729328
1878.883179 0.000000 1312.011963 0.000000 0.990487 0.000000 -0.137606 0.814061 0.814061 0.814061
1871.201172 0.000000 1326.271606 0.000000 0.947157 0.000000 0.320769 0.766739 0.766739 0.766739
1873.760254 0.000000 1331.455078 0.000000 0.283380 0.000000 -0.959008 0.930734 0.930734 0.930734
1871.731445 0.000000 1329.171509 0.000000 0.172064 0.000000 -0.985086 0.942386 0.942386 0.942386
1872.279663 0.000000 1336.949341 0.000000 0.204438 0.000000 0.978880 0.660972 0.660972 0.660972
1871.456421 0.000000 1334.235107 0.000000 0.801953 0.000000 -0.597387 0.865214 0.865214 0.865214
1876.333130 0.000000 1313.253662 0.000000 0.667396 0.000000 0.744703 0.714429 0.714429 0.714429
1868.870972 0.000000 1329.491943 0.000000 0.999884 0.000000 -0.015216 0.801550 0.801550 0.801550
1878.615601 0.000000 1342.489746 0.000000 0.037705 0.000000 0.999289 0.643842 0.643842 0.643842
1875.743530 0.000000 1336.396118 0.000000 0.700144 0.000000 0.714002 0.719002 0.719002 0.719002
1875.818970 0.000000 1332.868164 0.000000 0.964250 0.000000 0.264994 0.772682 0.772682 0.772682
1872.420532 0.000000 1339.034058 0.000000 0.936658 0.000000 -0.350245 0.836449 0.836449 0.836449
1869.482300 0.000000 1327.499023 0.000000 0.342391 0.000000 -0.939557 0.924404 0.924404 0.924404
1871.968994 0.000000 1332.330811 0.000000 0.054858 0.000000 0.998494 0.645591 0.645591 0.645591
1877.171021 0.000000 1343.639648 0.000000 0.793444 0.000000 0.608643 0.733348 0.733348 0.733348
1874.039673 0.000000 1336.823975 0.000000 0.362930 0.000000 -0.931816 0.922168 0.922168 0.922168
1875.418091 0.000000 1311.684204 0.000000 0.039026 0.000000 -0.999238 0.956024 0.956024 0.956024
1870.748413 0.000000 1335.777710 0.000000 0.560152 0.000000 -0.828390 0.899438 0.899438 0.899438
1873.297241 0.000000 1329.813354 0.000000 0.980978 0.000000 0.194117 0.780101 0.780101 0.780101
1873.567505 0.000000 1333.148071 0.000000 0.654936 0.000000 -0.755685 1.217812 1.217812 1.217812
1872.933960 0.000000 1335.375610 0.000000 0.482569 0.000000 0.875858 0.786179 0.786179 0.786179
1871.494141 0.000000 1330.776978 0.000000 0.886927 0.000000 -0.461910 0.848907 0.848907 0.848907
1877.537964 0.000000 1341.270020 0.000000 0.960204 0.000000 0.279301 0.771167 0.771167 0.771167
1877.133545 0.000000 1311.949097 0.000000 0.998071 0.000000 0.062081 0.793672 0.793672 0.793672
1870.267700 0.000000 1328.782227 0.000000 0.143658 0.000000 0.989627 0.654684 0.654684 0.654684
1875.857300 0.000000 1334.484131 0.000000 0.927790 0.000000 -0.373103 0.838946 0.838946 0.838946
1870.165161 0.000000 1330.214355 0.000000 0.662176 0.000000 0.749349 0.713717 0.713717 0.713717
1871.406372 0.000000 1327.655884 0.000000 0.998651 0.000000 -0.051933 0.805292 0.805292 0.805292
1870.766846 0.000000 1333.052368 0.000000 0.997297 0.000000 -0.073476 0.807491 0.807491 0.807491
1868.321289 0.000000 1328.261963 0.000000 0.445423 0.000000 0.895320 0.687023 0.687023 0.687023
1868.366943 0.000000 1326.783447 0.000000 0.785608 0.000000 -0.618725 0.867952 0.867952 0.867952
1875.315186 0.000000 1341.277588 0.000000 0.479045 0.000000 0.877790 0.690885 0.690885 0.690885
1872.534302 0.000000 1333.793457 0.000000 0.658696 0.000000 0.752409 0.978965 0.978965 0.978965
1875.175537 0.000000 1337.399414 0.000000 0.565469 0.000000 -0.824769 0.898782 0.898782 0.898782
1877.269653 0.000000 1342.308472 0.000000 0.764115 0.000000 0.645080 0.728584 0.728584 0.728584
1874.801025 0.000000 1339.800171 0.000000 0.999408 0.000000 -0.034417 1.205260 1.205260 1.205260
1873.040771 0.000000 1332.223511 0.000000 0.327493 0.000000 -0.944853 1.271001 1.271001 1.271001
1873.375977 0.000000 1334.392334 0.000000 0.835646 0.000000 -0.549269 0.977164 0.977164 0.977164
1871.160522 0.000000 1331.736938 0.000000 0.957183 0.000000 -0.289484 0.829915 0.829915 0.829915
1872.053833 0.000000 1334.990479 0.000000 0.268764 0.000000 -0.963206 1.060244 1.060244 1.060244
1873.818970 0.000000 1335.518188 0.000000 0.690799 0.000000 0.723047 0.816182 0.816182 0.816182
1874.067749 0.000000 1338.647217 0.000000 0.326007 0.000000 0.945367 1.010738 1.010738 1.010738
1866.256592 0.000000 1373.195068 0.000000 0.859543 0.000000 0.511064 1.096119 1.096119 1.096119
1864.631592 0.000000 1366.224487 0.000000 0.318399 0.000000 -0.947957 0.926994 0.926994 0.926994
1877.293335 0.000000 1348.112183 0.000000 0.843531 0.000000 0.537080 0.742249 0.742249 0.742249
1880.916870 0.000000 1373.240845 0.000000 0.122942 0.000000 0.992414 0.652555 0.652555 0.652555
1863.763672 0.000000 1370.034668 0.000000 0.994142 0.000000 0.108079 0.788970 0.788970 0.788970
1874.882935 0.000000 1370.498535 0.000000 0.268223 0.000000 0.963357 0.667660 0.667660 0.667660
1881.042725 0.000000 1346.948853 0.000000 0.954110 0.000000 0.299457 0.769022 0.769022 0.769022
1862.489990 0.000000 1373.256226 0.000000 0.421363 0.000000 0.906892 0.684303 0.684303 0.684303
1866.737793 0.000000 1370.138550 0.000000 0.977587 0.000000 -0.210530 0.821606 0.821606 0.821606
1869.019653 0.000000 1374.216064 0.000000 0.991324 0.000000 0.131441 0.786573 0.786573 0.786573
1869.344238 0.000000 1371.474487 0.000000 0.967348 0.000000 0.253452 0.773899 0.773899 0.773899
1881.356567 0.000000 1370.507446 0.000000 0.507364 0.000000 0.861732 0.694202 0.694202 0.694202
1880.371338 0.000000 1364.256592 0.000000 0.875712 0.000000 -0.482834 0.851326 0.851326 0.851326
1865.389160 0.000000 1375.498291 0.000000 0.616787 0.000000 0.787130 0.707701 0.707701 0.707701
1878.796265 0.000000 1346.312500 0.000000 0.469637 0.000000 0.882859 0.689797 0.689797 0.689797
1879.696411 0.000000 1366.921387 0.000000 0.033147 0.000000 0.999451 0.643377 0.643377 0.643377
1883.814087 0.000000 1367.582764 0.000000 0.330747 0.000000 0.943720 0.674336 0.674336 0.674336
1864.360107 0.000000 1372.135864 0.000000 0.994916 0.000000 -0.100712 0.810276 0.810276 0.810276
1881.664429 0.000000 1368.413086 0.000000 0.221817 0.000000 0.975088 0.922699 0.922699 0.922699
1879.578369 0.000000 1371.565918 0.000000 0.533156 0.000000 0.846017 0.697278 0.697278 0.697278
1864.496948 0.000000 1368.231445 0.000000 0.926422 0.000000 0.376487 0.760682 0.760682 0.760682
1867.161011 0.000000 1374.802490 0.000000 0.955697 0.000000 -0.294352 0.830433 0.830433 0.830433
1867.424561 0.000000 1371.816040 0.000000 0.773485 0.000000 0.633814 0.730076 0.730076 0.730076
1862.542236 0.000000 1371.360596 0.000000 0.130671 0.000000 -0.991426 0.946652 0.946652 0.946652
1865.837402 0.000000 1371.470703 0.000000 0.972064 0.000000 0.234715 0.897572 0.897572 0.897572
1864.824097 0.000000 1373.921387 0.000000 0.371747 0.000000 -0.928334 0.921203 0.921203 0.921203
1865.289307 0.000000 1369.552856 0.000000 0.469432 0.000000 -0.882969 0.910227 0.910227 0.910227
1880.354858 0.000000 1369.178345 0.000000 0.269514 0.000000 0.962996 0.929677 0.929677 0.929677
1877.133545 0.000000 1343.941284 0.000000 0.990157 0.000000 -0.139962 0.814303 0.814303 0.814303
1877.353394 0.000000 1346.512329 0.000000 0.579365 0.000000 0.815068 0.702944 0.702944 0.702944
1867.829712 0.000000 1373.227417 0.000000 0.973347 0.000000 0.229339 1.141809 1.141809 1.141809
1877.902466 0.000000 1345.185425 0.000000 0.654197 0.000000 -0.756324 0.887362 0.887362 0.887362
1878.301880 0.000000 1370.496338 0.000000 0.804016 0.000000 0.594607 0.735138 0.735138 0.735138
1879.723389 0.000000 1347.363037 0.000000 0.352879 0.000000 0.935669 0.676735 0.676735 0.676735
1880.970581 0.000000 1367.229370 0.000000 0.056452 0.000000 0.998405 0.924314 0.924314 0.924314
1882.531128 0.000000 1367.419312 0.000000 0.996430 0.000000 -0.084419 0.808609 0.808609 0.808609
1879.666992 0.000000 1370.307251 0.000000 0.624264 0.000000 -0.781213 0.891328 0.891328 0.891328
1878.466309 0.000000 1347.649048 0.000000 0.876439 0.000000 -0.481512 0.851172 0.851172 0.851172
1864.757568 0.000000 1370.806763 0.000000 0.424181 0.000000 -0.905577 1.058969 1.058969 1.058969
1876.132812 0.000000 1370.904663 0.000000 0.720979 0.000000 -0.692957 0.877982 0.877982 0.877982
1879.588989 0.000000 1368.200806 0.000000 0.249852 0.000000 0.968284 0.665722 0.665722 0.665722
1881.371094 0.000000 1369.422485 0.000000 0.896399 0.000000 0.443248 1.048607 1.048607 1.048607
1865.692871 0.000000 1370.485474 0.000000 0.501576 0.000000 -0.865113 1.048675 1.048675 1.048675
1880.699341 0.000000 1368.182129 0.000000 0.813639 0.000000 -0.581370 1.201703 1.201703 1.201703
1866.479614 0.000000 1372.223755 0.000000 0.999485 0.000000 0.032095 1.171663 1.171663 1.171663
1867.087158 0.000000 1373.835693 0.000000 0.826855 0.000000 -0.562415 1.265943 1.265943 1.265943
1869.342896 0.000000 1400.673340 0.000000 0.766429 0.000000 -0.642329 0.871050 0.871050 0.871050
1870.162231 0.000000 1395.708740 0.000000 0.151300 0.000000 0.988488 0.655471 0.655471 0.655471
1867.927734 0.000000 1375.674438 0.000000 0.970762 0.000000 -0.240046 0.824692 0.824692 0.824692
1866.717163 0.000000 1394.909424 0.000000 0.998712 0.000000 -0.050728 0.805169 0.805169 0.805169
1867.732300 0.000000 1397.853760 0.000000 0.055772 0.000000 0.998444 0.645684 0.645684 0.645684
1871.456421 0.000000 1398.219482 0.000000 0.741262 0.000000 0.671215 0.725047 0.725047 0.725047
1869.344238 0.000000 1403.466675 0.000000 0.559190 0.000000 -0.829040 0.899556 0.899556 0.899556
1866.560913 0.000000 1399.857422 0.000000 0.946087 0.000000 -0.323914 0.833600 0.833600 0.833600
1869.518799 0.000000 1398.612793 0.000000 0.913345 0.000000 -0.407187 0.842717 0.842717 0.842717
1871.968994 0.000000 1396.315186 0.000000 0.636281 0.000000 -0.771458 0.889751 0.889751 0.889751
1868.278442 0.000000 1395.987671 0.000000 0.571969 0.000000 -0.820275 0.897977 0.897977 0.897977
1870.748413 0.000000 1399.762085 0.000000 0.962000 0.000000 -0.273048 0.828170 0.828170 0.828170
1866.096680 0.000000 1397.351074 0.000000 0.995170 0.000000 0.098162 0.789985 0.789985 0.789985
1868.136597 0.000000 1399.473877 0.000000 0.380720 0.000000 -0.924690 0.920216 0.920216 0.920216
1869.393066 0.000000 1397.080322 0.000000 0.527412 0.000000 0.849610 0.696588 0.696588 0.696588
1868.059570 0.000000 1394.602661 0.000000 0.976816 0.000000 0.214080 0.778024 0.778024 0.778024
1866.953979 0.000000 1396.202759 0.000000 0.215462 0.000000 -0.976512 0.937880 0.937880 0.937880
1869.193604 0.000000 1399.610962 0.000000 0.933657 0.000000 -0.358168 0.837312 0.837312 0.837312
1868.765625 0.000000 1397.893799 0.000000 0.840558 0.000000 -0.541721 0.858313 0.858313 0.858313
1868.284058 0.000000 1397.007568 0.000000 0.953420 0.000000 -0.301645 0.831211 0.831211 0.831211
1869.265137 0.000000 1396.047363 0.000000 0.810404 0.000000 -0.585871 0.863759 0.863759 0.863759
1908.186890 0.000000 1406.131470 0.000000 0.130050 0.000000 0.991508 0.653284 0.653284 0.653284
1912.912964 0.000000 1405.233032 0.000000 0.996693 0.000000 0.081253 0.791714 0.791714 0.791714
1914.531128 0.000000 1406.750610 0.000000 0.693609 0.000000 0.720352 0.718074 0.718074 0.718074
1912.608643 0.000000 1407.090332 0.000000 0.915761 0.000000 0.401724 0.757892 0.757892 0.757892
1913.448975 0.000000 1406.256958 0.000000 0.843152 0.000000 0.537676 0.742177 0.742177 0.742177
1879.912598 0.000000 1418.627930 0.000000 0.720395 0.000000 -0.693564 0.878067 0.878067 0.878067
1884.978882 0.000000 1414.418945 0.000000 0.866158 0.000000 0.499769 0.746694 0.746694 0.746694
1885.653564 0.000000 1421.221802 0.000000 0.272920 0.000000 -0.962037 0.931843 0.931843 0.931843
1880.775269 0.000000 1414.553223 0.000000 0.166052 0.000000 0.986117 0.656993 0.656993 0.656993
1877.141602 0.000000 1415.993164 0.000000 0.851188 0.000000 0.524861 0.743718 0.743718 0.743718
1883.920288 0.000000 1417.867554 0.000000 0.898381 0.000000 -0.439217 0.846318 0.846318 0.846318
1886.830444 0.000000 1417.019409 0.000000 0.031759 0.000000 -0.999496 0.956765 0.956765 0.956765
1882.692871 0.000000 1420.184082 0.000000 0.164013 0.000000 -0.986458 0.943218 0.943218 0.943218
1881.671021 0.000000 1416.935669 0.000000 0.098650 0.000000 -0.995122 1.424903 1.424903 1.424903
1886.591187 0.000000 1423.398804 0.000000 0.758359 0.000000 -0.651837 0.872320 0.872320 0.872320
1879.435547 0.000000 1416.333862 0.000000 0.127633 0.000000 -0.991822 0.946964 0.946964 0.946964
1885.876587 0.000000 1419.001709 0.000000 0.592057 0.000000 0.805896 0.911757 0.911757 0.911757
1882.874512 0.000000 1415.116333 0.000000 0.790330 0.000000 0.612681 0.732829 0.732829 0.732829
1884.936890 0.000000 1416.280518 0.000000 0.998748 0.000000 -0.050030 0.805098 0.805098 0.805098
1887.358154 0.000000 1421.755127 0.000000 0.437961 0.000000 -0.898994 0.913824 0.913824 0.913824
1884.361572 0.000000 1419.787109 0.000000 0.681096 0.000000 0.732194 0.927001 0.927001 0.927001
1881.729126 0.000000 1418.653564 0.000000 0.907759 0.000000 -0.419492 0.844093 0.844093 0.844093
1887.034546 0.000000 1420.224731 0.000000 0.995226 0.000000 -0.097601 0.809957 0.809957 0.809957
1878.712769 0.000000 1417.635376 0.000000 0.880526 0.000000 0.473998 0.749699 0.749699 0.749699
1883.152466 0.000000 1416.574951 0.000000 0.952594 0.000000 0.304243 0.768511 0.768511 0.768511
1879.156128 0.000000 1414.884521 0.000000 0.515829 0.000000 -0.856692 0.904795 0.904795 0.904795
1885.462158 0.000000 1417.576172 0.000000 0.310206 0.000000 -0.950669 0.927873 0.927873 0.927873
1880.755127 0.000000 1415.905273 0.000000 0.893063 0.000000 -0.449932 0.847537 0.847537 0.847537
1880.356201 0.000000 1417.326538 0.000000 0.043374 0.000000 -0.999059 1.433371 1.433371 1.433371
1883.121826 0.000000 1418.928223 0.000000 0.886851 0.000000 0.462056 0.751076 0.751076 0.751076
1887.015747 0.000000 1418.332397 0.000000 0.934142 0.000000 -0.356902 0.837173 0.837173 0.837173
1882.635132 0.000000 1417.733521 0.000000 0.533132 0.000000 -0.846032 0.902725 0.902725 0.902725
1878.333008 0.000000 1415.856079 0.000000 0.691280 0.000000 -0.722587 0.882255 0.882255 0.882255
1884.745483 0.000000 1418.701782 0.000000 0.984732 0.000000 -0.174079 1.058359 1.058359 1.058359
1881.572510 0.000000 1417.814453 0.000000 0.173665 0.000000 0.984805 0.986669 0.986669 0.986669
1898.252686 0.000000 1437.179443 0.000000 0.998477 0.000000 0.055168 0.794378 0.794378 0.794378
1896.627686 0.000000 1430.208862 0.000000 0.917533 0.000000 0.397660 0.758343 0.758343 0.758343
1891.735596 0.000000 1422.215942 0.000000 0.998923 0.000000 -0.046391 0.804727 0.804727 0.804727
1916.974976 0.000000 1414.418945 0.000000 0.943256 0.000000 0.332066 0.765521 0.765521 0.765521
1901.338989 0.000000 1432.665527 0.000000 0.735813 0.000000 0.677185 0.724224 0.724224 0.724224
1903.745361 0.000000 1437.048584 0.000000 0.934164 0.000000 0.356843 0.762833 0.762833 0.762833
1888.049927 0.000000 1424.795410 0.000000 0.998212 0.000000 0.059780 0.793907 0.793907 0.793907
1888.300659 0.000000 1419.817627 0.000000 0.846896 0.000000 -0.531758 0.857110 0.857110 0.857110
1891.517578 0.000000 1425.643921 0.000000 0.890906 0.000000 0.454187 0.751978 0.751978 0.751978
1899.728394 0.000000 1429.845947 0.000000 0.631250 0.000000 -0.775580 0.890414 0.890414 0.890414
1898.733887 0.000000 1434.122925 0.000000 0.121248 0.000000 -0.992622 0.947619 0.947619 0.947619
1918.826538 0.000000 1417.019409 0.000000 0.917085 0.000000 0.398692 0.758229 0.758229 0.758229
1901.340332 0.000000 1435.458862 0.000000 0.511557 0.000000 0.859249 0.694698 0.694698 0.694698
1889.009888 0.000000 1422.413696 0.000000 0.387369 0.000000 0.921925 1.000761 1.000761 1.000761
1906.139526 0.000000 1436.821289 0.000000 0.999859 0.000000 0.016766 0.798292 0.798292 0.798292
1898.557007 0.000000 1431.849609 0.000000 0.267168 0.000000 0.963650 0.667548 0.667548 0.667548
1904.416626 0.000000 1435.010620 0.000000 0.839284 0.000000 -0.543694 0.858552 0.858552 0.858552
1913.298950 0.000000 1408.774170 0.000000 0.765665 0.000000 -0.643240 1.306757 1.306757 1.306757
1915.033447 0.000000 1410.109741 0.000000 0.784784 0.000000 -0.619769 0.868088 0.868088 0.868088
1905.101929 0.000000 1438.678955 0.000000 0.980161 0.000000 -0.198202 0.820323 0.820323 0.820323
1890.551270 0.000000 1423.856445 0.000000 0.996128 0.000000 -0.087911 0.808966 0.808966 0.808966
1902.716431 0.000000 1434.067383 0.000000 0.950451 0.000000 -0.310873 0.832199 0.832199 0.832199
1896.493042 0.000000 1432.215820 0.000000 0.995833 0.000000 -0.091199 0.809302 0.809302 0.809302
1901.514893 0.000000 1430.604980 0.000000 0.625703 0.000000 -0.780061 0.891140 0.891140 0.891140
1902.918823 0.000000 1438.911133 0.000000 0.980399 0.000000 -0.197022 0.820201 0.820201 0.820201
1907.828369 0.000000 1436.091187 0.000000 0.585310 0.000000 0.810809 0.703689 0.703689 0.703689
1899.420654 0.000000 1435.800415 0.000000 0.974848 0.000000 -0.222870 0.822894 0.822894 0.822894
1909.167114 0.000000 1439.616211 0.000000 0.717773 0.000000 0.696277 0.721548 0.721548 0.721548
1902.042480 0.000000 1436.937500 0.000000 0.018348 0.000000 -0.999832 0.958131 0.958131 0.958131
1900.549927 0.000000 1434.063965 0.000000 0.680894 0.000000 -0.732382 0.883709 0.883709 0.883709
1889.735840 0.000000 1425.213013 0.000000 0.888516 0.000000 -0.458845 0.848556 0.848556 0.848556
1906.670776 0.000000 1438.630859 0.000000 0.757929 0.000000 -0.652337 0.872388 0.872388 0.872388
1902.925171 0.000000 1435.570557 0.000000 0.999366 0.000000 -0.035597 0.803627 0.803627 0.803627
1887.893433 0.000000 1421.325317 0.000000 0.810190 0.000000 0.586167 0.736204 0.736204 0.736204
1899.678223 0.000000 1432.861938 0.000000 0.988499 0.000000 -0.151226 0.815463 0.815463 0.815463
1912.078857 0.000000 1409.614380 0.000000 0.920059 0.000000 -0.391780 1.261508 1.261508 1.261508
1887.806519 0.000000 1423.175049 0.000000 0.675962 0.000000 -0.736937 0.884393 0.884393 0.884393
1912.338867 0.000000 1407.679932 0.000000 0.683438 0.000000 0.730009 0.716645 0.716645 0.716645
1889.092651 0.000000 1423.869995 0.000000 0.959653 0.000000 0.281187 1.133775 1.133775 1.133775
1904.788940 0.000000 1436.276978 0.000000 0.938682 0.000000 0.344785 0.764145 0.764145 0.764145
1898.679199 0.000000 1430.543457 0.000000 0.999044 0.000000 -0.043709 0.804454 0.804454 0.804454
1890.416260 0.000000 1422.627319 0.000000 0.862940 0.000000 -0.505306 0.853959 0.853959 0.853959
1913.838379 0.000000 1409.868286 0.000000 0.735269 0.000000 -0.677776 1.313787 1.313787 1.313787
1905.119873 0.000000 1437.438599 0.000000 0.621960 0.000000 -0.783049 0.891628 0.891628 0.891628
1898.362549 0.000000 1433.017700 0.000000 0.041183 0.000000 -0.999152 0.955804 0.955804 0.955804
1919.541992 0.000000 1416.142944 0.000000 0.867038 0.000000 0.498241 0.746873 0.746873 0.746873
1901.662109 0.000000 1434.390625 0.000000 0.018030 0.000000 0.999837 0.641837 0.641837 0.641837
1900.260132 0.000000 1435.117432 0.000000 0.996966 0.000000 -0.077839 0.807937 0.807937 0.807937
1907.886108 0.000000 1439.169556 0.000000 0.730039 0.000000 -0.683406 0.876641 0.876641 0.876641
1888.121338 0.000000 1422.249390 0.000000 0.908622 0.000000 -0.417619 1.241005 1.241005 1.241005
1912.939941 0.000000 1409.919189 0.000000 0.955456 0.000000 0.295132 1.154225 1.154225 1.154225
1889.635864 0.000000 1423.094727 0.000000 0.928515 0.000000 -0.371295 1.233453 1.233453 1.233453
1913.760742 0.000000 1458.127441 0.000000 0.043209 0.000000 -0.999066 0.955598 0.955598 0.955598
1917.817993 0.000000 1461.115967 0.000000 0.268414 0.000000 0.963304 0.667680 0.667680 0.667680
1905.667480 0.000000 1440.114624 0.000000 0.023331 0.000000 0.999728 0.642377 0.642377 0.642377
1910.879272 0.000000 1439.980713 0.000000 0.100884 0.000000 0.994898 0.650293 0.650293 0.650293
1911.151855 0.000000 1454.717407 0.000000 0.683405 0.000000 -0.730040 0.883359 0.883359 0.883359
1914.575073 0.000000 1454.807739 0.000000 0.907113 0.000000 0.420887 0.755750 0.755750 0.755750
1906.255737 0.000000 1443.128662 0.000000 0.981083 0.000000 0.193585 0.780156 0.780156 0.780156
1908.329224 0.000000 1441.222412 0.000000 0.707992 0.000000 0.706220 0.720128 0.720128 0.720128
1915.386841 0.000000 1460.166260 0.000000 0.997915 0.000000 -0.064538 0.806578 0.806578 0.806578
1912.367432 0.000000 1460.233154 0.000000 0.661302 0.000000 -0.750120 0.886401 0.886401 0.886401
1912.813477 0.000000 1456.067627 0.000000 0.764093 0.000000 -0.645106 1.307130 1.307130 1.307130
1911.708984 0.000000 1458.213379 0.000000 0.075078 0.000000 -0.997178 0.952345 0.952345 0.952345
1915.377197 0.000000 1456.756470 0.000000 0.686031 0.000000 -0.727572 0.882992 0.882992 0.882992
1907.414185 0.000000 1439.652954 0.000000 0.144283 0.000000 -0.989536 0.945252 0.945252 0.945252
1906.670044 0.000000 1441.475952 0.000000 0.380686 0.000000 -0.924704 0.920220 0.920220 0.920220
1915.362793 0.000000 1458.422852 0.000000 0.548636 0.000000 -0.836061 0.900847 0.900847 0.900847
1904.068726 0.000000 1439.726318 0.000000 0.606812 0.000000 0.794845 0.706417 0.706417 0.706417
1913.860718 0.000000 1459.685913 0.000000 0.417676 0.000000 -0.908596 0.916111 0.916111 0.916111
1913.046021 0.000000 1454.388306 0.000000 0.733508 0.000000 0.679680 0.723878 0.723878 0.723878
1911.305542 0.000000 1456.384033 0.000000 0.832074 0.000000 0.554665 0.740111 0.740111 0.740111
1909.349487 0.000000 1442.488892 0.000000 0.585608 0.000000 0.810594 0.703726 0.703726 0.703726
1912.478271 0.000000 1461.684937 0.000000 0.570673 0.000000 -0.821177 0.898138 0.898138 0.898138
1909.898560 0.000000 1441.161987 0.000000 0.963886 0.000000 0.266316 0.772542 0.772542 0.772542
1913.998657 0.000000 1456.801636 0.000000 0.123843 0.000000 0.992302 0.978971 0.978971 0.978971
1912.656250 0.000000 1457.329346 0.000000 0.997304 0.000000 0.073382 1.188778 1.188778 1.188778
1912.804443 0.000000 1458.987915 0.000000 0.619437 0.000000 -0.785047 0.891956 0.891956 0.891956
1906.703247 0.000000 1440.406372 0.000000 0.729359 0.000000 0.684131 0.723258 0.723258 0.723258
1907.618164 0.000000 1441.939331 0.000000 0.952666 0.000000 -0.304019 0.831465 0.831465 0.831465
1920.516846 0.000000 1415.584473 0.000000 0.871474 0.000000 -0.490441 0.852213 0.852213 0.852213
1924.786133 0.000000 1412.904297 0.000000 0.697055 0.000000 0.717017 0.718562 0.718562 0.718562
1924.224243 0.000000 1417.713135 0.000000 0.991312 0.000000 -0.131531 0.813437 0.813437 0.813437
1920.296753 0.000000 1419.817627 0.000000 0.625718 0.000000 -0.780049 0.891138 0.891138 0.891138
1923.297729 0.000000 1415.110107 0.000000 0.876968 0.000000 0.480550 0.748940 0.748940 0.748940
1922.759155 0.000000 1419.806030 0.000000 0.918540 0.000000 0.395328 0.758602 0.758602 0.758602
1925.650635 0.000000 1415.826294 0.000000 0.958409 0.000000 0.285397 0.770520 0.770520 0.770520
1921.802856 0.000000 1417.586182 0.000000 0.811079 0.000000 -0.584936 1.270062 1.270062 1.270062
1919.800659 0.000000 1417.824585 0.000000 0.851283 0.000000 0.524706 0.743736 0.743736 0.743736
1922.007690 0.000000 1415.972168 0.000000 0.131469 0.000000 0.991320 0.653430 0.653430 0.653430
1924.793823 0.000000 1414.580322 0.000000 0.705278 0.000000 -0.708931 0.880263 0.880263 0.880263
1923.335327 0.000000 1416.572632 0.000000 0.102913 0.000000 -0.994690 0.949499 0.949499 0.949499
1925.629639 0.000000 1417.247925 0.000000 0.362945 0.000000 -0.931810 0.922167 0.922167 0.922167
1924.391846 0.000000 1415.815186 0.000000 0.246201 0.000000 0.969219 0.665338 0.665338 0.665338
1920.685547 0.000000 1416.839233 0.000000 0.312333 0.000000 -0.949973 1.364184 1.364184 1.364184
1922.110474 0.000000 1414.806030 0.000000 0.845800 0.000000 0.533501 0.742680 0.742680 0.742680
1922.427124 0.000000 1416.858154 0.000000 0.780369 0.000000 -0.625319 0.868810 0.868810 0.868810
1920.921143 0.000000 1417.858154 0.000000 0.669137 0.000000 0.743139 1.050982 1.050982 1.050982
1921.545532 0.000000 1416.745605 0.000000 0.575987 0.000000 0.817459 1.033121 1.033121 1.033121
1924.786133 0.000000 1476.888672 0.000000 0.673255 0.000000 0.739410 0.715234 0.715234 0.715234
1921.251831 0.000000 1472.883911 0.000000 0.823268 0.000000 -0.567653 0.861488 0.861488 0.861488
1924.243652 0.000000 1473.805542 0.000000 0.996559 0.000000 0.082883 0.791548 0.791548 0.791548
1922.398071 0.000000 1475.641113 0.000000 0.991042 0.000000 -0.133548 0.813644 0.813644 0.813644
1923.462036 0.000000 1471.688110 0.000000 0.810707 0.000000 0.585452 0.736293 0.736293 0.736293
1925.235962 0.000000 1472.269897 0.000000 0.546145 0.000000 0.837691 0.698850 0.698850 0.698850
1925.182007 0.000000 1475.229614 0.000000 0.965121 0.000000 -0.261804 0.826982 0.826982 0.826982
1922.552490 0.000000 1473.964966 0.000000 0.549128 0.000000 -0.835738 0.900787 0.900787 0.900787
1923.832031 0.000000 1475.810791 0.000000 0.783879 0.000000 0.620914 0.731764 0.731764 0.731764
1922.646606 0.000000 1472.707397 0.000000 0.760724 0.000000 -0.649076 0.871950 0.871950 0.871950
1923.504883 0.000000 1474.702026 0.000000 0.989214 0.000000 -0.146476 0.814974 0.814974 0.814974
1271.986816 0.000000 1770.541992 0.000000 0.395620 0.000000 0.918414 0.681431 0.681431 0.681431
1273.838867 0.000000 1778.049316 0.000000 0.924097 0.000000 -0.382159 0.839942 0.839942 0.839942
1277.053101 0.000000 1766.333008 0.000000 0.170011 0.000000 0.985442 0.657402 0.657402 0.657402
1266.787598 0.000000 1776.284546 0.000000 0.361556 0.000000 0.932351 0.677681 0.677681 0.677681
1277.727783 0.000000 1773.135864 0.000000 0.281463 0.000000 0.959572 0.669062 0.669062 0.669062
1271.229980 0.000000 1774.639282 0.000000 0.636441 0.000000 0.771325 0.710270 0.710270 0.710270
1268.020386 0.000000 1772.321655 0.000000 0.076999 0.000000 0.997031 0.647851 0.647851 0.647851
1275.994507 0.000000 1769.781616 0.000000 0.546989 0.000000 0.837140 0.698952 0.698952 0.698952
1274.653198 0.000000 1774.729614 0.000000 0.952002 0.000000 -0.306092 0.831687 0.831687 0.831687
1269.951050 0.000000 1777.165161 0.000000 0.606805 0.000000 0.794851 0.706416 0.706416 0.706416
1274.767090 0.000000 1772.098145 0.000000 0.484240 0.000000 0.874936 0.691489 0.691489 0.691489
1268.704834 0.000000 1774.921509 0.000000 0.956062 0.000000 0.293164 0.769693 0.769693 0.769693
1270.286255 0.000000 1772.549316 0.000000 0.978401 0.000000 -0.206715 0.821209 0.821209 0.821209
1272.695068 0.000000 1772.783203 0.000000 0.927316 0.000000 0.374279 0.760925 0.760925 0.760925
1277.950806 0.000000 1770.915771 0.000000 0.983790 0.000000 -0.179325 0.818365 0.818365 0.818365
1272.891602 0.000000 1775.989502 0.000000 0.655730 0.000000 -0.754996 0.887156 0.887156 0.887156
1276.435791 0.000000 1771.701172 0.000000 0.902218 0.000000 0.431279 0.754580 0.754580 0.754580
1275.809204 0.000000 1773.506958 0.000000 0.992110 0.000000 -0.125373 0.812804 0.812804 0.812804
1308.163940 0.000000 1721.763062 0.000000 0.949584 0.000000 -0.313511 0.832482 0.832482 0.832482
1304.987183 0.000000 1725.154907 0.000000 0.907173 0.000000 -0.420758 0.844235 0.844235 0.844235
1310.170776 0.000000 1725.769287 0.000000 0.800425 0.000000 0.599432 0.734526 0.734526 0.734526
1310.896973 0.000000 1722.766479 0.000000 0.715167 0.000000 -0.698954 0.878832 0.878832 0.878832
1307.637939 0.000000 1724.832520 0.000000 0.914299 0.000000 -0.405039 0.842478 0.842478 0.842478
1306.605347 0.000000 1726.672485 0.000000 0.994243 0.000000 0.107150 0.789065 0.789065 0.789065
1304.682861 0.000000 1727.012207 0.000000 0.889395 0.000000 0.457140 0.751640 0.751640 0.751640
1322.322998 0.000000 1725.109131 0.000000 0.203260 0.000000 -0.979125 0.939151 0.939151 0.939151
1330.442383 0.000000 1718.544800 0.000000 0.979282 0.000000 0.202500 0.779230 0.779230 0.779230
1314.718018 0.000000 1725.466675 0.000000 0.948192 0.000000 0.317698 0.767069 0.767069 0.767069
1332.257202 0.000000 1726.053345 0.000000 0.685854 0.000000 0.727740 0.716983 0.716983 0.716983
1334.896118 0.000000 1721.115479 0.000000 0.785695 0.000000 0.618613 0.732062 0.732062 0.732062
1316.032471 0.000000 1720.685669 0.000000 0.250886 0.000000 0.968017 0.665831 0.665831 0.665831
1311.846069 0.000000 1721.783813 0.000000 0.332605 0.000000 -0.943066 0.925463 0.925463 0.925463
1330.949341 0.000000 1722.412598 0.000000 0.971815 0.000000 0.235745 0.775759 0.775759 0.775759
1318.556396 0.000000 1725.170288 0.000000 0.858584 0.000000 -0.512673 0.854830 0.854830 0.854830
1311.934204 0.000000 1724.776123 0.000000 0.525401 0.000000 0.850855 0.696347 0.696347 0.696347
1333.672607 0.000000 1723.602051 0.000000 0.662624 0.000000 0.748952 0.713778 0.713778 0.713778
1316.482666 0.000000 1723.466187 0.000000 0.999893 0.000000 -0.014657 0.801493 0.801493 0.801493
1316.895142 0.000000 1727.147095 0.000000 0.754274 0.000000 0.656559 0.727044 0.727044 0.727044
1314.229248 0.000000 1722.431030 0.000000 0.937368 0.000000 0.348341 0.763758 0.763758 0.763758
1321.455566 0.000000 1727.412354 0.000000 0.776430 0.000000 -0.630204 0.869449 0.869449 0.869449
1330.209839 0.000000 1724.750977 0.000000 0.078508 0.000000 -0.996913 0.951995 0.951995 0.951995
1331.809937 0.000000 1720.302368 0.000000 0.892322 0.000000 -0.451400 0.847704 0.847704 0.847704
1312.126343 0.000000 1726.937378 0.000000 0.321300 0.000000 -0.946977 0.926682 0.926682 0.926682
1320.426514 0.000000 1724.049927 0.000000 0.812825 0.000000 -0.582508 0.863337 0.863337 0.863337
1335.644775 0.000000 1723.479980 0.000000 0.332238 0.000000 0.943196 0.674497 0.674497 0.674497
1319.576904 0.000000 1726.760376 0.000000 0.883738 0.000000 -0.467982 0.849606 0.849606 0.849606
1332.988281 0.000000 1721.841309 0.000000 0.004487 0.000000 0.999990 0.640457 0.640457 0.640457
1313.593628 0.000000 1724.134277 0.000000 0.808760 0.000000 -0.588139 0.864045 0.864045 0.864045
1313.897095 0.000000 1727.152710 0.000000 0.431342 0.000000 -0.902188 0.914573 0.914573 0.914573
1316.946289 0.000000 1724.962280 0.000000 0.762932 0.000000 0.646478 0.728397 0.728397 0.728397
1378.710205 0.000000 1725.466675 0.000000 0.864013 0.000000 0.503469 0.746258 0.746258 0.746258
1396.249390 0.000000 1726.053345 0.000000 0.972600 0.000000 0.232487 0.776100 0.776100 0.776100
1391.807861 0.000000 1724.978271 0.000000 0.999932 0.000000 -0.011690 0.801191 0.801191 0.801191
1382.548584 0.000000 1725.170288 0.000000 0.715714 0.000000 -0.698393 0.878752 0.878752 0.878752
1389.078247 0.000000 1726.130127 0.000000 0.998054 0.000000 -0.062355 0.806355 0.806355 0.806355
1380.887329 0.000000 1727.147095 0.000000 0.811975 0.000000 -0.583692 0.863486 0.863486 0.863486
1383.569092 0.000000 1726.760376 0.000000 0.595845 0.000000 0.803100 0.705018 0.705018 0.705018
1387.219604 0.000000 1726.716553 0.000000 0.985260 0.000000 0.171062 0.782490 0.782490 0.782490
1303.982910 0.000000 1738.549805 0.000000 0.998526 0.000000 0.054283 0.794468 0.794468 0.794468
1291.330566 0.000000 1743.294067 0.000000 0.895734 0.000000 0.444590 0.753072 0.753072 0.753072
1294.027344 0.000000 1731.410522 0.000000 0.456805 0.000000 0.889567 0.688322 0.688322 0.688322
1296.808228 0.000000 1738.373657 0.000000 0.726859 0.000000 -0.686786 0.877113 0.877113 0.877113
1301.363647 0.000000 1732.018433 0.000000 0.847632 0.000000 0.530584 0.743031 0.743031 0.743031
1298.783691 0.000000 1744.292358 0.000000 0.756508 0.000000 -0.653984 0.872609 0.872609 0.872609
1294.232544 0.000000 1747.622803 0.000000 0.993763 0.000000 0.111517 0.788617 0.788617 0.788617
1292.318481 0.000000 1738.169434 0.000000 0.988839 0.000000 -0.148985 0.815232 0.815232 0.815232
1297.573853 0.000000 1734.102661 0.000000 0.560215 0.000000 0.828348 0.700570 0.700570 0.700570
1295.271484 0.000000 1742.170044 0.000000 0.266598 0.000000 -0.963808 0.932512 0.932512 0.932512
1301.211914 0.000000 1735.915039 0.000000 0.590711 0.000000 -0.806883 0.895631 0.895631 0.895631
1300.016479 0.000000 1740.329468 0.000000 0.980134 0.000000 -0.198338 0.820337 0.820337 0.820337
1298.329956 0.000000 1731.058350 0.000000 0.809022 0.000000 0.587779 0.736001 0.736001 0.736001
1310.473511 0.000000 1727.762451 0.000000 0.326039 0.000000 0.945356 0.673828 0.673828 0.673828
1295.801758 0.000000 1745.069946 0.000000 0.996577 0.000000 -0.082668 0.808430 0.808430 0.808430
1294.997925 0.000000 1735.706787 0.000000 0.446401 0.000000 0.894833 0.687134 0.687134 0.687134
1298.686768 0.000000 1736.458008 0.000000 0.327029 0.000000 -0.945014 0.926065 0.926065 0.926065
1297.785400 0.000000 1741.645752 0.000000 0.184934 0.000000 -0.982751 0.941054 0.941054 0.941054
1294.512939 0.000000 1739.572754 0.000000 0.225070 0.000000 0.974343 0.663124 0.663124 0.663124
1301.576416 0.000000 1738.436646 0.000000 0.546695 0.000000 0.837332 0.698917 0.698917 0.698917
1292.971313 0.000000 1741.404053 0.000000 0.894352 0.000000 0.447365 0.752756 0.752756 0.752756
1299.906982 0.000000 1733.809937 0.000000 0.761717 0.000000 0.647909 0.728206 0.728206 0.728206
1293.552612 0.000000 1743.397461 0.000000 0.587987 0.000000 -0.808871 0.895975 0.895975 0.895975
1299.440552 0.000000 1738.340698 0.000000 0.361618 0.000000 0.932326 0.677688 0.677688 0.677688
1294.959961 0.000000 1737.697388 0.000000 0.904766 0.000000 0.425909 0.755185 0.755185 0.755185
1296.985718 0.000000 1743.481323 0.000000 0.989991 0.000000 -0.141130 0.814424 0.814424 0.814424
1296.792725 0.000000 1736.397461 0.000000 0.395450 0.000000 -0.918488 0.918588 0.918588 0.918588
1296.389648 0.000000 1740.314209 0.000000 0.150782 0.000000 0.988567 0.655417 0.655417 0.655417
1298.230713 0.000000 1739.769165 0.000000 0.956186 0.000000 0.292759 0.769737 0.769737 0.769737
1298.656738 0.000000 1732.700439 0.000000 0.982237 0.000000 0.187646 0.780773 0.780773 0.780773
1299.384155 0.000000 1741.965820 0.000000 0.327713 0.000000 0.944777 0.674009 0.674009 0.674009
1298.910767 0.000000 1735.021118 0.000000 0.601919 0.000000 -0.798557 0.894209 0.894209 0.894209
1294.362793 0.000000 1741.069946 0.000000 0.764603 0.000000 -0.644501 0.871339 0.871339 0.871339
1295.476685 0.000000 1743.554321 0.000000 0.594235 0.000000 -0.804291 0.895186 0.895186 0.895186
1298.048584 0.000000 1737.796509 0.000000 0.981963 0.000000 -0.189075 0.819376 0.819376 0.819376
1297.163086 0.000000 1739.431519 0.000000 0.993886 0.000000 0.110415 0.788730 0.788730 0.788730
1319.180298 0.000000 1728.331421 0.000000 0.364124 0.000000 0.931350 0.677962 0.677962 0.677962
1323.994141 0.000000 1727.588501 0.000000 0.915003 0.000000 0.403447 0.757700 0.757700 0.757700
1313.326050 0.000000 1728.821411 0.000000 0.948215 0.000000 -0.317628 0.832924 0.832924 0.832924
1316.317871 0.000000 1729.743042 0.000000 0.615007 0.000000 0.788522 0.707471 0.707471 0.707471
1321.815552 0.000000 1729.488281 0.000000 0.235841 0.000000 -0.971792 0.935749 0.935749 0.935749
1315.536255 0.000000 1727.625610 0.000000 0.973789 0.000000 0.227455 0.776627 0.776627 0.776627
1312.110962 0.000000 1727.717407 0.000000 0.324404 0.000000 0.945919 0.673652 0.673652 0.673652
1308.163940 0.000000 1785.747437 0.000000 0.958595 0.000000 -0.284772 0.829414 0.829414 0.829414
1291.330566 0.000000 1775.286255 0.000000 0.414717 0.000000 0.909950 0.683558 0.683558 0.683558
1298.446289 0.000000 1782.529175 0.000000 0.798651 0.000000 -0.601795 0.865775 0.865775 0.865775
1305.834961 0.000000 1778.049316 0.000000 0.991316 0.000000 0.131504 0.786566 0.786566 0.786566
1300.261108 0.000000 1790.037720 0.000000 0.964236 0.000000 0.265045 0.772676 0.772676 0.772676
1298.783691 0.000000 1776.284546 0.000000 0.208523 0.000000 -0.978017 0.938603 0.938603 0.938603
1293.413208 0.000000 1784.579590 0.000000 0.864782 0.000000 -0.502147 0.853586 0.853586 0.853586
1302.900024 0.000000 1785.099854 0.000000 0.359053 0.000000 0.933317 0.677408 0.677408 0.677408
1309.892212 0.000000 1781.037842 0.000000 0.507887 0.000000 0.861424 0.694263 0.694263 0.694263
1294.232544 0.000000 1779.614990 0.000000 0.802021 0.000000 0.597296 0.734797 0.734797 0.734797
1287.361084 0.000000 1777.713257 0.000000 0.889598 0.000000 0.456744 0.751685 0.751685 0.751685
1301.998535 0.000000 1780.011230 0.000000 0.971267 0.000000 -0.237994 0.824477 0.824477 0.824477
1303.226074 0.000000 1774.639282 0.000000 0.928916 0.000000 -0.370290 0.838637 0.838637 0.838637
1310.170776 0.000000 1789.753662 0.000000 0.323025 0.000000 0.946390 0.673504 0.673504 0.673504
1305.950684 0.000000 1782.209839 0.000000 0.379371 0.000000 -0.925245 0.920365 0.920365 0.920365
1295.271484 0.000000 1774.162231 0.000000 0.325163 0.000000 -0.945658 0.926266 0.926266 0.926266
1298.953247 0.000000 1786.396973 0.000000 0.986538 0.000000 0.163535 0.783267 0.783267 0.783267
1290.787476 0.000000 1778.815674 0.000000 0.924744 0.000000 -0.380589 0.839769 0.839769 0.839769
1297.830566 0.000000 1779.345703 0.000000 0.342770 0.000000 0.939419 0.675637 0.675637 0.675637
1291.802612 0.000000 1781.760010 0.000000 0.888731 0.000000 -0.458429 0.848508 0.848508 0.848508
1295.801758 0.000000 1777.062134 0.000000 0.465304 0.000000 0.885151 0.689298 0.689298 0.689298
1296.349976 0.000000 1784.839966 0.000000 0.866084 0.000000 -0.499898 0.853321 0.853321 0.853321
1310.896973 0.000000 1786.750854 0.000000 0.098417 0.000000 0.995145 0.650041 0.650041 0.650041
1295.526733 0.000000 1782.125732 0.000000 0.603945 0.000000 0.797026 0.706050 0.706050 0.706050
1301.676514 0.000000 1787.586426 0.000000 0.559177 0.000000 0.829048 0.700442 0.700442 0.700442
1301.361694 0.000000 1782.731934 0.000000 0.145934 0.000000 -0.989294 0.945082 0.945082 0.945082
1301.947144 0.000000 1777.165161 0.000000 0.077369 0.000000 -0.997002 0.952111 0.952111 0.952111
1310.082764 0.000000 1783.709717 0.000000 0.788762 0.000000 -0.614699 0.867431 0.867431 0.867431
1292.941284 0.000000 1777.382568 0.000000 0.435529 0.000000 0.900175 0.685900 0.685900 0.685900
1307.461060 0.000000 1780.088135 0.000000 0.921037 0.000000 -0.389476 0.840750 0.840750 0.840750
1304.441650 0.000000 1780.155029 0.000000 0.431879 0.000000 -0.901931 0.914512 0.914512 0.914512
1298.213745 0.000000 1788.735352 0.000000 0.731602 0.000000 -0.681732 0.876407 0.876407 0.876407
1300.082031 0.000000 1778.579956 0.000000 0.944461 0.000000 -0.328624 0.834107 0.834107 0.834107
1303.766724 0.000000 1782.819824 0.000000 0.876634 0.000000 0.481158 0.748869 0.748869 0.748869
1307.884399 0.000000 1783.481201 0.000000 0.894078 0.000000 -0.447911 0.847306 0.847306 0.847306
1299.813843 0.000000 1784.286743 0.000000 0.998904 0.000000 0.046806 0.795231 0.795231 0.795231
1299.889282 0.000000 1780.758789 0.000000 0.999687 0.000000 -0.025034 0.802550 0.802550 0.802550
1296.490845 0.000000 1786.924683 0.000000 0.040821 0.000000 0.999166 0.644159 0.644159 0.644159
1289.600586 0.000000 1776.947876 0.000000 0.778263 0.000000 0.627939 0.730848 0.730848 0.730848
1303.783203 0.000000 1778.135254 0.000000 0.986943 0.000000 0.161072 0.783522 0.783522 0.783522
1294.790649 0.000000 1785.981445 0.000000 0.988430 0.000000 -0.151681 0.815510 0.815510 0.815510
1293.589111 0.000000 1782.519043 0.000000 0.931743 0.000000 -0.363118 0.837852 0.837852 0.837852
1296.039307 0.000000 1780.221436 0.000000 0.194080 0.000000 0.980986 0.659895 0.659895 0.659895
1292.348755 0.000000 1779.893921 0.000000 0.353773 0.000000 -0.935331 0.923168 0.923168 0.923168
1311.246826 0.000000 1785.012329 0.000000 0.439689 0.000000 0.898150 0.686372 0.686372 0.686372
1298.109985 0.000000 1784.714600 0.000000 0.997505 0.000000 -0.070594 0.807197 0.807197 0.807197
1294.818726 0.000000 1783.668335 0.000000 0.861273 0.000000 0.508142 0.745706 0.745706 0.745706
1297.637817 0.000000 1781.038696 0.000000 0.965924 0.000000 -0.258828 0.826668 0.826668 0.826668
1297.004272 0.000000 1783.266235 0.000000 0.988585 0.000000 0.150665 0.784595 0.784595 0.784595
1292.206909 0.000000 1783.380127 0.000000 0.814230 0.000000 0.580542 0.736909 0.736909 0.736909
1291.311401 0.000000 1777.255981 0.000000 0.410334 0.000000 -0.911935 0.916932 0.916932 0.916932
1294.837158 0.000000 1780.942993 0.000000 0.935117 0.000000 0.354338 0.763106 0.763106 0.763106
1297.445312 0.000000 1785.923828 0.000000 0.048229 0.000000 -0.998836 0.955085 0.955085 0.955085
1322.322998 0.000000 1789.093506 0.000000 0.430836 0.000000 -0.902430 0.914630 0.914630 0.914630
1312.827881 0.000000 1781.076050 0.000000 0.934955 0.000000 -0.354766 0.836941 0.836941 0.836941
1330.442383 0.000000 1782.529175 0.000000 0.486680 0.000000 -0.873581 0.908227 0.908227 0.908227
1337.831055 0.000000 1778.049316 0.000000 0.994551 0.000000 0.104247 0.789362 0.789362 0.789362
1314.718018 0.000000 1789.451050 0.000000 0.480642 0.000000 -0.876917 0.908929 0.908929 0.908929
1330.779785 0.000000 1776.284546 0.000000 0.297386 0.000000 0.954757 0.670757 0.670757 0.670757
1334.896118 0.000000 1785.099854 0.000000 0.815047 0.000000 -0.579395 0.862948 0.862948 0.862948
1326.228638 0.000000 1779.614990 0.000000 0.321440 0.000000 0.946930 0.673333 0.673333 0.673333
1316.032471 0.000000 1784.670044 0.000000 0.997802 0.000000 0.066265 0.793245 0.793245 0.793245
1311.846069 0.000000 1785.768188 0.000000 0.926404 0.000000 0.376532 0.760677 0.760677 0.760677
1333.994629 0.000000 1780.011230 0.000000 0.761991 0.000000 0.647588 0.728249 0.728249 0.728249
1337.946777 0.000000 1782.209839 0.000000 0.991085 0.000000 -0.133233 0.813612 0.813612 0.813612
1330.949341 0.000000 1786.396973 0.000000 0.739547 0.000000 0.673105 0.724787 0.724787 0.724787
1318.556396 0.000000 1789.154663 0.000000 0.810027 0.000000 0.586392 0.736175 0.736175 0.736175
1329.826660 0.000000 1779.345703 0.000000 0.119661 0.000000 0.992815 0.652218 0.652218 0.652218
1327.797852 0.000000 1777.062134 0.000000 0.918376 0.000000 0.395709 0.758560 0.758560 0.758560
1325.086060 0.000000 1790.114502 0.000000 0.995416 0.000000 -0.095635 0.809756 0.809756 0.809756
1311.934204 0.000000 1788.760498 0.000000 0.099801 0.000000 0.995007 0.650183 0.650183 0.650183
1333.672607 0.000000 1787.586426 0.000000 0.584088 0.000000 0.811690 0.703535 0.703535 0.703535
1333.357788 0.000000 1782.731934 0.000000 0.658179 0.000000 0.752861 0.713175 0.713175 0.713175
1333.943237 0.000000 1777.165161 0.000000 0.962049 0.000000 0.272877 0.771848 0.771848 0.771848
1337.422974 0.000000 1786.405884 0.000000 0.966111 0.000000 0.258128 0.773406 0.773406 0.773406
1316.482666 0.000000 1787.450562 0.000000 0.826359 0.000000 -0.563143 0.860931 0.860931 0.860931
1313.468384 0.000000 1783.624268 0.000000 0.534682 0.000000 0.845053 0.697462 0.697462 0.697462
1316.895142 0.000000 1791.131470 0.000000 0.999918 0.000000 -0.012825 0.801306 0.801306 0.801306
1314.229248 0.000000 1786.415405 0.000000 0.758639 0.000000 -0.651511 0.872277 0.872277 0.872277
1336.437744 0.000000 1780.155029 0.000000 0.260076 0.000000 -0.965588 0.933201 0.933201 0.933201
1321.455566 0.000000 1791.396729 0.000000 0.680419 0.000000 -0.732824 0.883775 0.883775 0.883775
1332.078125 0.000000 1778.579956 0.000000 0.517083 0.000000 0.855935 0.695354 0.695354 0.695354
1335.762817 0.000000 1782.819824 0.000000 0.282229 0.000000 -0.959347 0.930856 0.930856 0.930856
1331.809937 0.000000 1784.286743 0.000000 0.192563 0.000000 -0.981285 0.940262 0.940262 0.940262
1331.885376 0.000000 1780.758789 0.000000 0.101321 0.000000 0.994854 0.650338 0.650338 0.650338
1320.426514 0.000000 1788.034302 0.000000 0.516372 0.000000 -0.856365 0.904730 0.904730 0.904730
1337.730835 0.000000 1784.311523 0.000000 0.571285 0.000000 0.820752 0.701938 0.701938 0.701938
1335.779297 0.000000 1778.135254 0.000000 0.965380 0.000000 -0.260848 0.826881 0.826881 0.826881
1335.644775 0.000000 1787.464355 0.000000 0.376377 0.000000 0.926467 0.679306 0.679306 0.679306
1319.576904 0.000000 1790.744751 0.000000 0.480603 0.000000 0.876938 0.691066 0.691066 0.691066
1328.035400 0.000000 1780.221436 0.000000 0.996307 0.000000 0.085857 0.791244 0.791244 0.791244
1332.988281 0.000000 1785.825684 0.000000 0.225157 0.000000 0.974322 0.663133 0.663133 0.663133
1323.227417 0.000000 1790.700928 0.000000 0.887391 0.000000 -0.461018 0.848805 0.848805 0.848805
1334.761108 0.000000 1781.460571 0.000000 0.548601 0.000000 -0.836084 0.900851 0.900851 0.900851
1316.946289 0.000000 1788.946655 0.000000 0.077856 0.000000 0.996965 0.647938 0.647938 0.647938
1311.979736 0.000000 1784.222900 0.000000 0.898245 0.000000 0.439496 0.753650 0.753650 0.753650
1333.393433 0.000000 1784.299805 0.000000 0.988471 0.000000 0.151411 0.784518 0.784518 0.784518
1312.424438 0.000000 1787.209229 0.000000 0.772597 0.000000 0.634897 0.729934 0.729934 0.729934
1333.236084 0.000000 1781.291748 0.000000 0.818841 0.000000 0.574021 0.737723 0.737723 0.737723
1334.574097 0.000000 1783.526733 0.000000 0.552250 0.000000 0.833678 0.699594 0.699594 0.699594
1371.362671 0.000000 1727.954224 0.000000 0.766061 0.000000 -0.642768 0.871108 0.871108 0.871108
1365.355835 0.000000 1732.018433 0.000000 0.536413 0.000000 -0.843956 0.902329 0.902329 0.902329
1373.041382 0.000000 1734.340820 0.000000 0.536241 0.000000 -0.844065 0.902350 0.902350 0.902350
1366.945679 0.000000 1727.910400 0.000000 0.900525 0.000000 0.434805 0.754182 0.754182 0.754182
1368.837769 0.000000 1734.475098 0.000000 0.807910 0.000000 0.589306 0.735808 0.735808 0.735808
1374.038574 0.000000 1730.739014 0.000000 0.105388 0.000000 0.994431 0.650755 0.650755 0.650755
1369.105225 0.000000 1730.855103 0.000000 0.999866 0.000000 0.016354 0.798334 0.798334 0.798334
1371.709961 0.000000 1732.038940 0.000000 0.507962 0.000000 0.861379 0.694272 0.694272 0.694272
1366.858765 0.000000 1730.218750 0.000000 0.914708 0.000000 0.404115 0.757626 0.757626 0.757626
1375.074829 0.000000 1733.158203 0.000000 0.684227 0.000000 -0.729270 0.883245 0.883245 0.883245
1369.365356 0.000000 1728.696045 0.000000 0.740693 0.000000 0.671844 0.724961 0.724961 0.724961
1371.099854 0.000000 1730.031616 0.000000 0.953134 0.000000 -0.302548 0.831308 0.831308 0.831308
1369.841675 0.000000 1732.747803 0.000000 0.965464 0.000000 0.260536 0.773152 0.773152 0.773152
1373.477661 0.000000 1732.401245 0.000000 0.929626 0.000000 0.368505 0.761558 0.761558 0.761558
1376.583252 0.000000 1735.506348 0.000000 0.966086 0.000000 0.258221 0.773396 0.773396 0.773396
1390.015625 0.000000 1731.410522 0.000000 0.772648 0.000000 -0.634835 0.870058 0.870058 0.870058
1403.358765 0.000000 1727.954224 0.000000 0.657503 0.000000 0.753452 0.713084 0.713084 0.713084
1384.259766 0.000000 1736.356323 0.000000 0.606288 0.000000 -0.795245 0.893651 0.893651 0.893651
1397.351929 0.000000 1732.018433 0.000000 0.912033 0.000000 0.410116 0.756956 0.756956 0.756956
1405.037476 0.000000 1734.340820 0.000000 0.601292 0.000000 -0.799029 0.894289 0.894289 0.894289
1380.852539 0.000000 1732.826172 0.000000 0.267388 0.000000 0.963589 0.667571 0.667571 0.667571
1393.729980 0.000000 1728.044312 0.000000 0.999917 0.000000 -0.012863 0.801310 0.801310 0.801310
1398.941772 0.000000 1727.910400 0.000000 0.095352 0.000000 -0.995444 0.950273 0.950273 0.950273
1400.833862 0.000000 1734.475098 0.000000 0.127899 0.000000 0.991787 0.653063 0.653063 0.653063
1380.290649 0.000000 1737.635010 0.000000 0.209951 0.000000 -0.977712 0.938454 0.938454 0.938454
1377.318237 0.000000 1728.821411 0.000000 0.429458 0.000000 -0.903087 0.914786 0.914786 0.914786
1401.101318 0.000000 1730.855103 0.000000 0.494253 0.000000 0.869318 0.692659 0.692659 0.692659
1375.857300 0.000000 1731.965088 0.000000 0.224308 0.000000 -0.974518 0.936956 0.936956 0.936956
1380.310059 0.000000 1729.743042 0.000000 0.246392 0.000000 -0.969170 0.934642 0.934642 0.934642
1394.318237 0.000000 1731.058350 0.000000 0.245248 0.000000 0.969460 0.665238 0.665238 0.665238
1406.461792 0.000000 1727.762451 0.000000 0.962018 0.000000 0.272986 0.771836 0.771836 0.771836
1390.807739 0.000000 1728.633545 0.000000 0.993480 0.000000 0.114003 0.788362 0.788362 0.788362
1396.391724 0.000000 1729.152100 0.000000 0.847162 0.000000 0.531334 0.742941 0.742941 0.742941
1383.079468 0.000000 1731.104004 0.000000 0.977226 0.000000 0.212199 0.778220 0.778220 0.778220
1403.706055 0.000000 1732.038940 0.000000 0.945365 0.000000 -0.326013 0.833826 0.833826 0.833826
1379.364136 0.000000 1735.031982 0.000000 0.558800 0.000000 0.829303 0.700396 0.700396 0.700396
1383.332886 0.000000 1733.862671 0.000000 0.678209 0.000000 0.734869 0.715918 0.715918 0.715918
1378.464478 0.000000 1731.578613 0.000000 0.967622 0.000000 -0.252403 0.825991 0.825991 0.825991
1381.717041 0.000000 1735.748169 0.000000 0.032087 0.000000 0.999485 0.643269 0.643269 0.643269
1398.854858 0.000000 1730.218750 0.000000 0.265810 0.000000 -0.964025 0.932595 0.932595 0.932595
1407.070923 0.000000 1733.158203 0.000000 0.666435 0.000000 -0.745563 0.885702 0.885702 0.885702
1377.683960 0.000000 1733.592896 0.000000 0.631197 0.000000 -0.775622 0.890420 0.890420 0.890420
1392.068237 0.000000 1730.454224 0.000000 0.572069 0.000000 -0.820205 0.897965 0.897965 0.897965
1401.361450 0.000000 1728.696045 0.000000 0.485981 0.000000 -0.873969 0.908308 0.908308 0.908308
1403.095947 0.000000 1730.031616 0.000000 0.774066 0.000000 0.633105 0.730170 0.730170 0.730170
1388.919922 0.000000 1729.478516 0.000000 0.234980 0.000000 -0.972000 0.935839 0.935839 0.935839
1407.774902 0.000000 1729.316650 0.000000 0.421412 0.000000 -0.906869 0.915691 0.915691 0.915691
1404.951172 0.000000 1729.163452 0.000000 0.429117 0.000000 -0.903249 0.914824 0.914824 0.914824
1381.302368 0.000000 1728.207397 0.000000 0.932528 0.000000 0.361098 0.762369 0.762369 0.762369
1376.831665 0.000000 1730.521240 0.000000 0.279220 0.000000 0.960227 0.668824 0.668824 0.668824
1381.248413 0.000000 1731.167114 0.000000 0.997257 0.000000 -0.074020 0.807547 0.807547 0.807547
1387.028198 0.000000 1733.299072 0.000000 0.386472 0.000000 -0.922301 0.919582 0.919582 0.919582
1396.015747 0.000000 1730.840576 0.000000 0.798758 0.000000 -0.601653 0.865757 0.865757 0.865757
1394.732544 0.000000 1729.405640 0.000000 0.964855 0.000000 0.262784 0.772915 0.772915 0.772915
1376.027100 0.000000 1733.929077 0.000000 0.901908 0.000000 -0.431928 0.845493 0.845493 0.845493
1379.215942 0.000000 1733.053711 0.000000 0.276283 0.000000 -0.961076 0.931487 0.931487 0.931487
1387.255127 0.000000 1728.938965 0.000000 0.746531 0.000000 -0.665350 0.874150 0.874150 0.874150
1383.719971 0.000000 1729.714355 0.000000 0.928680 0.000000 -0.370883 0.838702 0.838702 0.838702
1354.319092 0.000000 1789.093506 0.000000 0.861280 0.000000 0.508131 0.745708 0.745708 0.745708
1372.156128 0.000000 1785.747437 0.000000 0.624249 0.000000 0.781226 0.708670 0.708670 0.708670
1362.438477 0.000000 1782.529175 0.000000 0.485716 0.000000 0.874117 0.691661 0.691661 0.691661
1369.827148 0.000000 1778.049316 0.000000 0.937011 0.000000 0.349300 0.763654 0.763654 0.763654
1352.694092 0.000000 1782.122925 0.000000 0.941331 0.000000 0.337484 0.764936 0.764936 0.764936
1362.775879 0.000000 1776.284546 0.000000 0.489008 0.000000 0.872279 0.692045 0.692045 0.692045
1357.405396 0.000000 1784.579590 0.000000 0.742991 0.000000 0.669301 0.725310 0.725310 0.725310
1366.892212 0.000000 1785.099854 0.000000 0.174982 0.000000 -0.984572 0.942084 0.942084 0.942084
1373.884399 0.000000 1781.037842 0.000000 0.741077 0.000000 -0.671420 0.874981 0.874981 0.874981
1358.224731 0.000000 1779.614990 0.000000 0.926766 0.000000 -0.375640 0.839225 0.839225 0.839225
1348.028564 0.000000 1784.670044 0.000000 0.555123 0.000000 0.831768 0.699945 0.699945 0.699945
1368.979370 0.000000 1789.139282 0.000000 0.348879 0.000000 0.937168 0.676300 0.676300 0.676300
1365.990723 0.000000 1780.011230 0.000000 0.997826 0.000000 -0.065896 0.806717 0.806717 0.806717
1374.162964 0.000000 1789.753662 0.000000 0.917874 0.000000 -0.396873 0.841570 0.841570 0.841570
1369.942871 0.000000 1782.209839 0.000000 0.940541 0.000000 0.339681 0.764698 0.764698 0.764698
1351.826172 0.000000 1785.933105 0.000000 0.493416 0.000000 0.869794 0.692561 0.692561 0.692561
1348.634521 0.000000 1780.508789 0.000000 0.369238 0.000000 0.929335 0.678522 0.678522 0.678522
1361.822754 0.000000 1779.345703 0.000000 0.986944 0.000000 0.161066 0.783522 0.783522 0.783522
1355.794800 0.000000 1781.760010 0.000000 0.821906 0.000000 0.569623 0.738269 0.738269 0.738269
1354.800293 0.000000 1786.036987 0.000000 0.534246 0.000000 -0.845329 0.902591 0.902591 0.902591
1374.889160 0.000000 1786.750854 0.000000 0.622352 0.000000 -0.782737 0.891577 0.891577 0.891577
1359.518921 0.000000 1782.125732 0.000000 0.297228 0.000000 -0.954807 0.929260 0.929260 0.929260
1365.353882 0.000000 1782.731934 0.000000 0.994587 0.000000 -0.103910 0.810603 0.810603 0.810603
1371.630127 0.000000 1788.816895 0.000000 0.998724 0.000000 0.050508 0.794853 0.794853 0.794853
1374.074951 0.000000 1783.709717 0.000000 0.684034 0.000000 0.729450 0.716728 0.716728 0.716728
1350.490479 0.000000 1783.681885 0.000000 0.999572 0.000000 0.029241 0.797021 0.797021 0.797021
1371.453247 0.000000 1780.088135 0.000000 0.504428 0.000000 0.863454 0.693855 0.693855 0.693855
1368.433838 0.000000 1780.155029 0.000000 0.357344 0.000000 0.933973 0.677222 0.677222 0.677222
1351.047485 0.000000 1780.419067 0.000000 0.325775 0.000000 -0.945447 0.926200 0.926200 0.926200
1364.074219 0.000000 1778.579956 0.000000 0.616620 0.000000 -0.787261 0.892320 0.892320 0.892320
1354.623413 0.000000 1783.763672 0.000000 0.999425 0.000000 -0.033918 0.803456 0.803456 0.803456
1367.758911 0.000000 1782.819824 0.000000 0.519661 0.000000 -0.854373 0.904339 0.904339 0.904339
1371.876587 0.000000 1783.481201 0.000000 0.939245 0.000000 -0.343249 0.835689 0.835689 0.835689
1363.881470 0.000000 1780.758789 0.000000 0.694973 0.000000 -0.719036 0.881733 0.881733 0.881733
1369.726929 0.000000 1784.311523 0.000000 0.993938 0.000000 -0.109942 0.811221 0.811221 0.811221
1373.228516 0.000000 1787.742798 0.000000 0.969767 0.000000 -0.244032 0.825110 0.825110 0.825110
1352.559448 0.000000 1784.129883 0.000000 0.519796 0.000000 -0.854290 0.904323 0.904323 0.904323
1375.377075 0.000000 1782.329224 0.000000 0.395339 0.000000 -0.918535 0.918601 0.918601 0.918601
1360.031494 0.000000 1780.221436 0.000000 0.974658 0.000000 0.223699 0.777020 0.777020 0.777020
1372.462769 0.000000 1790.468506 0.000000 0.963598 0.000000 0.267357 0.772432 0.772432 0.772432
1375.239014 0.000000 1785.012329 0.000000 0.368080 0.000000 0.929794 0.678395 0.678395 0.678395
1361.630005 0.000000 1781.038696 0.000000 0.030790 0.000000 0.999526 0.643137 0.643137 0.643137
1373.689941 0.000000 1785.354736 0.000000 0.641630 0.000000 0.767014 0.710957 0.710957 0.710957
1353.351807 0.000000 1785.451294 0.000000 0.218503 0.000000 -0.975836 0.937562 0.937562 0.937562
1386.315186 0.000000 1789.093506 0.000000 0.755591 0.000000 -0.655043 0.872752 0.872752 0.872752
1376.820068 0.000000 1781.076050 0.000000 0.660828 0.000000 -0.750537 0.886466 0.886466 0.886466
1378.710205 0.000000 1789.451050 0.000000 0.407774 0.000000 0.913083 0.682782 0.682782 0.682782
1384.690186 0.000000 1782.122925 0.000000 0.820089 0.000000 0.572236 0.737944 0.737944 0.737944
1380.024658 0.000000 1784.670044 0.000000 0.438278 0.000000 0.898840 0.686212 0.686212 0.686212
1375.838257 0.000000 1785.768188 0.000000 0.945515 0.000000 -0.325580 0.833779 0.833779 0.833779
1383.822266 0.000000 1785.933105 0.000000 0.999962 0.000000 0.008705 0.799113 0.799113 0.799113
1382.548584 0.000000 1789.154663 0.000000 0.487770 0.000000 0.872972 0.691901 0.691901 0.691901
1375.926392 0.000000 1788.760498 0.000000 0.110333 0.000000 -0.993895 0.948739 0.948739 0.948739
1380.474854 0.000000 1787.450562 0.000000 0.795964 0.000000 -0.605344 0.866229 0.866229 0.866229
1382.486572 0.000000 1783.681885 0.000000 0.997775 0.000000 0.066677 0.793203 0.793203 0.793203
1377.460571 0.000000 1783.624268 0.000000 0.397287 0.000000 0.917694 0.681615 0.681615 0.681615
1380.887329 0.000000 1791.131470 0.000000 0.064748 0.000000 0.997902 0.646600 0.646600 0.646600
1378.221436 0.000000 1786.415405 0.000000 0.674464 0.000000 0.738308 0.715400 0.715400 0.715400
1385.447754 0.000000 1791.396729 0.000000 0.417116 0.000000 -0.908853 0.916173 0.916173 0.916173
1379.428711 0.000000 1782.458618 0.000000 0.658302 0.000000 -0.752754 0.886808 0.886808 0.886808
1376.118530 0.000000 1790.921753 0.000000 0.829706 0.000000 -0.558201 0.860323 0.860323 0.860323
1381.862671 0.000000 1785.698730 0.000000 0.768362 0.000000 -0.640016 0.870743 0.870743 0.870743
1383.569092 0.000000 1790.744751 0.000000 0.450483 0.000000 -0.892785 0.912401 0.912401 0.912401
1375.893311 0.000000 1782.604736 0.000000 0.494575 0.000000 -0.869135 0.907304 0.907304 0.907304
1377.585815 0.000000 1788.118652 0.000000 0.202575 0.000000 0.979267 0.660778 0.660778 0.660778
1377.889282 0.000000 1791.137085 0.000000 0.100741 0.000000 0.994913 0.650279 0.650279 0.650279
1375.971924 0.000000 1784.222900 0.000000 0.844585 0.000000 -0.535422 0.857551 0.857551 0.857551
1410.706299 0.000000 1725.466675 0.000000 0.999882 0.000000 0.015382 0.798433 0.798433 0.798433
1408.114624 0.000000 1726.937378 0.000000 0.493902 0.000000 0.869517 0.692618 0.692618 0.692618
1408.579346 0.000000 1735.506348 0.000000 0.999954 0.000000 0.009554 0.799027 0.799027 0.799027
1412.848633 0.000000 1732.826172 0.000000 0.714243 0.000000 0.699898 0.721033 0.721033 0.721033
1407.853394 0.000000 1731.965088 0.000000 0.491717 0.000000 0.870755 0.692362 0.692362 0.692362
1412.306152 0.000000 1729.743042 0.000000 0.735534 0.000000 -0.677488 0.875818 0.875818 0.875818
1410.460571 0.000000 1731.578613 0.000000 0.996090 0.000000 -0.088339 0.809010 0.809010 0.809010
1408.827759 0.000000 1730.521240 0.000000 0.447674 0.000000 0.894197 0.687279 0.687279 0.687279
1436.148315 0.000000 1785.747437 0.000000 0.083596 0.000000 -0.996500 0.951475 0.951475 0.951475
1426.430664 0.000000 1782.529175 0.000000 0.981161 0.000000 -0.193191 0.819803 0.819803 0.819803
1433.819336 0.000000 1778.049316 0.000000 0.788249 0.000000 -0.615357 0.867516 0.867516 0.867516
1416.686279 0.000000 1782.122925 0.000000 0.537166 0.000000 -0.843477 0.902238 0.902238 0.902238
1421.397583 0.000000 1784.579590 0.000000 0.620827 0.000000 0.783948 0.708225 0.708225 0.708225
1430.884399 0.000000 1785.099854 0.000000 0.531196 0.000000 0.847249 0.697042 0.697042 0.697042
1437.876587 0.000000 1781.037842 0.000000 0.998278 0.000000 0.058662 0.794021 0.794021 0.794021
1422.216919 0.000000 1779.614990 0.000000 0.533060 0.000000 0.846077 0.697267 0.697267 0.697267
1429.982910 0.000000 1780.011230 0.000000 0.150813 0.000000 0.988562 0.655420 0.655420 0.655420
1433.935059 0.000000 1782.209839 0.000000 0.998804 0.000000 -0.048893 0.804982 0.804982 0.804982
1418.771851 0.000000 1778.815674 0.000000 0.536767 0.000000 -0.843730 0.902287 0.902287 0.902287
1425.814941 0.000000 1779.345703 0.000000 0.439174 0.000000 0.898402 0.686313 0.686313 0.686313
1419.786987 0.000000 1781.760010 0.000000 0.582232 0.000000 -0.813022 0.896697 0.896697 0.896697
1424.334351 0.000000 1784.839966 0.000000 0.984973 0.000000 -0.172706 0.817680 0.817680 0.817680
1423.511108 0.000000 1782.125732 0.000000 0.984023 0.000000 -0.178039 0.818232 0.818232 0.818232
1438.067139 0.000000 1783.709717 0.000000 0.527335 0.000000 0.849658 0.696579 0.696579 0.696579
1435.445435 0.000000 1780.088135 0.000000 0.338620 0.000000 -0.940923 0.924813 0.924813 0.924813
1432.426025 0.000000 1780.155029 0.000000 0.615228 0.000000 -0.788349 0.892500 0.892500 0.892500
1439.288086 0.000000 1778.973022 0.000000 0.940186 0.000000 0.340662 0.764592 0.764592 0.764592
1418.615601 0.000000 1783.763672 0.000000 0.969077 0.000000 -0.246760 0.825397 0.825397 0.825397
1435.868774 0.000000 1783.481201 0.000000 0.987405 0.000000 0.158213 0.783817 0.783817 0.783817
1421.573486 0.000000 1782.519043 0.000000 0.187214 0.000000 -0.982319 0.940817 0.940817 0.940817
1439.369263 0.000000 1782.329224 0.000000 0.808896 0.000000 -0.587951 0.864021 0.864021 0.864021
1424.023682 0.000000 1780.221436 0.000000 0.858132 0.000000 -0.513429 0.854920 0.854920 0.854920
1436.287354 0.000000 1781.673096 0.000000 0.950178 0.000000 -0.311707 0.832288 0.832288 0.832288
1422.803101 0.000000 1783.668335 0.000000 0.690822 0.000000 0.723024 0.717680 0.717680 0.717680
1418.151367 0.000000 1781.257324 0.000000 0.015798 0.000000 0.999875 0.641609 0.641609 0.641609
1420.191284 0.000000 1783.380127 0.000000 0.999996 0.000000 -0.002660 0.800271 0.800271 0.800271
1468.144409 0.000000 1785.747437 0.000000 0.996051 0.000000 0.088783 0.790945 0.790945 0.790945
1451.311035 0.000000 1775.286255 0.000000 0.844783 0.000000 0.535110 0.742486 0.742486 0.742486
1440.812256 0.000000 1781.076050 0.000000 0.702846 0.000000 0.711342 0.719388 0.719388 0.719388
1458.426758 0.000000 1782.529175 0.000000 0.580344 0.000000 -0.814371 0.896934 0.896934 0.896934
1465.815430 0.000000 1778.049316 0.000000 0.424773 0.000000 0.905300 0.684687 0.684687 0.684687
1448.682373 0.000000 1782.122925 0.000000 0.999922 0.000000 -0.012496 0.801273 0.801273 0.801273
1443.790283 0.000000 1774.130005 0.000000 0.602444 0.000000 0.798161 0.705858 0.705858 0.705858
1458.764160 0.000000 1776.284546 0.000000 0.323474 0.000000 -0.946237 0.926448 0.926448 0.926448
1453.393677 0.000000 1784.579590 0.000000 0.997328 0.000000 -0.073059 0.807448 0.807448 0.807448
1462.880493 0.000000 1785.099854 0.000000 0.818482 0.000000 -0.574532 0.862341 0.862341 0.862341
1469.872681 0.000000 1781.037842 0.000000 0.565665 0.000000 -0.824635 0.898758 0.898758 0.898758
1454.213013 0.000000 1779.614990 0.000000 0.604338 0.000000 -0.796728 0.893900 0.893900 0.893900
1447.341553 0.000000 1777.713257 0.000000 0.923316 0.000000 0.384042 0.759850 0.759850 0.759850
1440.104614 0.000000 1776.709473 0.000000 0.999284 0.000000 0.037842 0.796145 0.796145 0.796145
1439.830444 0.000000 1785.768188 0.000000 0.486304 0.000000 -0.873790 0.908270 0.908270 0.908270
1461.979004 0.000000 1780.011230 0.000000 0.834772 0.000000 -0.550596 0.859392 0.859392 0.859392
1465.931152 0.000000 1782.209839 0.000000 0.608338 0.000000 -0.793678 0.893388 0.893388 0.893388
1444.622803 0.000000 1780.508789 0.000000 0.630604 0.000000 -0.776105 0.890498 0.890498 0.890498
1450.767944 0.000000 1778.815674 0.000000 0.722507 0.000000 0.691364 0.722243 0.722243 0.722243
1443.572266 0.000000 1777.557983 0.000000 0.673641 0.000000 -0.739059 0.884713 0.884713 0.884713
1457.811035 0.000000 1779.345703 0.000000 0.989008 0.000000 -0.147861 0.815116 0.815116 0.815116
1451.783081 0.000000 1781.760010 0.000000 0.945913 0.000000 0.324420 0.766346 0.766346 0.766346
1455.507202 0.000000 1782.125732 0.000000 0.094643 0.000000 0.995511 0.649655 0.649655 0.649655
1461.342163 0.000000 1782.731934 0.000000 0.983733 0.000000 0.179638 0.781602 0.781602 0.781602
1470.063232 0.000000 1783.709717 0.000000 0.471604 0.000000 -0.881811 0.909976 0.909976 0.909976
1446.478760 0.000000 1783.681885 0.000000 0.972490 0.000000 0.232946 0.776052 0.776052 0.776052
1441.452759 0.000000 1783.624268 0.000000 0.844595 0.000000 0.535406 0.742451 0.742451 0.742451
1467.441528 0.000000 1780.088135 0.000000 0.410301 0.000000 0.911950 0.683064 0.683064 0.683064
1464.422119 0.000000 1780.155029 0.000000 0.847010 0.000000 -0.531578 0.857088 0.857088 0.857088
1471.284180 0.000000 1778.973022 0.000000 0.508096 0.000000 0.861300 0.694288 0.694288 0.694288
1447.035767 0.000000 1780.419067 0.000000 0.340472 0.000000 0.940255 0.675388 0.675388 0.675388
1441.394775 0.000000 1778.717407 0.000000 0.974710 0.000000 -0.223476 0.822957 0.822957 0.822957
1460.062500 0.000000 1778.579956 0.000000 0.470706 0.000000 0.882290 0.689920 0.689920 0.689920
1450.611694 0.000000 1783.763672 0.000000 0.136490 0.000000 0.990642 0.653946 0.653946 0.653946
1463.747192 0.000000 1782.819824 0.000000 0.350869 0.000000 -0.936424 0.923484 0.923484 0.923484
1467.864868 0.000000 1783.481201 0.000000 0.608239 0.000000 0.793754 0.706600 0.706600 0.706600
1459.869751 0.000000 1780.758789 0.000000 0.987964 0.000000 -0.154685 0.815820 0.815820 0.815820
1445.417847 0.000000 1778.534912 0.000000 0.226389 0.000000 0.974037 0.663261 0.663261 0.663261
1442.653931 0.000000 1780.272705 0.000000 0.715001 0.000000 -0.699123 0.878856 0.878856 0.878856
1448.969238 0.000000 1779.995972 0.000000 0.456847 0.000000 0.889546 0.688327 0.688327 0.688327
1471.365356 0.000000 1782.329224 0.000000 0.994282 0.000000 -0.106787 0.810898 0.810898 0.810898
1456.019775 0.000000 1780.221436 0.000000 0.359801 0.000000 0.933029 0.677490 0.677490 0.677490
1452.329224 0.000000 1779.893921 0.000000 0.267739 0.000000 0.963492 0.667608 0.667608 0.667608
1445.822876 0.000000 1781.941772 0.000000 0.132867 0.000000 -0.991134 0.946426 0.946426 0.946426
1468.283447 0.000000 1781.673096 0.000000 0.428861 0.000000 -0.903370 0.914853 0.914853 0.914853
1457.618286 0.000000 1781.038696 0.000000 0.372645 0.000000 -0.927974 0.921104 0.921104 0.921104
1450.147461 0.000000 1781.257324 0.000000 0.569732 0.000000 0.821830 0.701745 0.701745 0.701745
1462.745483 0.000000 1781.460571 0.000000 0.745142 0.000000 -0.666906 0.874362 0.874362 0.874362
1443.909546 0.000000 1779.095459 0.000000 0.246120 0.000000 0.969239 0.665330 0.665330 0.665330
1474.698486 0.000000 1757.458862 0.000000 0.679659 0.000000 0.733528 0.716119 0.716119 0.716119
1476.012939 0.000000 1752.677856 0.000000 0.038735 0.000000 -0.999250 0.956054 0.956054 0.956054
1478.536865 0.000000 1757.162476 0.000000 0.978706 0.000000 -0.205269 0.821058 0.821058 0.821058
1476.463135 0.000000 1755.458374 0.000000 0.487204 0.000000 -0.873288 0.908165 0.908165 0.908165
1476.875610 0.000000 1759.139282 0.000000 0.919468 0.000000 0.393165 0.758842 0.758842 0.758842
1479.557373 0.000000 1758.752563 0.000000 0.473678 0.000000 0.880698 0.690264 0.690264 0.690264
1472.571533 0.000000 1767.498535 0.000000 0.918122 0.000000 -0.396298 0.841506 0.841506 0.841506
1500.140503 0.000000 1785.747437 0.000000 0.466606 0.000000 0.884465 0.689448 0.689448 0.689448
1483.307129 0.000000 1775.286255 0.000000 0.314064 0.000000 0.949402 0.672541 0.672541 0.672541
1472.808350 0.000000 1781.076050 0.000000 0.106571 0.000000 -0.994305 0.949124 0.949124 0.949124
1490.422852 0.000000 1782.529175 0.000000 0.031119 0.000000 -0.999516 0.956830 0.956830 0.956830
1497.811523 0.000000 1778.049316 0.000000 0.896137 0.000000 -0.443778 0.846836 0.846836 0.846836
1479.160767 0.000000 1760.323608 0.000000 0.685841 0.000000 -0.727751 0.883019 0.883019 0.883019
1480.248047 0.000000 1768.348511 0.000000 0.999796 0.000000 0.020185 0.797944 0.797944 0.797944
1480.678467 0.000000 1782.122925 0.000000 0.819137 0.000000 0.573599 0.737775 0.737775 0.737775
1475.786377 0.000000 1774.130005 0.000000 0.948250 0.000000 0.317526 0.767087 0.767087 0.767087
1490.760254 0.000000 1776.284546 0.000000 0.448327 0.000000 -0.893870 0.912646 0.912646 0.912646
1501.868774 0.000000 1781.037842 0.000000 0.495410 0.000000 -0.868659 0.907206 0.907206 0.907206
1476.840820 0.000000 1764.818359 0.000000 0.010046 0.000000 -0.999950 0.958977 0.958977 0.958977
1486.209106 0.000000 1779.614990 0.000000 0.444298 0.000000 0.895879 0.686895 0.686895 0.686895
1476.012939 0.000000 1784.670044 0.000000 0.607363 0.000000 -0.794424 0.893513 0.893513 0.893513
1479.337646 0.000000 1777.713257 0.000000 0.164249 0.000000 0.986419 0.656806 0.656806 0.656806
1471.826538 0.000000 1785.768188 0.000000 0.230601 0.000000 0.973048 0.663702 0.663702 0.663702
1493.975098 0.000000 1780.011230 0.000000 0.882780 0.000000 -0.469786 0.849814 0.849814 0.849814
1479.835327 0.000000 1772.592163 0.000000 0.903214 0.000000 -0.429190 0.845184 0.845184 0.845184
1476.278931 0.000000 1769.627197 0.000000 0.680060 0.000000 0.733157 0.716175 0.716175 0.716175
1472.351440 0.000000 1771.731689 0.000000 0.917185 0.000000 -0.398462 0.841746 0.841746 0.841746
1473.306519 0.000000 1760.813599 0.000000 0.446983 0.000000 -0.894542 0.912799 0.912799 0.912799
1487.248047 0.000000 1774.162231 0.000000 0.864098 0.000000 0.503323 0.746275 0.746275 0.746275
1479.810547 0.000000 1785.933105 0.000000 0.244218 0.000000 0.969720 0.665130 0.665130 0.665130
1476.618896 0.000000 1780.508789 0.000000 0.778118 0.000000 -0.628118 0.869176 0.869176 0.869176
1482.764038 0.000000 1778.815674 0.000000 0.966528 0.000000 -0.256560 0.826429 0.826429 0.826429
1475.568359 0.000000 1777.557983 0.000000 0.326326 0.000000 0.945257 0.673859 0.673859 0.673859
1476.298340 0.000000 1761.735229 0.000000 0.953679 0.000000 -0.300825 0.831124 0.831124 0.831124
1489.807129 0.000000 1779.345703 0.000000 0.641258 0.000000 -0.767326 0.889092 0.889092 0.889092
1483.779175 0.000000 1781.760010 0.000000 0.441932 0.000000 -0.897048 0.913374 0.913374 0.913374
1487.778320 0.000000 1777.062134 0.000000 0.007229 0.000000 -0.999974 0.959264 0.959264 0.959264
1502.873535 0.000000 1786.750854 0.000000 0.999485 0.000000 -0.032076 0.803268 0.803268 0.803268
1478.497803 0.000000 1775.062500 0.000000 0.613548 0.000000 0.789658 0.707283 0.707283 0.707283
1479.067749 0.000000 1763.096191 0.000000 0.996529 0.000000 0.083247 0.791511 0.791511 0.791511
1482.639160 0.000000 1772.671387 0.000000 0.192270 0.000000 0.981342 0.659707 0.659707 0.659707
1502.059326 0.000000 1783.709717 0.000000 0.991565 0.000000 0.129610 0.786761 0.786761 0.786761
1475.352417 0.000000 1767.024170 0.000000 0.230997 0.000000 -0.972955 0.936256 0.936256 0.936256
1478.474854 0.000000 1783.681885 0.000000 0.783764 0.000000 0.621058 0.731745 0.731745 0.731745
1473.448853 0.000000 1783.624268 0.000000 0.975570 0.000000 0.219690 0.777439 0.777439 0.777439
1474.452759 0.000000 1763.570801 0.000000 0.953864 0.000000 0.300240 0.768939 0.768939 0.768939
1484.917847 0.000000 1777.382568 0.000000 0.881790 0.000000 -0.471641 0.850028 0.850028 0.850028
1499.437622 0.000000 1780.088135 0.000000 0.936172 0.000000 0.351542 0.763410 0.763410 0.763410
1477.250244 0.000000 1772.010132 0.000000 0.889237 0.000000 -0.457447 0.848396 0.848396 0.848396
1481.793579 0.000000 1770.265015 0.000000 0.719209 0.000000 -0.694794 0.878241 0.878241 0.878241
1480.909302 0.000000 1774.921753 0.000000 0.531154 0.000000 0.847275 0.697037 0.697037 0.697037
1474.813843 0.000000 1771.720093 0.000000 0.993439 0.000000 -0.114364 0.811675 0.811675 0.811675
1503.280273 0.000000 1778.973022 0.000000 0.922267 0.000000 -0.386553 0.840427 0.840427 0.840427
1478.804932 0.000000 1770.209961 0.000000 0.819683 0.000000 0.572817 0.737872 0.737872 0.737872
1477.705322 0.000000 1767.740356 0.000000 0.853076 0.000000 0.521786 0.744085 0.744085 0.744085
1479.031860 0.000000 1780.419067 0.000000 0.614019 0.000000 -0.789291 0.892657 0.892657 0.892657
1473.390869 0.000000 1778.717407 0.000000 0.364941 0.000000 0.931031 0.678051 0.678051 0.678051
1473.857544 0.000000 1769.500244 0.000000 0.984492 0.000000 0.175431 0.782038 0.782038 0.782038
1482.607788 0.000000 1783.763672 0.000000 0.135789 0.000000 0.990738 0.653874 0.653874 0.653874
1475.416992 0.000000 1782.458618 0.000000 0.197596 0.000000 -0.980283 0.939740 0.939740 0.939740
1491.865845 0.000000 1780.758789 0.000000 0.995205 0.000000 0.097813 0.790021 0.790021 0.790021
1475.516724 0.000000 1759.617798 0.000000 0.583542 0.000000 0.812083 0.703467 0.703467 0.703467
1473.672241 0.000000 1765.585083 0.000000 0.997755 0.000000 -0.066964 0.806826 0.806826 0.806826
1481.577148 0.000000 1776.947876 0.000000 0.492080 0.000000 0.870550 0.692404 0.692404 0.692404
1485.529175 0.000000 1775.389648 0.000000 0.562912 0.000000 0.826517 0.700902 0.700902 0.700902
1477.413940 0.000000 1778.534912 0.000000 0.648565 0.000000 0.761160 0.711882 0.711882 0.711882
1474.650024 0.000000 1780.272705 0.000000 0.022908 0.000000 0.999738 0.642334 0.642334 0.642334
1480.965332 0.000000 1779.995972 0.000000 0.928443 0.000000 0.371475 0.761233 0.761233 0.761233
1476.723877 0.000000 1775.961426 0.000000 0.000117 0.000000 -1.000000 0.959988 0.959988 0.959988
1503.361450 0.000000 1782.329224 0.000000 0.742677 0.000000 -0.669650 0.874738 0.874738 0.874738
1488.015869 0.000000 1780.221436 0.000000 0.986795 0.000000 -0.161975 0.816572 0.816572 0.816572
1484.325317 0.000000 1779.893921 0.000000 0.493512 0.000000 -0.869739 0.907428 0.907428 0.907428
1477.818970 0.000000 1781.941772 0.000000 0.908989 0.000000 0.416819 0.756206 0.756206 0.756206
1477.290649 0.000000 1760.199585 0.000000 0.322967 0.000000 0.946410 0.673498 0.673498 0.673498
1477.236694 0.000000 1763.159302 0.000000 0.906185 0.000000 0.422881 0.755526 0.755526 0.755526
1500.279541 0.000000 1781.673096 0.000000 0.102139 0.000000 0.994770 0.650422 0.650422 0.650422
1482.143555 0.000000 1781.257324 0.000000 0.585210 0.000000 0.810882 0.703676 0.703676 0.703676
1477.567139 0.000000 1773.645630 0.000000 0.020069 0.000000 0.999799 0.642044 0.642044 0.642044
1475.204224 0.000000 1765.045898 0.000000 0.788603 0.000000 0.614903 0.732542 0.732542 0.732542
1479.825928 0.000000 1776.173462 0.000000 0.334210 0.000000 0.942499 0.674710 0.674710 0.674710
1487.541016 0.000000 1778.667603 0.000000 0.099455 0.000000 -0.995042 0.949853 0.949853 0.949853
1483.287964 0.000000 1777.255981 0.000000 0.075458 0.000000 0.997149 0.647693 0.647693 0.647693
1478.160767 0.000000 1776.684814 0.000000 0.915149 0.000000 0.403115 0.757737 0.757737 0.757737
1480.917236 0.000000 1778.387817 0.000000 0.613456 0.000000 0.789729 0.707271 0.707271 0.707271
1474.062378 0.000000 1767.886230 0.000000 0.795219 0.000000 -0.606323 0.866354 0.866354 0.866354
1475.390015 0.000000 1768.486694 0.000000 0.036010 0.000000 0.999351 0.643669 0.643669 0.643669
1479.662598 0.000000 1779.070190 0.000000 0.835659 0.000000 0.549248 0.740773 0.740773 0.740773
1476.057129 0.000000 1771.020264 0.000000 0.077740 0.000000 -0.996974 0.952074 0.952074 0.952074
1478.636353 0.000000 1771.680420 0.000000 0.864628 0.000000 -0.502412 0.853617 0.853617 0.853617
1477.442993 0.000000 1770.615479 0.000000 0.868739 0.000000 -0.495270 0.852778 0.852778 0.852778
1475.025391 0.000000 1770.165649 0.000000 0.005687 0.000000 0.999984 0.640579 0.640579 0.640579
1480.406128 0.000000 1777.236938 0.000000 0.281414 0.000000 -0.959587 0.930943 0.930943 0.930943
1527.955566 0.000000 1770.541992 0.000000 0.853172 0.000000 -0.521629 0.855896 0.855896 0.855896
1515.303223 0.000000 1775.286255 0.000000 0.961709 0.000000 0.274072 0.771721 0.771721 0.771721
1504.804443 0.000000 1781.076050 0.000000 0.741321 0.000000 0.671151 0.725056 0.725056 0.725056
1522.418945 0.000000 1782.529175 0.000000 0.982397 0.000000 0.186803 0.780860 0.780860 0.780860
1529.807617 0.000000 1778.049316 0.000000 0.749994 0.000000 -0.661445 0.873618 0.873618 0.873618
1506.694580 0.000000 1789.451050 0.000000 0.644525 0.000000 -0.764584 0.888658 0.888658 0.888658
1520.780884 0.000000 1770.365845 0.000000 0.170724 0.000000 0.985319 0.657475 0.657475 0.657475
1522.756348 0.000000 1776.284546 0.000000 0.377027 0.000000 -0.926202 0.920623 0.920623 0.920623
1526.872681 0.000000 1785.099854 0.000000 0.795759 0.000000 0.605613 0.733737 0.733737 0.733737
1518.205200 0.000000 1779.614990 0.000000 0.479963 0.000000 -0.877289 0.909008 0.909008 0.909008
1508.009033 0.000000 1784.670044 0.000000 0.444176 0.000000 0.895940 0.686881 0.686881 0.686881
1516.291138 0.000000 1770.161621 0.000000 0.113282 0.000000 -0.993563 0.948436 0.948436 0.948436
1503.822632 0.000000 1785.768188 0.000000 0.076977 0.000000 -0.997033 0.952151 0.952151 0.952151
1525.971191 0.000000 1780.011230 0.000000 0.625034 0.000000 0.780597 0.708773 0.708773 0.708773
1527.198730 0.000000 1774.639282 0.000000 0.892686 0.000000 -0.450678 0.847622 0.847622 0.847622
1519.244141 0.000000 1774.162231 0.000000 0.928558 0.000000 0.371188 0.761264 0.761264 0.761264
1511.806641 0.000000 1785.933105 0.000000 0.130623 0.000000 -0.991432 0.946657 0.946657 0.946657
1523.989136 0.000000 1772.321655 0.000000 0.473503 0.000000 -0.880792 0.909757 0.909757 0.909757
1516.177124 0.000000 1766.598511 0.000000 0.381945 0.000000 -0.924185 0.920081 0.920081 0.920081
1510.532959 0.000000 1789.154663 0.000000 0.924251 0.000000 0.381784 0.760099 0.760099 0.760099
1521.803223 0.000000 1779.345703 0.000000 0.316741 0.000000 0.948512 0.672828 0.672828 0.672828
1519.774414 0.000000 1777.062134 0.000000 0.018597 0.000000 0.999827 0.641894 0.641894 0.641894
1525.334351 0.000000 1782.731934 0.000000 0.997808 0.000000 0.066174 0.793255 0.793255 0.793255
1525.919800 0.000000 1777.165161 0.000000 0.960902 0.000000 -0.276887 0.828577 0.828577 0.828577
1514.635254 0.000000 1772.671387 0.000000 0.957703 0.000000 0.287759 0.770269 0.770269 0.770269
1508.459229 0.000000 1787.450562 0.000000 0.924414 0.000000 0.381390 0.760143 0.760143 0.760143
1505.444946 0.000000 1783.624268 0.000000 0.992677 0.000000 -0.120800 0.812335 0.812335 0.812335
1516.913940 0.000000 1777.382568 0.000000 0.785199 0.000000 0.619243 0.731981 0.731981 0.731981
1521.758057 0.000000 1773.637939 0.000000 0.458179 0.000000 -0.888860 0.911521 0.911521 0.911521
1518.485596 0.000000 1771.564941 0.000000 0.595089 0.000000 0.803660 0.704923 0.704923 0.704923
1506.205811 0.000000 1786.415405 0.000000 0.442403 0.000000 -0.896816 0.913320 0.913320 0.913320
1516.943970 0.000000 1773.396240 0.000000 0.722245 0.000000 -0.691637 0.877795 0.877795 0.877795
1524.054688 0.000000 1778.579956 0.000000 0.988347 0.000000 0.152218 0.784435 0.784435 0.784435
1524.673584 0.000000 1774.921509 0.000000 0.967958 0.000000 0.251114 0.774145 0.774145 0.774145
1507.413086 0.000000 1782.458618 0.000000 0.460542 0.000000 -0.887638 0.911250 0.911250 0.911250
1523.861938 0.000000 1780.758789 0.000000 0.886551 0.000000 -0.462630 0.848990 0.848990 0.848990
1514.747681 0.000000 1768.415161 0.000000 0.257594 0.000000 0.966253 0.666538 0.666538 0.666538
1517.525269 0.000000 1775.389648 0.000000 0.289515 0.000000 -0.957174 0.930082 0.930082 0.930082
1509.847046 0.000000 1785.698730 0.000000 0.725418 0.000000 0.688309 0.722673 0.722673 0.722673
1517.103638 0.000000 1768.312012 0.000000 0.321428 0.000000 -0.946934 0.926668 0.926668 0.926668
1520.958374 0.000000 1775.473511 0.000000 0.300276 0.000000 0.953852 0.671065 0.671065 0.671065
1503.877686 0.000000 1782.604736 0.000000 0.997536 0.000000 0.070163 0.792847 0.792847 0.792847
1521.340210 0.000000 1777.703979 0.000000 0.323241 0.000000 -0.946317 0.926473 0.926473 0.926473
1516.203857 0.000000 1771.850952 0.000000 0.999336 0.000000 0.036425 0.796289 0.796289 0.796289
1182.186401 0.000000 1821.745850 0.000000 0.997544 0.000000 -0.070040 0.807140 0.807140 0.807140
1195.342285 0.000000 1807.278442 0.000000 0.833226 0.000000 -0.552933 0.859677 0.859677 0.859677
1192.713623 0.000000 1814.115112 0.000000 0.966981 0.000000 0.254850 0.773752 0.773752 0.773752
1202.795410 0.000000 1808.276733 0.000000 0.513234 0.000000 0.858249 0.694897 0.694897 0.694897
1197.424927 0.000000 1816.571777 0.000000 0.901980 0.000000 -0.431779 0.845476 0.845476 0.845476
1213.903931 0.000000 1813.030029 0.000000 0.612793 0.000000 -0.790243 0.892815 0.892815 0.892815
1198.244263 0.000000 1811.607178 0.000000 0.672064 0.000000 -0.740493 0.884931 0.884931 0.884931
1199.283203 0.000000 1806.154419 0.000000 0.998013 0.000000 -0.063005 0.806422 0.806422 0.806422
1213.473511 0.000000 1809.339233 0.000000 0.924787 0.000000 0.380486 0.760242 0.760242 0.760242
1194.799194 0.000000 1810.807861 0.000000 0.615004 0.000000 -0.788524 0.892529 0.892529 0.892529
1201.842285 0.000000 1811.337891 0.000000 0.744164 0.000000 -0.667998 0.874511 0.874511 0.874511
1195.814331 0.000000 1813.752197 0.000000 0.199917 0.000000 0.979813 0.660501 0.660501 0.660501
1199.813477 0.000000 1809.054321 0.000000 0.993716 0.000000 -0.111933 0.811425 0.811425 0.811425
1183.949829 0.000000 1820.752686 0.000000 0.831624 0.000000 -0.555340 0.859972 0.859972 0.859972
1196.953003 0.000000 1809.374756 0.000000 0.462941 0.000000 -0.886389 0.910974 0.910974 0.910974
1215.315430 0.000000 1810.965210 0.000000 0.650745 0.000000 0.759297 0.712174 0.712174 0.712174
1194.642944 0.000000 1815.755859 0.000000 0.706583 0.000000 0.707630 0.719925 0.719925 0.719925
1184.141968 0.000000 1822.913940 0.000000 0.031374 0.000000 -0.999508 0.956804 0.956804 0.956804
1197.564331 0.000000 1807.381836 0.000000 0.025863 0.000000 0.999665 0.642635 0.642635 0.642635
1196.360474 0.000000 1811.886108 0.000000 0.510771 0.000000 -0.859717 0.905395 0.905395 0.905395
1194.178711 0.000000 1813.249512 0.000000 0.951630 0.000000 0.307246 0.768190 0.768190 0.768190
1179.386108 0.000000 1823.930786 0.000000 0.248207 0.000000 -0.968707 0.934451 0.934451 0.934451
1182.062012 0.000000 1826.715576 0.000000 0.066753 0.000000 -0.997769 0.953196 0.953196 0.953196
1182.489136 0.000000 1823.739014 0.000000 0.917039 0.000000 0.398797 0.758217 0.758217 0.758217
1183.802246 0.000000 1825.293213 0.000000 0.994526 0.000000 -0.104487 0.810662 0.810662 0.810662
1180.978516 0.000000 1825.140015 0.000000 0.980965 0.000000 -0.194186 0.819906 0.819906 0.819906
1207.994629 0.000000 1834.526367 0.000000 0.793816 0.000000 0.608158 0.733411 0.733411 0.733411
1212.175659 0.000000 1849.731812 0.000000 0.521699 0.000000 -0.853130 0.904095 0.904095 0.904095
1198.039062 0.000000 1827.387085 0.000000 0.974320 0.000000 0.225168 0.776866 0.776866 0.776866
1200.819946 0.000000 1834.350220 0.000000 0.846747 0.000000 0.531995 0.742862 0.742862 0.742862
1205.375366 0.000000 1827.994995 0.000000 0.251822 0.000000 0.967774 0.665929 0.665929 0.665929
1208.998901 0.000000 1853.123657 0.000000 0.720449 0.000000 0.693508 0.721941 0.721941 0.721941
1196.330200 0.000000 1834.145996 0.000000 0.125311 0.000000 0.992117 0.652798 0.652798 0.652798
1201.585571 0.000000 1830.079224 0.000000 0.045149 0.000000 -0.998980 0.955400 0.955400 0.955400
1214.182495 0.000000 1853.738037 0.000000 0.116121 0.000000 -0.993235 0.948145 0.948145 0.948145
1185.341675 0.000000 1824.797974 0.000000 0.608492 0.000000 -0.793560 0.893368 0.893368 0.893368
1205.223633 0.000000 1831.891602 0.000000 0.082977 0.000000 -0.996551 0.951538 0.951538 0.951538
1196.216187 0.000000 1830.582886 0.000000 0.802219 0.000000 -0.597030 0.865169 0.865169 0.865169
1183.880737 0.000000 1827.941650 0.000000 0.626678 0.000000 0.779278 0.708987 0.708987 0.708987
1202.341675 0.000000 1827.034912 0.000000 0.208291 0.000000 -0.978067 0.938627 0.938627 0.938627
1199.009644 0.000000 1831.683350 0.000000 0.747098 0.000000 0.664714 0.725937 0.725937 0.725937
1214.908691 0.000000 1850.735229 0.000000 0.604224 0.000000 -0.796814 0.893915 0.893915 0.893915
1211.649658 0.000000 1852.801270 0.000000 0.536099 0.000000 0.844155 0.697633 0.697633 0.697633
1209.438599 0.000000 1850.390259 0.000000 0.176387 0.000000 0.984321 0.658061 0.658061 0.658061
1202.698486 0.000000 1832.434570 0.000000 0.604038 0.000000 -0.796955 0.893938 0.893938 0.893938
1198.524658 0.000000 1835.549316 0.000000 0.796508 0.000000 0.604629 0.733863 0.733863 0.733863
1203.918701 0.000000 1829.786499 0.000000 0.979247 0.000000 -0.202671 0.820788 0.820788 0.820788
1210.617065 0.000000 1854.641235 0.000000 0.968491 0.000000 -0.249047 0.825638 0.825638 0.825638
1205.989868 0.000000 1829.960693 0.000000 0.498660 0.000000 0.866798 0.693176 0.693176 0.693176
1213.248047 0.000000 1851.727173 0.000000 0.558144 0.000000 -0.829744 0.899684 0.899684 0.899684
1198.971680 0.000000 1833.673950 0.000000 0.855260 0.000000 -0.518200 0.855487 0.855487 0.855487
1200.804443 0.000000 1832.374023 0.000000 0.947506 0.000000 0.319736 0.766850 0.766850 0.766850
1212.482300 0.000000 1854.452881 0.000000 0.582196 0.000000 0.813048 0.703298 0.703298 0.703298
1211.148926 0.000000 1851.160034 0.000000 0.932686 0.000000 0.360690 0.762413 0.762413 0.762413
1202.668457 0.000000 1828.677002 0.000000 0.538618 0.000000 0.842550 0.697937 0.697937 0.697937
1183.899048 0.000000 1825.263428 0.000000 0.998911 0.000000 -0.046663 0.804755 0.804755 0.804755
1216.839600 0.000000 1813.068237 0.000000 0.593806 0.000000 0.804608 0.704760 0.704760 0.704760
1219.817627 0.000000 1806.122192 0.000000 0.661828 0.000000 -0.749655 0.886330 0.886330 0.886330
1216.131958 0.000000 1808.701660 0.000000 0.960180 0.000000 -0.279381 0.828841 0.828841 0.828841
1219.599609 0.000000 1809.550171 0.000000 0.295565 0.000000 0.955323 0.670563 0.670563 0.670563
1217.091919 0.000000 1806.319946 0.000000 0.362633 0.000000 -0.931932 0.922201 0.922201 0.922201
1217.422119 0.000000 1810.709595 0.000000 0.630372 0.000000 0.776294 0.709471 0.709471 0.709471
1215.880249 0.000000 1811.570923 0.000000 0.520376 0.000000 0.853937 0.695747 0.695747 0.695747
1217.817871 0.000000 1809.119263 0.000000 0.101636 0.000000 -0.994822 0.949629 0.949629 0.949629
1226.334717 0.000000 1853.077881 0.000000 0.995484 0.000000 -0.094934 0.809684 0.809684 0.809684
1218.729736 0.000000 1853.435425 0.000000 0.933969 0.000000 -0.357353 0.837223 0.837223 0.837223
1215.857788 0.000000 1849.752563 0.000000 0.699433 0.000000 0.714698 0.718901 0.718901 0.718901
1222.568115 0.000000 1853.139038 0.000000 0.989377 0.000000 -0.145371 0.814860 0.814860 0.814860
1229.097778 0.000000 1854.098877 0.000000 0.983678 0.000000 0.179937 0.781571 0.781571 0.781571
1215.945923 0.000000 1852.744873 0.000000 0.059888 0.000000 0.998205 0.646104 0.646104 0.646104
1220.906860 0.000000 1855.115845 0.000000 0.558569 0.000000 -0.829458 0.899632 0.899632 0.899632
1225.467285 0.000000 1855.381104 0.000000 0.421776 0.000000 -0.906700 0.915650 0.915650 0.915650
1224.438232 0.000000 1852.018677 0.000000 0.996297 0.000000 -0.085973 0.808768 0.808768 0.808768
1223.588623 0.000000 1854.729126 0.000000 0.020231 0.000000 -0.999795 0.957939 0.957939 0.957939
1227.239136 0.000000 1854.685303 0.000000 0.771292 0.000000 -0.636481 0.870275 0.870275 0.870275
1211.382202 0.000000 1855.922974 0.000000 0.350644 0.000000 -0.936509 0.923508 0.923508 0.923508
1206.965210 0.000000 1855.879150 0.000000 0.943650 0.000000 -0.330944 0.834357 0.834357 0.834357
1214.485229 0.000000 1855.731201 0.000000 0.685552 0.000000 0.728024 0.716940 0.716940 0.716940
1212.175659 0.000000 1913.716187 0.000000 0.984310 0.000000 0.176447 0.781933 0.781933 0.781933
1208.998901 0.000000 1917.108032 0.000000 0.824491 0.000000 0.565875 0.738732 0.738732 0.738732
1214.182495 0.000000 1917.722412 0.000000 0.115531 0.000000 0.993304 0.651794 0.651794 0.651794
1214.908691 0.000000 1914.719604 0.000000 0.999579 0.000000 0.029022 0.797043 0.797043 0.797043
1211.649658 0.000000 1916.785645 0.000000 0.702376 0.000000 0.711807 0.719321 0.719321 0.719321
1209.438599 0.000000 1914.374634 0.000000 0.605121 0.000000 -0.796134 0.893800 0.893800 0.893800
1213.248047 0.000000 1915.711548 0.000000 0.499350 0.000000 -0.866400 0.906743 0.906743 0.906743
1211.148926 0.000000 1915.144409 0.000000 0.522285 0.000000 0.852771 0.695974 0.695974 0.695974
1223.192017 0.000000 1856.300171 0.000000 0.999974 0.000000 -0.007204 0.800734 0.800734 0.800734
1228.005859 0.000000 1855.557251 0.000000 0.434372 0.000000 -0.900733 0.914230 0.914230 0.914230
1225.827271 0.000000 1857.457031 0.000000 0.300651 0.000000 0.953734 0.671105 0.671105 0.671105
1224.989990 0.000000 1855.672729 0.000000 0.992449 0.000000 -0.122661 0.812526 0.812526 0.812526
1226.334717 0.000000 1917.062256 0.000000 0.953179 0.000000 -0.302408 0.831293 0.831293 0.831293
1216.839600 0.000000 1909.044800 0.000000 0.734441 0.000000 -0.678672 0.875982 0.875982 0.875982
1236.268921 0.000000 1918.006470 0.000000 0.985372 0.000000 -0.170416 0.817444 0.817444 0.817444
1224.709717 0.000000 1910.091675 0.000000 0.858268 0.000000 -0.513201 0.854893 0.854893 0.854893
1219.817627 0.000000 1902.098755 0.000000 0.833910 0.000000 -0.551901 0.859551 0.859551 0.859551
1229.421021 0.000000 1912.548340 0.000000 0.298390 0.000000 -0.954444 0.929136 0.929136 0.929136
1220.044189 0.000000 1912.638794 0.000000 0.993879 0.000000 0.110474 0.788724 0.788724 0.788724
1223.368896 0.000000 1905.682007 0.000000 0.463634 0.000000 -0.886027 0.910895 0.910895 0.910895
1231.827393 0.000000 1916.931396 0.000000 0.874227 0.000000 -0.485517 0.851638 0.851638 0.851638
1216.131958 0.000000 1904.678223 0.000000 0.259719 0.000000 -0.965684 0.933239 0.933239 0.933239
1215.857788 0.000000 1913.736938 0.000000 0.416613 0.000000 0.909084 0.683771 0.683771 0.683771
1223.841797 0.000000 1913.901855 0.000000 0.388127 0.000000 -0.921606 0.919399 0.919399 0.919399
1219.599609 0.000000 1905.526733 0.000000 0.610671 0.000000 -0.791885 0.893088 0.893088 0.893088
1226.815918 0.000000 1914.005737 0.000000 0.691369 0.000000 0.722502 0.717757 0.717757 0.717757
1229.097778 0.000000 1918.083252 0.000000 0.795341 0.000000 -0.606163 0.866333 0.866333 0.866333
1215.945923 0.000000 1916.729248 0.000000 0.362703 0.000000 0.931905 0.677807 0.677807 0.677807
1222.529053 0.000000 1903.031250 0.000000 0.593060 0.000000 -0.805158 0.895334 0.895334 0.895334
1229.422363 0.000000 1915.341675 0.000000 0.682492 0.000000 0.730893 0.716513 0.716513 0.716513
1217.091919 0.000000 1902.296509 0.000000 0.374747 0.000000 -0.927127 0.920873 0.920873 0.920873
1224.438232 0.000000 1916.003052 0.000000 0.782061 0.000000 0.623202 0.731466 0.731466 0.731466
1218.633301 0.000000 1903.739258 0.000000 0.276537 0.000000 0.961003 0.668540 0.668540 0.668540
1220.755127 0.000000 1903.930176 0.000000 0.857965 0.000000 0.513709 0.745047 0.745047 0.745047
1224.575073 0.000000 1912.098633 0.000000 0.543080 0.000000 0.839681 0.698477 0.698477 0.698477
1227.502686 0.000000 1915.683228 0.000000 0.814909 0.000000 -0.579589 0.862972 0.862972 0.862972
1211.382202 0.000000 1919.907349 0.000000 0.612473 0.000000 0.790491 0.707144 0.707144 0.707144
1243.378296 0.000000 1919.907349 0.000000 0.987433 0.000000 -0.158037 0.816165 0.816165 0.816165
1237.371460 0.000000 1923.971558 0.000000 0.505333 0.000000 0.862924 0.693962 0.693962 0.693962
1238.961304 0.000000 1919.863525 0.000000 0.839767 0.000000 -0.542947 0.858461 0.858461 0.858461
1228.005859 0.000000 1919.541626 0.000000 0.017869 0.000000 0.999840 0.641820 0.641820 0.641820
1241.120850 0.000000 1922.808228 0.000000 0.465815 0.000000 0.884882 0.689356 0.689356 0.689356
1236.411255 0.000000 1921.105225 0.000000 0.978130 0.000000 -0.207997 0.821342 0.821342 0.821342
1243.725586 0.000000 1923.992065 0.000000 0.159471 0.000000 0.987203 0.656313 0.656313 0.656313
1238.874390 0.000000 1922.171875 0.000000 0.972966 0.000000 0.230948 0.776262 0.776262 0.776262
1239.498901 0.000000 1924.596802 0.000000 0.953554 0.000000 -0.301223 0.831166 0.831166 0.831166
1241.380981 0.000000 1920.649170 0.000000 0.637976 0.000000 0.770056 0.710473 0.710473 0.710473
1326.023438 0.000000 1795.394897 0.000000 0.999847 0.000000 0.017489 0.798218 0.798218 0.798218
1319.180298 0.000000 1792.315796 0.000000 0.202572 0.000000 -0.979267 0.939222 0.939222 0.939222
1323.994141 0.000000 1791.572876 0.000000 0.979401 0.000000 -0.201924 0.820710 0.820710 0.820710
1316.317871 0.000000 1793.727417 0.000000 0.175729 0.000000 -0.984439 0.942007 0.942007 0.942007
1321.815552 0.000000 1793.472656 0.000000 0.273118 0.000000 -0.961981 0.931822 0.931822 0.931822
1323.670410 0.000000 1795.091919 0.000000 0.469778 0.000000 0.882785 0.689813 0.689813 0.689813
1315.536255 0.000000 1791.609985 0.000000 0.990086 0.000000 0.140462 0.785645 0.785645 0.785645
1324.927734 0.000000 1793.462891 0.000000 0.999785 0.000000 -0.020746 0.802113 0.802113 0.802113
1320.978271 0.000000 1791.688354 0.000000 0.789727 0.000000 -0.613459 0.867271 0.867271 0.867271
1371.362671 0.000000 1791.938599 0.000000 0.138402 0.000000 -0.990376 0.945857 0.945857 0.945857
1374.465698 0.000000 1791.746826 0.000000 0.165817 0.000000 0.986157 0.656968 0.656968 0.656968
1390.015625 0.000000 1795.394897 0.000000 0.319465 0.000000 0.947598 0.673121 0.673121 0.673121
1383.172485 0.000000 1792.315796 0.000000 0.988159 0.000000 0.153430 0.784310 0.784310 0.784310
1380.852539 0.000000 1796.810547 0.000000 0.594482 0.000000 0.804109 0.704846 0.704846 0.704846
1387.986328 0.000000 1791.572876 0.000000 0.246045 0.000000 -0.969258 0.934678 0.934678 0.934678
1385.524048 0.000000 1796.309204 0.000000 0.821374 0.000000 0.570391 0.738173 0.738173 0.738173
1377.318237 0.000000 1792.805786 0.000000 0.353080 0.000000 0.935593 0.676757 0.676757 0.676757
1380.310059 0.000000 1793.727417 0.000000 0.312176 0.000000 -0.950024 0.927662 0.927662 0.927662
1385.807739 0.000000 1793.472656 0.000000 0.474324 0.000000 -0.880351 0.909662 0.909662 0.909662
1383.079468 0.000000 1795.088379 0.000000 0.839674 0.000000 -0.543091 0.858479 0.858479 0.858479
1387.662598 0.000000 1795.091919 0.000000 0.493655 0.000000 0.869658 0.692589 0.692589 0.692589
1379.528442 0.000000 1791.609985 0.000000 0.763003 0.000000 0.646395 0.728408 0.728408 0.728408
1381.302368 0.000000 1792.191772 0.000000 0.671827 0.000000 0.740708 0.715037 0.715037 0.715037
1384.725586 0.000000 1794.750000 0.000000 0.585890 0.000000 -0.810391 0.896238 0.896238 0.896238
1382.151245 0.000000 1793.697754 0.000000 0.460324 0.000000 0.887751 0.688725 0.688725 0.688725
1376.103149 0.000000 1791.701782 0.000000 0.640058 0.000000 0.768326 0.710749 0.710749 0.710749
1335.979004 0.000000 1930.502930 0.000000 0.772775 0.000000 0.634680 0.729962 0.729962 0.729962
1340.160034 0.000000 1945.708374 0.000000 0.340519 0.000000 -0.940238 0.924607 0.924607 0.924607
1330.442383 0.000000 1942.490112 0.000000 0.942905 0.000000 -0.333063 0.834586 0.834586 0.834586
1337.831055 0.000000 1938.010254 0.000000 0.084122 0.000000 -0.996455 0.951421 0.951421 0.951421
1341.719971 0.000000 1933.096802 0.000000 0.843308 0.000000 -0.537430 0.857794 0.857794 0.857794
1334.896118 0.000000 1945.060791 0.000000 0.282458 0.000000 -0.959280 0.930832 0.930832 0.930832
1341.888306 0.000000 1940.998779 0.000000 0.907106 0.000000 0.420901 0.755748 0.755748 0.755748
1336.983276 0.000000 1949.100220 0.000000 0.036640 0.000000 0.999328 0.643733 0.643733 0.643733
1333.994629 0.000000 1939.972168 0.000000 0.433941 0.000000 -0.900941 0.914279 0.914279 0.914279
1335.222168 0.000000 1934.600220 0.000000 0.227263 0.000000 0.973833 0.663353 0.663353 0.663353
1342.166870 0.000000 1949.714600 0.000000 0.938429 0.000000 -0.345471 0.835930 0.835930 0.835930
1337.946777 0.000000 1942.170776 0.000000 0.594621 0.000000 -0.804006 0.895137 0.895137 0.895137
1341.457886 0.000000 1937.307983 0.000000 0.307602 0.000000 0.951515 0.671848 0.671848 0.671848
1339.986694 0.000000 1929.742554 0.000000 0.818572 0.000000 -0.574404 0.862325 0.862325 0.862325
1338.645386 0.000000 1934.690552 0.000000 0.984329 0.000000 -0.176343 0.818057 0.818057 0.818057
1342.893066 0.000000 1946.711792 0.000000 0.425604 0.000000 0.904910 0.684780 0.684780 0.684780
1333.357788 0.000000 1942.692871 0.000000 0.861112 0.000000 -0.508415 0.854326 0.854326 0.854326
1339.634033 0.000000 1948.777832 0.000000 0.991562 0.000000 0.129635 0.786758 0.786758 0.786758
1342.078857 0.000000 1943.670654 0.000000 0.218994 0.000000 0.975726 0.662489 0.662489 0.662489
1338.759277 0.000000 1932.059082 0.000000 0.379330 0.000000 0.925261 0.679631 0.679631 0.679631
1339.457153 0.000000 1940.049072 0.000000 0.071103 0.000000 -0.997469 0.952751 0.952751 0.952751
1336.437744 0.000000 1940.115967 0.000000 0.997473 0.000000 0.071046 0.792757 0.792757 0.792757
1343.299805 0.000000 1938.933960 0.000000 0.334030 0.000000 0.942563 0.674691 0.674691 0.674691
1332.078125 0.000000 1938.540894 0.000000 0.222930 0.000000 -0.974834 0.937100 0.937100 0.937100
1335.762817 0.000000 1942.780762 0.000000 0.772842 0.000000 0.634599 0.729973 0.729973 0.729973
1336.687256 0.000000 1932.744141 0.000000 0.684748 0.000000 -0.728780 0.883172 0.883172 0.883172
1341.942993 0.000000 1930.876709 0.000000 0.547511 0.000000 0.836798 0.699016 0.699016 0.699016
1339.880493 0.000000 1943.442139 0.000000 0.563608 0.000000 0.826042 0.700988 0.700988 0.700988
1336.883789 0.000000 1935.950439 0.000000 0.986625 0.000000 0.163008 0.783322 0.783322 0.783322
1337.730835 0.000000 1944.272461 0.000000 0.912112 0.000000 -0.409940 0.843024 0.843024 0.843024
1335.779297 0.000000 1938.096191 0.000000 0.818146 0.000000 0.575011 0.737599 0.737599 0.737599
1339.447510 0.000000 1936.639282 0.000000 0.953896 0.000000 -0.300139 0.831051 0.831051 0.831051
1338.601440 0.000000 1950.617798 0.000000 0.996648 0.000000 0.081807 0.791658 0.791658 0.791658
1341.232422 0.000000 1947.703735 0.000000 0.984227 0.000000 0.176909 0.781885 0.781885 0.781885
1343.380981 0.000000 1942.290161 0.000000 0.029042 0.000000 0.999578 0.642959 0.642959 0.642959
1341.194458 0.000000 1939.153198 0.000000 0.998653 0.000000 0.051893 0.794712 0.794712 0.794712
1340.466675 0.000000 1950.429443 0.000000 0.987135 0.000000 -0.159892 0.816357 0.816357 0.816357
1343.242920 0.000000 1944.973267 0.000000 0.389365 0.000000 0.921083 0.680738 0.680738 0.680738
1340.299072 0.000000 1941.634033 0.000000 0.890649 0.000000 -0.454691 0.848080 0.848080 0.848080
1339.801392 0.000000 1933.467896 0.000000 0.902929 0.000000 0.429789 0.754748 0.754748 0.754748
1334.761108 0.000000 1941.421509 0.000000 0.777020 0.000000 0.629475 0.730646 0.730646 0.730646
1339.433105 0.000000 1938.305664 0.000000 0.798103 0.000000 -0.602521 0.865868 0.865868 0.865868
1341.693848 0.000000 1945.315674 0.000000 0.797093 0.000000 -0.603856 0.866038 0.866038 0.866038
1337.931030 0.000000 1939.568726 0.000000 0.998548 0.000000 0.053877 0.794509 0.794509 0.794509
1343.385620 0.000000 1948.148926 0.000000 0.973414 0.000000 0.229053 0.776460 0.776460 0.776460
1343.064453 0.000000 1950.955200 0.000000 0.941095 0.000000 0.338143 0.764864 0.764864 0.764864
1336.548584 0.000000 1941.567749 0.000000 0.205224 0.000000 0.978715 0.661053 0.661053 0.661053
1341.505859 0.000000 1942.361206 0.000000 0.996029 0.000000 -0.089025 0.809080 0.809080 0.809080
1340.941528 0.000000 1949.109985 0.000000 0.804699 0.000000 0.593683 0.735255 0.735255 0.735255
1339.043823 0.000000 1941.320923 0.000000 0.113353 0.000000 0.993555 0.651571 0.651571 0.651571
1340.775757 0.000000 1940.365479 0.000000 0.271865 0.000000 -0.962336 0.931955 0.931955 0.931955
1338.597534 0.000000 1943.278687 0.000000 0.859717 0.000000 -0.510771 0.854605 0.854605 0.854605
1340.643433 0.000000 1944.502808 0.000000 0.019166 0.000000 0.999816 0.641952 0.641952 0.641952
1339.366577 0.000000 1951.899536 0.000000 0.968241 0.000000 0.250020 0.774260 0.774260 0.774260
1330.442383 0.000000 1974.482300 0.000000 0.703789 0.000000 -0.710409 0.880477 0.880477 0.880477
1332.257202 0.000000 1981.990845 0.000000 0.598921 0.000000 0.800808 0.705409 0.705409 0.705409
1341.045288 0.000000 1958.286133 0.000000 0.908310 0.000000 0.418297 0.756041 0.756041 0.756041
1334.896118 0.000000 1977.052979 0.000000 0.855912 0.000000 -0.517121 0.855359 0.855359 0.855359
1327.815674 0.000000 1980.915771 0.000000 0.665664 0.000000 0.746252 0.714193 0.714193 0.714193
1336.841675 0.000000 1958.420410 0.000000 0.962257 0.000000 -0.272143 0.828074 0.828074 0.828074
1330.949341 0.000000 1978.350098 0.000000 0.736277 0.000000 -0.676680 0.875706 0.875706 0.875706
1342.042480 0.000000 1954.684326 0.000000 0.411051 0.000000 0.911612 0.683148 0.683148 0.683148
1339.986694 0.000000 1961.734741 0.000000 0.554470 0.000000 -0.832204 0.900135 0.900135 0.900135
1342.469604 0.000000 1951.707764 0.000000 0.602371 0.000000 0.798216 0.705849 0.705849 0.705849
1328.346069 0.000000 1976.793091 0.000000 0.512490 0.000000 0.858693 0.694809 0.694809 0.694809
1342.896851 0.000000 1960.886597 0.000000 0.762396 0.000000 0.647110 0.728313 0.728313 0.728313
1333.672607 0.000000 1979.539551 0.000000 0.277117 0.000000 0.960836 0.668601 0.668601 0.668601
1339.713867 0.000000 1955.984253 0.000000 0.302790 0.000000 -0.953057 0.928666 0.928666 0.928666
1330.209839 0.000000 1980.688477 0.000000 0.700628 0.000000 0.713527 0.719071 0.719071 0.719071
1343.078735 0.000000 1957.103516 0.000000 0.301283 0.000000 -0.953535 0.928827 0.928827 0.928827
1331.809937 0.000000 1976.239868 0.000000 0.511042 0.000000 0.859556 0.694637 0.694637 0.694637
1338.940918 0.000000 1958.983521 0.000000 0.524221 0.000000 -0.851582 0.903794 0.903794 0.903794
1328.486938 0.000000 1978.877808 0.000000 0.161139 0.000000 0.986932 0.656485 0.656485 0.656485
1339.103760 0.000000 1953.976929 0.000000 0.349731 0.000000 0.936850 0.676393 0.676393 0.676393
1343.782715 0.000000 1953.261963 0.000000 0.591898 0.000000 -0.806013 0.895481 0.895481 0.895481
1340.958984 0.000000 1953.108765 0.000000 0.976714 0.000000 -0.214547 0.822025 0.822025 0.822025
1342.779785 0.000000 1958.987061 0.000000 0.367635 0.000000 -0.929970 0.921654 0.921654 0.921654
1331.898682 0.000000 1979.958374 0.000000 0.992317 0.000000 -0.123718 0.812634 0.812634 0.812634
1341.481567 0.000000 1956.346558 0.000000 0.768415 0.000000 0.639952 0.729265 0.729265 0.729265
1340.496948 0.000000 1954.647217 0.000000 0.783978 0.000000 0.620788 0.731780 0.731780 0.731780
1340.785889 0.000000 1951.633789 0.000000 0.999374 0.000000 0.035367 0.796397 0.796397 0.796397
1343.085205 0.000000 1955.608032 0.000000 0.772353 0.000000 0.635193 0.729895 0.729895 0.729895
1342.514160 0.000000 1953.497559 0.000000 0.970491 0.000000 0.241138 0.775193 0.775193 0.775193
1342.195801 0.000000 1957.925659 0.000000 0.857723 0.000000 0.514111 0.744999 0.744999 0.744999
1344.823975 0.000000 1941.036987 0.000000 0.996228 0.000000 -0.086769 0.808849 0.808849 0.808849
1346.714111 0.000000 1949.411987 0.000000 0.599222 0.000000 -0.800583 0.894553 0.894553 0.894553
1343.842163 0.000000 1945.729126 0.000000 0.963269 0.000000 0.268540 0.772307 0.772307 0.772307
1343.930298 0.000000 1948.721436 0.000000 0.497943 0.000000 -0.867210 0.906909 0.906909 0.906909
1345.464478 0.000000 1943.585205 0.000000 0.791821 0.000000 -0.610753 0.866923 0.866923 0.866923
1346.225342 0.000000 1946.376343 0.000000 0.454472 0.000000 -0.890761 0.911945 0.911945 0.911945
1344.122437 0.000000 1950.882690 0.000000 0.633176 0.000000 -0.774008 0.890160 0.890160 0.890160
1343.897217 0.000000 1942.565674 0.000000 0.889171 0.000000 0.457576 0.751590 0.751590 0.751590
1345.589722 0.000000 1948.079590 0.000000 0.830416 0.000000 -0.557144 0.860193 0.860193 0.860193
1345.893188 0.000000 1951.098022 0.000000 0.985641 0.000000 -0.168855 0.817282 0.817282 0.817282
1343.975830 0.000000 1944.183838 0.000000 0.898777 0.000000 0.438407 0.753774 0.753774 0.753774
1345.224243 0.000000 1949.675903 0.000000 0.935023 0.000000 0.354587 0.763079 0.763079 0.763079
1344.420532 0.000000 1947.170166 0.000000 0.968463 0.000000 -0.249158 0.825649 0.825649 0.825649
1344.587158 0.000000 1959.451660 0.000000 0.975843 0.000000 0.218475 0.777565 0.777565 0.777565
1348.856445 0.000000 1956.771484 0.000000 0.330548 0.000000 -0.943789 0.925685 0.925685 0.925685
1345.322144 0.000000 1952.766724 0.000000 0.261000 0.000000 -0.965339 0.933103 0.933103 0.933103
1343.861206 0.000000 1955.910400 0.000000 0.669411 0.000000 -0.742893 0.885295 0.885295 0.885295
1347.368042 0.000000 1958.977295 0.000000 0.998976 0.000000 -0.045248 0.804610 0.804610 0.804610
1346.468384 0.000000 1955.523926 0.000000 0.478799 0.000000 0.877925 0.690857 0.690857 0.690857
1345.873169 0.000000 1961.453369 0.000000 0.766745 0.000000 0.641952 0.729000 0.729000 0.729000
1347.532349 0.000000 1951.570923 0.000000 0.000822 0.000000 -1.000000 0.959916 0.959916 0.959916
1345.687866 0.000000 1957.538208 0.000000 0.623840 0.000000 -0.781552 0.891383 0.891383 0.891383
1343.870972 0.000000 1961.691772 0.000000 0.592663 0.000000 0.805451 0.704615 0.704615 0.704615
1344.835571 0.000000 1954.466553 0.000000 0.679523 0.000000 -0.733654 0.883900 0.883900 0.883900
1344.031006 0.000000 1957.874390 0.000000 0.993191 0.000000 0.116499 0.788107 0.788107 0.788107
1344.107056 0.000000 1951.662720 0.000000 0.072462 0.000000 -0.997371 0.952613 0.952613 0.952613
1343.879517 0.000000 1953.232178 0.000000 0.772136 0.000000 -0.635457 0.870140 0.870140 0.870140
1333.359741 0.000000 1987.955933 0.000000 0.986573 0.000000 0.163321 0.783289 0.783289 0.783289
1329.737793 0.000000 1983.981812 0.000000 0.842707 0.000000 -0.538373 0.857907 0.857907 0.857907
1334.949585 0.000000 1983.847900 0.000000 0.167645 0.000000 0.985847 0.657157 0.657157 0.657157
1332.399536 0.000000 1985.089600 0.000000 0.974071 0.000000 -0.226242 0.823246 0.823246 0.823246
1331.484497 0.000000 1983.520142 0.000000 0.821190 0.000000 -0.570654 0.861859 0.861859 0.861859
1770.268311 0.000000 1597.140381 0.000000 0.996134 0.000000 -0.087845 0.808959 0.808959 0.808959
1774.173950 0.000000 1587.661865 0.000000 0.608470 0.000000 0.793576 0.706629 0.706629 0.706629
1767.775391 0.000000 1593.979980 0.000000 0.971731 0.000000 -0.236089 0.824277 0.824277 0.824277
1766.501709 0.000000 1597.201538 0.000000 0.514874 0.000000 0.857266 0.695092 0.695092 0.695092
1775.468140 0.000000 1590.172607 0.000000 0.772023 0.000000 -0.635594 0.870158 0.870158 0.870158
1769.400879 0.000000 1599.443604 0.000000 0.568693 0.000000 0.822550 0.701616 0.701616 0.701616
1768.371826 0.000000 1596.081177 0.000000 0.823273 0.000000 0.567645 0.738513 0.738513 0.738513
1775.980713 0.000000 1588.268311 0.000000 0.584209 0.000000 0.811603 0.703550 0.703550 0.703550
1769.849121 0.000000 1595.416016 0.000000 0.016098 0.000000 -0.999870 0.958360 0.958360 0.958360
1768.835815 0.000000 1597.866699 0.000000 0.761786 0.000000 0.647829 0.728217 0.728217 0.728217
1763.751221 0.000000 1614.169067 0.000000 0.773776 0.000000 0.633459 0.730123 0.730123 0.730123
1767.302490 0.000000 1617.752319 0.000000 0.364907 0.000000 0.931044 0.678048 0.678048 0.678048
1767.800171 0.000000 1612.631226 0.000000 0.970283 0.000000 0.241973 0.775106 0.775106 0.775106
1764.583740 0.000000 1620.547852 0.000000 0.550661 0.000000 0.834729 0.699400 0.699400 0.699400
1766.462646 0.000000 1615.101562 0.000000 0.770167 0.000000 0.637843 0.729545 0.729545 0.729545
1765.215088 0.000000 1612.049194 0.000000 0.157805 0.000000 -0.987470 0.943859 0.943859 0.943859
1766.769775 0.000000 1610.249023 0.000000 0.623855 0.000000 -0.781540 0.891381 0.891381 0.891381
1766.996704 0.000000 1620.458130 0.000000 0.417750 0.000000 0.908562 0.683898 0.683898 0.683898
1765.378784 0.000000 1618.573975 0.000000 0.982111 0.000000 -0.188304 0.819296 0.819296 0.819296
1764.688721 0.000000 1616.000488 0.000000 0.972365 0.000000 -0.233464 0.824002 0.824002 0.824002
1802.264404 0.000000 1629.132568 0.000000 0.509800 0.000000 -0.860293 0.905510 0.905510 0.905510
1800.639404 0.000000 1622.161987 0.000000 0.809185 0.000000 -0.587553 0.863971 0.863971 0.863971
1805.350708 0.000000 1624.618652 0.000000 0.985614 0.000000 0.169011 0.782702 0.782702 0.782702
1802.745605 0.000000 1626.076050 0.000000 0.822934 0.000000 -0.568137 0.861547 0.861547 0.861547
1805.352051 0.000000 1627.411987 0.000000 0.182180 0.000000 0.983265 0.658661 0.658661 0.658661
1798.435791 0.000000 1623.720947 0.000000 0.218230 0.000000 -0.975897 0.937591 0.937591 0.937591
1798.992798 0.000000 1620.458130 0.000000 0.919377 0.000000 0.393377 0.758818 0.758818 0.758818
1800.367920 0.000000 1628.073364 0.000000 0.615869 0.000000 0.787849 0.707582 0.707582 0.707582
1800.926270 0.000000 1620.035034 0.000000 0.862071 0.000000 -0.506788 0.854134 0.854134 0.854134
1803.432373 0.000000 1627.753540 0.000000 0.504064 0.000000 0.863666 0.693812 0.693812 0.693812
1804.561646 0.000000 1626.017090 0.000000 0.701329 0.000000 0.712838 0.719171 0.719171 0.719171
1803.837524 0.000000 1629.164917 0.000000 0.415773 0.000000 -0.909469 0.916324 0.916324 0.916324
1810.383789 0.000000 1654.560425 0.000000 0.437396 0.000000 0.899269 0.686112 0.686112 0.686112
1817.772461 0.000000 1650.080566 0.000000 0.820890 0.000000 0.571086 0.738087 0.738087 0.738087
1808.745728 0.000000 1642.397095 0.000000 0.984875 0.000000 -0.173267 0.817738 0.817738 0.817738
1814.837524 0.000000 1657.131104 0.000000 0.377349 0.000000 -0.926071 0.920587 0.920587 0.920587
1803.935547 0.000000 1631.611938 0.000000 0.696729 0.000000 -0.717334 0.881484 0.881484 0.881484
1809.511353 0.000000 1638.126099 0.000000 0.978078 0.000000 0.208241 0.778632 0.778632 0.778632
1813.936035 0.000000 1652.042480 0.000000 0.671673 0.000000 0.740847 0.715016 0.715016 0.715016
1811.953979 0.000000 1644.352905 0.000000 0.284509 0.000000 0.958673 0.669386 0.669386 0.669386
1806.935425 0.000000 1639.730225 0.000000 0.771387 0.000000 0.636366 0.729740 0.729740 0.729740
1813.299194 0.000000 1654.763184 0.000000 0.349484 0.000000 0.936942 0.676366 0.676366 0.676366
1810.624268 0.000000 1640.481445 0.000000 0.999351 0.000000 -0.036013 0.803669 0.803669 0.803669
1809.722900 0.000000 1645.669189 0.000000 0.466026 0.000000 0.884771 0.689381 0.689381 0.689381
1806.450439 0.000000 1643.596191 0.000000 0.975862 0.000000 -0.218388 0.822426 0.822426 0.822426
1812.019531 0.000000 1650.611206 0.000000 0.917389 0.000000 -0.397991 0.841694 0.841694 0.841694
1815.704224 0.000000 1654.851074 0.000000 0.893511 0.000000 -0.449041 0.847435 0.847435 0.847435
1811.378052 0.000000 1642.364136 0.000000 0.037183 0.000000 -0.999308 0.956212 0.956212 0.956212
1806.897461 0.000000 1641.720825 0.000000 0.574892 0.000000 -0.818230 0.897614 0.897614 0.897614
1808.730225 0.000000 1640.420898 0.000000 0.374354 0.000000 0.927286 0.679083 0.679083 0.679083
1808.327148 0.000000 1644.337646 0.000000 0.111135 0.000000 0.993805 0.651344 0.651344 0.651344
1810.168213 0.000000 1643.792603 0.000000 0.957067 0.000000 -0.289866 0.829956 0.829956 0.829956
1814.702515 0.000000 1653.491821 0.000000 0.634871 0.000000 -0.772618 0.889937 0.889937 0.889937
1811.321655 0.000000 1645.989258 0.000000 0.177207 0.000000 -0.984174 0.941854 0.941854 0.941854
1808.181519 0.000000 1638.814331 0.000000 0.073322 0.000000 -0.997308 0.952525 0.952525 0.952525
1809.986084 0.000000 1641.819946 0.000000 0.037304 0.000000 0.999304 0.643801 0.643801 0.643801
1803.268066 0.000000 1679.309692 0.000000 0.482291 0.000000 -0.876011 0.908737 0.908737 0.908737
1819.307983 0.000000 1663.969849 0.000000 0.999972 0.000000 0.007514 0.799235 0.799235 0.799235
1800.639404 0.000000 1686.146362 0.000000 0.525425 0.000000 -0.850840 0.903650 0.903650 0.903650
1805.350708 0.000000 1688.603027 0.000000 0.139859 0.000000 -0.990171 0.945707 0.945707 0.945707
1807.757080 0.000000 1692.986084 0.000000 0.785913 0.000000 0.618338 0.732098 0.732098 0.732098
1821.983887 0.000000 1666.754639 0.000000 0.636742 0.000000 -0.771077 0.889690 0.889690 0.889690
1802.724976 0.000000 1682.839111 0.000000 0.892602 0.000000 -0.450845 0.847641 0.847641 0.847641
1803.740112 0.000000 1685.783447 0.000000 0.437648 0.000000 0.899146 0.686140 0.686140 0.686140
1808.287476 0.000000 1688.863403 0.000000 0.949751 0.000000 -0.313007 0.832428 0.832428 0.832428
1807.464233 0.000000 1686.149170 0.000000 0.471342 0.000000 0.881951 0.689994 0.689994 0.689994
1802.568726 0.000000 1687.787109 0.000000 0.615317 0.000000 0.788280 0.707511 0.707511 0.707511
1823.724121 0.000000 1665.332275 0.000000 0.001331 0.000000 -0.999999 0.959864 0.959864 0.959864
1806.728149 0.000000 1690.004883 0.000000 0.991499 0.000000 0.130111 0.786709 0.786709 0.786709
1805.526611 0.000000 1686.542480 0.000000 0.953785 0.000000 -0.300489 0.831088 0.831088 0.831088
1820.900391 0.000000 1665.179077 0.000000 0.623004 0.000000 -0.782219 0.891492 0.891492 0.891492
1802.104492 0.000000 1685.280762 0.000000 0.635742 0.000000 0.771902 0.710178 0.710178 0.710178
1842.379883 0.000000 1686.552612 0.000000 0.979021 0.000000 0.203758 0.779099 0.779099 0.779099
1853.825806 0.000000 1685.061279 0.000000 0.892775 0.000000 0.450504 0.752398 0.752398 0.752398
1845.932129 0.000000 1684.034668 0.000000 0.995128 0.000000 0.098590 0.789941 0.789941 0.789941
1823.802612 0.000000 1667.980713 0.000000 0.599062 0.000000 -0.800703 0.894573 0.894573 0.894573
1845.295288 0.000000 1686.755371 0.000000 0.815953 0.000000 -0.578118 0.862788 0.862788 0.862788
1851.394653 0.000000 1684.111572 0.000000 0.005345 0.000000 -0.999986 0.959456 0.959456 0.959456
1855.237305 0.000000 1682.996460 0.000000 0.919185 0.000000 -0.393826 0.841232 0.841232 0.841232
1852.236572 0.000000 1685.696533 0.000000 0.809262 0.000000 -0.587448 0.863958 0.863958 0.863958
1843.861206 0.000000 1686.398193 0.000000 0.016108 0.000000 0.999870 0.641641 0.641641 0.641641
1815.920410 0.000000 1706.557617 0.000000 0.727381 0.000000 0.686234 0.722964 0.722964 0.722964
1819.307983 0.000000 1695.962036 0.000000 0.531839 0.000000 0.846846 0.697120 0.697120 0.697120
1821.661377 0.000000 1709.151489 0.000000 0.007333 0.000000 -0.999973 0.959253 0.959253 0.959253
1813.149414 0.000000 1703.922852 0.000000 0.881401 0.000000 0.472369 0.749888 0.749888 0.749888
1821.399292 0.000000 1713.362671 0.000000 0.738633 0.000000 0.674108 0.724649 0.724649 0.724649
1817.050537 0.000000 1698.862915 0.000000 0.469415 0.000000 -0.882978 0.910229 0.910229 0.910229
1818.586792 0.000000 1710.745239 0.000000 0.924032 0.000000 -0.382314 0.839959 0.839959 0.839959
1818.700684 0.000000 1708.113770 0.000000 0.666570 0.000000 0.745442 0.714316 0.714316 0.714316
1813.513916 0.000000 1706.444458 0.000000 0.995521 0.000000 0.094537 0.790356 0.790356 0.790356
1815.443359 0.000000 1704.263550 0.000000 0.649978 0.000000 0.759953 0.712071 0.712071 0.712071
1816.628662 0.000000 1708.798828 0.000000 0.822544 0.000000 0.568702 0.738383 0.738383 0.738383
1817.310669 0.000000 1696.703857 0.000000 0.070168 0.000000 0.997535 0.647153 0.647153 0.647153
1819.045166 0.000000 1698.039429 0.000000 0.847033 0.000000 -0.531541 0.857084 0.857084 0.857084
1820.668701 0.000000 1710.915283 0.000000 0.100461 0.000000 -0.994941 0.949750 0.949750 0.949750
1819.742798 0.000000 1709.522583 0.000000 0.588721 0.000000 -0.808337 0.895882 0.895882 0.895882
1856.761475 0.000000 1685.099487 0.000000 0.189873 0.000000 0.981809 0.659458 0.659458 0.659458
1864.631592 0.000000 1686.146362 0.000000 0.393229 0.000000 0.919440 0.681166 0.681166 0.681166
1856.053833 0.000000 1680.732910 0.000000 0.074030 0.000000 0.997256 0.647548 0.647548 0.647548
1866.717163 0.000000 1682.839111 0.000000 0.714764 0.000000 0.699366 0.721109 0.721109 0.721109
1867.732300 0.000000 1685.783447 0.000000 0.329734 0.000000 0.944074 0.674227 0.674227 0.674227
1857.343994 0.000000 1682.740845 0.000000 0.791713 0.000000 -0.610893 0.866941 0.866941 0.866941
1864.918457 0.000000 1684.019409 0.000000 0.671024 0.000000 -0.741436 0.885074 0.885074 0.885074
1855.802124 0.000000 1683.602173 0.000000 0.337573 0.000000 0.941299 0.675074 0.675074 0.675074
1866.256592 0.000000 1725.109131 0.000000 0.134076 0.000000 -0.990971 0.946302 0.946302 0.946302
1869.957031 0.000000 1699.418335 0.000000 0.524961 0.000000 -0.851126 0.903706 0.903706 0.903706
1873.671387 0.000000 1696.052124 0.000000 0.666920 0.000000 0.745129 0.714364 0.714364 0.714364
1870.749146 0.000000 1696.641357 0.000000 0.056448 0.000000 -0.998406 0.954247 0.954247 0.954247
1869.019653 0.000000 1726.130127 0.000000 0.984176 0.000000 0.177195 0.781855 0.781855 0.781855
1865.389160 0.000000 1727.412354 0.000000 0.919878 0.000000 0.392204 0.758948 0.758948 0.758948
1867.161011 0.000000 1726.716553 0.000000 0.106820 0.000000 0.994278 0.650901 0.650901 0.650901
1866.256592 0.000000 1757.101318 0.000000 0.424057 0.000000 0.905636 0.684606 0.684606 0.684606
1867.260254 0.000000 1743.294067 0.000000 0.674047 0.000000 -0.738688 0.884657 0.884657 0.884657
1869.957031 0.000000 1731.410522 0.000000 0.289782 0.000000 0.957093 0.669947 0.669947 0.669947
1863.113892 0.000000 1728.331421 0.000000 0.850285 0.000000 0.526322 0.743543 0.743543 0.743543
1864.201172 0.000000 1736.356323 0.000000 0.677880 0.000000 -0.735173 0.884128 0.884128 0.884128
1864.631592 0.000000 1750.130737 0.000000 0.189170 0.000000 0.981944 0.659386 0.659386 0.659386
1869.342896 0.000000 1752.587402 0.000000 0.350335 0.000000 0.936625 0.676458 0.676458 0.676458
1863.290771 0.000000 1745.721069 0.000000 0.217752 0.000000 0.976004 0.662359 0.662359 0.662359
1867.927734 0.000000 1727.588501 0.000000 0.344538 0.000000 -0.938772 0.924171 0.924171 0.924171
1863.788452 0.000000 1740.599976 0.000000 0.575317 0.000000 -0.817930 0.897561 0.897561 0.897561
1866.717163 0.000000 1746.823486 0.000000 0.843177 0.000000 -0.537636 0.857818 0.857818 0.857818
1867.732300 0.000000 1749.767822 0.000000 0.592931 0.000000 0.805254 0.704649 0.704649 0.704649
1866.737793 0.000000 1754.044800 0.000000 0.901063 0.000000 0.433688 0.754308 0.754308 0.754308
1865.749146 0.000000 1729.488281 0.000000 0.320147 0.000000 -0.947368 0.926806 0.926806 0.926806
1869.344238 0.000000 1755.380737 0.000000 0.132524 0.000000 0.991180 0.653539 0.653539 0.653539
1866.592285 0.000000 1740.679199 0.000000 0.082530 0.000000 -0.996589 0.951584 0.951584 0.951584
1865.746704 0.000000 1738.272827 0.000000 0.967895 0.000000 0.251356 0.774120 0.774120 0.774120
1864.862427 0.000000 1742.929565 0.000000 0.067072 0.000000 0.997748 0.646837 0.646837 0.646837
1866.560913 0.000000 1751.771484 0.000000 0.467444 0.000000 0.884022 0.689544 0.689544 0.689544
1865.530273 0.000000 1744.955688 0.000000 0.153567 0.000000 0.988138 0.655704 0.655704 0.655704
1864.918457 0.000000 1748.003784 0.000000 0.838135 0.000000 -0.545463 0.858767 0.858767 0.858767
1867.424561 0.000000 1755.722290 0.000000 0.988699 0.000000 -0.149915 0.815328 0.815328 0.815328
1866.096680 0.000000 1749.265137 0.000000 0.836257 0.000000 -0.548338 0.859117 0.859117 0.859117
1865.101440 0.000000 1739.709351 0.000000 0.718042 0.000000 -0.695999 0.878412 0.878412 0.878412
1916.089722 0.000000 1753.755249 0.000000 0.256079 0.000000 -0.966656 0.933622 0.933622 0.933622
1918.096558 0.000000 1757.761475 0.000000 0.252336 0.000000 -0.967640 0.934016 0.934016 0.934016
1915.563721 0.000000 1756.824707 0.000000 0.910390 0.000000 -0.413752 0.843450 0.843450 0.843450
1916.396362 0.000000 1758.476318 0.000000 0.766975 0.000000 -0.641678 0.870964 0.870964 0.870964
1918.994141 0.000000 1759.002075 0.000000 0.974648 0.000000 0.223743 0.777015 0.777015 0.777015
1915.296265 0.000000 1759.946411 0.000000 0.174951 0.000000 0.984577 0.657913 0.657913 0.657913
1918.399292 0.000000 1759.754639 0.000000 0.938281 0.000000 -0.345874 0.835974 0.835974 0.835974
1919.712402 0.000000 1761.308838 0.000000 0.528209 0.000000 0.849115 0.696684 0.696684 0.696684
1919.859985 0.000000 1756.768311 0.000000 0.413754 0.000000 -0.910389 0.916550 0.916550 0.916550
1920.052124 0.000000 1758.929565 0.000000 0.964227 0.000000 -0.265078 0.827327 0.827327 0.827327
1921.822876 0.000000 1759.144897 0.000000 0.298916 0.000000 -0.954279 0.929080 0.929080 0.929080
1920.516846 0.000000 1767.498535 0.000000 0.822324 0.000000 0.569020 0.738343 0.738343 0.738343
1920.296753 0.000000 1771.731689 0.000000 0.971796 0.000000 -0.235824 0.824249 0.824249 0.824249
1921.251831 0.000000 1760.813599 0.000000 0.579526 0.000000 0.814954 0.702964 0.702964 0.702964
1919.790894 0.000000 1763.957275 0.000000 0.126739 0.000000 0.991936 0.652944 0.652944 0.652944
1923.297729 0.000000 1767.024170 0.000000 0.916964 0.000000 -0.398969 0.841802 0.841802 0.841802
1922.398071 0.000000 1763.570801 0.000000 0.982489 0.000000 0.186323 0.780910 0.780910 0.780910
1922.759155 0.000000 1771.720093 0.000000 0.439344 0.000000 -0.898319 0.913668 0.913668 0.913668
1921.802856 0.000000 1769.500244 0.000000 0.911955 0.000000 0.410291 0.756937 0.756937 0.756937
1921.617554 0.000000 1765.585083 0.000000 0.963603 0.000000 0.267337 0.772434 0.772434 0.772434
1920.765259 0.000000 1762.513428 0.000000 0.911259 0.000000 0.411834 0.756764 0.756764 0.756764
1920.036743 0.000000 1759.709595 0.000000 0.777200 0.000000 -0.629253 0.869325 0.869325 0.869325
1768.643311 0.000000 1910.091675 0.000000 0.231724 0.000000 0.972782 0.663820 0.663820 0.663820
1618.407227 0.000000 2038.466675 0.000000 0.999508 0.000000 0.031355 0.796806 0.796806 0.796806
1625.795898 0.000000 2033.986816 0.000000 0.918647 0.000000 0.395079 0.758630 0.758630 0.758630
1607.145142 0.000000 2016.261108 0.000000 0.862432 0.000000 0.506173 0.745939 0.745939 0.745939
1608.662842 0.000000 2038.060425 0.000000 0.245005 0.000000 -0.969522 0.934787 0.934787 0.934787
1618.744629 0.000000 2032.222046 0.000000 0.572772 0.000000 0.819715 0.702122 0.702122 0.702122
1613.374146 0.000000 2040.517090 0.000000 0.139141 0.000000 -0.990273 0.945781 0.945781 0.945781
1604.825195 0.000000 2020.755859 0.000000 0.975143 0.000000 0.221577 0.777241 0.777241 0.777241
1621.959473 0.000000 2035.948730 0.000000 0.470196 0.000000 0.882562 0.689861 0.689861 0.689861
1623.187012 0.000000 2030.576782 0.000000 0.457868 0.000000 -0.889020 0.911556 0.911556 0.911556
1609.496704 0.000000 2020.254517 0.000000 0.600922 0.000000 -0.799308 0.894336 0.894336 0.894336
1607.794922 0.000000 2041.870605 0.000000 0.012413 0.000000 0.999923 0.641264 0.641264 0.641264
1604.282715 0.000000 2017.672729 0.000000 0.275663 0.000000 0.961254 0.668447 0.668447 0.668447
1611.763550 0.000000 2037.697510 0.000000 0.284786 0.000000 -0.958591 0.930585 0.930585 0.930585
1610.769043 0.000000 2041.974487 0.000000 0.066353 0.000000 -0.997796 0.953236 0.953236 0.953236
1609.780396 0.000000 2017.417969 0.000000 0.995778 0.000000 -0.091790 0.809363 0.809363 0.809363
1621.908081 0.000000 2033.102661 0.000000 0.110819 0.000000 0.993841 0.651311 0.651311 0.651311
1607.052124 0.000000 2019.033691 0.000000 0.996505 0.000000 0.083529 0.791482 0.791482 0.791482
1607.305542 0.000000 2021.792358 0.000000 0.914405 0.000000 0.404801 0.757549 0.757549 0.757549
1606.459229 0.000000 2039.619385 0.000000 0.133444 0.000000 -0.991056 0.946367 0.946367 0.946367
1607.016235 0.000000 2036.356567 0.000000 0.839108 0.000000 -0.543965 0.858585 0.858585 0.858585
1620.042969 0.000000 2034.517456 0.000000 0.695157 0.000000 0.718858 0.718293 0.718293 0.718293
1620.661865 0.000000 2030.859009 0.000000 0.972165 0.000000 0.234298 0.775911 0.775911 0.775911
1610.592163 0.000000 2039.701172 0.000000 0.464029 0.000000 0.885820 0.689151 0.689151 0.689151
1623.744141 0.000000 2034.072754 0.000000 0.300780 0.000000 0.953694 0.671119 0.671119 0.671119
1608.528198 0.000000 2040.067383 0.000000 0.870999 0.000000 0.491284 0.747689 0.747689 0.747689
1605.221069 0.000000 2019.096802 0.000000 0.043200 0.000000 0.999066 0.644402 0.644402 0.644402
1606.123901 0.000000 2017.643066 0.000000 0.294869 0.000000 -0.955538 0.929512 0.929512 0.929512
1620.368286 0.000000 2032.739624 0.000000 0.602635 0.000000 -0.798017 0.894118 0.894118 0.894118
1623.340698 0.000000 2032.243408 0.000000 0.255906 0.000000 0.966702 0.666360 0.666360 0.666360
1756.109253 0.000000 1945.708374 0.000000 0.147010 0.000000 0.989135 0.655029 0.655029 0.655029
1748.206421 0.000000 1949.998657 0.000000 0.094646 0.000000 0.995511 0.649655 0.649655 0.649655
1752.932495 0.000000 1949.100220 0.000000 0.678993 0.000000 0.734145 0.716027 0.716027 0.716027
1758.116089 0.000000 1949.714600 0.000000 0.877500 0.000000 -0.479576 0.850947 0.850947 0.850947
1755.583252 0.000000 1948.777832 0.000000 0.411054 0.000000 -0.911611 0.916852 0.916852 0.916852
1750.631226 0.000000 1950.341309 0.000000 0.613962 0.000000 0.789336 0.707336 0.707336 0.707336
1754.550659 0.000000 1950.617798 0.000000 0.069466 0.000000 -0.997584 0.952919 0.952919 0.952919
1752.628174 0.000000 1950.957520 0.000000 0.054076 0.000000 -0.998537 0.954489 0.954489 0.954489
1766.501709 0.000000 1949.115601 0.000000 0.509536 0.000000 -0.860449 0.905541 0.905541 0.905541
1778.271362 0.000000 1923.011475 0.000000 0.904160 0.000000 0.427195 0.755041 0.755041 0.755041
1779.848389 0.000000 1925.763062 0.000000 0.702314 0.000000 -0.711868 0.880688 0.880688 0.880688
1776.021362 0.000000 1922.407349 0.000000 0.236944 0.000000 0.971523 0.664367 0.664367 0.664367
1755.315796 0.000000 1951.899536 0.000000 0.158211 0.000000 -0.987405 0.943817 0.943817 0.943817
1749.308960 0.000000 1955.963745 0.000000 0.819805 0.000000 0.572643 0.737894 0.737894 0.737894
1750.898804 0.000000 1951.855713 0.000000 0.065212 0.000000 0.997871 0.646647 0.646647 0.646647
1746.275269 0.000000 1955.003662 0.000000 0.984871 0.000000 -0.173289 0.817741 0.817741 0.817741
1748.348755 0.000000 1953.097412 0.000000 0.903773 0.000000 -0.428011 0.845051 0.845051 0.845051
1750.811890 0.000000 1954.164062 0.000000 0.354091 0.000000 -0.935211 0.923133 0.923133 0.923133
1753.318481 0.000000 1952.641357 0.000000 0.501447 0.000000 -0.865188 0.906496 0.906496 0.906496
1850.538940 0.000000 1886.633423 0.000000 0.863954 0.000000 0.503571 0.746246 0.746246 0.746246
1852.404175 0.000000 1886.445068 0.000000 0.933744 0.000000 -0.357942 0.837287 0.837287 0.837287
1821.661377 0.000000 1901.104614 0.000000 0.859625 0.000000 0.510925 0.745377 0.745377 0.745377
1822.598999 0.000000 1903.281616 0.000000 0.554022 0.000000 0.832502 0.699810 0.699810 0.699810
1851.304077 0.000000 1887.915161 0.000000 0.079200 0.000000 0.996859 0.648076 0.648076 0.648076
1849.768555 0.000000 1906.018066 0.000000 0.111156 0.000000 -0.993803 0.948654 0.948654 0.948654
1827.743408 0.000000 1902.098755 0.000000 0.975378 0.000000 0.220538 0.777350 0.777350 0.777350
1853.657471 0.000000 1901.104614 0.000000 0.433678 0.000000 -0.901068 0.914309 0.914309 0.914309
1831.294678 0.000000 1905.682007 0.000000 0.811353 0.000000 0.584556 0.736406 0.736406 0.736406
1845.932129 0.000000 1907.979980 0.000000 0.946135 0.000000 0.323774 0.766416 0.766416 0.766416
1850.582886 0.000000 1902.698364 0.000000 0.922042 0.000000 -0.387091 0.840486 0.840486 0.840486
1845.880737 0.000000 1905.133911 0.000000 0.155285 0.000000 0.987870 0.655882 0.655882 0.655882
1853.880493 0.000000 1898.884521 0.000000 0.949718 0.000000 0.313107 0.767562 0.767562 0.767562
1847.716797 0.000000 1906.104004 0.000000 0.458171 0.000000 0.888864 0.688478 0.688478 0.688478
1844.340942 0.000000 1904.770874 0.000000 0.815155 0.000000 0.579242 0.737072 0.737072 0.737072
1879.912598 0.000000 1866.518555 0.000000 0.999635 0.000000 0.027032 0.797246 0.797246 0.797246
1884.093628 0.000000 1881.723999 0.000000 0.790095 0.000000 0.612984 0.732790 0.732790 0.732790
1881.764648 0.000000 1874.025879 0.000000 0.045455 0.000000 0.998966 0.644632 0.644632 0.644632
1874.713379 0.000000 1872.261108 0.000000 0.004009 0.000000 -0.999992 0.959592 0.959592 0.959592
1885.653564 0.000000 1869.112427 0.000000 0.679930 0.000000 0.733277 0.716157 0.716157 0.716157
1878.829712 0.000000 1881.076416 0.000000 0.797382 0.000000 0.603475 0.734010 0.734010 0.734010
1885.821899 0.000000 1877.014404 0.000000 0.821193 0.000000 -0.570650 0.861859 0.861859 0.861859
1880.916870 0.000000 1885.115845 0.000000 0.849532 0.000000 0.527537 0.743397 0.743397 0.743397
1877.928223 0.000000 1875.987793 0.000000 0.564728 0.000000 -0.825277 0.898874 0.898874 0.898874
1879.155762 0.000000 1870.615845 0.000000 0.761063 0.000000 -0.648678 0.871897 0.871897 0.871897
1881.880371 0.000000 1878.186401 0.000000 0.919709 0.000000 -0.392600 0.841096 0.841096 0.841096
1885.391479 0.000000 1873.323608 0.000000 0.973090 0.000000 0.230427 0.776316 0.776316 0.776316
1882.578979 0.000000 1870.706177 0.000000 0.403501 0.000000 -0.914979 0.917694 0.917694 0.917694
1877.876831 0.000000 1873.141724 0.000000 0.397402 0.000000 -0.917645 0.918372 0.918372 0.918372
1883.567627 0.000000 1884.793457 0.000000 0.011277 0.000000 0.999936 0.641149 0.641149 0.641149
1886.012451 0.000000 1879.686279 0.000000 0.042067 0.000000 0.999115 0.644286 0.644286 0.644286
1881.356567 0.000000 1882.382446 0.000000 0.499704 0.000000 -0.866196 0.906702 0.906702 0.906702
1883.390747 0.000000 1876.064697 0.000000 0.018428 0.000000 -0.999830 0.958123 0.958123 0.958123
1880.371338 0.000000 1876.131592 0.000000 0.496063 0.000000 0.868287 0.692871 0.692871 0.692871
1887.233398 0.000000 1874.949585 0.000000 0.394155 0.000000 0.919044 0.681268 0.681268 0.681268
1879.696411 0.000000 1878.796387 0.000000 0.075461 0.000000 0.997149 0.647694 0.647694 0.647694
1883.814087 0.000000 1879.457764 0.000000 0.973192 0.000000 -0.229994 0.823639 0.823639 0.823639
1880.817383 0.000000 1871.966064 0.000000 0.547871 0.000000 -0.836563 0.900940 0.900940 0.900940
1881.664429 0.000000 1880.288086 0.000000 0.821345 0.000000 -0.570431 0.861832 0.861832 0.861832
1879.712891 0.000000 1874.111816 0.000000 0.915793 0.000000 -0.401651 0.842100 0.842100 0.842100
1883.381104 0.000000 1872.654907 0.000000 0.321488 0.000000 0.946914 0.673339 0.673339 0.673339
1887.314575 0.000000 1878.305786 0.000000 0.908530 0.000000 -0.417820 0.843906 0.843906 0.843906
1885.128052 0.000000 1875.168823 0.000000 0.833499 0.000000 -0.552521 0.859627 0.859627 0.859627
1883.066895 0.000000 1883.152222 0.000000 0.930050 0.000000 -0.367434 0.838324 0.838324 0.838324
1884.232666 0.000000 1877.649658 0.000000 0.445440 0.000000 0.895312 0.687025 0.687025 0.687025
1883.366699 0.000000 1874.321289 0.000000 0.806086 0.000000 -0.591798 0.864506 0.864506 0.864506
1885.627441 0.000000 1881.331299 0.000000 0.955686 0.000000 -0.294387 0.830437 0.830437 0.830437
1881.864624 0.000000 1875.584351 0.000000 0.509640 0.000000 0.860388 0.694471 0.694471 0.694471
1882.638794 0.000000 1881.463013 0.000000 0.994180 0.000000 -0.107731 0.810995 0.810995 0.810995
1885.439453 0.000000 1878.376831 0.000000 0.937525 0.000000 -0.347917 0.836195 0.836195 0.836195
1882.977417 0.000000 1877.336548 0.000000 0.130755 0.000000 -0.991415 0.946643 0.946643 0.946643
1888.757568 0.000000 1877.052612 0.000000 0.937119 0.000000 -0.349010 0.836314 0.836314 0.836314
1888.049927 0.000000 1872.686035 0.000000 0.805845 0.000000 0.592126 0.735452 0.735452 0.735452
1887.775757 0.000000 1881.744751 0.000000 0.960026 0.000000 0.279909 0.771103 0.771103 0.771103
1883.300171 0.000000 1887.915161 0.000000 0.899587 0.000000 0.436742 0.753962 0.753962 0.753962
1920.516846 0.000000 1799.490723 0.000000 0.089281 0.000000 0.996006 0.649106 0.649106 0.649106
1922.643799 0.000000 1821.443237 0.000000 0.512648 0.000000 -0.858599 0.905173 0.905173 0.905173
1928.623779 0.000000 1814.115112 0.000000 0.999265 0.000000 -0.038345 0.803907 0.803907 0.803907
1923.731689 0.000000 1806.122192 0.000000 0.000336 0.000000 -1.000000 0.959966 0.959966 0.959966
1924.786133 0.000000 1796.810547 0.000000 0.798985 0.000000 0.601351 0.734281 0.734281 0.734281
1923.958252 0.000000 1816.662231 0.000000 0.978980 0.000000 -0.203955 0.820922 0.820922 0.820922
1927.282959 0.000000 1809.705444 0.000000 0.958307 0.000000 0.285741 0.770483 0.770483 0.770483
1927.780640 0.000000 1804.584351 0.000000 0.759475 0.000000 -0.650536 0.872146 0.872146 0.872146
1924.224243 0.000000 1801.619385 0.000000 0.925167 0.000000 0.379561 0.760344 0.760344 0.760344
1920.296753 0.000000 1803.723877 0.000000 0.705467 0.000000 -0.708743 0.880236 0.880236 0.880236
1921.251831 0.000000 1792.805786 0.000000 0.665018 0.000000 0.746828 0.714104 0.714104 0.714104
1927.755859 0.000000 1817.925293 0.000000 0.755990 0.000000 0.654584 0.727310 0.727310 0.727310
1924.564209 0.000000 1812.500977 0.000000 0.979277 0.000000 -0.202527 0.820773 0.820773 0.820773
1926.482178 0.000000 1821.146851 0.000000 0.983519 0.000000 -0.180803 0.818518 0.818518 0.818518
1919.790894 0.000000 1795.949463 0.000000 0.991235 0.000000 -0.132108 0.813496 0.813496 0.813496
1923.513672 0.000000 1809.550171 0.000000 0.688111 0.000000 0.725605 0.717299 0.717299 0.717299
1923.297729 0.000000 1799.016357 0.000000 0.453994 0.000000 0.891005 0.688000 0.688000 0.688000
1924.408447 0.000000 1819.442749 0.000000 0.038734 0.000000 -0.999250 0.956054 0.956054 0.956054
1926.420166 0.000000 1815.674072 0.000000 0.842926 0.000000 -0.538029 0.857866 0.857866 0.857866
1922.398071 0.000000 1795.562988 0.000000 0.988433 0.000000 0.151661 0.784492 0.784492 0.784492
1925.195557 0.000000 1804.002319 0.000000 0.537660 0.000000 -0.843162 0.902179 0.902179 0.902179
1922.759155 0.000000 1803.712280 0.000000 0.978658 0.000000 0.205497 0.778918 0.778918 0.778918
1926.977173 0.000000 1812.411255 0.000000 0.759341 0.000000 -0.650693 0.872167 0.872167 0.872167
1921.617554 0.000000 1797.577271 0.000000 0.935577 0.000000 -0.353122 0.836762 0.836762 0.836762
1925.359253 0.000000 1810.527100 0.000000 0.502778 0.000000 -0.864416 0.906340 0.906340 0.906340
1925.796265 0.000000 1817.690918 0.000000 0.064503 0.000000 0.997918 0.646575 0.646575 0.646575
1924.669189 0.000000 1807.953613 0.000000 0.170088 0.000000 0.985429 0.657410 0.657410 0.657410
1927.502686 0.000000 1822.736938 0.000000 0.677860 0.000000 -0.735191 0.884130 0.884130 0.884130
1920.765259 0.000000 1794.505615 0.000000 0.999104 0.000000 0.042318 0.795688 0.795688 0.795688
1926.534424 0.000000 1819.251221 0.000000 0.171007 0.000000 -0.985270 0.942495 0.942495 0.942495
1922.552490 0.000000 1793.886841 0.000000 0.237763 0.000000 -0.971323 0.935547 0.935547 0.935547
1922.007690 0.000000 1799.878418 0.000000 0.593372 0.000000 0.804928 0.704705 0.704705 0.704705
1923.832031 0.000000 1795.732666 0.000000 0.274824 0.000000 0.961495 0.668358 0.668358 0.668358
1927.178589 0.000000 1814.467407 0.000000 0.924117 0.000000 0.382110 0.760063 0.760063 0.760063
1930.248779 0.000000 1853.077881 0.000000 0.890573 0.000000 -0.454840 0.848097 0.848097 0.848097
1920.516846 0.000000 1831.482910 0.000000 0.872961 0.000000 -0.487791 0.851903 0.851903 0.851903
1927.106079 0.000000 1824.307983 0.000000 0.878950 0.000000 -0.476914 0.850638 0.850638 0.850638
1928.623779 0.000000 1846.107300 0.000000 0.413143 0.000000 -0.910666 0.916618 0.916618 0.916618
1924.786133 0.000000 1828.802734 0.000000 0.549116 0.000000 -0.835746 0.900789 0.900789 0.900789
1929.457642 0.000000 1828.301392 0.000000 0.756525 0.000000 0.653964 0.727394 0.727394 0.727394
1927.755859 0.000000 1849.917480 0.000000 0.231442 0.000000 0.972849 0.663790 0.663790 0.663790
1926.482178 0.000000 1853.139038 0.000000 0.644054 0.000000 0.764980 0.711280 0.711280 0.711280
1930.709351 0.000000 1842.800049 0.000000 0.840508 0.000000 -0.541800 0.858322 0.858322 0.858322
1924.243652 0.000000 1825.719604 0.000000 0.985199 0.000000 0.171414 0.782453 0.782453 0.782453
1931.724487 0.000000 1845.744385 0.000000 0.475454 0.000000 0.879741 0.690469 0.690469 0.690469
1929.741333 0.000000 1825.464844 0.000000 0.882183 0.000000 0.470907 0.750057 0.750057 0.750057
1927.013062 0.000000 1827.080566 0.000000 0.445991 0.000000 0.895038 0.687088 0.687088 0.687088
1927.266479 0.000000 1829.839233 0.000000 0.321406 0.000000 0.946942 0.673330 0.673330 0.673330
1926.420166 0.000000 1847.666260 0.000000 0.636174 0.000000 -0.771545 0.889765 0.889765 0.889765
1929.381348 0.000000 1855.381104 0.000000 0.856265 0.000000 0.516536 0.744711 0.744711 0.744711
1925.650635 0.000000 1831.724731 0.000000 0.369270 0.000000 -0.929322 0.921474 0.921474 0.921474
1926.977173 0.000000 1844.403442 0.000000 0.166650 0.000000 -0.986016 0.942946 0.942946 0.942946
1930.553101 0.000000 1847.748047 0.000000 0.181767 0.000000 -0.983342 0.941382 0.941382 0.941382
1928.910645 0.000000 1843.980347 0.000000 0.816980 0.000000 0.576665 0.737393 0.737393 0.737393
1928.489136 0.000000 1848.114258 0.000000 0.631976 0.000000 -0.774988 0.890318 0.890318 0.890318
1927.502686 0.000000 1854.729126 0.000000 0.893159 0.000000 0.449742 0.752485 0.752485 0.752485
1926.084839 0.000000 1825.689941 0.000000 0.676035 0.000000 0.736869 0.715617 0.715617 0.715617
1929.281494 0.000000 1849.435669 0.000000 0.997904 0.000000 -0.064716 0.806596 0.806596 0.806596
1928.862549 0.000000 1842.372192 0.000000 0.981016 0.000000 0.193927 0.780121 0.780121 0.780121
1926.422363 0.000000 1828.577881 0.000000 0.409471 0.000000 -0.912323 0.917028 0.917028 0.917028
1927.930054 0.000000 1828.349121 0.000000 0.006157 0.000000 0.999981 0.640627 0.640627 0.640627
1929.360596 0.000000 1847.150879 0.000000 0.647736 0.000000 0.761865 0.711771 0.711771 0.711771
1920.516846 0.000000 1863.475098 0.000000 0.897649 0.000000 0.440711 0.753512 0.753512 0.753512
1927.106079 0.000000 1856.300171 0.000000 0.618693 0.000000 0.785633 0.707948 0.707948 0.707948
1924.786133 0.000000 1860.794922 0.000000 0.945937 0.000000 0.324350 0.766353 0.766353 0.766353
1924.224243 0.000000 1865.603760 0.000000 0.335432 0.000000 0.942064 0.674842 0.674842 0.674842
1924.243652 0.000000 1857.711792 0.000000 0.712251 0.000000 0.701925 0.720744 0.720744 0.720744
1929.741333 0.000000 1857.457031 0.000000 0.601589 0.000000 0.798806 0.705749 0.705749 0.705749
1927.013062 0.000000 1859.072754 0.000000 0.986459 0.000000 -0.164010 0.816782 0.816782 0.816782
1923.297729 0.000000 1863.000732 0.000000 0.813911 0.000000 -0.580990 0.863147 0.863147 0.863147
1927.266479 0.000000 1861.831421 0.000000 0.928665 0.000000 0.370919 0.761294 0.761294 0.761294
1922.398071 0.000000 1859.547363 0.000000 0.978376 0.000000 0.206834 0.778779 0.778779 0.778779
1925.650635 0.000000 1863.716919 0.000000 0.850193 0.000000 0.526471 0.743525 0.743525 0.743525
1925.182007 0.000000 1859.135864 0.000000 0.932955 0.000000 0.359994 0.762489 0.762489 0.762489
1926.084839 0.000000 1857.682129 0.000000 0.094933 0.000000 -0.995484 0.950316 0.950316 0.950316
1922.007690 0.000000 1863.862793 0.000000 0.943209 0.000000 0.332199 0.765507 0.765507 0.765507
1927.653564 0.000000 1857.683105 0.000000 0.185389 0.000000 0.982665 0.658993 0.658993 0.658993
1813.301147 0.000000 1923.971558 0.000000 0.265285 0.000000 -0.964170 0.932651 0.932651 0.932651
1810.267456 0.000000 1923.011475 0.000000 0.985743 0.000000 -0.168258 0.817221 0.817221 0.817221
2557.571533 0.000000 1837.120239 0.000000 0.388619 0.000000 0.921398 0.680655 0.680655 0.680655
2550.747803 0.000000 1849.084229 0.000000 0.951372 0.000000 0.308045 0.768104 0.768104 0.768104
2552.834961 0.000000 1853.123657 0.000000 0.660806 0.000000 0.750557 0.713531 0.713531 0.713531
2558.018555 0.000000 1853.738037 0.000000 0.999005 0.000000 -0.044606 0.804545 0.804545 0.804545
2555.485840 0.000000 1852.801270 0.000000 0.900933 0.000000 -0.433957 0.845723 0.845723 0.845723
2553.274658 0.000000 1850.390259 0.000000 0.006327 0.000000 0.999980 0.640644 0.640644 0.640644
2557.794678 0.000000 1834.900146 0.000000 0.862389 0.000000 -0.506246 0.854070 0.854070 0.854070
2559.276367 0.000000 1837.653564 0.000000 0.563896 0.000000 0.825846 0.701023 0.701023 0.701023
2551.830811 0.000000 1866.518555 0.000000 0.679501 0.000000 -0.733675 0.883903 0.883903 0.883903
2552.693359 0.000000 1862.443848 0.000000 0.161317 0.000000 -0.986903 0.943496 0.943496 0.943496
2558.321289 0.000000 1855.731201 0.000000 0.984829 0.000000 -0.173528 0.817765 0.817765 0.817765
2553.589111 0.000000 1864.826294 0.000000 0.830811 0.000000 -0.556555 0.860121 0.860121 0.860121
2807.799561 0.000000 1770.541992 0.000000 0.894648 0.000000 -0.446771 0.847176 0.847176 0.847176
2809.651611 0.000000 1778.049316 0.000000 0.851911 0.000000 -0.523687 0.856142 0.856142 0.856142
2813.540283 0.000000 1773.135864 0.000000 0.454247 0.000000 -0.890876 0.911971 0.911971 0.911971
2813.708740 0.000000 1781.037842 0.000000 0.897158 0.000000 -0.441709 0.846601 0.846601 0.846601
2813.278320 0.000000 1777.347046 0.000000 0.049494 0.000000 -0.998774 0.954956 0.954956 0.954956
2810.465820 0.000000 1774.729614 0.000000 0.628796 0.000000 -0.777571 0.890735 0.890735 0.890735
2810.579834 0.000000 1772.098145 0.000000 0.994478 0.000000 0.104941 0.789291 0.789291 0.789291
2814.478027 0.000000 1775.312866 0.000000 0.572178 0.000000 -0.820130 0.897952 0.897952 0.897952
2812.547607 0.000000 1774.899658 0.000000 0.858565 0.000000 -0.512705 0.854834 0.854834 0.854834
2816.407471 0.000000 1767.498535 0.000000 0.618033 0.000000 0.786152 0.707862 0.707862 0.707862
2843.976562 0.000000 1785.747437 0.000000 0.080162 0.000000 -0.996782 0.951826 0.951826 0.951826
2816.644287 0.000000 1781.076050 0.000000 0.242211 0.000000 0.970224 0.664919 0.664919 0.664919
2819.622559 0.000000 1774.130005 0.000000 0.978335 0.000000 0.207029 0.778759 0.778759 0.778759
2838.712646 0.000000 1785.099854 0.000000 0.869712 0.000000 0.493560 0.747422 0.747422 0.747422
2845.704834 0.000000 1781.037842 0.000000 0.590730 0.000000 0.806869 0.704371 0.704371 0.704371
2840.799805 0.000000 1789.139282 0.000000 0.256827 0.000000 -0.966457 0.933543 0.933543 0.933543
2815.936768 0.000000 1776.709473 0.000000 0.845360 0.000000 -0.534198 0.857404 0.857404 0.857404
2845.983398 0.000000 1789.753662 0.000000 0.425539 0.000000 0.904940 0.684773 0.684773 0.684773
2816.187500 0.000000 1771.731689 0.000000 0.886375 0.000000 -0.462968 0.849029 0.849029 0.849029
2841.763184 0.000000 1782.209839 0.000000 0.141900 0.000000 -0.989881 0.945497 0.945497 0.945497
2846.709473 0.000000 1786.750854 0.000000 0.287648 0.000000 -0.957736 0.930281 0.930281 0.930281
2843.450684 0.000000 1788.816895 0.000000 0.874612 0.000000 -0.484824 0.851557 0.851557 0.851557
2845.895508 0.000000 1783.709717 0.000000 0.992579 0.000000 -0.121603 0.812417 0.812417 0.812417
2841.239502 0.000000 1786.405884 0.000000 0.992769 0.000000 0.120042 0.787743 0.787743 0.787743
2816.896729 0.000000 1774.327759 0.000000 0.272112 0.000000 0.962266 0.668071 0.668071 0.668071
2845.049072 0.000000 1787.742798 0.000000 0.992670 0.000000 0.120857 0.787660 0.787660 0.787660
2842.949951 0.000000 1787.175659 0.000000 0.989251 0.000000 -0.146230 0.814948 0.814948 0.814948
2848.640381 0.000000 1781.076050 0.000000 0.952248 0.000000 -0.305326 0.831605 0.831605 0.831605
2850.530518 0.000000 1789.451050 0.000000 0.662591 0.000000 -0.748982 0.886226 0.886226 0.886226
2847.658691 0.000000 1785.768188 0.000000 0.065228 0.000000 0.997870 0.646649 0.646649 0.646649
2847.746826 0.000000 1788.760498 0.000000 0.487939 0.000000 0.872878 0.691920 0.691920 0.691920
2560.675537 0.000000 1845.060425 0.000000 0.114836 0.000000 -0.993384 0.948277 0.948277 0.948277
2562.565674 0.000000 1853.435425 0.000000 0.690224 0.000000 -0.723595 0.882404 0.882404 0.882404
2563.653809 0.000000 1838.114380 0.000000 0.030419 0.000000 -0.999537 0.956901 0.956901 0.956901
2567.205078 0.000000 1841.697632 0.000000 0.999814 0.000000 -0.019300 0.801966 0.801966 0.801966
2560.218750 0.000000 1835.716064 0.000000 0.925364 0.000000 -0.379080 0.839603 0.839603 0.839603
2563.435791 0.000000 1841.542358 0.000000 0.917206 0.000000 0.398413 0.758260 0.758260 0.758260
2559.781982 0.000000 1852.744873 0.000000 0.200972 0.000000 -0.979597 0.939389 0.939389 0.939389
2560.927979 0.000000 1838.312134 0.000000 0.932610 0.000000 -0.360886 0.837608 0.837608 0.837608
2562.469238 0.000000 1839.754883 0.000000 0.998623 0.000000 -0.052455 0.805346 0.805346 0.805346
2583.826904 0.000000 1866.518555 0.000000 0.667463 0.000000 0.744643 0.714438 0.714438 0.714438
2562.565674 0.000000 1885.427612 0.000000 0.011400 0.000000 -0.999935 0.958839 0.958839 0.958839
2568.115234 0.000000 1864.325073 0.000000 0.683958 0.000000 -0.729522 0.883282 0.883282 0.883282
2568.545654 0.000000 1878.099487 0.000000 0.502286 0.000000 -0.864702 0.906398 0.906398 0.906398
2576.652100 0.000000 1866.342407 0.000000 0.406244 0.000000 -0.913765 0.917388 0.917388 0.917388
2588.893066 0.000000 1862.309570 0.000000 0.346251 0.000000 -0.938142 0.923985 0.923985 0.923985
2573.257080 0.000000 1880.556152 0.000000 0.166203 0.000000 -0.986091 0.942992 0.942992 0.942992
2572.162354 0.000000 1866.138184 0.000000 0.879648 0.000000 -0.475625 0.850489 0.850489 0.850489
2577.417725 0.000000 1862.071411 0.000000 0.260787 0.000000 0.965396 0.666874 0.666874 0.666874
2584.689453 0.000000 1862.443848 0.000000 0.881880 0.000000 0.471473 0.749991 0.749991 0.749991
2564.146240 0.000000 1865.603760 0.000000 0.225421 0.000000 0.974261 0.663160 0.663160 0.663160
2581.055664 0.000000 1863.883789 0.000000 0.218187 0.000000 0.975907 0.662405 0.662405 0.662405
2587.834473 0.000000 1865.758179 0.000000 0.848587 0.000000 -0.529056 0.856785 0.856785 0.856785
2566.404297 0.000000 1885.131226 0.000000 0.703568 0.000000 0.710628 0.719491 0.719491 0.719491
2570.652100 0.000000 1882.013550 0.000000 0.208685 0.000000 -0.977983 0.938586 0.938586 0.938586
2574.841797 0.000000 1863.675537 0.000000 0.662011 0.000000 0.749494 0.713695 0.713695 0.713695
2575.370605 0.000000 1878.102295 0.000000 0.101343 0.000000 -0.994852 0.949660 0.949660 0.949660
2578.530762 0.000000 1864.426758 0.000000 0.319515 0.000000 -0.947581 0.926874 0.926874 0.926874
2574.356934 0.000000 1867.541504 0.000000 0.202092 0.000000 0.979367 0.660728 0.660728 0.660728
2569.660889 0.000000 1866.241577 0.000000 0.993934 0.000000 -0.109976 0.811225 0.811225 0.811225
2585.585205 0.000000 1864.826294 0.000000 0.458231 0.000000 0.888833 0.688485 0.688485 0.688485
2574.803955 0.000000 1865.666138 0.000000 0.384595 0.000000 0.923086 0.680211 0.680211 0.680211
2576.636719 0.000000 1864.366211 0.000000 0.580001 0.000000 0.814615 0.703023 0.703023 0.703023
2583.826904 0.000000 1898.510742 0.000000 0.969339 0.000000 -0.245727 0.825289 0.825289 0.825289
2580.104980 0.000000 1918.006470 0.000000 0.639103 0.000000 -0.769121 0.889378 0.889378 0.889378
2576.652100 0.000000 1898.334595 0.000000 0.879651 0.000000 -0.475620 0.850488 0.850488 0.850488
2584.831055 0.000000 1917.108032 0.000000 0.200889 0.000000 0.979614 0.660603 0.660603 0.660603
2572.162354 0.000000 1898.130371 0.000000 0.199178 0.000000 0.979963 0.660425 0.660425 0.660425
2577.417725 0.000000 1894.063599 0.000000 0.999478 0.000000 0.032309 0.796708 0.796708 0.796708
2590.014648 0.000000 1917.722412 0.000000 0.777011 0.000000 0.629487 0.730645 0.730645 0.730645
2581.055664 0.000000 1895.875977 0.000000 0.115908 0.000000 -0.993260 0.948167 0.948167 0.948167
2579.860352 0.000000 1900.290405 0.000000 0.343133 0.000000 0.939287 0.675676 0.675676 0.675676
2574.356934 0.000000 1899.533691 0.000000 0.991892 0.000000 -0.127081 0.812979 0.812979 0.812979
2581.420166 0.000000 1898.397583 0.000000 0.857949 0.000000 -0.513735 0.854956 0.854956 0.854956
2582.529785 0.000000 1918.349121 0.000000 0.999467 0.000000 0.032634 0.796675 0.796675 0.796675
2594.561768 0.000000 1917.419800 0.000000 0.999993 0.000000 -0.003836 0.800391 0.800391 0.800391
2591.778076 0.000000 1916.729248 0.000000 0.304887 0.000000 -0.952389 0.928442 0.928442 0.928442
2679.815186 0.000000 1898.510742 0.000000 0.488710 0.000000 -0.872446 0.907990 0.907990 0.907990
2684.881348 0.000000 1894.301758 0.000000 0.959236 0.000000 -0.282605 0.829184 0.829184 0.829184
2685.555908 0.000000 1901.104614 0.000000 0.369807 0.000000 -0.929109 0.921416 0.921416 0.921416
2683.822754 0.000000 1897.750366 0.000000 0.164902 0.000000 -0.986310 0.943126 0.943126 0.943126
2682.481445 0.000000 1902.698364 0.000000 0.278980 0.000000 0.960297 0.668799 0.668799 0.668799
2686.732910 0.000000 1896.902222 0.000000 0.260027 0.000000 -0.965601 0.933206 0.933206 0.933206
2682.595459 0.000000 1900.066895 0.000000 0.829080 0.000000 0.559130 0.739563 0.739563 0.739563
2685.779053 0.000000 1898.884521 0.000000 0.580808 0.000000 -0.814041 0.896876 0.896876 0.896876
2684.264160 0.000000 1899.669922 0.000000 0.463787 0.000000 0.885947 0.689123 0.689123 0.689123
2747.988281 0.000000 1817.739624 0.000000 0.750515 0.000000 -0.660853 0.873538 0.873538 0.873538
2744.811523 0.000000 1821.131470 0.000000 0.376154 0.000000 -0.926557 0.920719 0.920719 0.920719
2749.995117 0.000000 1821.745850 0.000000 0.996290 0.000000 -0.086060 0.808777 0.808777 0.808777
2750.721191 0.000000 1818.743042 0.000000 0.796632 0.000000 -0.604464 0.866116 0.866116 0.866116
2747.462402 0.000000 1820.809082 0.000000 0.526044 0.000000 -0.850458 0.903576 0.903576 0.903576
2749.060791 0.000000 1819.734985 0.000000 0.998460 0.000000 -0.055468 0.805653 0.805653 0.805653
2717.999023 0.000000 1853.738037 0.000000 0.973950 0.000000 0.226765 0.776699 0.776699 0.776699
2731.155029 0.000000 1839.270630 0.000000 0.955805 0.000000 -0.294002 0.830396 0.830396 0.830396
2747.194824 0.000000 1823.930786 0.000000 0.637860 0.000000 -0.770152 0.889542 0.889542 0.889542
2728.095703 0.000000 1832.332886 0.000000 0.410931 0.000000 0.911666 0.683135 0.683135 0.683135
2723.634277 0.000000 1838.114380 0.000000 0.993557 0.000000 -0.113338 0.811569 0.811569 0.811569
2727.185547 0.000000 1841.697632 0.000000 0.413313 0.000000 0.910589 0.683401 0.683401 0.683401
2732.142822 0.000000 1834.145996 0.000000 0.995211 0.000000 0.097746 0.790028 0.790028 0.790028
2727.683105 0.000000 1836.576538 0.000000 0.848980 0.000000 0.528424 0.743291 0.743291 0.743291
2724.126709 0.000000 1833.611572 0.000000 0.915012 0.000000 -0.403427 0.842298 0.842298 0.842298
2750.297852 0.000000 1823.739014 0.000000 0.742530 0.000000 0.669813 0.725240 0.725240 0.725240
2726.345459 0.000000 1839.046875 0.000000 0.818964 0.000000 0.573845 0.737744 0.737744 0.737744
2730.486816 0.000000 1836.655762 0.000000 0.902059 0.000000 -0.431613 0.845458 0.845458 0.845458
2725.097900 0.000000 1835.994507 0.000000 0.768098 0.000000 -0.640333 0.870785 0.870785 0.870785
2729.641357 0.000000 1834.249390 0.000000 0.680444 0.000000 0.732800 0.716228 0.716228 0.716228
2728.757080 0.000000 1838.906128 0.000000 0.551339 0.000000 0.834281 0.699483 0.699483 0.699483
2726.652832 0.000000 1834.194336 0.000000 0.477442 0.000000 -0.878663 0.909300 0.909300 0.909300
2754.542236 0.000000 1821.443237 0.000000 0.334493 0.000000 -0.942398 0.925259 0.925259 0.925259
2755.856934 0.000000 1816.662231 0.000000 0.912713 0.000000 0.408602 0.757125 0.757125 0.757125
2751.670410 0.000000 1817.760376 0.000000 0.126719 0.000000 0.991939 0.652942 0.652942 0.652942
2751.758545 0.000000 1820.752686 0.000000 0.505283 0.000000 -0.862954 0.906044 0.906044 0.906044
2751.950684 0.000000 1822.913940 0.000000 0.124052 0.000000 -0.992276 0.947332 0.947332 0.947332
2753.150391 0.000000 1824.797974 0.000000 0.189556 0.000000 0.981870 0.659426 0.659426 0.659426
2711.811279 0.000000 1866.518555 0.000000 0.647411 0.000000 0.762141 0.711727 0.711727 0.711727
2713.663330 0.000000 1874.025879 0.000000 0.959216 0.000000 -0.282674 0.829191 0.829191 0.829191
2709.191895 0.000000 1859.987183 0.000000 0.308103 0.000000 -0.951353 0.928098 0.928098 0.928098
2712.673828 0.000000 1862.443848 0.000000 0.906101 0.000000 -0.423063 0.844494 0.844494 0.844494
2713.778809 0.000000 1878.186401 0.000000 0.181507 0.000000 0.983390 0.658591 0.658591 0.658591
2709.040039 0.000000 1863.883789 0.000000 0.696011 0.000000 0.718031 0.718414 0.718414 0.718414
2714.477539 0.000000 1870.706177 0.000000 0.750417 0.000000 -0.660965 0.873553 0.873553 0.873553
2718.301758 0.000000 1855.731201 0.000000 0.038177 0.000000 0.999271 0.643890 0.643890 0.643890
2715.289307 0.000000 1876.064697 0.000000 0.430306 0.000000 0.902683 0.685310 0.685310 0.685310
2712.269775 0.000000 1876.131592 0.000000 0.995846 0.000000 -0.091049 0.809287 0.809287 0.809287
2730.151123 0.000000 1885.070068 0.000000 0.546755 0.000000 0.837293 0.698924 0.698924 0.698924
2722.546143 0.000000 1885.427612 0.000000 0.964893 0.000000 0.262643 0.772930 0.772930 0.772930
2723.634277 0.000000 1870.106567 0.000000 0.038627 0.000000 -0.999254 0.956065 0.956065 0.956065
2727.658203 0.000000 1881.909668 0.000000 0.996805 0.000000 0.079876 0.791855 0.791855 0.791855
2726.384766 0.000000 1885.131226 0.000000 0.380611 0.000000 0.924735 0.679772 0.679772 0.679772
2730.632568 0.000000 1882.013550 0.000000 0.409961 0.000000 -0.912103 0.916974 0.916974 0.916974
2724.311035 0.000000 1883.427124 0.000000 0.421617 0.000000 -0.906774 0.915668 0.915668 0.915668
2724.723389 0.000000 1887.108032 0.000000 0.193690 0.000000 0.981063 0.659855 0.659855 0.659855
2729.283691 0.000000 1887.373291 0.000000 0.039542 0.000000 0.999218 0.644029 0.644029 0.644029
2728.254883 0.000000 1884.010864 0.000000 0.861785 0.000000 -0.507274 0.854191 0.854191 0.854191
2727.405029 0.000000 1886.721313 0.000000 0.346306 0.000000 0.938122 0.676021 0.676021 0.676021
2688.423096 0.000000 1895.467285 0.000000 0.473647 0.000000 -0.880715 0.909740 0.909740 0.909740
2691.638184 0.000000 1902.098755 0.000000 0.037248 0.000000 -0.999306 0.956205 0.956205 0.956205
2687.952393 0.000000 1904.678223 0.000000 0.999992 0.000000 -0.004011 0.800409 0.800409 0.800409
2688.203125 0.000000 1899.700439 0.000000 0.985823 0.000000 0.167787 0.782828 0.782828 0.782828
2718.729004 0.000000 1896.902222 0.000000 0.732879 0.000000 -0.680359 0.876216 0.876216 0.876216
2731.155029 0.000000 1903.255005 0.000000 0.326489 0.000000 0.945201 0.673877 0.673877 0.673877
2733.851807 0.000000 1891.371460 0.000000 0.998500 0.000000 -0.054747 0.805579 0.805579 0.805579
2720.656006 0.000000 1909.044800 0.000000 0.306028 0.000000 0.952023 0.671680 0.671680 0.671680
2727.008545 0.000000 1888.292358 0.000000 0.659984 0.000000 0.751280 0.713420 0.713420 0.713420
2731.822510 0.000000 1887.549438 0.000000 0.345157 0.000000 0.938545 0.675896 0.675896 0.675896
2727.683105 0.000000 1900.560913 0.000000 0.702958 0.000000 -0.711232 0.880596 0.880596 0.880596
2720.199219 0.000000 1899.700439 0.000000 0.565275 0.000000 -0.824903 0.898807 0.898807 0.898807
2735.095703 0.000000 1902.130981 0.000000 0.867163 0.000000 -0.498024 0.853101 0.853101 0.853101
2723.416260 0.000000 1905.526733 0.000000 0.682061 0.000000 0.731295 0.716453 0.716453 0.716453
2724.145996 0.000000 1889.703979 0.000000 0.078518 0.000000 -0.996913 0.951994 0.951994 0.951994
2729.643799 0.000000 1889.449219 0.000000 0.743269 0.000000 0.668993 0.725352 0.725352 0.725352
2726.915527 0.000000 1891.064941 0.000000 0.010603 0.000000 -0.999944 0.958920 0.958920 0.958920
2730.486816 0.000000 1900.640137 0.000000 0.576760 0.000000 -0.816913 0.897381 0.897381 0.897381
2721.296631 0.000000 1911.593018 0.000000 0.778516 0.000000 -0.627625 0.869111 0.869111 0.869111
2725.097900 0.000000 1899.978882 0.000000 0.941681 0.000000 -0.336506 0.834958 0.834958 0.834958
2722.661621 0.000000 1899.688843 0.000000 0.953689 0.000000 -0.300795 0.831121 0.831121 0.831121
2726.652832 0.000000 1898.178711 0.000000 0.245878 0.000000 0.969301 0.665304 0.665304 0.665304
2728.806641 0.000000 1887.664917 0.000000 0.351657 0.000000 0.936129 0.676602 0.676602 0.676602
2587.214355 0.000000 1919.907349 0.000000 0.217848 0.000000 0.975983 0.662369 0.662369 0.662369
2581.207520 0.000000 1923.971558 0.000000 0.819265 0.000000 0.573416 0.737798 0.737798 0.737798
2582.797363 0.000000 1919.863525 0.000000 0.973957 0.000000 0.226731 0.776703 0.776703 0.776703
2584.689453 0.000000 1926.428223 0.000000 0.433915 0.000000 -0.900954 0.914282 0.914282 0.914282
2581.055664 0.000000 1927.868164 0.000000 0.910472 0.000000 -0.413570 0.843430 0.843430 0.843430
2578.173828 0.000000 1923.011475 0.000000 0.248230 0.000000 -0.968701 0.934448 0.934448 0.934448
2580.247314 0.000000 1921.105225 0.000000 0.407430 0.000000 0.913236 0.682744 0.682744 0.682744
2713.663330 0.000000 1938.010254 0.000000 0.846347 0.000000 -0.532632 0.857215 0.857215 0.857215
2711.054199 0.000000 1934.600220 0.000000 0.424564 0.000000 0.905398 0.684663 0.684663 0.684663
2717.290039 0.000000 1937.307983 0.000000 0.676488 0.000000 -0.736454 0.884320 0.884320 0.884320
2714.477539 0.000000 1934.690552 0.000000 0.774946 0.000000 -0.632028 0.869689 0.869689 0.869689
2730.151123 0.000000 1949.054443 0.000000 0.986576 0.000000 -0.163304 0.816709 0.816709 0.816709
2720.419189 0.000000 1927.459473 0.000000 0.421036 0.000000 0.907044 0.684267 0.684267 0.684267
2731.155029 0.000000 1935.247192 0.000000 0.910170 0.000000 0.414235 0.756496 0.756496 0.756496
2738.270508 0.000000 1942.490112 0.000000 0.938837 0.000000 -0.344361 0.835809 0.835809 0.835809
2728.095703 0.000000 1928.309448 0.000000 0.985135 0.000000 -0.171781 0.817585 0.817585 0.817585
2728.526123 0.000000 1942.083862 0.000000 0.442534 0.000000 -0.896752 0.913305 0.913305 0.913305
2723.634277 0.000000 1934.090942 0.000000 0.809581 0.000000 0.587009 0.736098 0.736098 0.736098
2733.237549 0.000000 1944.540527 0.000000 0.382138 0.000000 0.924105 0.679940 0.679940 0.679940
2724.688477 0.000000 1924.779297 0.000000 0.999800 0.000000 -0.019983 0.802036 0.802036 0.802036
2734.056885 0.000000 1939.575928 0.000000 0.779690 0.000000 0.626166 0.731079 0.731079 0.731079
2727.185547 0.000000 1937.674194 0.000000 0.973341 0.000000 0.229365 0.776427 0.776427 0.776427
2732.142822 0.000000 1930.122559 0.000000 0.397186 0.000000 -0.917738 0.918396 0.918396 0.918396
2719.948486 0.000000 1936.670410 0.000000 0.725331 0.000000 -0.688400 0.877340 0.877340 0.877340
2727.683105 0.000000 1932.553101 0.000000 0.809837 0.000000 0.586655 0.736142 0.736142 0.736142
2721.154297 0.000000 1920.774536 0.000000 0.845298 0.000000 -0.534295 0.857415 0.857415 0.857415
2724.466553 0.000000 1940.469727 0.000000 0.079108 0.000000 0.996866 0.648066 0.648066 0.648066
2730.611816 0.000000 1938.776611 0.000000 0.779128 0.000000 0.626865 0.730988 0.730988 0.730988
2719.693359 0.000000 1923.918213 0.000000 0.066905 0.000000 -0.997759 0.953180 0.953180 0.953180
2723.416260 0.000000 1937.518921 0.000000 0.518458 0.000000 -0.855103 0.904482 0.904482 0.904482
2737.654785 0.000000 1939.306641 0.000000 0.902020 0.000000 0.431694 0.754533 0.754533 0.754533
2731.626953 0.000000 1941.720947 0.000000 0.800681 0.000000 -0.599091 0.865431 0.865431 0.865431
2730.632568 0.000000 1945.997925 0.000000 0.712204 0.000000 -0.701973 0.879263 0.879263 0.879263
2736.174316 0.000000 1944.800903 0.000000 0.583338 0.000000 -0.812229 0.896559 0.896559 0.896559
2735.351074 0.000000 1942.086670 0.000000 0.751479 0.000000 0.659757 0.726611 0.726611 0.726611
2726.345459 0.000000 1935.023438 0.000000 0.774957 0.000000 0.632014 0.730313 0.730313 0.730313
2733.238770 0.000000 1947.333862 0.000000 0.834483 0.000000 0.551034 0.740555 0.740555 0.740555
2720.908447 0.000000 1934.288696 0.000000 0.024737 0.000000 0.999694 0.642520 0.642520 0.642520
2726.879639 0.000000 1940.380005 0.000000 0.997757 0.000000 0.066935 0.793177 0.793177 0.793177
2730.455566 0.000000 1943.724609 0.000000 0.546031 0.000000 0.837765 0.698836 0.698836 0.698836
2722.449707 0.000000 1935.731445 0.000000 0.923735 0.000000 -0.383031 0.840038 0.840038 0.840038
2724.571777 0.000000 1935.922363 0.000000 0.053947 0.000000 -0.998544 0.954502 0.954502 0.954502
2733.413574 0.000000 1942.479980 0.000000 0.275395 0.000000 -0.961331 0.931581 0.931581 0.931581
2730.151123 0.000000 1981.046631 0.000000 0.438806 0.000000 0.898582 0.686272 0.686272 0.686272
2743.807373 0.000000 1962.495117 0.000000 0.789053 0.000000 -0.614326 0.867383 0.867383 0.867383
2733.851807 0.000000 1955.355835 0.000000 0.032118 0.000000 0.999484 0.643272 0.643272 0.643272
2720.656006 0.000000 1973.029175 0.000000 0.934348 0.000000 0.356361 0.762886 0.762886 0.762886
2722.546143 0.000000 1981.404175 0.000000 0.909969 0.000000 -0.414676 0.843554 0.843554 0.843554
2728.526123 0.000000 1974.076050 0.000000 0.147926 0.000000 -0.988998 0.944877 0.944877 0.944877
2736.632568 0.000000 1962.318970 0.000000 0.279253 0.000000 0.960218 0.668828 0.668828 0.668828
2741.187988 0.000000 1955.963745 0.000000 0.096095 0.000000 0.995372 0.649803 0.649803 0.649803
2723.860840 0.000000 1976.623169 0.000000 0.160534 0.000000 0.987030 0.656423 0.656423 0.656423
2719.674316 0.000000 1977.721313 0.000000 0.995294 0.000000 -0.096897 0.809885 0.809885 0.809885
2737.398193 0.000000 1958.047974 0.000000 0.445492 0.000000 0.895286 0.687031 0.687031 0.687031
2744.669922 0.000000 1958.420410 0.000000 0.062168 0.000000 0.998066 0.646336 0.646336 0.646336
2727.658203 0.000000 1977.886230 0.000000 0.074241 0.000000 0.997240 0.647569 0.647569 0.647569
2741.036133 0.000000 1959.860352 0.000000 0.982666 0.000000 0.185387 0.781007 0.781007 0.781007
2724.466553 0.000000 1972.461914 0.000000 0.957280 0.000000 0.289164 0.770119 0.770119 0.770119
2726.384766 0.000000 1981.107788 0.000000 0.786272 0.000000 0.617881 0.732157 0.732157 0.732157
2738.154297 0.000000 1955.003662 0.000000 0.098053 0.000000 0.995181 0.650004 0.650004 0.650004
2734.822266 0.000000 1959.652100 0.000000 0.174918 0.000000 0.984583 0.657909 0.657909 0.657909
2724.311035 0.000000 1979.403687 0.000000 0.950210 0.000000 -0.311610 0.832278 0.832278 0.832278
2726.322510 0.000000 1975.635010 0.000000 0.857808 0.000000 -0.513971 0.854984 0.854984 0.854984
2738.511230 0.000000 1960.403320 0.000000 0.410512 0.000000 0.911855 0.683088 0.683088 0.683088
2722.057617 0.000000 1978.368530 0.000000 0.991454 0.000000 -0.130458 0.813326 0.813326 0.813326
2739.731445 0.000000 1957.755249 0.000000 0.748501 0.000000 0.663133 0.726152 0.726152 0.726152
2741.802490 0.000000 1957.929443 0.000000 0.803105 0.000000 -0.595837 0.865017 0.865017 0.865017
2725.698730 0.000000 1977.651855 0.000000 0.763949 0.000000 -0.645276 0.871442 0.871442 0.871442
2765.233643 0.000000 1976.532715 0.000000 0.122877 0.000000 0.992422 0.652548 0.652548 0.652548
2767.640137 0.000000 1980.915771 0.000000 0.103358 0.000000 -0.994644 0.949453 0.949453 0.949453
2765.234863 0.000000 1979.326050 0.000000 0.852050 0.000000 -0.523460 0.856115 0.856115 0.856115
2796.135010 0.000000 1962.114746 0.000000 0.536120 0.000000 -0.844142 0.902365 0.902365 0.902365
2799.087891 0.000000 1966.115356 0.000000 0.938746 0.000000 0.344610 0.764164 0.764164 0.764164
2799.618408 0.000000 1969.015259 0.000000 0.290475 0.000000 -0.956883 0.929980 0.929980 0.929980
2796.787842 0.000000 1965.349365 0.000000 0.066041 0.000000 0.997817 0.646732 0.646732 0.646732
2797.369141 0.000000 1967.342773 0.000000 0.887935 0.000000 0.459969 0.751315 0.751315 0.751315
2727.008545 0.000000 1984.268921 0.000000 0.249042 0.000000 -0.968493 0.934363 0.934363 0.934363
2773.184082 0.000000 1987.955933 0.000000 0.143131 0.000000 -0.989704 0.945371 0.945371 0.945371
2769.562256 0.000000 1983.981812 0.000000 0.900862 0.000000 -0.434105 0.845739 0.845739 0.845739
2774.773926 0.000000 1983.847900 0.000000 0.962635 0.000000 0.270801 0.772068 0.772068 0.772068
2776.933350 0.000000 1986.792603 0.000000 0.235299 0.000000 -0.971923 0.935806 0.935806 0.935806
2807.799561 0.000000 1994.487305 0.000000 0.776876 0.000000 -0.629653 0.869377 0.869377 0.869377
2792.087891 0.000000 1992.293823 0.000000 0.551212 0.000000 -0.834365 0.900533 0.900533 0.900533
2800.624756 0.000000 1994.311157 0.000000 0.680341 0.000000 0.732896 0.716214 0.716214 0.716214
2796.135010 0.000000 1994.106934 0.000000 0.186461 0.000000 0.982462 0.659105 0.659105 0.659105
2788.118896 0.000000 1993.572510 0.000000 0.350168 0.000000 -0.936687 0.923560 0.923560 0.923560
2787.192383 0.000000 1990.969482 0.000000 0.993534 0.000000 0.113534 0.788411 0.788411 0.788411
2802.503418 0.000000 1992.395508 0.000000 0.006487 0.000000 0.999979 0.640661 0.640661 0.640661
2798.329590 0.000000 1995.510254 0.000000 0.574468 0.000000 -0.818527 0.897667 0.897667 0.897667
2805.392822 0.000000 1994.374146 0.000000 0.563266 0.000000 0.826276 0.700946 0.700946 0.700946
2789.545410 0.000000 1991.685669 0.000000 0.918839 0.000000 0.394633 0.758679 0.758679 0.758679
2794.591553 0.000000 1992.360474 0.000000 0.708080 0.000000 -0.706132 0.879860 0.879860 0.879860
2803.257080 0.000000 1994.278198 0.000000 0.808230 0.000000 0.588867 0.735864 0.735864 0.735864
2802.047363 0.000000 1995.706665 0.000000 0.951772 0.000000 -0.306805 0.831763 0.831763 0.831763
2796.047852 0.000000 1995.796265 0.000000 0.238760 0.000000 -0.971079 0.935443 0.935443 0.935443
2804.294189 0.000000 1993.174316 0.000000 0.621228 0.000000 -0.783630 0.891723 0.891723 0.891723
2804.995361 0.000000 1995.641968 0.000000 0.433541 0.000000 0.901134 0.685676 0.685676 0.685676
2762.147217 0.000000 2045.031006 0.000000 0.423911 0.000000 -0.905704 0.915410 0.915410 0.915410
2772.081543 0.000000 2045.975220 0.000000 0.597942 0.000000 0.801539 0.705285 0.705285 0.705285
2767.640137 0.000000 2044.900146 0.000000 0.999134 0.000000 0.041608 0.795761 0.795761 0.795761
2770.773682 0.000000 2042.334473 0.000000 0.964243 0.000000 -0.265021 0.827321 0.827321 0.827321
2764.910400 0.000000 2046.052002 0.000000 0.968415 0.000000 -0.249342 0.825669 0.825669 0.825669
2770.034180 0.000000 2044.672852 0.000000 0.735886 0.000000 0.677106 0.724235 0.724235 0.724235
2768.996582 0.000000 2046.530518 0.000000 0.876381 0.000000 0.481618 0.748816 0.748816 0.748816
2766.813477 0.000000 2046.762695 0.000000 0.273175 0.000000 -0.961964 0.931816 0.931816 0.931816
2786.538330 0.000000 2045.388550 0.000000 0.358437 0.000000 -0.933554 0.922659 0.922659 0.922659
2787.853027 0.000000 2040.607544 0.000000 0.886442 0.000000 0.462839 0.750986 0.750986 0.750986
2788.303223 0.000000 2043.388062 0.000000 0.743273 0.000000 -0.668989 0.874647 0.874647 0.874647
2786.049805 0.000000 2042.352905 0.000000 0.015815 0.000000 0.999875 0.641611 0.641611 0.641611
2787.526367 0.000000 2042.079590 0.000000 0.734911 0.000000 -0.678163 0.875912 0.875912 0.875912
2843.183105 0.000000 1791.938599 0.000000 0.041186 0.000000 -0.999151 0.955804 0.955804 0.955804
2846.286133 0.000000 1791.746826 0.000000 0.433601 0.000000 0.901105 0.685682 0.685682 0.685682
2905.755371 0.000000 1910.178589 0.000000 0.577170 0.000000 0.816624 0.702670 0.702670 0.702670
2922.127686 0.000000 1917.062256 0.000000 0.412078 0.000000 0.911149 0.683263 0.683263 0.683263
2923.131592 0.000000 1903.255005 0.000000 0.541930 0.000000 0.840424 0.698338 0.698338 0.698338
2920.502686 0.000000 1910.091675 0.000000 0.238094 0.000000 0.971242 0.664487 0.664487 0.664487
2915.610840 0.000000 1902.098755 0.000000 0.491976 0.000000 -0.870609 0.907608 0.907608 0.907608
2925.214111 0.000000 1912.548340 0.000000 0.302020 0.000000 -0.953302 0.928749 0.928749 0.928749
2911.925049 0.000000 1904.678223 0.000000 0.967460 0.000000 0.253025 0.773944 0.773944 0.773944
2919.634766 0.000000 1913.901855 0.000000 0.793244 0.000000 -0.608904 0.866685 0.866685 0.866685
2916.443115 0.000000 1908.477539 0.000000 0.640525 0.000000 0.767938 0.710811 0.710811 0.710811
2922.588379 0.000000 1906.784424 0.000000 0.092345 0.000000 -0.995727 0.950580 0.950580 0.950580
2915.392822 0.000000 1905.526733 0.000000 0.817743 0.000000 -0.575583 0.862472 0.862472 0.862472
2922.609131 0.000000 1914.005737 0.000000 0.818013 0.000000 -0.575199 0.862424 0.862424 0.862424
2927.327637 0.000000 1910.094482 0.000000 0.601376 0.000000 -0.798966 0.894278 0.894278 0.894278
2918.299072 0.000000 1911.650635 0.000000 0.999046 0.000000 -0.043674 0.804450 0.804450 0.804450
2923.799072 0.000000 1919.541626 0.000000 0.396061 0.000000 0.918224 0.681479 0.681479 0.681479
1181.739502 0.000000 2061.065430 0.000000 0.744579 0.000000 0.667535 0.725552 0.725552 0.725552
1180.006226 0.000000 2057.711426 0.000000 0.948490 0.000000 -0.316806 0.832835 0.832835 0.832835
1182.916382 0.000000 2056.863037 0.000000 0.832798 0.000000 0.553577 0.740244 0.740244 0.740244
1184.606689 0.000000 2055.428223 0.000000 0.617968 0.000000 -0.786203 0.892146 0.892146 0.892146
1202.458008 0.000000 2070.458740 0.000000 0.979294 0.000000 -0.202445 0.820764 0.820764 0.820764
1192.713623 0.000000 2070.052490 0.000000 0.849151 0.000000 -0.528149 0.856677 0.856677 0.856677
1187.821533 0.000000 2062.059570 0.000000 0.202231 0.000000 -0.979338 0.939258 0.939258 0.939258
1197.424927 0.000000 2072.509277 0.000000 0.923368 0.000000 -0.383917 0.840136 0.840136 0.840136
1198.244263 0.000000 2067.544678 0.000000 0.975388 0.000000 0.220497 0.777354 0.777354 0.777354
1191.870483 0.000000 2060.521973 0.000000 0.103847 0.000000 -0.994593 0.949403 0.949403 0.949403
1188.314087 0.000000 2057.556885 0.000000 0.679262 0.000000 -0.733895 0.883936 0.883936 0.883936
1184.386597 0.000000 2059.661377 0.000000 0.503441 0.000000 0.864030 0.693739 0.693739 0.693739
1202.964966 0.000000 2074.326660 0.000000 0.514373 0.000000 0.857567 0.695032 0.695032 0.695032
1195.814331 0.000000 2069.689697 0.000000 0.702198 0.000000 0.711982 0.719295 0.719295 0.719295
1194.819824 0.000000 2073.966797 0.000000 0.935927 0.000000 -0.352195 0.836661 0.836661 0.836661
1200.361694 0.000000 2072.769531 0.000000 0.850650 0.000000 -0.525732 0.856387 0.856387 0.856387
1199.538452 0.000000 2070.055420 0.000000 0.950478 0.000000 0.310791 0.767810 0.767810 0.767810
1185.095825 0.000000 2062.257324 0.000000 0.264280 0.000000 -0.964446 0.932757 0.932757 0.932757
1189.285400 0.000000 2059.939697 0.000000 0.862114 0.000000 0.506715 0.745875 0.745875 0.745875
1186.848999 0.000000 2059.649902 0.000000 0.739882 0.000000 0.672737 0.724838 0.724838 0.724838
1185.892700 0.000000 2057.429932 0.000000 0.777327 0.000000 0.629097 0.730696 0.730696 0.730696
1194.642944 0.000000 2071.693359 0.000000 0.896427 0.000000 0.443192 0.753231 0.753231 0.753231
1203.825562 0.000000 2072.216553 0.000000 0.149786 0.000000 0.988718 0.655315 0.655315 0.655315
1198.802368 0.000000 2073.911133 0.000000 0.243101 0.000000 -0.970001 0.934987 0.934987 0.934987
1197.600830 0.000000 2070.448730 0.000000 0.860762 0.000000 -0.509007 0.854396 0.854396 0.854396
1198.830444 0.000000 2071.597900 0.000000 0.303302 0.000000 -0.952894 0.928611 0.928611 0.928611
1201.015991 0.000000 2071.196045 0.000000 0.876960 0.000000 -0.480563 0.851062 0.851062 0.851062
1196.218628 0.000000 2071.309814 0.000000 0.903889 0.000000 0.427767 0.754976 0.754976 0.754976
1186.357544 0.000000 2061.179688 0.000000 0.393285 0.000000 -0.919417 0.918828 0.918828 0.918828
1241.842773 0.000000 2097.971191 0.000000 0.523324 0.000000 -0.852134 0.903901 0.903901 0.903901
1245.057007 0.000000 2086.254883 0.000000 0.572539 0.000000 -0.819877 0.897907 0.897907 0.897907
1245.731689 0.000000 2093.057617 0.000000 0.071207 0.000000 0.997462 0.647259 0.647259 0.647259
1245.900024 0.000000 2100.959717 0.000000 0.471854 0.000000 0.881677 0.690053 0.690053 0.690053
1245.469604 0.000000 2097.269043 0.000000 0.951189 0.000000 0.308610 0.768044 0.768044 0.768044
1242.657104 0.000000 2094.651611 0.000000 0.999987 0.000000 0.005091 0.799481 0.799481 0.799481
1246.908569 0.000000 2088.855225 0.000000 0.881982 0.000000 -0.471283 0.849987 0.849987 0.849987
1243.459229 0.000000 2096.600342 0.000000 0.980419 0.000000 -0.196924 0.820190 0.820190 0.820190
1244.739014 0.000000 2094.821533 0.000000 0.101560 0.000000 -0.994829 0.949637 0.949637 0.949637
1248.598877 0.000000 2087.420410 0.000000 0.975902 0.000000 -0.218208 0.822407 0.822407 0.822407
1262.031250 0.000000 2083.324463 0.000000 0.517250 0.000000 0.855834 0.695374 0.695374 0.695374
1255.188110 0.000000 2080.245605 0.000000 0.712969 0.000000 -0.701195 0.879152 0.879152 0.879152
1252.868164 0.000000 2084.740234 0.000000 0.656150 0.000000 -0.754630 0.887099 0.887099 0.887099
1260.001953 0.000000 2079.502441 0.000000 0.264188 0.000000 0.964471 0.667233 0.667233 0.667233
1257.539673 0.000000 2084.238770 0.000000 0.762748 0.000000 0.646695 0.728368 0.728368 0.728368
1252.306274 0.000000 2089.549072 0.000000 0.468019 0.000000 -0.883718 0.910390 0.910390 0.910390
1248.378784 0.000000 2091.653564 0.000000 0.459339 0.000000 0.888261 0.688612 0.688612 0.688612
1260.208374 0.000000 2086.520508 0.000000 0.211918 0.000000 -0.977287 0.938249 0.938249 0.938249
1257.823364 0.000000 2081.402344 0.000000 0.999987 0.000000 -0.005069 0.800516 0.800516 0.800516
1251.379761 0.000000 2086.946045 0.000000 0.449678 0.000000 -0.893191 0.912492 0.912492 0.912492
1253.732666 0.000000 2087.662109 0.000000 0.683081 0.000000 0.730343 0.716595 0.716595 0.716595
1259.678223 0.000000 2083.021729 0.000000 0.042986 0.000000 0.999076 0.644380 0.644380 0.644380
1249.884888 0.000000 2089.422119 0.000000 0.671138 0.000000 -0.741332 0.885058 0.885058 0.885058
1249.699585 0.000000 2085.506836 0.000000 0.113098 0.000000 0.993584 0.651545 0.651545 0.651545
1259.043823 0.000000 2085.213135 0.000000 0.997554 0.000000 0.069901 0.792874 0.792874 0.792874
1258.210693 0.000000 2082.888428 0.000000 0.691406 0.000000 0.722466 0.717763 0.717763 0.717763
2765.847900 0.000000 2051.332275 0.000000 0.826590 0.000000 -0.562805 0.860889 0.860889 0.860889
2768.628662 0.000000 2058.295654 0.000000 0.144689 0.000000 0.989477 0.654790 0.654790 0.654790
2781.712646 0.000000 2068.967529 0.000000 0.395896 0.000000 -0.918295 0.918539 0.918539 0.918539
2769.562256 0.000000 2047.966187 0.000000 0.732796 0.000000 -0.680448 0.876229 0.876229 0.876229
2763.818604 0.000000 2047.510376 0.000000 0.999463 0.000000 0.032776 0.796661 0.796661 0.796661
2769.394287 0.000000 2054.024658 0.000000 0.908168 0.000000 -0.418606 0.843994 0.843994 0.843994
2781.282227 0.000000 2065.276855 0.000000 0.403376 0.000000 -0.915034 0.917708 0.917708 0.917708
2764.024902 0.000000 2054.528320 0.000000 0.459588 0.000000 0.888132 0.688641 0.688641 0.688641
2766.639893 0.000000 2048.555420 0.000000 0.913815 0.000000 -0.406131 0.842599 0.842599 0.842599
2783.124268 0.000000 2066.902588 0.000000 0.999988 0.000000 0.004893 0.799502 0.799502 0.799502
2767.134033 0.000000 2053.321045 0.000000 0.383149 0.000000 0.923687 0.680051 0.680051 0.680051
2764.752197 0.000000 2049.400391 0.000000 0.951657 0.000000 0.307163 0.768199 0.768199 0.768199
2768.613281 0.000000 2056.319336 0.000000 0.107725 0.000000 -0.994181 0.949006 0.949006 0.949006
2764.569580 0.000000 2052.708008 0.000000 0.312622 0.000000 0.949877 0.672386 0.672386 0.672386
2767.963379 0.000000 2047.577881 0.000000 0.999976 0.000000 -0.006877 0.800700 0.800700 0.800700
2797.843994 0.000000 2051.332275 0.000000 0.838827 0.000000 -0.544397 0.858637 0.858637 0.858637
2784.648193 0.000000 2069.005615 0.000000 0.560805 0.000000 -0.827948 0.899357 0.899357 0.899357
2804.077637 0.000000 2077.967529 0.000000 0.152298 0.000000 -0.988335 0.944426 0.944426 0.944426
2802.600098 0.000000 2064.214355 0.000000 0.780797 0.000000 0.624785 0.731260 0.731260 0.731260
2798.049072 0.000000 2067.544678 0.000000 0.534865 0.000000 0.844937 0.697484 0.697484 0.697484
2783.940674 0.000000 2064.639160 0.000000 0.427951 0.000000 -0.903802 0.914955 0.914955 0.914955
2801.390381 0.000000 2054.024658 0.000000 0.873702 0.000000 -0.486461 0.851748 0.851748 0.851748
2799.087891 0.000000 2062.092041 0.000000 0.434793 0.000000 -0.900531 0.914183 0.914183 0.914183
2802.769775 0.000000 2074.326660 0.000000 0.555139 0.000000 -0.831757 0.900053 0.900053 0.900053
2796.020996 0.000000 2054.528320 0.000000 0.981643 0.000000 -0.190729 0.819547 0.819547 0.819547
2801.646973 0.000000 2067.275391 0.000000 0.927394 0.000000 -0.374085 0.839054 0.839054 0.839054
2799.618408 0.000000 2064.991943 0.000000 0.939245 0.000000 0.343248 0.764311 0.764311 0.764311
2798.814453 0.000000 2055.628662 0.000000 0.705032 0.000000 -0.709175 0.880298 0.880298 0.880298
2805.492920 0.000000 2075.516113 0.000000 0.278593 0.000000 0.960409 0.668758 0.668758 0.668758
2802.030273 0.000000 2076.665039 0.000000 0.734414 0.000000 -0.678702 0.875986 0.875986 0.875986
2785.230713 0.000000 2066.646973 0.000000 0.827804 0.000000 -0.561017 0.860669 0.860669 0.860669
2800.802246 0.000000 2063.403076 0.000000 0.853897 0.000000 -0.520442 0.855754 0.855754 0.855754
2803.718994 0.000000 2075.934814 0.000000 0.680150 0.000000 -0.733073 0.883813 0.883813 0.883813
2783.688965 0.000000 2067.508545 0.000000 0.821272 0.000000 0.570536 0.738155 0.738155 0.738155
2801.184082 0.000000 2065.633545 0.000000 0.539157 0.000000 -0.842205 0.901998 0.901998 0.901998
2797.750732 0.000000 2054.205078 0.000000 0.733854 0.000000 -0.679307 0.876070 0.876070 0.876070
2805.424805 0.000000 2077.090332 0.000000 0.652407 0.000000 -0.757869 0.887603 0.887603 0.887603
2783.927734 0.000000 2066.119629 0.000000 0.743025 0.000000 0.669264 0.725315 0.725315 0.725315
2642.282227 0.000000 2358.388428 0.000000 0.931902 0.000000 -0.362711 0.837808 0.837808 0.837808
2637.249268 0.000000 2360.438965 0.000000 0.862350 0.000000 0.506313 0.745923 0.745923 0.745923
2639.655762 0.000000 2364.822021 0.000000 0.644781 0.000000 -0.764368 0.888624 0.888624 0.888624
2654.006836 0.000000 2365.613037 0.000000 0.558330 0.000000 0.829619 0.700338 0.700338 0.700338
2631.669922 0.000000 2361.792480 0.000000 0.101738 0.000000 -0.994811 0.949619 0.949619 0.949619
2642.789307 0.000000 2362.256348 0.000000 0.496558 0.000000 0.868004 0.692929 0.692929 0.692929
2634.644287 0.000000 2361.896484 0.000000 0.823929 0.000000 -0.566694 0.861369 0.861369 0.861369
2640.186035 0.000000 2360.699219 0.000000 0.641904 0.000000 0.766785 0.710994 0.710994 0.710994
2637.250488 0.000000 2363.232178 0.000000 0.956345 0.000000 -0.292239 0.830208 0.830208 0.830208
2634.467285 0.000000 2359.623047 0.000000 0.364261 0.000000 -0.931297 0.922023 0.922023 0.922023
2632.266602 0.000000 2363.893555 0.000000 0.892281 0.000000 0.451480 0.752287 0.752287 0.752287
2640.326904 0.000000 2362.784180 0.000000 0.980873 0.000000 0.194647 0.780046 0.780046 0.780046
2638.626709 0.000000 2361.840820 0.000000 0.886651 0.000000 -0.462439 0.848968 0.848968 0.848968
2641.946045 0.000000 2360.573975 0.000000 0.133897 0.000000 -0.990995 0.946320 0.946320 0.946320
2633.195801 0.000000 2361.310547 0.000000 0.743888 0.000000 -0.668304 0.874554 0.874554 0.874554
2638.835449 0.000000 2363.343994 0.000000 0.081378 0.000000 0.996683 0.648298 0.648298 0.648298
2635.588379 0.000000 2360.635498 0.000000 0.049176 0.000000 -0.998790 0.954989 0.954989 0.954989
2666.158936 0.000000 2364.952881 0.000000 0.870603 0.000000 0.491987 0.747607 0.747607 0.747607
2658.553955 0.000000 2365.310547 0.000000 0.838972 0.000000 0.544174 0.741390 0.741390 0.741390
2655.770264 0.000000 2364.619873 0.000000 0.906933 0.000000 0.421275 0.755706 0.755706 0.755706
2665.291504 0.000000 2367.256104 0.000000 0.463522 0.000000 -0.886085 0.910907 0.910907 0.910907
2667.063477 0.000000 2366.560303 0.000000 0.602912 0.000000 -0.797808 0.894082 0.894082 0.894082
2657.733154 0.000000 2366.996582 0.000000 0.999806 0.000000 -0.019689 0.802006 0.802006 0.802006
2657.064209 0.000000 2365.574219 0.000000 0.987985 0.000000 0.154548 0.784195 0.784195 0.784195
2615.822998 0.000000 2378.393555 0.000000 0.090140 0.000000 0.995929 0.649194 0.649194 0.649194
2619.210449 0.000000 2367.798096 0.000000 0.878900 0.000000 0.477007 0.749351 0.749351 0.749351
2620.889160 0.000000 2374.184570 0.000000 0.039438 0.000000 -0.999222 0.955982 0.955982 0.955982
2610.623535 0.000000 2384.136230 0.000000 0.896277 0.000000 0.443494 0.753196 0.753196 0.753196
2613.838623 0.000000 2387.862793 0.000000 0.812839 0.000000 -0.582488 0.863335 0.863335 0.863335
2616.685547 0.000000 2374.318848 0.000000 0.485998 0.000000 0.873960 0.691694 0.691694 0.691694
2615.065918 0.000000 2382.490967 0.000000 0.999985 0.000000 0.005539 0.799436 0.799436 0.799436
2611.856445 0.000000 2380.173096 0.000000 0.957236 0.000000 0.289307 0.770104 0.770104 0.770104
2621.886230 0.000000 2370.582764 0.000000 0.972196 0.000000 -0.234169 0.824076 0.824076 0.824076
2616.952881 0.000000 2370.698975 0.000000 0.937746 0.000000 0.347322 0.763869 0.763869 0.763869
2609.670410 0.000000 2387.197266 0.000000 0.743100 0.000000 0.669180 0.725326 0.725326 0.725326
2613.787109 0.000000 2385.016602 0.000000 0.997795 0.000000 0.066368 0.793235 0.793235 0.793235
2619.557861 0.000000 2371.882568 0.000000 0.794975 0.000000 -0.606643 0.866395 0.866395 0.866395
2613.416260 0.000000 2378.280273 0.000000 0.995770 0.000000 -0.091884 0.809372 0.809372 0.809372
2611.921875 0.000000 2386.431641 0.000000 0.377853 0.000000 0.925866 0.679468 0.679468 0.679468
2612.540771 0.000000 2382.773193 0.000000 0.046542 0.000000 -0.998916 0.955258 0.955258 0.955258
2614.122314 0.000000 2380.400879 0.000000 0.571578 0.000000 0.820547 0.701974 0.701974 0.701974
2617.689453 0.000000 2372.591553 0.000000 0.302330 0.000000 -0.953203 0.928715 0.928715 0.928715
2620.802734 0.000000 2369.007324 0.000000 0.909430 0.000000 0.415858 0.756314 0.756314 0.756314
2619.467529 0.000000 2373.477295 0.000000 0.941822 0.000000 0.336113 0.765084 0.765084 0.765084
2610.672363 0.000000 2385.613770 0.000000 0.984876 0.000000 0.173261 0.782262 0.782262 0.782262
2647.819092 0.000000 2378.393555 0.000000 0.981831 0.000000 0.189760 0.780553 0.780553 0.780553
2645.199707 0.000000 2371.862061 0.000000 0.039435 0.000000 0.999222 0.644018 0.644018 0.644018
2648.681641 0.000000 2374.318848 0.000000 0.997922 0.000000 -0.064440 0.806568 0.806568 0.806568
2647.062012 0.000000 2382.490967 0.000000 0.611175 0.000000 0.791495 0.706977 0.706977 0.706977
2631.669922 0.000000 2393.784668 0.000000 0.020381 0.000000 -0.999792 0.957924 0.957924 0.957924
2645.047852 0.000000 2375.758789 0.000000 0.482290 0.000000 0.876011 0.691262 0.691262 0.691262
2648.948975 0.000000 2370.698975 0.000000 0.500820 0.000000 0.865551 0.693430 0.693430 0.693430
2642.166016 0.000000 2370.902100 0.000000 0.561832 0.000000 -0.827251 0.899231 0.899231 0.899231
2654.309570 0.000000 2367.606201 0.000000 0.995526 0.000000 -0.094486 0.809639 0.809639 0.809639
2644.239502 0.000000 2368.995850 0.000000 0.955527 0.000000 -0.294904 0.830492 0.830492 0.830492
2645.412354 0.000000 2378.280273 0.000000 0.911194 0.000000 0.411978 0.756748 0.756748 0.756748
2646.702637 0.000000 2370.062500 0.000000 0.353212 0.000000 0.935543 0.676771 0.676771 0.676771
2647.327148 0.000000 2372.487305 0.000000 0.999976 0.000000 -0.006916 0.800704 0.800704 0.800704
2646.118408 0.000000 2380.400879 0.000000 0.946625 0.000000 0.322338 0.766570 0.766570 0.766570
2647.341797 0.000000 2376.099609 0.000000 0.892875 0.000000 0.450304 0.752421 0.752421 0.752421
2645.814209 0.000000 2373.827881 0.000000 0.485952 0.000000 0.873986 0.691689 0.691689 0.691689
2645.259766 0.000000 2370.262207 0.000000 0.632987 0.000000 -0.774162 0.890185 0.890185 0.890185
2647.629883 0.000000 2371.113037 0.000000 0.396735 0.000000 -0.917933 0.918446 0.918446 0.918446
2646.372803 0.000000 2371.398926 0.000000 0.894601 0.000000 0.446866 0.752813 0.752813 0.752813
2669.859619 0.000000 2371.254150 0.000000 0.630810 0.000000 -0.775938 0.890471 0.890471 0.890471
2663.016357 0.000000 2368.175293 0.000000 0.943270 0.000000 -0.332026 0.834474 0.834474 0.834474
2664.533936 0.000000 2389.974365 0.000000 0.604306 0.000000 -0.796752 0.893904 0.893904 0.893904
2663.193359 0.000000 2385.564941 0.000000 0.013472 0.000000 0.999909 0.641372 0.641372 0.641372
2667.830322 0.000000 2367.432129 0.000000 0.998179 0.000000 0.060324 0.793852 0.793852 0.793852
2657.162109 0.000000 2368.665039 0.000000 0.677623 0.000000 0.735409 0.715837 0.715837 0.715837
2666.619629 0.000000 2386.667236 0.000000 0.710783 0.000000 0.703412 0.720531 0.720531 0.720531
2660.153809 0.000000 2369.586670 0.000000 0.369245 0.000000 -0.929332 0.921477 0.921477 0.921477
2667.634766 0.000000 2389.611572 0.000000 0.990476 0.000000 -0.137683 0.814069 0.814069 0.814069
2665.651611 0.000000 2369.332031 0.000000 0.599230 0.000000 -0.800577 0.894552 0.894552 0.894552
2662.353271 0.000000 2382.914062 0.000000 0.268807 0.000000 0.963194 0.667721 0.667721 0.667721
2659.372314 0.000000 2367.469238 0.000000 0.872058 0.000000 -0.489403 0.852091 0.852091 0.852091
2664.814453 0.000000 2367.547607 0.000000 0.699261 0.000000 -0.714867 0.881124 0.881124 0.881124
2658.462891 0.000000 2369.746338 0.000000 0.697949 0.000000 0.716148 0.718689 0.718689 0.718689
2663.681396 0.000000 2384.025146 0.000000 0.633091 0.000000 0.774077 0.709829 0.709829 0.709829
2667.099121 0.000000 2368.782715 0.000000 0.279869 0.000000 -0.960038 0.931107 0.931107 0.931107
2664.103516 0.000000 2408.192139 0.000000 0.882739 0.000000 0.469864 0.750177 0.750177 0.750177
2668.036621 0.000000 2406.442383 0.000000 0.299310 0.000000 0.954156 0.670962 0.670962 0.670962
2666.607178 0.000000 2408.259033 0.000000 0.327452 0.000000 0.944868 0.673981 0.673981 0.673981
6012.371582 0.000000 1853.133423 0.000000 0.495654 0.000000 -0.868520 0.907177 0.907177 0.907177
6013.563477 0.000000 1852.507568 0.000000 0.292321 0.000000 0.956320 0.670217 0.670217 0.670217
6010.838379 0.000000 1853.890137 0.000000 0.372388 0.000000 0.928077 0.678868 0.678868 0.678868
6011.759277 0.000000 1852.079590 0.000000 0.775056 0.000000 0.631893 0.730329 0.730329 0.730329
6010.398438 0.000000 1852.118896 0.000000 0.492517 0.000000 0.870303 0.692455 0.692455 0.692455
6005.708496 0.000000 1868.525879 0.000000 0.709087 0.000000 0.705121 0.720286 0.720286 0.720286
6009.275879 0.000000 1860.716553 0.000000 0.400078 0.000000 -0.916481 0.918075 0.918075 0.918075
6003.453613 0.000000 1858.809326 0.000000 0.431298 0.000000 -0.902210 0.914578 0.914578 0.914578
6004.650879 0.000000 1869.526978 0.000000 0.667713 0.000000 -0.744419 0.885528 0.885528 0.885528
6009.881836 0.000000 1859.388306 0.000000 0.985188 0.000000 -0.171476 0.817553 0.817553 0.817553
6009.533691 0.000000 1861.952637 0.000000 0.958995 0.000000 0.283422 0.770730 0.770730 0.770730
6008.100586 0.000000 1860.137573 0.000000 0.194904 0.000000 0.980822 0.659981 0.659981 0.659981
6013.944336 0.000000 1857.520996 0.000000 0.999790 0.000000 -0.020503 0.802089 0.802089 0.802089
6005.808105 0.000000 1869.801514 0.000000 0.230316 0.000000 0.973116 0.663672 0.663672 0.663672
6013.107910 0.000000 1863.250732 0.000000 0.971599 0.000000 -0.236633 0.824334 0.824334 0.824334
6008.273438 0.000000 1861.255371 0.000000 0.509234 0.000000 0.860628 0.694423 0.694423 0.694423
6013.293457 0.000000 1856.565063 0.000000 0.963980 0.000000 -0.265974 0.827422 0.827422 0.827422
6002.531250 0.000000 1859.705200 0.000000 0.792038 0.000000 0.610472 0.733114 0.733114 0.733114
6009.009277 0.000000 1859.778198 0.000000 0.463406 0.000000 -0.886146 0.910921 0.910921 0.910921
6004.428711 0.000000 1868.621460 0.000000 0.370841 0.000000 -0.928696 0.921302 0.921302 0.921302
6002.555176 0.000000 1858.578003 0.000000 0.695235 0.000000 0.718782 0.718304 0.718304 0.718304
6018.794434 0.000000 1854.758057 0.000000 0.846104 0.000000 0.533017 0.742739 0.742739 0.742739
6020.864258 0.000000 1848.434692 0.000000 0.690825 0.000000 -0.723022 0.882319 0.882319 0.882319
6020.164551 0.000000 1849.701172 0.000000 0.950081 0.000000 -0.312003 0.832320 0.832320 0.832320
6020.169434 0.000000 1871.937988 0.000000 0.978880 0.000000 -0.204437 0.820972 0.820972 0.820972
6020.468750 0.000000 1870.761841 0.000000 0.337239 0.000000 0.941419 0.675038 0.675038 0.675038
6021.573730 0.000000 1859.610107 0.000000 0.458828 0.000000 0.888525 0.688554 0.688554 0.688554
6021.137207 0.000000 1871.639038 0.000000 0.373160 0.000000 -0.927767 0.921048 0.921048 0.921048
6020.599121 0.000000 1858.180908 0.000000 0.500535 0.000000 0.865716 0.693396 0.693396 0.693396
6021.657715 0.000000 1858.667480 0.000000 0.933035 0.000000 0.359786 0.762512 0.762512 0.762512
7148.698730 0.000000 472.899933 0.000000 0.178984 0.000000 -0.983852 0.941670 0.941670 0.941670
7149.301270 0.000000 473.678070 0.000000 0.432595 0.000000 -0.901588 0.914431 0.914431 0.914431
7149.602051 0.000000 472.791199 0.000000 0.104364 0.000000 0.994539 0.650650 0.650650 0.650650
7155.312988 0.000000 483.145203 0.000000 0.406405 0.000000 -0.913693 0.917370 0.917370 0.917370
7154.978027 0.000000 482.173767 0.000000 0.840911 0.000000 -0.541173 0.858246 0.858246 0.858246
7154.414551 0.000000 482.913910 0.000000 0.995577 0.000000 -0.093949 0.809584 0.809584 0.809584
6993.751465 0.000000 630.810364 0.000000 0.978851 0.000000 -0.204573 0.820986 0.820986 0.820986
6986.113281 0.000000 634.318237 0.000000 0.898986 0.000000 -0.437977 0.846178 0.846178 0.846178
6982.885742 0.000000 639.026001 0.000000 0.135421 0.000000 0.990788 0.653836 0.653836 0.653836
6986.799805 0.000000 635.995728 0.000000 0.216575 0.000000 0.976266 0.662236 0.662236 0.662236
6992.309082 0.000000 631.547546 0.000000 0.988884 0.000000 0.148691 0.784798 0.784798 0.784798
6987.929199 0.000000 634.259216 0.000000 0.944960 0.000000 0.327187 0.766048 0.766048 0.766048
6987.205078 0.000000 637.407104 0.000000 0.467816 0.000000 0.883826 0.689587 0.689587 0.689587
6993.156738 0.000000 635.633179 0.000000 0.989285 0.000000 0.145995 0.785076 0.785076 0.785076
6992.750488 0.000000 634.205078 0.000000 0.435780 0.000000 0.900053 0.685929 0.685929 0.685929
6987.639160 0.000000 635.312744 0.000000 0.546074 0.000000 0.837737 0.698841 0.698841 0.698841
6992.751465 0.000000 630.564209 0.000000 0.330724 0.000000 -0.943728 0.925666 0.925666 0.925666
6983.962402 0.000000 639.047791 0.000000 0.325023 0.000000 -0.945706 0.926281 0.926281 0.926281
6986.990723 0.000000 634.635742 0.000000 0.726239 0.000000 -0.687442 0.877205 0.877205 0.877205
6986.188965 0.000000 635.290283 0.000000 0.991844 0.000000 -0.127461 0.813019 0.813019 0.813019
6993.194336 0.000000 631.690125 0.000000 0.964998 0.000000 0.262255 0.772971 0.772971 0.772971
7047.999023 0.000000 630.404114 0.000000 0.675766 0.000000 0.737117 0.715580 0.715580 0.715580
7049.114258 0.000000 618.546204 0.000000 0.578503 0.000000 0.815680 0.702836 0.702836 0.702836
7054.861816 0.000000 626.948853 0.000000 0.999999 0.000000 0.001379 0.799859 0.799859 0.799859
7048.469238 0.000000 619.982727 0.000000 0.999172 0.000000 0.040689 0.795854 0.795854 0.795854
7046.553711 0.000000 630.756409 0.000000 0.849647 0.000000 0.527352 0.743419 0.743419 0.743419
7048.735840 0.000000 631.447754 0.000000 0.466222 0.000000 -0.884668 0.910597 0.910597 0.910597
7046.911621 0.000000 631.817078 0.000000 0.722967 0.000000 0.690883 0.722311 0.722311 0.722311
7054.528320 0.000000 627.908813 0.000000 0.842336 0.000000 0.538953 0.742022 0.742022 0.742022
7049.096191 0.000000 630.480164 0.000000 0.993290 0.000000 -0.115652 0.811807 0.811807 0.811807
7055.526855 0.000000 626.228027 0.000000 0.916100 0.000000 -0.400950 0.842022 0.842022 0.842022
7054.434082 0.000000 626.087219 0.000000 0.665513 0.000000 -0.746386 0.885828 0.885828 0.885828
7047.773438 0.000000 631.310547 0.000000 0.323252 0.000000 -0.946313 0.926472 0.926472 0.926472
7047.132812 0.000000 630.065552 0.000000 0.479014 0.000000 -0.877807 0.909118 0.909118 0.909118
7003.022949 0.000000 644.304565 0.000000 0.567982 0.000000 -0.823041 0.898472 0.898472 0.898472
6976.719238 0.000000 658.990845 0.000000 0.619578 0.000000 -0.784935 0.891937 0.891937 0.891937
7000.678223 0.000000 640.961670 0.000000 0.455899 0.000000 -0.890031 0.911782 0.911782 0.911782
7002.932617 0.000000 645.899170 0.000000 0.609155 0.000000 -0.793051 0.893283 0.893283 0.893283
7001.955078 0.000000 641.189270 0.000000 0.889275 0.000000 0.457372 0.751613 0.751613 0.751613
7002.226562 0.000000 644.992004 0.000000 0.877456 0.000000 0.479657 0.749044 0.749044 0.749044
6983.261719 0.000000 639.878784 0.000000 0.300364 0.000000 0.953825 0.671075 0.671075 0.671075
6977.829590 0.000000 658.052429 0.000000 0.838826 0.000000 0.544399 0.741363 0.741363 0.741363
6977.439453 0.000000 659.703735 0.000000 0.992151 0.000000 -0.125048 0.812771 0.812771 0.812771
7063.280273 0.000000 650.815430 0.000000 0.995547 0.000000 -0.094266 0.809616 0.809616 0.809616
7051.501465 0.000000 646.872009 0.000000 0.865110 0.000000 0.501583 0.746480 0.746480 0.746480
7050.256836 0.000000 647.253784 0.000000 0.829916 0.000000 0.557888 0.739716 0.739716 0.739716
7062.101074 0.000000 651.254333 0.000000 0.969134 0.000000 0.246534 0.774627 0.774627 0.774627
7042.021973 0.000000 640.910583 0.000000 0.516273 0.000000 0.856424 0.695258 0.695258 0.695258
7043.528320 0.000000 640.827759 0.000000 0.942106 0.000000 -0.335316 0.834830 0.834830 0.834830
7042.775879 0.000000 641.502930 0.000000 0.168794 0.000000 0.985651 0.657276 0.657276 0.657276
7098.663574 0.000000 640.219849 0.000000 0.354168 0.000000 0.935182 0.676876 0.676876 0.676876
7091.200195 0.000000 646.075562 0.000000 0.946907 0.000000 -0.321507 0.833341 0.833341 0.833341
7090.204102 0.000000 647.286682 0.000000 0.410210 0.000000 0.911991 0.683054 0.683054 0.683054
7099.124512 0.000000 641.281372 0.000000 0.749835 0.000000 -0.661625 0.873643 0.873643 0.873643
7129.024414 0.000000 664.584961 0.000000 0.309329 0.000000 -0.950955 0.927967 0.927967 0.927967
7126.483398 0.000000 669.222656 0.000000 0.367734 0.000000 0.929931 0.678357 0.678357 0.678357
7129.998535 0.000000 665.759888 0.000000 0.174154 0.000000 0.984719 0.657830 0.657830 0.657830
7128.730957 0.000000 665.594360 0.000000 0.746516 0.000000 -0.665368 0.874152 0.874152 0.874152
7128.059082 0.000000 664.353943 0.000000 0.186316 0.000000 0.982490 0.659090 0.659090 0.659090
7127.247559 0.000000 668.709106 0.000000 0.862742 0.000000 0.505644 0.746002 0.746002 0.746002
7139.321777 0.000000 664.943481 0.000000 0.793753 0.000000 -0.608241 0.866600 0.866600 0.866600
7143.852539 0.000000 664.403320 0.000000 0.785383 0.000000 -0.619010 0.867989 0.867989 0.867989
7137.186523 0.000000 671.410522 0.000000 0.920663 0.000000 0.390359 0.759152 0.759152 0.759152
7142.277832 0.000000 665.194519 0.000000 0.397038 0.000000 0.917802 0.681588 0.681588 0.681588
7138.110840 0.000000 665.796936 0.000000 0.934153 0.000000 -0.356872 0.837170 0.837170 0.837170
7143.727051 0.000000 665.408203 0.000000 0.798916 0.000000 -0.601443 0.865730 0.865730 0.865730
7137.378418 0.000000 670.460571 0.000000 0.250702 0.000000 -0.968064 0.934188 0.934188 0.934188
7136.293457 0.000000 671.634583 0.000000 0.947978 0.000000 0.318337 0.767000 0.767000 0.767000
7132.338867 0.000000 678.598694 0.000000 1.000000 0.000000 -0.000062 0.800006 0.800006 0.800006
7128.134766 0.000000 678.732910 0.000000 0.144370 0.000000 -0.989524 0.945243 0.945243 0.945243
7107.931641 0.000000 692.774414 0.000000 0.450599 0.000000 0.892726 0.687613 0.687613 0.687613
7133.335938 0.000000 674.996826 0.000000 0.022685 0.000000 -0.999743 0.957689 0.957689 0.957689
7114.076660 0.000000 691.081299 0.000000 0.997816 0.000000 -0.066054 0.806733 0.806733 0.806733
7121.120117 0.000000 691.611328 0.000000 0.443087 0.000000 0.896478 0.686757 0.686757 0.686757
7115.091797 0.000000 694.025635 0.000000 0.630051 0.000000 0.776554 0.709429 0.709429 0.709429
7131.007324 0.000000 676.296753 0.000000 0.930331 0.000000 -0.366720 0.838246 0.838246 0.838246
7109.787598 0.000000 695.947449 0.000000 0.998959 0.000000 -0.045615 0.804648 0.804648 0.804648
7130.052734 0.000000 684.363770 0.000000 0.682915 0.000000 -0.730498 0.883428 0.883428 0.883428
7108.188477 0.000000 703.397156 0.000000 0.954697 0.000000 -0.297579 0.830777 0.830777 0.830777
7121.502930 0.000000 701.000977 0.000000 0.935653 0.000000 0.352922 0.763260 0.763260 0.763260
7110.344727 0.000000 692.684692 0.000000 0.956067 0.000000 -0.293150 0.830305 0.830305 0.830305
7126.795410 0.000000 680.513611 0.000000 0.553965 0.000000 0.832540 0.699803 0.699803 0.699803
7112.278320 0.000000 692.261536 0.000000 0.945090 0.000000 0.326810 0.766088 0.766088 0.766088
7129.139160 0.000000 677.005554 0.000000 0.863903 0.000000 0.503659 0.746236 0.746236 0.746236
7109.131836 0.000000 694.207397 0.000000 0.562401 0.000000 0.826865 0.700839 0.700839 0.700839
7132.296875 0.000000 680.460266 0.000000 0.999135 0.000000 0.041596 0.795762 0.795762 0.795762
7131.094727 0.000000 685.772583 0.000000 0.920809 0.000000 -0.390013 0.840809 0.840809 0.840809
7129.088867 0.000000 682.833252 0.000000 0.677709 0.000000 -0.735330 0.884151 0.884151 0.884151
7113.456543 0.000000 693.522949 0.000000 0.041997 0.000000 -0.999118 0.955721 0.955721 0.955721
7108.144043 0.000000 695.544128 0.000000 0.028832 0.000000 -0.999584 0.957063 0.957063 0.957063
7115.496582 0.000000 695.645752 0.000000 0.787975 0.000000 0.615707 0.732439 0.732439 0.732439
7117.406250 0.000000 701.117188 0.000000 0.834201 0.000000 -0.551460 0.859497 0.859497 0.859497
7130.916992 0.000000 677.891357 0.000000 0.980072 0.000000 0.198642 0.779631 0.779631 0.779631
7124.687012 0.000000 696.565430 0.000000 0.713283 0.000000 -0.700876 0.879106 0.879106 0.879106
7124.493164 0.000000 672.105347 0.000000 0.587258 0.000000 -0.809400 0.896066 0.896066 0.896066
7126.072754 0.000000 681.815063 0.000000 0.334040 0.000000 0.942559 0.674692 0.674692 0.674692
7125.262207 0.000000 673.349487 0.000000 0.825678 0.000000 -0.564142 0.861054 0.861054 0.861054
7123.280762 0.000000 676.541504 0.000000 0.890694 0.000000 0.454603 0.751930 0.751930 0.751930
7109.949219 0.000000 683.946045 0.000000 0.714091 0.000000 -0.700053 0.878989 0.878989 0.878989
7132.821777 0.000000 681.755920 0.000000 0.434544 0.000000 -0.900651 0.914211 0.914211 0.914211
7108.755859 0.000000 682.881165 0.000000 0.339548 0.000000 -0.940589 0.924712 0.924712 0.924712
7115.419434 0.000000 690.774536 0.000000 0.182441 0.000000 -0.983217 0.941312 0.941312 0.941312
7109.571289 0.000000 703.488708 0.000000 0.646320 0.000000 0.763066 0.711582 0.711582 0.711582
7127.715820 0.000000 681.506287 0.000000 0.758024 0.000000 0.652227 0.727627 0.727627 0.727627
7128.245605 0.000000 683.790222 0.000000 0.479017 0.000000 0.877806 0.690882 0.690882 0.690882
7120.152344 0.000000 700.456604 0.000000 0.008521 0.000000 -0.999964 0.959132 0.959132 0.959132
7129.396973 0.000000 678.241760 0.000000 0.534703 0.000000 0.845040 0.697464 0.697464 0.697464
7108.845703 0.000000 702.318542 0.000000 0.993165 0.000000 0.116721 0.788084 0.788084 0.788084
7114.042969 0.000000 694.723206 0.000000 0.505788 0.000000 0.862658 0.694015 0.694015 0.694015
7111.475586 0.000000 693.202820 0.000000 0.268573 0.000000 -0.963259 0.932303 0.932303 0.932303
7133.489258 0.000000 678.238220 0.000000 0.251912 0.000000 0.967750 0.665939 0.665939 0.665939
7106.646973 0.000000 693.527161 0.000000 0.885324 0.000000 -0.464975 0.849260 0.849260 0.849260
7120.483398 0.000000 701.618347 0.000000 0.786727 0.000000 -0.617301 0.867768 0.867768 0.867768
7116.212891 0.000000 700.759277 0.000000 0.974885 0.000000 0.222708 0.777123 0.777123 0.777123
7120.087402 0.000000 691.037109 0.000000 0.911499 0.000000 0.411303 0.756824 0.756824 0.756824
7130.954590 0.000000 687.650635 0.000000 0.489776 0.000000 -0.871848 0.907865 0.907865 0.907865
7129.252441 0.000000 679.989075 0.000000 0.994717 0.000000 0.102659 0.789525 0.789525 0.789525
7132.971191 0.000000 679.539734 0.000000 0.367226 0.000000 0.930132 0.678302 0.678302 0.678302
7128.136719 0.000000 677.544495 0.000000 0.095011 0.000000 -0.995476 0.950308 0.950308 0.950308
7131.949219 0.000000 685.102051 0.000000 0.973209 0.000000 0.229924 0.776369 0.776369 0.776369
7130.210938 0.000000 676.984192 0.000000 0.932864 0.000000 0.360230 0.762464 0.762464 0.762464
7110.121094 0.000000 693.693420 0.000000 0.303810 0.000000 0.952733 0.671443 0.671443 0.671443
7133.471191 0.000000 680.457703 0.000000 0.577804 0.000000 -0.816175 0.897251 0.897251 0.897251
7109.960938 0.000000 702.492981 0.000000 0.217397 0.000000 0.976083 0.662322 0.662322 0.662322
7130.991699 0.000000 684.760437 0.000000 0.714567 0.000000 0.699567 0.721080 0.721080 0.721080
7125.219238 0.000000 697.700562 0.000000 0.131539 0.000000 0.991311 0.653437 0.653437 0.653437
7112.461426 0.000000 693.403137 0.000000 0.064950 0.000000 -0.997889 0.953380 0.953380 0.953380
7128.187012 0.000000 682.437256 0.000000 0.444915 0.000000 0.895573 0.686965 0.686965 0.686965
7106.935059 0.000000 692.324402 0.000000 0.357002 0.000000 -0.934103 0.922816 0.922816 0.922816
7121.396973 0.000000 701.990173 0.000000 0.719043 0.000000 0.694966 0.721734 0.721734 0.721734
7121.365234 0.000000 690.680481 0.000000 0.993237 0.000000 0.116103 0.788147 0.788147 0.788147
7109.027832 0.000000 695.163696 0.000000 0.995893 0.000000 0.090536 0.790765 0.790765 0.790765
7111.249023 0.000000 692.273315 0.000000 0.472840 0.000000 -0.881148 0.909833 0.909833 0.909833
7128.872559 0.000000 676.067261 0.000000 0.226923 0.000000 0.973913 0.663317 0.663317 0.663317
7132.665527 0.000000 674.295349 0.000000 0.625599 0.000000 -0.780145 0.891154 0.891154 0.891154
7131.178711 0.000000 686.741150 0.000000 0.961885 0.000000 0.273454 0.771787 0.771787 0.771787
7114.867676 0.000000 691.615234 0.000000 0.148827 0.000000 -0.988863 0.944784 0.944784 0.944784
7129.006836 0.000000 679.089661 0.000000 0.505972 0.000000 -0.862550 0.905963 0.905963 0.905963
7130.248535 0.000000 686.114868 0.000000 0.124412 0.000000 0.992231 0.652705 0.652705 0.652705
7125.333496 0.000000 672.424622 0.000000 0.841296 0.000000 0.540574 0.741826 0.741826 0.741826
7129.542969 0.000000 683.605652 0.000000 0.607156 0.000000 0.794583 0.706461 0.706461 0.706461
7117.429688 0.000000 700.165405 0.000000 0.969951 0.000000 -0.243299 0.825033 0.825033 0.825033
7136.615234 0.000000 673.079224 0.000000 0.103795 0.000000 -0.994599 0.949408 0.949408 0.949408
7138.661133 0.000000 679.289856 0.000000 0.723587 0.000000 0.690233 0.722403 0.722403 0.722403
7140.545410 0.000000 675.424927 0.000000 0.855371 0.000000 -0.518016 0.855465 0.855465 0.855465
7137.226562 0.000000 671.907837 0.000000 0.963038 0.000000 0.269366 0.772219 0.772219 0.772219
7139.755371 0.000000 679.994873 0.000000 0.251802 0.000000 0.967779 0.665927 0.665927 0.665927
7139.195801 0.000000 678.201538 0.000000 1.000000 0.000000 0.000262 0.799973 0.799973 0.799973
7141.437012 0.000000 675.899170 0.000000 0.923271 0.000000 -0.384148 0.840162 0.840162 0.840162
7138.024902 0.000000 678.188843 0.000000 0.960186 0.000000 -0.279362 0.828839 0.828839 0.828839
7140.462402 0.000000 674.469910 0.000000 0.970851 0.000000 -0.239684 0.824654 0.824654 0.824654
7141.520996 0.000000 674.956543 0.000000 0.647160 0.000000 -0.762354 0.888306 0.888306 0.888306
7136.269531 0.000000 672.243286 0.000000 0.470811 0.000000 -0.882234 0.910068 0.910068 0.910068
7136.040527 0.000000 673.883301 0.000000 0.527403 0.000000 -0.849616 0.903413 0.903413 0.903413
7109.645508 0.000000 703.870483 0.000000 0.297624 0.000000 0.954683 0.670782 0.670782 0.670782
7134.357910 0.000000 895.213013 0.000000 0.615035 0.000000 -0.788500 0.892525 0.892525 0.892525
7132.234863 0.000000 893.367798 0.000000 0.449256 0.000000 0.893403 0.687460 0.687460 0.687460
7133.426758 0.000000 892.741943 0.000000 0.898725 0.000000 -0.438513 0.846238 0.846238 0.846238
7134.972168 0.000000 894.092285 0.000000 0.967704 0.000000 -0.252091 0.825958 0.825958 0.825958
7135.416016 0.000000 895.140442 0.000000 0.423604 0.000000 0.905848 0.684555 0.684555 0.684555
7143.715820 0.000000 892.252991 0.000000 0.191038 0.000000 0.981583 0.659579 0.659579 0.659579
7141.127930 0.000000 886.160522 0.000000 0.383186 0.000000 -0.923671 0.919945 0.919945 0.919945
7136.883301 0.000000 892.337402 0.000000 0.987709 0.000000 -0.156307 0.815987 0.815987 0.815987
7140.140137 0.000000 887.497253 0.000000 0.692073 0.000000 0.721828 0.717857 0.717857 0.717857
7136.517578 0.000000 893.933716 0.000000 0.924376 0.000000 -0.381484 0.839868 0.839868 0.839868
7135.713867 0.000000 891.427917 0.000000 0.525383 0.000000 0.850866 0.696345 0.696345 0.696345
7141.567383 0.000000 895.441833 0.000000 0.904346 0.000000 0.426800 0.755085 0.755085 0.755085
7140.841797 0.000000 894.271667 0.000000 0.838567 0.000000 -0.544798 0.858686 0.858686 0.858686
7139.903809 0.000000 885.973633 0.000000 0.999164 0.000000 -0.040883 0.804165 0.804165 0.804165
7143.151855 0.000000 893.354797 0.000000 0.652918 0.000000 -0.757429 0.887534 0.887534 0.887534
7138.643066 0.000000 885.480286 0.000000 0.784931 0.000000 -0.619583 0.868064 0.868064 0.868064
7142.509277 0.000000 892.432800 0.000000 0.899361 0.000000 0.437206 0.753910 0.753910 0.753910
7149.005371 0.000000 895.277466 0.000000 0.041090 0.000000 -0.999155 0.955813 0.955813 0.955813
7141.957031 0.000000 894.446106 0.000000 0.676613 0.000000 0.736339 0.715697 0.715697 0.715697
7138.931152 0.000000 884.277527 0.000000 0.991175 0.000000 0.132557 0.786458 0.786458 0.786458
7141.023926 0.000000 887.116821 0.000000 0.515587 0.000000 0.856837 0.695176 0.695176 0.695176
7149.302734 0.000000 894.295898 0.000000 0.965061 0.000000 0.262025 0.772995 0.772995 0.772995
7137.164551 0.000000 893.285706 0.000000 0.248583 0.000000 0.968611 0.665589 0.665589 0.665589
6974.206055 0.000000 954.953979 0.000000 0.703892 0.000000 -0.710307 0.880462 0.880462 0.880462
6974.612793 0.000000 947.176147 0.000000 0.863620 0.000000 -0.504144 0.853821 0.853821 0.853821
6974.377441 0.000000 959.197388 0.000000 0.881710 0.000000 0.471792 0.749954 0.749954 0.749954
6974.991699 0.000000 958.076660 0.000000 0.138384 0.000000 0.990379 0.654141 0.654141 0.654141
6977.538086 0.000000 954.618591 0.000000 0.994002 0.000000 0.109360 0.788838 0.788838 0.788838
6975.435547 0.000000 959.124817 0.000000 0.696578 0.000000 0.717481 0.718494 0.718494 0.718494
6990.095703 0.000000 954.184631 0.000000 0.996938 0.000000 -0.078196 0.807973 0.807973 0.807973
6977.206055 0.000000 959.340210 0.000000 0.852461 0.000000 -0.522791 0.856035 0.856035 0.856035
6975.177734 0.000000 947.781921 0.000000 0.979345 0.000000 -0.202195 0.820738 0.820738 0.820738
6985.212891 0.000000 955.572266 0.000000 0.707417 0.000000 0.706796 0.720045 0.720045 0.720045
6980.255371 0.000000 957.149780 0.000000 0.910261 0.000000 -0.414036 0.843482 0.843482 0.843482
6990.304199 0.000000 955.687744 0.000000 0.223981 0.000000 -0.974594 0.936990 0.936990 0.936990
6975.733398 0.000000 955.412292 0.000000 0.975014 0.000000 -0.222144 0.822818 0.822818 0.822818
6975.416016 0.000000 946.393005 0.000000 0.988837 0.000000 -0.149000 0.815234 0.815234 0.815234
6984.743652 0.000000 951.369629 0.000000 0.319545 0.000000 0.947571 0.673130 0.673130 0.673130
6984.132812 0.000000 954.908325 0.000000 0.823381 0.000000 0.567488 0.738533 0.738533 0.738533
6981.105469 0.000000 956.354431 0.000000 0.882348 0.000000 -0.470597 0.849908 0.849908 0.849908
6991.248535 0.000000 954.117004 0.000000 0.134590 0.000000 0.990901 0.653751 0.653751 0.653751
6976.336914 0.000000 954.442017 0.000000 0.672295 0.000000 -0.740284 0.884899 0.884899 0.884899
6985.068359 0.000000 954.587097 0.000000 0.011086 0.000000 -0.999939 0.958871 0.958871 0.958871
6985.104004 0.000000 950.402039 0.000000 0.072267 0.000000 0.997385 0.647367 0.647367 0.647367
6977.397949 0.000000 958.390259 0.000000 0.561904 0.000000 0.827203 0.700778 0.700778 0.700778
6977.604492 0.000000 955.652710 0.000000 0.797574 0.000000 0.603221 0.734043 0.734043 0.734043
6976.734863 0.000000 955.295288 0.000000 0.837565 0.000000 0.546338 0.741127 0.741127 0.741127
6976.312988 0.000000 959.564270 0.000000 0.999992 0.000000 0.004052 0.799587 0.799587 0.799587
6990.759277 0.000000 954.907532 0.000000 0.999401 0.000000 -0.034619 0.803527 0.803527 0.803527
6975.843262 0.000000 947.172791 0.000000 0.484589 0.000000 0.874742 0.691530 0.691530 0.691530
6975.095703 0.000000 961.504211 0.000000 0.908142 0.000000 -0.418662 0.844000 0.844000 0.844000
6974.706543 0.000000 960.489868 0.000000 0.985391 0.000000 0.170309 0.782567 0.782567 0.782567
6975.419922 0.000000 959.904907 0.000000 0.813809 0.000000 -0.581132 0.863165 0.863165 0.863165
6975.192383 0.000000 961.474365 0.000000 0.492384 0.000000 0.870378 0.692440 0.692440 0.692440
6981.964844 0.000000 971.875732 0.000000 0.877503 0.000000 -0.479571 0.850946 0.850946 0.850946
6980.771484 0.000000 970.810852 0.000000 0.275804 0.000000 -0.961214 0.931538 0.931538 0.931538
6977.246094 0.000000 959.837524 0.000000 0.983507 0.000000 -0.180871 0.818525 0.818525 0.818525
6977.493652 0.000000 966.915344 0.000000 0.999990 0.000000 0.004440 0.799548 0.799548 0.799548
6976.383301 0.000000 966.742554 0.000000 0.824148 0.000000 0.566374 0.738671 0.738671 0.738671
7132.338867 0.000000 902.544006 0.000000 0.141974 0.000000 0.989870 0.654510 0.654510 0.654510
7129.745117 0.000000 899.622681 0.000000 0.223110 0.000000 -0.974793 0.937081 0.937081 0.937081
7133.489258 0.000000 902.183533 0.000000 0.231883 0.000000 -0.972744 0.936164 0.936164 0.936164
7132.971191 0.000000 903.485046 0.000000 0.999944 0.000000 0.010620 0.798918 0.798918 0.798918
7128.303711 0.000000 898.044189 0.000000 0.019405 0.000000 -0.999812 0.958023 0.958023 0.958023
7137.166504 0.000000 905.711182 0.000000 0.997124 0.000000 -0.075789 0.807727 0.807727 0.807727
7140.545410 0.000000 899.370239 0.000000 0.922419 0.000000 -0.386190 0.840387 0.840387 0.840387
7135.400391 0.000000 895.920532 0.000000 0.419325 0.000000 0.907836 0.684075 0.684075 0.684075
7148.877930 0.000000 895.800232 0.000000 0.987883 0.000000 0.155202 0.784127 0.784127 0.784127
7137.371582 0.000000 904.097168 0.000000 0.840967 0.000000 -0.541086 0.858236 0.858236 0.858236
7136.898438 0.000000 907.117859 0.000000 0.939905 0.000000 -0.341435 0.835492 0.835492 0.835492
7139.321289 0.000000 908.878906 0.000000 0.833026 0.000000 0.553234 0.740286 0.740286 0.740286
7136.049316 0.000000 904.964233 0.000000 0.701221 0.000000 0.712944 0.719156 0.719156 0.719156
7137.474121 0.000000 902.930969 0.000000 0.978309 0.000000 -0.207153 0.821254 0.821254 0.821254
7141.641602 0.000000 895.823608 0.000000 0.304585 0.000000 -0.952485 0.928474 0.928474 0.928474
7136.363770 0.000000 902.758179 0.000000 0.697621 0.000000 -0.716467 0.881357 0.881357 0.881357
7141.437012 0.000000 899.844482 0.000000 0.104022 0.000000 -0.994575 0.949385 0.949385 0.949385
7139.889160 0.000000 909.734619 0.000000 0.978605 0.000000 0.205749 0.778892 0.778892 0.778892
7140.462402 0.000000 898.415222 0.000000 0.243077 0.000000 -0.970007 0.934990 0.934990 0.934990
7137.791016 0.000000 904.983093 0.000000 0.095923 0.000000 0.995389 0.649786 0.649786 0.649786
7141.520996 0.000000 898.901855 0.000000 0.942744 0.000000 0.333518 0.765365 0.765365 0.765365
7138.593262 0.000000 909.536926 0.000000 0.704872 0.000000 -0.709334 0.880321 0.880321 0.880321
7136.284668 0.000000 905.983215 0.000000 0.227010 0.000000 -0.973892 0.936674 0.936674 0.936674
7137.195801 0.000000 907.991333 0.000000 0.391284 0.000000 -0.920270 0.919050 0.919050 0.919050
7139.655273 0.000000 908.058228 0.000000 0.961902 0.000000 -0.273395 0.828207 0.828207 0.828207
7315.348145 0.000000 498.892487 0.000000 0.600271 0.000000 -0.799796 0.894419 0.894419 0.894419
7314.098145 0.000000 498.074799 0.000000 0.985579 0.000000 -0.169216 0.817320 0.817320 0.817320
7314.435547 0.000000 499.803131 0.000000 0.813761 0.000000 -0.581200 0.863173 0.863173 0.863173
7418.624512 0.000000 448.266754 0.000000 0.949666 0.000000 -0.313265 0.832455 0.832455 0.832455
7418.972168 0.000000 452.351440 0.000000 0.691950 0.000000 -0.721945 0.882160 0.882160 0.882160
7421.916016 0.000000 463.633179 0.000000 0.990531 0.000000 0.137291 0.785971 0.785971 0.785971
7416.142090 0.000000 464.309784 0.000000 0.334679 0.000000 0.942332 0.674761 0.674761 0.674761
7418.881836 0.000000 453.946014 0.000000 0.693636 0.000000 -0.720325 0.881922 0.881922 0.881922
7417.327148 0.000000 465.043762 0.000000 0.998539 0.000000 -0.054044 0.805508 0.805508 0.805508
7421.544434 0.000000 462.483551 0.000000 0.972193 0.000000 -0.234179 0.824077 0.824077 0.824077
7419.981445 0.000000 453.538971 0.000000 0.722569 0.000000 -0.691299 0.877748 0.877748 0.877748
7419.085449 0.000000 449.328247 0.000000 0.821846 0.000000 0.569710 0.738258 0.738258 0.738258
7418.175781 0.000000 453.038879 0.000000 0.360401 0.000000 0.932797 0.677555 0.677555 0.677555
7420.200195 0.000000 462.193298 0.000000 0.051837 0.000000 -0.998656 0.954718 0.954718 0.954718
7419.944336 0.000000 452.007019 0.000000 0.127089 0.000000 0.991891 0.652980 0.652980 0.652980
7420.972656 0.000000 463.365021 0.000000 0.927713 0.000000 0.373294 0.761033 0.761033 0.761033
7426.478027 0.000000 453.366211 0.000000 0.562258 0.000000 -0.826962 0.899178 0.899178 0.899178
7427.160645 0.000000 452.060760 0.000000 0.981843 0.000000 0.189694 0.780560 0.780560 0.780560
7430.989258 0.000000 462.328278 0.000000 0.134022 0.000000 -0.990978 0.946307 0.946307 0.946307
7428.716797 0.000000 458.935852 0.000000 0.024225 0.000000 -0.999707 0.957532 0.957532 0.957532
7430.905762 0.000000 463.434174 0.000000 0.793714 0.000000 -0.608292 0.866606 0.866606 0.866606
7443.511230 0.000000 510.350250 0.000000 0.839827 0.000000 -0.542855 0.858450 0.858450 0.858450
7443.210449 0.000000 511.396149 0.000000 0.563404 0.000000 0.826182 0.700963 0.700963 0.700963
7549.900391 0.000000 495.625366 0.000000 0.539794 0.000000 0.841797 0.698079 0.698079 0.698079
7543.005371 0.000000 503.132355 0.000000 0.872124 0.000000 0.489285 0.747922 0.747922 0.747922
7546.183594 0.000000 487.342834 0.000000 0.994334 0.000000 -0.106298 0.810848 0.810848 0.810848
7543.021973 0.000000 498.447815 0.000000 0.605339 0.000000 0.795968 0.706228 0.706228 0.706228
7542.464844 0.000000 487.111145 0.000000 0.473658 0.000000 0.880709 0.690261 0.690261 0.690261
7542.495605 0.000000 499.890289 0.000000 0.324921 0.000000 -0.945741 0.926292 0.926292 0.926292
7547.451660 0.000000 487.556396 0.000000 0.217916 0.000000 -0.975967 0.937624 0.937624 0.937624
7543.120605 0.000000 486.071960 0.000000 0.874191 0.000000 -0.485583 0.851646 0.851646 0.851646
7549.528809 0.000000 494.475739 0.000000 0.779882 0.000000 0.625926 0.731111 0.731111 0.731111
7548.184570 0.000000 494.185486 0.000000 0.994303 0.000000 0.106587 0.789122 0.789122 0.789122
7548.957031 0.000000 495.357208 0.000000 0.408489 0.000000 0.912763 0.682862 0.682862 0.682862
7543.362305 0.000000 487.477417 0.000000 0.153630 0.000000 -0.988128 0.944289 0.944289 0.944289
7543.226562 0.000000 499.323425 0.000000 0.986763 0.000000 0.162169 0.783408 0.783408 0.783408
7563.553223 0.000000 490.474152 0.000000 0.159489 0.000000 -0.987200 0.943685 0.943685 0.943685
7552.930176 0.000000 485.897552 0.000000 0.551635 0.000000 -0.834086 0.900481 0.900481 0.900481
7552.847656 0.000000 491.219391 0.000000 0.355959 0.000000 0.934502 0.677071 0.677071 0.677071
7562.266602 0.000000 491.379456 0.000000 0.110032 0.000000 -0.993928 0.948770 0.948770 0.948770
7562.285156 0.000000 490.068909 0.000000 0.998604 0.000000 -0.052820 0.805383 0.805383 0.805383
7552.512695 0.000000 484.571198 0.000000 0.936882 0.000000 0.349645 0.763617 0.763617 0.763617
7553.520996 0.000000 484.919678 0.000000 0.622281 0.000000 0.782794 0.708414 0.708414 0.708414
7552.233887 0.000000 490.084778 0.000000 0.823271 0.000000 0.567648 0.738513 0.738513 0.738513
7190.930176 0.000000 571.761230 0.000000 0.826318 0.000000 -0.563204 0.860938 0.860938 0.860938
7191.964355 0.000000 575.293457 0.000000 0.159416 0.000000 0.987212 0.656308 0.656308 0.656308
7187.184082 0.000000 572.302124 0.000000 0.728073 0.000000 -0.685500 0.876933 0.876933 0.876933
7191.235352 0.000000 574.262939 0.000000 0.157640 0.000000 -0.987497 0.943876 0.943876 0.943876
7191.019043 0.000000 570.502563 0.000000 0.414038 0.000000 -0.910260 0.916518 0.916518 0.916518
7186.666992 0.000000 573.465088 0.000000 0.632910 0.000000 -0.774225 0.890195 0.890195 0.890195
7190.894043 0.000000 575.317017 0.000000 0.998472 0.000000 -0.055260 0.805632 0.805632 0.805632
7187.816895 0.000000 573.261292 0.000000 0.733099 0.000000 -0.680122 0.876183 0.876183 0.876183
7191.809082 0.000000 571.269287 0.000000 0.889133 0.000000 -0.457649 0.848419 0.848419 0.848419
7191.914062 0.000000 570.256287 0.000000 0.191341 0.000000 -0.981524 0.940389 0.940389 0.940389
7201.999512 0.000000 573.747925 0.000000 0.436089 0.000000 -0.899903 0.914036 0.914036 0.914036
7200.875488 0.000000 572.415527 0.000000 0.835351 0.000000 0.549716 0.740715 0.740715 0.740715
7201.156738 0.000000 573.363831 0.000000 0.996711 0.000000 0.081041 0.791736 0.791736 0.791736
7234.645996 0.000000 575.070557 0.000000 0.456259 0.000000 0.889847 0.688260 0.688260 0.688260
7235.565430 0.000000 574.263123 0.000000 0.379855 0.000000 -0.925046 0.920312 0.920312 0.920312
7184.855469 0.000000 582.383911 0.000000 0.006857 0.000000 0.999977 0.640698 0.640698 0.640698
7192.126953 0.000000 582.756348 0.000000 0.740326 0.000000 0.672248 0.724905 0.724905 0.724905
7198.364258 0.000000 581.439453 0.000000 0.723693 0.000000 -0.690122 0.877582 0.877582 0.877582
7190.787598 0.000000 584.537048 0.000000 0.302207 0.000000 0.953242 0.671271 0.671271 0.671271
7187.309082 0.000000 579.121765 0.000000 0.990110 0.000000 0.140292 0.785663 0.785663 0.785663
7190.064941 0.000000 585.838501 0.000000 0.999145 0.000000 -0.041354 0.804214 0.804214 0.804214
7188.705566 0.000000 578.699768 0.000000 0.445258 0.000000 0.895402 0.687004 0.687004 0.687004
7187.272949 0.000000 580.564941 0.000000 0.994286 0.000000 0.106748 0.789106 0.789106 0.789106
7191.694824 0.000000 575.883057 0.000000 0.795904 0.000000 -0.605423 0.866239 0.866239 0.866239
7193.400391 0.000000 589.626282 0.000000 0.966475 0.000000 -0.256760 0.826450 0.826450 0.826450
7191.708008 0.000000 585.529724 0.000000 0.984527 0.000000 0.175235 0.782058 0.782058 0.782058
7193.389160 0.000000 582.265198 0.000000 0.224647 0.000000 -0.974440 0.936921 0.936921 0.936921
7184.939453 0.000000 583.704712 0.000000 0.773393 0.000000 0.633927 0.730061 0.730061 0.730061
7189.818359 0.000000 579.836548 0.000000 0.984371 0.000000 0.176108 0.781968 0.781968 0.781968
7192.978027 0.000000 588.627197 0.000000 0.989662 0.000000 -0.143418 0.814659 0.814659 0.814659
7185.848145 0.000000 582.009888 0.000000 0.482695 0.000000 -0.875789 0.908691 0.908691 0.908691
7186.386719 0.000000 580.017761 0.000000 0.940652 0.000000 0.339374 0.764731 0.764731 0.764731
7186.974121 0.000000 578.150330 0.000000 0.845738 0.000000 0.533599 0.742669 0.742669 0.742669
7192.999023 0.000000 583.113098 0.000000 0.456183 0.000000 0.889886 0.688251 0.688251 0.688251
7188.178711 0.000000 579.450317 0.000000 0.588981 0.000000 0.808147 0.704151 0.704151 0.704151
7186.410645 0.000000 578.890503 0.000000 0.996852 0.000000 0.079280 0.791916 0.791916 0.791916
7199.146973 0.000000 580.246338 0.000000 0.362044 0.000000 -0.932161 0.922265 0.922265 0.922265
7205.006348 0.000000 584.029419 0.000000 0.999123 0.000000 -0.041877 0.804267 0.804267 0.804267
7202.505371 0.000000 581.334961 0.000000 0.993978 0.000000 -0.109577 0.811184 0.811184 0.811184
7204.985352 0.000000 585.451050 0.000000 0.905189 0.000000 0.425009 0.755287 0.755287 0.755287
7203.187988 0.000000 580.029541 0.000000 0.833315 0.000000 -0.552799 0.859661 0.859661 0.859661
7199.666992 0.000000 581.196106 0.000000 0.425512 0.000000 -0.904953 0.915230 0.915230 0.915230
7204.079102 0.000000 584.983704 0.000000 0.149702 0.000000 0.988731 0.655306 0.655306 0.655306
7177.608398 0.000000 637.374695 0.000000 0.999319 0.000000 0.036901 0.796240 0.796240 0.796240
7170.003418 0.000000 637.732300 0.000000 0.856940 0.000000 -0.515416 0.855156 0.855156 0.855156
7173.894043 0.000000 635.540344 0.000000 0.068631 0.000000 -0.997642 0.953004 0.953004 0.953004
7170.370605 0.000000 636.321472 0.000000 0.281108 0.000000 0.959676 0.669025 0.669025 0.669025
7172.831055 0.000000 635.084595 0.000000 0.787570 0.000000 0.616225 0.732372 0.732372 0.732372
7171.081055 0.000000 637.198608 0.000000 0.028483 0.000000 0.999594 0.642902 0.642902 0.642902
7176.520508 0.000000 637.021729 0.000000 0.660001 0.000000 0.751265 0.713422 0.713422 0.713422
7177.831543 0.000000 636.403442 0.000000 0.720299 0.000000 -0.693664 0.878082 0.878082 0.878082
7234.649414 0.000000 583.313293 0.000000 0.012161 0.000000 0.999926 0.641239 0.641239 0.641239
7234.813965 0.000000 575.906860 0.000000 0.361086 0.000000 0.932532 0.677630 0.677630 0.677630
7236.533691 0.000000 579.448364 0.000000 0.032105 0.000000 -0.999484 0.956729 0.956729 0.956729
7235.184082 0.000000 582.224976 0.000000 0.986629 0.000000 0.162981 0.783324 0.783324 0.783324
7237.425293 0.000000 579.922607 0.000000 0.695119 0.000000 -0.718895 0.881713 0.881713 0.881713
7234.013184 0.000000 582.212280 0.000000 0.132016 0.000000 -0.991248 0.946514 0.946514 0.946514
7236.450684 0.000000 578.493347 0.000000 0.804466 0.000000 0.593999 0.735216 0.735216 0.735216
7237.509277 0.000000 578.979980 0.000000 0.515609 0.000000 0.856824 0.695179 0.695179 0.695179
7182.101074 0.000000 640.899231 0.000000 0.873738 0.000000 0.486397 0.748259 0.748259 0.748259
7181.794434 0.000000 651.838318 0.000000 0.226081 0.000000 -0.974109 0.936771 0.936771 0.936771
7189.259766 0.000000 646.249756 0.000000 0.011261 0.000000 0.999937 0.641147 0.641147 0.641147
7172.595703 0.000000 640.472961 0.000000 0.626934 0.000000 0.779072 0.709021 0.709021 0.709021
7178.321777 0.000000 645.564697 0.000000 0.225237 0.000000 -0.974304 0.936859 0.936859 0.936859
7173.444824 0.000000 641.978943 0.000000 0.951564 0.000000 0.307450 0.768168 0.768168 0.768168
7178.548340 0.000000 641.204529 0.000000 0.875569 0.000000 0.483094 0.748644 0.748644 0.748644
7183.857910 0.000000 641.312805 0.000000 0.505719 0.000000 0.862698 0.694007 0.694007 0.694007
7180.988281 0.000000 650.672546 0.000000 0.356871 0.000000 -0.934154 0.922830 0.922830 0.922830
7188.190430 0.000000 646.925110 0.000000 0.999455 0.000000 0.033011 0.796637 0.796637 0.796637
7178.198242 0.000000 644.321045 0.000000 0.048153 0.000000 0.998840 0.644907 0.644907 0.644907
7182.834473 0.000000 641.779602 0.000000 0.995663 0.000000 0.093034 0.790510 0.790510 0.790510
7179.244141 0.000000 644.385376 0.000000 0.503081 0.000000 -0.864239 0.906304 0.906304 0.906304
7180.298828 0.000000 651.475647 0.000000 0.951200 0.000000 0.308574 0.768048 0.768048 0.768048
7172.431641 0.000000 641.462402 0.000000 0.783706 0.000000 -0.621132 0.868265 0.868265 0.868265
7179.276367 0.000000 645.797974 0.000000 0.624921 0.000000 0.780688 0.708758 0.708758 0.708758
7173.541016 0.000000 640.986206 0.000000 0.827999 0.000000 0.560729 0.739367 0.739367 0.739367
7189.085449 0.000000 647.241150 0.000000 0.448807 0.000000 0.893629 0.687408 0.687408 0.687408
7181.918945 0.000000 650.908997 0.000000 0.911947 0.000000 0.410307 0.756935 0.756935 0.756935
7183.025879 0.000000 640.761902 0.000000 0.999999 0.000000 0.001216 0.799876 0.799876 0.799876
7178.432617 0.000000 640.076172 0.000000 0.492048 0.000000 -0.870568 0.907600 0.907600 0.907600
7179.411133 0.000000 641.376465 0.000000 0.488489 0.000000 -0.872570 0.908015 0.908015 0.908015
7226.714844 0.000000 722.602478 0.000000 0.770618 0.000000 0.637298 0.729617 0.729617 0.729617
7227.942871 0.000000 722.433838 0.000000 0.763132 0.000000 -0.646243 0.871571 0.871571 0.871571
7227.340332 0.000000 723.468445 0.000000 0.398386 0.000000 -0.917218 0.918263 0.918263 0.918263
7226.197266 0.000000 723.469238 0.000000 0.457428 0.000000 -0.889246 0.911607 0.911607 0.911607
7211.481934 0.000000 742.848572 0.000000 0.998334 0.000000 -0.057702 0.805881 0.805881 0.805881
7210.064941 0.000000 755.065674 0.000000 0.115070 0.000000 -0.993357 0.948253 0.948253 0.948253
7209.094727 0.000000 746.514954 0.000000 0.958519 0.000000 0.285029 0.770559 0.770559 0.770559
7212.249023 0.000000 749.646179 0.000000 0.978337 0.000000 0.207017 0.778760 0.778760 0.778760
7210.952148 0.000000 739.349792 0.000000 0.024671 0.000000 -0.999696 0.957487 0.957487 0.957487
7208.878418 0.000000 753.197937 0.000000 0.256597 0.000000 0.966519 0.666432 0.666432 0.666432
7211.626465 0.000000 756.143921 0.000000 0.917350 0.000000 -0.398082 0.841704 0.841704 0.841704
7216.645508 0.000000 753.953979 0.000000 0.549775 0.000000 0.835313 0.699292 0.699292 0.699292
7208.449707 0.000000 747.951477 0.000000 0.897184 0.000000 -0.441657 0.846595 0.846595 0.846595
7210.589355 0.000000 753.505920 0.000000 0.614921 0.000000 -0.788589 0.892540 0.892540 0.892540
7213.640625 0.000000 749.312195 0.000000 0.555712 0.000000 0.831375 0.700017 0.700017 0.700017
7206.963867 0.000000 755.320190 0.000000 0.263252 0.000000 -0.964727 0.932866 0.932866 0.932866
7230.518555 0.000000 756.872925 0.000000 0.012116 0.000000 0.999927 0.641234 0.641234 0.641234
7211.407715 0.000000 754.758911 0.000000 0.676880 0.000000 0.736093 0.715734 0.715734 0.715734
7210.301758 0.000000 756.358948 0.000000 0.713329 0.000000 -0.700829 0.879100 0.879100 0.879100
7211.669434 0.000000 752.402588 0.000000 0.110363 0.000000 -0.993891 0.948736 0.948736 0.948736
7210.237305 0.000000 743.230347 0.000000 0.921752 0.000000 0.387779 0.759438 0.759438 0.759438
7212.711426 0.000000 748.440186 0.000000 0.589951 0.000000 -0.807439 0.895727 0.895727 0.895727
7216.904785 0.000000 752.757507 0.000000 0.523907 0.000000 -0.851776 0.903832 0.903832 0.903832
7211.240234 0.000000 743.994751 0.000000 0.349471 0.000000 -0.936947 0.923636 0.923636 0.923636
7210.279297 0.000000 738.313660 0.000000 0.404358 0.000000 0.914601 0.682402 0.682402 0.682402
7208.339844 0.000000 752.265381 0.000000 0.742227 0.000000 -0.670149 0.874806 0.874806 0.874806
7209.480469 0.000000 747.994507 0.000000 0.483454 0.000000 0.875369 0.691398 0.691398 0.691398
7211.339355 0.000000 738.291565 0.000000 0.969146 0.000000 0.246486 0.774632 0.774632 0.774632
7211.632324 0.000000 757.163879 0.000000 0.271344 0.000000 0.962483 0.667990 0.667990 0.667990
7210.303711 0.000000 752.499084 0.000000 0.983315 0.000000 -0.181910 0.818633 0.818633 0.818633
7210.454590 0.000000 757.296814 0.000000 0.457373 0.000000 -0.889275 0.911613 0.911613 0.911613
7210.855957 0.000000 755.599609 0.000000 0.787259 0.000000 0.616622 0.732320 0.732320 0.732320
7206.112793 0.000000 755.775879 0.000000 0.846861 0.000000 -0.531814 0.857117 0.857117 0.857117
7233.995605 0.000000 765.701050 0.000000 0.687050 0.000000 0.726610 0.717150 0.717150 0.717150
7256.161621 0.000000 752.239502 0.000000 0.991316 0.000000 0.131502 0.786566 0.786566 0.786566
7255.057129 0.000000 754.385315 0.000000 0.696371 0.000000 -0.717682 0.881535 0.881535 0.881535
7257.878906 0.000000 766.906860 0.000000 0.555223 0.000000 -0.831702 0.900043 0.900043 0.900043
7258.411133 0.000000 763.425659 0.000000 0.591993 0.000000 0.805943 0.704531 0.704531 0.704531
7232.871582 0.000000 764.368652 0.000000 0.959850 0.000000 -0.280513 0.828961 0.828961 0.828961
7233.174805 0.000000 767.387085 0.000000 0.004571 0.000000 0.999990 0.640466 0.640466 0.640466
7241.181641 0.000000 763.619141 0.000000 0.761262 0.000000 0.648445 0.728134 0.728134 0.728134
7262.316406 0.000000 753.161621 0.000000 0.467990 0.000000 -0.883734 0.910393 0.910393 0.910393
7232.505859 0.000000 765.964966 0.000000 0.343363 0.000000 -0.939203 0.924299 0.924299 0.924299
7249.125488 0.000000 763.601929 0.000000 0.549461 0.000000 0.835519 0.699253 0.699253 0.699253
7248.719238 0.000000 762.173828 0.000000 0.892849 0.000000 0.450357 0.752415 0.752415 0.752415
7257.346680 0.000000 752.973450 0.000000 0.976050 0.000000 -0.217545 0.822338 0.822338 0.822338
7254.530762 0.000000 755.827759 0.000000 0.988909 0.000000 0.148521 0.784816 0.784816 0.784816
7256.004395 0.000000 753.501160 0.000000 0.838494 0.000000 0.544911 0.741300 0.741300 0.741300
7240.101562 0.000000 762.955200 0.000000 0.902114 0.000000 0.431499 0.754555 0.754555 0.754555
7256.796875 0.000000 766.413147 0.000000 0.999135 0.000000 0.041582 0.795763 0.795763 0.795763
7259.523926 0.000000 763.293640 0.000000 0.973494 0.000000 -0.228713 0.823505 0.823505 0.823505
7231.124512 0.000000 757.789246 0.000000 0.848776 0.000000 -0.528753 0.856749 0.856749 0.856749
7241.037109 0.000000 762.633972 0.000000 0.997117 0.000000 0.075885 0.792263 0.792263 0.792263
7262.708984 0.000000 752.238586 0.000000 0.783239 0.000000 -0.621721 0.868341 0.868341 0.868341
7233.366699 0.000000 766.437134 0.000000 0.307876 0.000000 -0.951427 0.928122 0.928122 0.928122
7231.288574 0.000000 756.854126 0.000000 0.990808 0.000000 0.135272 0.786179 0.786179 0.786179
7232.281738 0.000000 767.611145 0.000000 0.343546 0.000000 -0.939136 0.924279 0.924279 0.924279
7258.631348 0.000000 762.461853 0.000000 0.947214 0.000000 -0.320601 0.833243 0.833243 0.833243
7233.152832 0.000000 765.316956 0.000000 0.425275 0.000000 0.905064 0.684743 0.684743 0.684743
7255.261719 0.000000 755.260925 0.000000 0.995389 0.000000 0.095925 0.790214 0.790214 0.790214
7263.394043 0.000000 752.959412 0.000000 0.989843 0.000000 -0.142167 0.814530 0.814530 0.814530
7449.100098 0.000000 517.044617 0.000000 0.116541 0.000000 -0.993186 0.948102 0.948102 0.948102
7442.738770 0.000000 511.879547 0.000000 0.021175 0.000000 0.999776 0.642157 0.642157 0.642157
7445.641113 0.000000 530.872498 0.000000 0.853172 0.000000 0.521630 0.744104 0.744104 0.744104
7444.473145 0.000000 530.460144 0.000000 0.600316 0.000000 -0.799763 0.894413 0.894413 0.894413
7448.097656 0.000000 517.583557 0.000000 0.208517 0.000000 0.978019 0.661396 0.661396 0.661396
7444.799805 0.000000 531.395142 0.000000 0.648049 0.000000 -0.761599 0.888187 0.888187 0.888187
7448.833496 0.000000 516.106323 0.000000 0.584204 0.000000 -0.811607 0.896450 0.896450 0.896450
7518.670898 0.000000 557.966064 0.000000 0.501275 0.000000 -0.865288 0.906517 0.906517 0.906517
7518.347656 0.000000 556.435730 0.000000 0.976552 0.000000 0.215284 0.777898 0.777898 0.777898
7536.046875 0.000000 554.662720 0.000000 0.690387 0.000000 -0.723440 0.882381 0.882381 0.882381
7528.774414 0.000000 548.613831 0.000000 0.949957 0.000000 0.312382 0.767639 0.767639 0.767639
7519.613770 0.000000 556.028625 0.000000 0.305440 0.000000 -0.952211 0.928383 0.928383 0.928383
7539.254883 0.000000 556.618469 0.000000 0.995340 0.000000 0.096427 0.790163 0.790163 0.790163
7537.568359 0.000000 547.347412 0.000000 0.862259 0.000000 -0.506468 0.854096 0.854096 0.854096
7532.209961 0.000000 557.693054 0.000000 0.523687 0.000000 0.851911 0.696142 0.696142 0.696142
7530.913086 0.000000 547.396667 0.000000 0.267001 0.000000 -0.963696 0.932470 0.932470 0.932470
7533.172852 0.000000 550.572266 0.000000 0.639140 0.000000 0.769090 0.710627 0.710627 0.710627
7519.206543 0.000000 557.536255 0.000000 0.764900 0.000000 0.644149 0.728708 0.728708 0.728708
7533.601562 0.000000 557.359070 0.000000 0.993941 0.000000 0.109915 0.788782 0.788782 0.788782
7526.977539 0.000000 558.304871 0.000000 0.436885 0.000000 0.899517 0.686054 0.686054 0.686054
7525.898438 0.000000 555.977295 0.000000 0.459100 0.000000 0.888385 0.688585 0.688585 0.688585
7524.705078 0.000000 554.912415 0.000000 0.566424 0.000000 0.824114 0.701335 0.701335 0.701335
7528.035645 0.000000 549.913574 0.000000 0.999839 0.000000 0.017950 0.798171 0.798171 0.798171
7537.287109 0.000000 554.085510 0.000000 0.767132 0.000000 0.641489 0.729061 0.729061 0.729061
7536.615234 0.000000 546.393799 0.000000 0.965885 0.000000 0.258971 0.773317 0.773317 0.773317
7532.672363 0.000000 556.487061 0.000000 0.978179 0.000000 -0.207766 0.821318 0.821318 0.821318
7538.071777 0.000000 557.138916 0.000000 0.126690 0.000000 -0.991942 0.947061 0.947061 0.947061
7530.240234 0.000000 546.360535 0.000000 0.917211 0.000000 0.398402 0.758261 0.758261 0.758261
7532.464355 0.000000 551.473633 0.000000 0.162058 0.000000 0.986781 0.656580 0.656580 0.656580
7536.401855 0.000000 555.720520 0.000000 0.655668 0.000000 0.755049 0.712836 0.712836 0.712836
7529.106445 0.000000 549.669861 0.000000 0.526815 0.000000 0.849980 0.696516 0.696516 0.696516
7536.362305 0.000000 547.492615 0.000000 0.961267 0.000000 -0.275618 0.828442 0.828442 0.828442
7526.894043 0.000000 559.410767 0.000000 0.959412 0.000000 -0.282007 0.829120 0.829120 0.829120
7532.161133 0.000000 550.101685 0.000000 0.158553 0.000000 0.987351 0.656218 0.656218 0.656218
7531.300293 0.000000 546.338440 0.000000 0.370526 0.000000 0.928822 0.678663 0.678663 0.678663
7537.528809 0.000000 555.024170 0.000000 0.303127 0.000000 -0.952950 0.928630 0.928630 0.928630
7539.499512 0.000000 557.585144 0.000000 0.894842 0.000000 -0.446384 0.847132 0.847132 0.847132
7533.475586 0.000000 551.455261 0.000000 0.635407 0.000000 0.772178 0.710134 0.710134 0.710134
7239.132812 0.000000 780.834412 0.000000 0.744986 0.000000 -0.667080 0.874386 0.874386 0.874386
7233.214844 0.000000 767.884399 0.000000 0.725776 0.000000 -0.687931 0.877274 0.877274 0.877274
7257.395508 0.000000 767.861755 0.000000 0.671741 0.000000 0.740786 0.715025 0.715025 0.715025
7190.507812 0.000000 871.017395 0.000000 0.945719 0.000000 -0.324985 0.833715 0.833715 0.833715
7191.405273 0.000000 871.383667 0.000000 0.576039 0.000000 -0.817422 0.897471 0.897471 0.897471
7219.359863 0.000000 882.798706 0.000000 0.521325 0.000000 0.853359 0.695860 0.695860 0.695860
7221.560059 0.000000 876.768066 0.000000 0.993563 0.000000 -0.113277 0.811563 0.811563 0.811563
7204.714844 0.000000 882.753662 0.000000 0.580114 0.000000 -0.814535 0.896963 0.896963 0.896963
7201.951172 0.000000 884.491516 0.000000 0.851415 0.000000 -0.524493 0.856238 0.856238 0.856238
7216.263184 0.000000 879.692200 0.000000 0.982364 0.000000 0.186981 0.780842 0.780842 0.780842
7205.890137 0.000000 891.477844 0.000000 0.651280 0.000000 0.758838 0.712246 0.712246 0.712246
7208.218262 0.000000 882.606628 0.000000 0.996049 0.000000 0.088802 0.790943 0.790943 0.790943
7212.741211 0.000000 885.205322 0.000000 0.744906 0.000000 -0.667169 0.874398 0.874398 0.874398
7220.502441 0.000000 877.769165 0.000000 0.462909 0.000000 0.886406 0.689022 0.689022 0.689022
7201.455566 0.000000 885.900940 0.000000 0.318198 0.000000 0.948024 0.672985 0.672985 0.672985
7217.599609 0.000000 879.146179 0.000000 0.151627 0.000000 -0.988438 0.944496 0.944496 0.944496
7205.119629 0.000000 884.057068 0.000000 0.957104 0.000000 0.289745 0.770057 0.770057 0.770057
7208.686035 0.000000 873.202393 0.000000 0.796596 0.000000 0.604512 0.733878 0.733878 0.733878
7218.447266 0.000000 883.709412 0.000000 0.994213 0.000000 0.107424 0.789037 0.789037 0.789037
7200.724121 0.000000 884.242188 0.000000 0.912040 0.000000 0.410101 0.756958 0.756958 0.756958
7205.875488 0.000000 882.891663 0.000000 0.938783 0.000000 0.344508 0.764175 0.764175 0.764175
7204.827148 0.000000 891.022095 0.000000 0.850103 0.000000 -0.526616 0.856493 0.856493 0.856493
7209.284180 0.000000 882.220703 0.000000 0.417501 0.000000 -0.908676 0.916130 0.916130 0.916130
7209.283203 0.000000 883.824158 0.000000 0.784738 0.000000 -0.619828 0.868095 0.868095 0.868095
7205.190430 0.000000 885.105835 0.000000 0.490587 0.000000 0.871392 0.692230 0.692230 0.692230
7204.206543 0.000000 883.628113 0.000000 0.981719 0.000000 0.190334 0.780494 0.780494 0.780494
7212.613281 0.000000 884.172363 0.000000 0.959005 0.000000 0.283388 0.770733 0.770733 0.770733
7216.762207 0.000000 878.784180 0.000000 0.492867 0.000000 -0.870105 0.907504 0.907504 0.907504
7220.280273 0.000000 876.863647 0.000000 0.973160 0.000000 0.230129 0.776347 0.776347 0.776347
7209.573242 0.000000 873.411743 0.000000 0.762410 0.000000 -0.647094 0.871685 0.871685 0.871685
7201.242676 0.000000 885.017090 0.000000 0.076036 0.000000 0.997105 0.647752 0.647752 0.647752
7202.002441 0.000000 896.848083 0.000000 0.175648 0.000000 0.984453 0.657985 0.657985 0.657985
7203.508789 0.000000 896.765259 0.000000 0.782470 0.000000 0.622688 0.731533 0.731533 0.731533
7202.756348 0.000000 897.440430 0.000000 0.397548 0.000000 -0.917581 0.918356 0.918356 0.918356
7257.224609 0.000000 918.420776 0.000000 0.587193 0.000000 0.809447 0.703925 0.703925 0.703925
7244.363770 0.000000 926.325439 0.000000 0.155634 0.000000 -0.987815 0.944083 0.944083 0.944083
7253.959961 0.000000 926.591309 0.000000 0.964368 0.000000 0.264564 0.772727 0.772727 0.772727
7257.878906 0.000000 926.867798 0.000000 0.945054 0.000000 0.326914 0.766077 0.766077 0.766077
7252.515137 0.000000 927.741150 0.000000 0.852873 0.000000 0.522119 0.744045 0.744045 0.744045
7256.314453 0.000000 919.338745 0.000000 0.254585 0.000000 0.967050 0.666220 0.666220 0.666220
7257.875000 0.000000 919.528687 0.000000 0.555519 0.000000 0.831504 0.699994 0.699994 0.699994
7256.796875 0.000000 926.374084 0.000000 0.295271 0.000000 -0.955413 0.929469 0.929469 0.929469
7252.613770 0.000000 926.410034 0.000000 0.482430 0.000000 -0.875935 0.908721 0.908721 0.908721
7244.993652 0.000000 927.269653 0.000000 0.837625 0.000000 0.546246 0.741138 0.741138 0.741138
7253.536133 0.000000 927.481506 0.000000 0.309089 0.000000 0.951033 0.672008 0.672008 0.672008
7245.291016 0.000000 926.288086 0.000000 0.364628 0.000000 0.931153 0.678017 0.678017 0.678017
7254.140625 0.000000 930.414124 0.000000 0.726892 0.000000 0.686752 0.722892 0.722892 0.722892
7254.779785 0.000000 936.451111 0.000000 0.683979 0.000000 0.729501 0.716721 0.716721 0.716721
7242.048828 0.000000 936.618286 0.000000 0.661508 0.000000 0.749938 0.713627 0.713627 0.713627
7263.060547 0.000000 929.512024 0.000000 0.532901 0.000000 -0.846178 0.902753 0.902753 0.902753
7244.866211 0.000000 927.792419 0.000000 0.777165 0.000000 0.629296 0.730670 0.730670 0.730670
7254.057129 0.000000 937.752563 0.000000 0.516240 0.000000 0.856444 0.695254 0.695254 0.695254
7252.697754 0.000000 930.613831 0.000000 0.997743 0.000000 0.067144 0.793156 0.793156 0.793156
7255.067383 0.000000 931.464600 0.000000 0.581900 0.000000 0.813260 0.703261 0.703261 0.703261
7255.700195 0.000000 937.443787 0.000000 0.996984 0.000000 0.077613 0.792086 0.792086 0.792086
7242.324219 0.000000 937.959534 0.000000 0.011526 0.000000 0.999934 0.641174 0.641174 0.641174
7253.810547 0.000000 931.750610 0.000000 0.712715 0.000000 -0.701454 0.879189 0.879189 0.879189
7243.278320 0.000000 937.117554 0.000000 0.624820 0.000000 0.780769 0.708745 0.708745 0.708745
7257.395508 0.000000 927.822693 0.000000 0.216290 0.000000 0.976329 0.662207 0.662207 0.662207
7262.671387 0.000000 928.497681 0.000000 0.244994 0.000000 0.969525 0.665212 0.665212 0.665212
7255.554199 0.000000 930.641296 0.000000 0.466477 0.000000 -0.884533 0.910567 0.910567 0.910567
7252.170898 0.000000 931.364380 0.000000 0.998887 0.000000 0.047174 0.795193 0.795193 0.795193
7263.157227 0.000000 929.482178 0.000000 0.976172 0.000000 0.217000 0.777719 0.777719 0.777719
7663.042480 0.000000 861.189209 0.000000 0.961293 0.000000 -0.275529 0.828433 0.828433 0.828433
7662.085938 0.000000 861.938416 0.000000 0.851922 0.000000 0.523668 0.743860 0.743860 0.743860
7663.147949 0.000000 860.093079 0.000000 0.934018 0.000000 -0.357227 0.837209 0.837209 0.837209
7662.258301 0.000000 860.707764 0.000000 0.583356 0.000000 -0.812217 0.896557 0.896557 0.896557
7644.950684 0.000000 877.354614 0.000000 0.044380 0.000000 0.999015 0.644522 0.644522 0.644522
7640.653809 0.000000 890.624695 0.000000 0.936419 0.000000 0.350884 0.763482 0.763482 0.763482
7641.990234 0.000000 876.316895 0.000000 0.926008 0.000000 -0.377504 0.839430 0.839430 0.839430
7642.449707 0.000000 872.707764 0.000000 0.473844 0.000000 -0.880609 0.909717 0.909717 0.909717
7641.345703 0.000000 877.555969 0.000000 0.004931 0.000000 0.999988 0.640502 0.640502 0.640502
7644.777832 0.000000 876.226440 0.000000 0.751007 0.000000 0.660294 0.726538 0.726538 0.726538
7640.923340 0.000000 876.556885 0.000000 0.982046 0.000000 -0.188639 0.819331 0.819331 0.819331
7641.335449 0.000000 891.328613 0.000000 0.667468 0.000000 0.744638 0.714439 0.714439 0.714439
7643.551758 0.000000 873.107849 0.000000 0.202490 0.000000 -0.979284 0.939231 0.939231 0.939231
7645.896973 0.000000 877.335876 0.000000 0.690019 0.000000 0.723791 0.717567 0.717567 0.717567
7671.206055 0.000000 874.760742 0.000000 0.541238 0.000000 -0.840869 0.901746 0.901746 0.901746
7651.525391 0.000000 873.845947 0.000000 0.271510 0.000000 0.962436 0.668007 0.668007 0.668007
7651.865234 0.000000 884.727539 0.000000 0.551881 0.000000 0.833923 0.699549 0.699549 0.699549
7665.053711 0.000000 883.564453 0.000000 0.931549 0.000000 -0.363615 0.837906 0.837906 0.837906
7659.025391 0.000000 885.978760 0.000000 0.473527 0.000000 -0.880779 0.909754 0.909754 0.909754
7657.042480 0.000000 865.699219 0.000000 0.810971 0.000000 -0.585086 0.863661 0.863661 0.863661
7662.749512 0.000000 886.344482 0.000000 0.962704 0.000000 -0.270557 0.827907 0.827907 0.827907
7669.170410 0.000000 881.383911 0.000000 0.841422 0.000000 0.540378 0.741850 0.741850 0.741850
7652.496582 0.000000 876.228882 0.000000 0.502657 0.000000 0.864486 0.693646 0.693646 0.693646
7660.194336 0.000000 877.614929 0.000000 0.541320 0.000000 -0.840817 0.901736 0.901736 0.901736
7659.571777 0.000000 884.112671 0.000000 0.306364 0.000000 0.951914 0.671716 0.671716 0.671716
7663.612793 0.000000 876.525208 0.000000 0.419811 0.000000 0.907612 0.684129 0.684129 0.684129
7662.041504 0.000000 887.887024 0.000000 0.065775 0.000000 0.997834 0.646705 0.646705 0.646705
7652.813477 0.000000 877.864380 0.000000 0.105801 0.000000 0.994387 0.650797 0.650797 0.650797
7651.152344 0.000000 883.314148 0.000000 0.784648 0.000000 0.619942 0.731890 0.731890 0.731890
7656.163574 0.000000 882.606628 0.000000 0.235111 0.000000 -0.971969 0.935826 0.935826 0.935826
7658.489746 0.000000 865.149841 0.000000 0.025401 0.000000 -0.999677 0.957412 0.957412 0.957412
7660.686523 0.000000 885.205322 0.000000 0.763178 0.000000 0.646188 0.728436 0.728436 0.728436
7655.230957 0.000000 868.583496 0.000000 0.073814 0.000000 -0.997272 0.952475 0.952475 0.952475
7650.636719 0.000000 872.705444 0.000000 0.996358 0.000000 0.085264 0.791305 0.791305 0.791305
7661.585938 0.000000 877.280945 0.000000 0.557480 0.000000 -0.830190 0.899766 0.899766 0.899766
7653.064941 0.000000 884.057068 0.000000 0.858610 0.000000 -0.512630 0.854825 0.854825 0.854825
7658.247070 0.000000 884.327698 0.000000 0.586270 0.000000 0.810115 0.703809 0.703809 0.703809
7657.512207 0.000000 864.266052 0.000000 0.142947 0.000000 -0.989730 0.945389 0.945389 0.945389
7651.841309 0.000000 885.973633 0.000000 0.696712 0.000000 0.717351 0.718513 0.718513 0.718513
7670.026855 0.000000 875.199646 0.000000 0.075975 0.000000 0.997110 0.647746 0.647746 0.647746
7653.897949 0.000000 877.209106 0.000000 0.201541 0.000000 -0.979480 0.939330 0.939330 0.939330
7660.656738 0.000000 876.408936 0.000000 0.810707 0.000000 0.585452 0.736293 0.736293 0.736293
7650.580566 0.000000 885.480286 0.000000 0.266431 0.000000 0.963854 0.667470 0.667470 0.667470
7664.020996 0.000000 882.990234 0.000000 0.492330 0.000000 -0.870408 0.907566 0.907566 0.907566
7657.229492 0.000000 882.220703 0.000000 0.455037 0.000000 0.890473 0.688120 0.688120 0.688120
7662.706055 0.000000 877.258911 0.000000 0.769026 0.000000 -0.639217 0.870637 0.870637 0.870637
7657.228516 0.000000 883.824158 0.000000 0.332632 0.000000 -0.943057 0.925460 0.925460 0.925460
7668.255371 0.000000 880.194824 0.000000 0.684348 0.000000 -0.729156 0.883228 0.883228 0.883228
7653.135742 0.000000 885.105835 0.000000 0.104455 0.000000 -0.994530 0.949341 0.949341 0.949341
7662.640625 0.000000 876.247314 0.000000 0.602990 0.000000 0.797749 0.705928 0.705928 0.705928
7659.577637 0.000000 885.132629 0.000000 0.477666 0.000000 -0.878541 0.909275 0.909275 0.909275
7651.679688 0.000000 882.420349 0.000000 0.999955 0.000000 -0.009460 0.800964 0.800964 0.800964
7650.868652 0.000000 884.277527 0.000000 0.772821 0.000000 0.634623 0.729970 0.729970 0.729970
7665.298828 0.000000 882.633606 0.000000 0.540106 0.000000 0.841597 0.698117 0.698117 0.698117
7658.399902 0.000000 885.265564 0.000000 0.652641 0.000000 -0.757667 0.887572 0.887572 0.887572
7663.347168 0.000000 887.099854 0.000000 0.670695 0.000000 -0.741734 0.885119 0.885119 0.885119
7660.558594 0.000000 884.172363 0.000000 0.718618 0.000000 -0.695405 0.878328 0.878328 0.878328
7653.015137 0.000000 876.978516 0.000000 0.589093 0.000000 -0.808065 0.895835 0.895835 0.895835
7654.391113 0.000000 868.210754 0.000000 0.916836 0.000000 -0.399264 0.841835 0.841835 0.841835
7669.684570 0.000000 880.622375 0.000000 0.795347 0.000000 0.606154 0.733668 0.733668 0.733668
7658.374023 0.000000 864.021484 0.000000 0.054187 0.000000 -0.998531 0.954478 0.954478 0.954478
7659.352539 0.000000 865.321777 0.000000 0.989516 0.000000 0.144424 0.785237 0.785237 0.785237
7654.407227 0.000000 896.534546 0.000000 0.861759 0.000000 0.507318 0.745804 0.745804 0.745804
7654.954590 0.000000 897.917480 0.000000 0.477764 0.000000 -0.878488 0.909263 0.909263 0.909263
7655.968750 0.000000 897.118958 0.000000 0.324164 0.000000 0.946001 0.673627 0.673627 0.673627
7683.861328 0.000000 820.743164 0.000000 0.376198 0.000000 -0.926539 0.920714 0.920714 0.920714
7680.633301 0.000000 818.951782 0.000000 0.999988 0.000000 0.004817 0.799509 0.799509 0.799509
7691.450195 0.000000 812.085266 0.000000 0.977227 0.000000 -0.212199 0.821780 0.821780 0.821780
7689.126953 0.000000 827.603516 0.000000 0.532957 0.000000 0.846142 0.697254 0.697254 0.697254
7681.921875 0.000000 818.928711 0.000000 0.878074 0.000000 -0.478526 0.850825 0.850825 0.850825
7683.837402 0.000000 821.989258 0.000000 0.812541 0.000000 0.582904 0.736613 0.736613 0.736613
7688.046875 0.000000 826.939575 0.000000 0.929118 0.000000 0.369784 0.761418 0.761418 0.761418
7682.576660 0.000000 821.495911 0.000000 0.112705 0.000000 0.993629 0.651504 0.651504 0.651504
7691.168945 0.000000 813.124146 0.000000 0.469509 0.000000 -0.882928 0.910218 0.910218 0.910218
7688.982422 0.000000 826.618347 0.000000 0.567547 0.000000 0.823341 0.701474 0.701474 0.701474
7682.864746 0.000000 820.293152 0.000000 0.607783 0.000000 -0.794103 0.893459 0.893459 0.893459
7681.743652 0.000000 818.013367 0.000000 0.800138 0.000000 -0.599817 0.865523 0.865523 0.865523
7681.353516 0.000000 819.664673 0.000000 0.382885 0.000000 0.923796 0.680022 0.680022 0.680022
7690.566895 0.000000 812.291931 0.000000 0.988420 0.000000 0.151744 0.784484 0.784484 0.784484
7689.881836 0.000000 876.890137 0.000000 0.999947 0.000000 -0.010332 0.801052 0.801052 0.801052
7693.153320 0.000000 870.494141 0.000000 0.178745 0.000000 -0.983896 0.941695 0.941695 0.941695
7688.507812 0.000000 877.637085 0.000000 0.785308 0.000000 -0.619105 0.868001 0.868001 0.868001
7679.100098 0.000000 879.307800 0.000000 0.879904 0.000000 -0.475151 0.850434 0.850434 0.850434
7692.444824 0.000000 871.395508 0.000000 0.793836 0.000000 -0.608132 0.866586 0.866586 0.866586
7692.141602 0.000000 870.023560 0.000000 0.868537 0.000000 -0.495624 0.852819 0.852819 0.852819
7693.456055 0.000000 871.377136 0.000000 0.614896 0.000000 -0.788608 0.892543 0.892543 0.892543
7688.832031 0.000000 876.754883 0.000000 0.592187 0.000000 0.805800 0.704555 0.704555 0.704555
7679.414551 0.000000 878.382202 0.000000 0.072668 0.000000 -0.997356 0.952592 0.952592 0.952592
7689.411621 0.000000 877.652710 0.000000 0.464606 0.000000 -0.885518 0.910783 0.910783 0.910783
7842.571777 0.000000 831.008057 0.000000 0.310828 0.000000 -0.950466 0.927806 0.927806 0.927806
7843.491211 0.000000 830.200623 0.000000 0.210413 0.000000 -0.977613 0.938406 0.938406 0.938406
7815.905273 0.000000 854.349426 0.000000 0.891832 0.000000 -0.452367 0.847815 0.847815 0.847815
7820.616699 0.000000 856.806213 0.000000 0.651311 0.000000 0.758811 0.712250 0.712250 0.712250
7814.564453 0.000000 849.939880 0.000000 0.331379 0.000000 -0.943498 0.925596 0.925596 0.925596
7810.795410 0.000000 849.784546 0.000000 0.363005 0.000000 0.931787 0.677840 0.677840 0.677840
7822.729980 0.000000 854.352295 0.000000 0.804665 0.000000 -0.593729 0.864750 0.864750 0.864750
7813.724609 0.000000 847.289062 0.000000 0.990113 0.000000 0.140271 0.785665 0.785665 0.785665
7834.921387 0.000000 836.257690 0.000000 0.217681 0.000000 0.976020 0.662352 0.662352 0.662352
7812.102539 0.000000 863.358093 0.000000 0.936851 0.000000 -0.349728 0.836392 0.836392 0.836392
7813.078125 0.000000 857.925354 0.000000 0.682703 0.000000 -0.730695 0.883457 0.883457 0.883457
7811.950684 0.000000 848.187988 0.000000 0.960137 0.000000 -0.279531 0.828857 0.828857 0.828857
7822.021973 0.000000 855.894836 0.000000 0.969081 0.000000 0.246742 0.774605 0.774605 0.774605
7815.052734 0.000000 848.400085 0.000000 0.965310 0.000000 -0.261106 0.826908 0.826908 0.826908
7817.111328 0.000000 859.595703 0.000000 0.941467 0.000000 0.337105 0.764977 0.764977 0.764977
7813.387695 0.000000 848.911377 0.000000 0.886026 0.000000 0.463636 0.750894 0.750894 0.750894
7834.831055 0.000000 837.852295 0.000000 0.207325 0.000000 -0.978272 0.938728 0.938728 0.938728
7820.666992 0.000000 853.213135 0.000000 0.108666 0.000000 -0.994078 0.948909 0.948909 0.948909
7814.459961 0.000000 854.701721 0.000000 0.435697 0.000000 -0.900093 0.914081 0.914081 0.914081
7813.485352 0.000000 863.449646 0.000000 0.489625 0.000000 -0.871933 0.907883 0.907883 0.907883
7838.292480 0.000000 835.881470 0.000000 0.886500 0.000000 0.462728 0.750999 0.750999 0.750999
7812.083496 0.000000 849.526001 0.000000 0.809347 0.000000 -0.587331 0.863943 0.863943 0.863943
7812.645508 0.000000 856.676880 0.000000 0.900996 0.000000 0.433827 0.754292 0.754292 0.754292
7812.759766 0.000000 862.279480 0.000000 0.599427 0.000000 -0.800429 0.894526 0.894526 0.894526
7838.857910 0.000000 834.778748 0.000000 0.871346 0.000000 0.490670 0.747761 0.747761 0.747761
7816.031250 0.000000 858.931763 0.000000 0.942835 0.000000 0.333260 0.765392 0.765392 0.765392
7812.250000 0.000000 847.011841 0.000000 0.986052 0.000000 0.166439 0.782967 0.782967 0.782967
7815.632812 0.000000 849.463501 0.000000 0.961765 0.000000 0.273878 0.771742 0.771742 0.771742
7835.930664 0.000000 837.445190 0.000000 0.985404 0.000000 -0.170230 0.817424 0.817424 0.817424
7814.817871 0.000000 855.762390 0.000000 0.734718 0.000000 -0.678373 0.875941 0.875941 0.875941
7810.980957 0.000000 848.720581 0.000000 0.835857 0.000000 0.548947 0.740809 0.740809 0.740809
7834.125000 0.000000 836.945129 0.000000 0.842549 0.000000 -0.538620 0.857937 0.857937 0.857937
7813.875000 0.000000 862.453918 0.000000 0.983623 0.000000 0.180237 0.781540 0.781540 0.781540
7810.015137 0.000000 849.086365 0.000000 0.903621 0.000000 0.428334 0.754912 0.754912 0.754912
7813.337891 0.000000 849.962158 0.000000 0.916781 0.000000 0.399391 0.758151 0.758151 0.758151
7812.918457 0.000000 847.889038 0.000000 0.219084 0.000000 0.975706 0.662498 0.662498 0.662498
7816.966797 0.000000 858.610535 0.000000 0.968003 0.000000 0.250937 0.774164 0.774164 0.774164
7821.219238 0.000000 857.584351 0.000000 0.056011 0.000000 -0.998430 0.954292 0.954292 0.954292
7813.901367 0.000000 846.331482 0.000000 0.891104 0.000000 0.453800 0.752022 0.752022 0.752022
7814.104492 0.000000 848.271973 0.000000 0.666216 0.000000 0.745759 0.714268 0.714268 0.714268
7823.327637 0.000000 855.107666 0.000000 0.986086 0.000000 0.166233 0.782989 0.782989 0.782989
7815.679688 0.000000 855.255859 0.000000 0.090419 0.000000 -0.995904 0.950777 0.950777 0.950777
7820.539062 0.000000 852.180176 0.000000 0.502495 0.000000 -0.864580 0.906373 0.906373 0.906373
7815.039062 0.000000 854.010864 0.000000 0.513152 0.000000 0.858298 0.694887 0.694887 0.694887
7821.520020 0.000000 856.697449 0.000000 0.401665 0.000000 -0.915787 0.917898 0.917898 0.917898
7843.501953 0.000000 841.853760 0.000000 0.920034 0.000000 0.391838 0.758989 0.758989 0.758989
7842.739746 0.000000 831.844360 0.000000 0.443510 0.000000 0.896269 0.686805 0.686805 0.686805
7844.459473 0.000000 835.385864 0.000000 0.194641 0.000000 0.980875 0.659953 0.659953 0.659953
7842.613281 0.000000 840.713257 0.000000 0.963621 0.000000 -0.267272 0.827559 0.827559 0.827559
7840.812500 0.000000 843.133484 0.000000 0.512452 0.000000 0.858716 0.694804 0.694804 0.694804
7842.571777 0.000000 863.000244 0.000000 0.979134 0.000000 0.203215 0.779155 0.779155 0.779155
7843.491211 0.000000 862.192810 0.000000 0.485876 0.000000 0.874028 0.691680 0.691680 0.691680
7845.351074 0.000000 835.860107 0.000000 0.400230 0.000000 -0.916415 0.918058 0.918058 0.918058
7844.376465 0.000000 834.430847 0.000000 0.695778 0.000000 0.718257 0.718381 0.718381 0.718381
7845.435059 0.000000 834.917480 0.000000 0.787870 0.000000 -0.615841 0.867579 0.867579 0.867579
7839.905762 0.000000 835.670837 0.000000 0.672822 0.000000 0.739804 0.715174 0.715174 0.715174
7834.921387 0.000000 868.249878 0.000000 0.382448 0.000000 -0.923977 0.920026 0.920026 0.920026
7836.166504 0.000000 865.374451 0.000000 0.273796 0.000000 0.961788 0.668249 0.668249 0.668249
7836.210938 0.000000 872.413391 0.000000 0.985160 0.000000 -0.171639 0.817570 0.817570 0.817570
7838.631836 0.000000 877.887939 0.000000 0.342899 0.000000 -0.939372 0.924349 0.924349 0.924349
7836.688965 0.000000 868.612122 0.000000 0.227001 0.000000 0.973895 0.663325 0.663325 0.663325
7838.308594 0.000000 876.357605 0.000000 0.989651 0.000000 0.143496 0.785333 0.785333 0.785333
7834.831055 0.000000 869.844482 0.000000 0.659188 0.000000 -0.751978 0.886688 0.886688 0.886688
7834.426270 0.000000 872.707764 0.000000 0.979848 0.000000 0.199746 0.779516 0.779516 0.779516
7815.211426 0.000000 868.583496 0.000000 0.374310 0.000000 0.927304 0.679079 0.679079 0.679079
7836.735840 0.000000 873.709045 0.000000 0.813654 0.000000 0.581350 0.736808 0.736808 0.736808
7837.721680 0.000000 865.763184 0.000000 0.947144 0.000000 -0.320810 0.833266 0.833266 0.833266
7835.930664 0.000000 869.437378 0.000000 0.810227 0.000000 -0.586116 0.863790 0.863790 0.863790
7813.559570 0.000000 863.831421 0.000000 0.336414 0.000000 0.941714 0.674949 0.674949 0.674949
7834.125000 0.000000 868.937317 0.000000 0.736826 0.000000 -0.676082 0.875624 0.875624 0.875624
7837.385254 0.000000 872.410828 0.000000 0.718739 0.000000 -0.695280 0.878310 0.878310 0.878310
7837.070801 0.000000 864.807312 0.000000 0.682069 0.000000 -0.731288 0.883546 0.883546 0.883546
7835.528320 0.000000 873.107849 0.000000 0.866763 0.000000 0.498720 0.746817 0.746817 0.746817
7837.661133 0.000000 868.631775 0.000000 0.211945 0.000000 -0.977282 0.938246 0.938246 0.938246
7814.371582 0.000000 868.210754 0.000000 0.697241 0.000000 -0.716837 0.881411 0.881411 0.881411
7854.471191 0.000000 878.380981 0.000000 0.790220 0.000000 0.612824 0.732811 0.732811 0.732811
7845.720703 0.000000 879.281250 0.000000 0.025902 0.000000 0.999664 0.642639 0.642639 0.642639
7841.080566 0.000000 873.718994 0.000000 0.727694 0.000000 -0.685902 0.876989 0.876989 0.876989
7842.739746 0.000000 863.836548 0.000000 0.882553 0.000000 -0.470213 0.849863 0.849863 0.849863
7853.133789 0.000000 870.494141 0.000000 0.775633 0.000000 -0.631185 0.869578 0.869578 0.869578
7841.285645 0.000000 872.104980 0.000000 0.726158 0.000000 0.687528 0.722783 0.722783 0.722783
7839.167480 0.000000 877.458130 0.000000 0.844480 0.000000 0.535587 0.742429 0.742429 0.742429
7847.207520 0.000000 868.583496 0.000000 0.999515 0.000000 -0.031141 0.803173 0.803173 0.803173
7840.812500 0.000000 875.125671 0.000000 0.267141 0.000000 -0.963657 0.932455 0.932455 0.932455
7854.676270 0.000000 879.765320 0.000000 0.944903 0.000000 0.327350 0.766030 0.766030 0.766030
7847.996582 0.000000 869.835449 0.000000 0.086899 0.000000 -0.996217 0.951137 0.951137 0.951137
7855.818359 0.000000 878.442139 0.000000 0.941531 0.000000 -0.336928 0.835004 0.835004 0.835004
7844.246094 0.000000 879.004028 0.000000 0.872860 0.000000 -0.487971 0.851924 0.851924 0.851924
7852.425293 0.000000 871.395508 0.000000 0.724747 0.000000 -0.689015 0.877426 0.877426 0.877426
7852.122070 0.000000 870.023560 0.000000 0.474242 0.000000 -0.880395 0.909671 0.909671 0.909671
7844.914551 0.000000 879.881226 0.000000 0.998466 0.000000 -0.055364 0.805642 0.805642 0.805642
7845.897461 0.000000 878.323669 0.000000 0.663840 0.000000 0.747874 0.713944 0.713944 0.713944
7841.705078 0.000000 872.990906 0.000000 0.260089 0.000000 -0.965585 0.933199 0.933199 0.933199
7853.436523 0.000000 871.377136 0.000000 0.801492 0.000000 -0.598005 0.865293 0.865293 0.865293
7840.198730 0.000000 873.991028 0.000000 0.637308 0.000000 -0.770609 0.889615 0.889615 0.889615
7841.109863 0.000000 875.999146 0.000000 0.331238 0.000000 -0.943547 0.925611 0.925611 0.925611
7846.367676 0.000000 868.210754 0.000000 0.623620 0.000000 -0.781727 0.891412 0.891412 0.891412
6642.593750 0.000000 1209.430664 0.000000 0.882708 0.000000 0.469923 0.750170 0.750170 0.750170
6643.921875 0.000000 1209.089966 0.000000 0.311352 0.000000 -0.950295 0.927750 0.927750 0.927750
6643.378418 0.000000 1209.973389 0.000000 0.083842 0.000000 0.996479 0.648550 0.648550 0.648550
6645.884766 0.000000 1219.680298 0.000000 0.922103 0.000000 0.386944 0.759530 0.759530 0.759530
6644.245117 0.000000 1219.294067 0.000000 0.744938 0.000000 0.667134 0.725607 0.725607 0.725607
6622.645020 0.000000 1271.844727 0.000000 0.778591 0.000000 -0.627532 0.869099 0.869099 0.869099
6620.902832 0.000000 1260.132690 0.000000 0.201360 0.000000 -0.979517 0.939349 0.939349 0.939349
6620.011719 0.000000 1260.961426 0.000000 0.983751 0.000000 0.179538 0.781613 0.781613 0.781613
6620.297852 0.000000 1261.998047 0.000000 0.853563 0.000000 0.520990 0.744180 0.744180 0.744180
6623.893066 0.000000 1271.526978 0.000000 0.991098 0.000000 -0.133138 0.813602 0.813602 0.813602
6174.303711 0.000000 1402.844604 0.000000 0.985656 0.000000 0.168768 0.782727 0.782727 0.782727
6170.867676 0.000000 1396.181885 0.000000 0.139075 0.000000 -0.990282 0.945788 0.945788 0.945788
6170.011719 0.000000 1406.750610 0.000000 0.687207 0.000000 -0.726461 0.882828 0.882828 0.882828
6171.876953 0.000000 1406.562256 0.000000 0.852257 0.000000 0.523123 0.743925 0.743925 0.743925
6171.709473 0.000000 1397.766846 0.000000 0.998854 0.000000 0.047868 0.795122 0.795122 0.795122
6165.015137 0.000000 1405.254395 0.000000 0.983572 0.000000 -0.180515 0.818489 0.818489 0.818489
6174.795898 0.000000 1404.281738 0.000000 0.629122 0.000000 0.777306 0.709307 0.709307 0.709307
6172.352051 0.000000 1405.242798 0.000000 0.285526 0.000000 -0.958371 0.930506 0.930506 0.930506
6170.454590 0.000000 1397.453735 0.000000 0.996084 0.000000 -0.088415 0.809018 0.809018 0.809018
6173.543945 0.000000 1404.616943 0.000000 0.118755 0.000000 -0.992924 0.947875 0.947875 0.947875
6175.089355 0.000000 1405.967285 0.000000 0.996354 0.000000 -0.085312 0.808701 0.808701 0.808701
6171.016602 0.000000 1407.305542 0.000000 0.426060 0.000000 0.904695 0.684832 0.684832 0.684832
6174.390625 0.000000 1405.235107 0.000000 0.591487 0.000000 0.806315 0.704467 0.704467 0.704467
6178.124512 0.000000 1405.544800 0.000000 0.849266 0.000000 0.527965 0.743346 0.743346 0.743346
6175.340820 0.000000 1404.854248 0.000000 0.423996 0.000000 -0.905664 0.915401 0.915401 0.915401
6177.303711 0.000000 1407.230835 0.000000 0.107315 0.000000 -0.994225 0.949048 0.949048 0.949048
6175.831055 0.000000 1403.302979 0.000000 0.325636 0.000000 0.945495 0.673785 0.673785 0.673785
6178.491699 0.000000 1404.134033 0.000000 0.943695 0.000000 0.330816 0.765656 0.765656 0.765656
6179.202148 0.000000 1405.011108 0.000000 0.049358 0.000000 -0.998781 0.954970 0.954970 0.954970
6175.611816 0.000000 1405.850220 0.000000 0.036592 0.000000 0.999330 0.643728 0.643728 0.643728
6177.495605 0.000000 1406.280884 0.000000 0.619211 0.000000 0.785224 0.708015 0.708015 0.708015
6176.410645 0.000000 1407.454834 0.000000 0.953829 0.000000 0.300350 0.768927 0.768927 0.768927
6397.103027 0.000000 1389.229614 0.000000 0.784190 0.000000 -0.620520 0.868185 0.868185 0.868185
6395.369629 0.000000 1385.875366 0.000000 0.796747 0.000000 -0.604314 0.866097 0.866097 0.866097
6398.683105 0.000000 1395.066772 0.000000 0.800734 0.000000 -0.599019 0.865422 0.865422 0.865422
6390.065430 0.000000 1406.474121 0.000000 0.787160 0.000000 -0.616749 0.867696 0.867696 0.867696
6392.267090 0.000000 1392.083252 0.000000 0.935732 0.000000 0.352713 0.763283 0.763283 0.763283
6394.830566 0.000000 1392.772095 0.000000 0.945867 0.000000 -0.324553 0.833668 0.833668 0.833668
6394.816406 0.000000 1394.438477 0.000000 0.073884 0.000000 -0.997267 0.952467 0.952467 0.952467
6386.763184 0.000000 1390.051758 0.000000 0.696877 0.000000 0.717190 0.718537 0.718537 0.718537
6394.602051 0.000000 1384.582764 0.000000 0.067826 0.000000 0.997697 0.646914 0.646914 0.646914
6387.306641 0.000000 1398.468506 0.000000 0.597824 0.000000 0.801627 0.705270 0.705270 0.705270
6393.452148 0.000000 1392.817261 0.000000 0.946488 0.000000 -0.322738 0.833473 0.833473 0.833473
6398.465332 0.000000 1386.340210 0.000000 0.906482 0.000000 -0.422245 0.844402 0.844402 0.844402
6392.109863 0.000000 1393.344971 0.000000 0.302055 0.000000 0.953291 0.671255 0.671255 0.671255
6391.333008 0.000000 1406.059814 0.000000 0.926226 0.000000 -0.376969 0.839371 0.839371 0.839371
6394.084961 0.000000 1385.741333 0.000000 0.912498 0.000000 -0.409082 0.842928 0.842928 0.842928
6386.902832 0.000000 1391.336792 0.000000 0.326348 0.000000 -0.945250 0.926138 0.926138 0.926138
6386.140625 0.000000 1399.773926 0.000000 0.459513 0.000000 0.888171 0.688632 0.688632 0.688632
6396.930176 0.000000 1388.101440 0.000000 0.871519 0.000000 -0.490362 0.852203 0.852203 0.852203
6387.992188 0.000000 1399.629028 0.000000 0.670687 0.000000 0.741741 0.714880 0.714880 0.714880
6395.849609 0.000000 1392.329956 0.000000 0.245050 0.000000 -0.969511 0.934783 0.934783 0.934783
6390.991699 0.000000 1407.113892 0.000000 0.486564 0.000000 0.873645 0.691760 0.691760 0.691760
6396.039062 0.000000 1388.930176 0.000000 0.978560 0.000000 0.205964 0.778870 0.778870 0.778870
6395.441895 0.000000 1395.304443 0.000000 0.960262 0.000000 -0.279099 0.828811 0.828811 0.828811
6396.325195 0.000000 1389.966797 0.000000 0.313285 0.000000 -0.949659 0.927543 0.927543 0.927543
6394.129395 0.000000 1393.603516 0.000000 0.575853 0.000000 -0.817553 0.897494 0.897494 0.897494
6398.880859 0.000000 1387.277100 0.000000 0.965266 0.000000 -0.261268 0.826925 0.826925 0.826925
6394.298828 0.000000 1395.305176 0.000000 0.566193 0.000000 0.824273 0.701307 0.701307 0.701307
6395.704102 0.000000 1384.982910 0.000000 0.661028 0.000000 0.750361 0.713561 0.713561 0.713561
6395.547363 0.000000 1393.443604 0.000000 0.128786 0.000000 0.991672 0.653155 0.653155 0.653155
6394.248535 0.000000 1392.041626 0.000000 0.504242 0.000000 0.863563 0.693833 0.693833 0.693833
6386.954102 0.000000 1399.348877 0.000000 0.960784 0.000000 0.277299 0.771379 0.771379 0.771379
6163.810059 0.000000 1409.230225 0.000000 0.375145 0.000000 0.926966 0.679170 0.679170 0.679170
6168.779785 0.000000 1408.774170 0.000000 0.826468 0.000000 0.562984 0.739089 0.739089 0.739089
6162.150879 0.000000 1409.483765 0.000000 0.853790 0.000000 -0.520618 0.855775 0.855775 0.855775
6169.319336 0.000000 1409.868286 0.000000 0.496110 0.000000 -0.868259 0.907124 0.907124 0.907124
6162.184082 0.000000 1408.414185 0.000000 0.036054 0.000000 0.999350 0.643673 0.643673 0.643673
6163.099121 0.000000 1409.947144 0.000000 0.094292 0.000000 0.995545 0.649619 0.649619 0.649619
6163.722656 0.000000 1408.221924 0.000000 0.898621 0.000000 -0.438725 0.846262 0.846262 0.846262
6168.420898 0.000000 1409.919189 0.000000 0.998448 0.000000 0.055696 0.794324 0.794324 0.794324
6176.732422 0.000000 1408.899536 0.000000 0.104224 0.000000 0.994554 0.650635 0.650635 0.650635
6177.343750 0.000000 1407.728149 0.000000 0.971189 0.000000 0.238310 0.775490 0.775490 0.775490
6177.052734 0.000000 1409.835449 0.000000 0.031757 0.000000 -0.999496 0.956765 0.956765 0.956765
6176.386719 0.000000 1408.063599 0.000000 0.998252 0.000000 -0.059108 0.806024 0.806024 0.806024
6176.157715 0.000000 1409.703613 0.000000 0.978355 0.000000 -0.206934 0.821232 0.821232 0.821232
6391.792480 0.000000 1407.679932 0.000000 0.465044 0.000000 0.885287 0.689268 0.689268 0.689268
6393.054199 0.000000 1428.985107 0.000000 0.409054 0.000000 0.912510 0.682925 0.682925 0.682925
6396.159180 0.000000 1428.490479 0.000000 0.996867 0.000000 0.079092 0.791935 0.791935 0.791935
6391.116699 0.000000 1434.291626 0.000000 0.076714 0.000000 -0.997053 0.952178 0.952178 0.952178
6396.026855 0.000000 1432.627808 0.000000 0.946164 0.000000 -0.323688 0.833575 0.833575 0.833575
6388.386230 0.000000 1413.276123 0.000000 0.959277 0.000000 -0.282466 0.829169 0.829169 0.829169
6389.667969 0.000000 1412.928711 0.000000 0.082038 0.000000 0.996629 0.648366 0.648366 0.648366
6393.075684 0.000000 1420.424072 0.000000 0.699205 0.000000 0.714921 0.718868 0.718868 0.718868
6398.879883 0.000000 1414.229004 0.000000 0.996610 0.000000 -0.082270 0.808389 0.808389 0.808389
6395.081543 0.000000 1420.580811 0.000000 0.517508 0.000000 -0.855679 0.904595 0.904595 0.904595
6391.906738 0.000000 1435.058350 0.000000 0.840186 0.000000 0.542298 0.741617 0.741617 0.741617
6393.891113 0.000000 1428.477417 0.000000 0.614338 0.000000 -0.789043 0.892615 0.892615 0.892615
6397.891602 0.000000 1433.930908 0.000000 0.527258 0.000000 -0.849705 0.903430 0.903430 0.903430
6397.766602 0.000000 1432.695801 0.000000 0.542283 0.000000 -0.840196 0.901619 0.901619 0.901619
6394.338379 0.000000 1421.935181 0.000000 0.999904 0.000000 -0.013858 0.801412 0.801412 0.801412
6399.142090 0.000000 1415.200317 0.000000 0.999997 0.000000 -0.002317 0.800236 0.800236 0.800236
6399.750488 0.000000 1387.825439 0.000000 0.927243 0.000000 -0.374459 0.839095 0.839095 0.839095
6399.248047 0.000000 1395.672485 0.000000 0.998605 0.000000 -0.052798 0.805380 0.805380 0.805380
6399.486328 0.000000 1394.283691 0.000000 0.723871 0.000000 -0.689936 0.877556 0.877556 0.877556
6404.931641 0.000000 1406.146729 0.000000 0.464735 0.000000 0.885450 0.689232 0.689232 0.689232
6399.925293 0.000000 1386.697632 0.000000 0.048977 0.000000 -0.998800 0.955009 0.955009 0.955009
6399.913574 0.000000 1395.063354 0.000000 0.812344 0.000000 -0.583179 0.863421 0.863421 0.863421
6516.355957 0.000000 1369.927246 0.000000 0.146832 0.000000 0.989161 0.655010 0.655010 0.655010
6516.761230 0.000000 1368.401367 0.000000 0.856480 0.000000 -0.516180 0.855247 0.855247 0.855247
6526.449707 0.000000 1354.348022 0.000000 0.985364 0.000000 0.170461 0.782552 0.782552 0.782552
6522.741699 0.000000 1366.527222 0.000000 0.792300 0.000000 0.610132 0.733157 0.733157 0.733157
6523.833984 0.000000 1360.337769 0.000000 0.699252 0.000000 0.714875 0.718875 0.718875 0.718875
6516.395996 0.000000 1360.077637 0.000000 0.158794 0.000000 -0.987312 0.943757 0.943757 0.943757
6522.113770 0.000000 1361.611328 0.000000 0.569514 0.000000 -0.821982 0.898282 0.898282 0.898282
6526.865234 0.000000 1355.284912 0.000000 0.887734 0.000000 -0.460356 0.848729 0.848729 0.848729
6517.293457 0.000000 1369.536499 0.000000 0.961389 0.000000 0.275191 0.771603 0.771603 0.771603
6523.909180 0.000000 1366.744873 0.000000 0.939065 0.000000 -0.343739 0.835742 0.835742 0.835742
6523.531738 0.000000 1361.451416 0.000000 0.990230 0.000000 -0.139445 0.814250 0.814250 0.814250
6522.232910 0.000000 1360.049438 0.000000 0.970888 0.000000 -0.239533 0.824638 0.824638 0.824638
6517.825195 0.000000 1360.505127 0.000000 0.999771 0.000000 0.021410 0.797819 0.797819 0.797819
6529.705566 0.000000 1357.351562 0.000000 0.734100 0.000000 -0.679042 0.876033 0.876033 0.876033
6528.123535 0.000000 1352.854858 0.000000 0.983753 0.000000 0.179525 0.781614 0.781614 0.781614
6528.656738 0.000000 1356.681030 0.000000 0.972356 0.000000 -0.233501 0.824006 0.824006 0.824006
6527.909668 0.000000 1354.705444 0.000000 0.366939 0.000000 -0.930245 0.921730 0.921730 0.921730
6529.865234 0.000000 1352.873779 0.000000 0.991083 0.000000 0.133248 0.786387 0.786387 0.786387
6528.358887 0.000000 1353.873779 0.000000 0.595065 0.000000 0.803677 0.704920 0.704920 0.704920
6528.305176 0.000000 1357.531616 0.000000 0.755254 0.000000 -0.655432 0.872804 0.872804 0.872804
6403.084961 0.000000 1434.228027 0.000000 0.034192 0.000000 0.999415 0.643483 0.643483 0.643483
6402.042480 0.000000 1432.440674 0.000000 0.963050 0.000000 0.269324 0.772224 0.772224 0.772224
6404.421875 0.000000 1422.871216 0.000000 0.561078 0.000000 -0.827763 0.899324 0.899324 0.899324
6405.731445 0.000000 1407.698608 0.000000 0.584881 0.000000 0.811119 0.703635 0.703635 0.703635
6402.200684 0.000000 1433.609375 0.000000 0.940971 0.000000 0.338488 0.764827 0.764827 0.764827
6399.226074 0.000000 1429.625244 0.000000 0.715186 0.000000 0.698934 0.721171 0.721171 0.721171
6402.530273 0.000000 1435.084351 0.000000 0.545270 0.000000 -0.838261 0.901257 0.901257 0.901257
6405.090332 0.000000 1423.748413 0.000000 0.815005 0.000000 -0.579453 0.862955 0.862955 0.862955
6403.832031 0.000000 1426.287598 0.000000 0.938266 0.000000 0.345914 0.764022 0.764022 0.764022
6405.113770 0.000000 1430.984009 0.000000 0.993709 0.000000 0.111994 0.788568 0.788568 0.788568
6399.390137 0.000000 1428.690063 0.000000 0.178092 0.000000 -0.984014 0.941762 0.941762 0.941762
6405.167480 0.000000 1420.845703 0.000000 0.810413 0.000000 -0.585859 0.863758 0.863758 0.863758
6739.813965 0.000000 1225.361816 0.000000 0.997503 0.000000 0.070625 0.792800 0.792800 0.792800
6741.727051 0.000000 1234.700684 0.000000 0.359652 0.000000 -0.933087 0.922527 0.922527 0.922527
6727.637695 0.000000 1226.442993 0.000000 0.179447 0.000000 -0.983768 0.941622 0.941622 0.941622
6745.335938 0.000000 1244.210083 0.000000 0.993439 0.000000 -0.114361 0.811674 0.811674 0.811674
6727.022461 0.000000 1235.203003 0.000000 0.193186 0.000000 0.981162 0.659802 0.659802 0.659802
6723.416992 0.000000 1227.153076 0.000000 0.250841 0.000000 -0.968028 0.934174 0.934174 0.934174
6722.003418 0.000000 1240.487549 0.000000 0.046928 0.000000 0.998898 0.644782 0.644782 0.644782
6722.385254 0.000000 1226.298462 0.000000 0.392643 0.000000 0.919691 0.681101 0.681101 0.681101
6731.728027 0.000000 1232.285400 0.000000 0.321723 0.000000 0.946834 0.673364 0.673364 0.673364
6740.515137 0.000000 1227.829468 0.000000 0.823435 0.000000 -0.567411 0.861458 0.861458 0.861458
6742.593262 0.000000 1235.710571 0.000000 0.646082 0.000000 -0.763268 0.888450 0.888450 0.888450
6745.011230 0.000000 1237.031982 0.000000 0.669357 0.000000 -0.742941 0.885302 0.885302 0.885302
6738.505859 0.000000 1235.623413 0.000000 0.590263 0.000000 -0.807211 0.895688 0.895688 0.895688
6728.774902 0.000000 1239.299316 0.000000 0.985171 0.000000 -0.171575 0.817563 0.817563 0.817563
6740.082520 0.000000 1235.944336 0.000000 0.959385 0.000000 -0.282100 0.829130 0.829130 0.829130
6743.073730 0.000000 1242.338501 0.000000 0.422392 0.000000 0.906413 0.684419 0.684419 0.684419
6745.773926 0.000000 1245.507446 0.000000 0.049313 0.000000 -0.998783 0.954975 0.954975 0.954975
6740.559082 0.000000 1234.288208 0.000000 0.988380 0.000000 0.152004 0.784457 0.784457 0.784457
6742.995605 0.000000 1240.232056 0.000000 0.075562 0.000000 0.997141 0.647704 0.647704 0.647704
6734.525879 0.000000 1241.009399 0.000000 0.298851 0.000000 0.954300 0.670913 0.670913 0.670913
6744.094238 0.000000 1244.124756 0.000000 0.996769 0.000000 -0.080315 0.808190 0.808190 0.808190
6727.201172 0.000000 1227.553955 0.000000 0.193138 0.000000 0.981172 0.659797 0.659797 0.659797
6738.582031 0.000000 1241.422852 0.000000 0.989909 0.000000 0.141703 0.785518 0.785518 0.785518
6720.368164 0.000000 1242.371704 0.000000 0.857250 0.000000 -0.514900 0.855095 0.855095 0.855095
6722.161621 0.000000 1241.656250 0.000000 0.814630 0.000000 0.579981 0.736979 0.736979 0.736979
6731.670410 0.000000 1243.164307 0.000000 0.499368 0.000000 0.866390 0.693259 0.693259 0.693259
6738.662109 0.000000 1225.441284 0.000000 0.806788 0.000000 -0.590841 0.864385 0.864385 0.864385
6726.007812 0.000000 1246.360107 0.000000 0.003724 0.000000 0.999993 0.640379 0.640379 0.640379
6730.362305 0.000000 1232.381958 0.000000 0.310136 0.000000 -0.950692 0.927880 0.927880 0.927880
6743.863770 0.000000 1243.105225 0.000000 0.902382 0.000000 0.430937 0.754619 0.754619 0.754619
6732.712402 0.000000 1232.569824 0.000000 0.999828 0.000000 0.018534 0.798112 0.798112 0.798112
6729.135254 0.000000 1238.331665 0.000000 0.721241 0.000000 0.692684 0.722057 0.722057 0.722057
6740.885742 0.000000 1235.223267 0.000000 0.652295 0.000000 -0.757966 0.887618 0.887618 0.887618
6727.993652 0.000000 1246.899414 0.000000 0.900238 0.000000 -0.435399 0.845886 0.845886 0.845886
6745.444824 0.000000 1243.242676 0.000000 0.741843 0.000000 -0.670573 0.874865 0.874865 0.874865
6745.848145 0.000000 1236.524292 0.000000 0.998529 0.000000 -0.054222 0.805526 0.805526 0.805526
6739.910156 0.000000 1241.082153 0.000000 0.094242 0.000000 -0.995549 0.950386 0.950386 0.950386
6725.074707 0.000000 1239.030884 0.000000 0.560079 0.000000 -0.828439 0.899447 0.899447 0.899447
6721.635742 0.000000 1243.582397 0.000000 0.809465 0.000000 0.587169 0.736078 0.736078 0.736078
6739.366699 0.000000 1241.965576 0.000000 0.290823 0.000000 0.956777 0.670057 0.670057 0.670057
6720.766113 0.000000 1243.224976 0.000000 0.838814 0.000000 0.544418 0.741360 0.741360 0.741360
6730.914551 0.000000 1235.482422 0.000000 0.237770 0.000000 0.971322 0.664453 0.664453 0.664453
6731.021973 0.000000 1242.487305 0.000000 0.228973 0.000000 0.973433 0.663532 0.663532 0.663532
6730.220215 0.000000 1243.141846 0.000000 0.923345 0.000000 0.383971 0.759858 0.759858 0.759858
6741.461914 0.000000 1227.740234 0.000000 0.881055 0.000000 0.473014 0.749813 0.749813 0.749813
6743.324219 0.000000 1235.143799 0.000000 0.998380 0.000000 0.056897 0.794201 0.794201 0.794201
6743.968750 0.000000 1242.092163 0.000000 0.917659 0.000000 -0.397369 0.841625 0.841625 0.841625
6726.171387 0.000000 1235.658691 0.000000 0.999629 0.000000 0.027223 0.797227 0.797227 0.797227
6723.706055 0.000000 1227.980103 0.000000 0.766324 0.000000 0.642454 0.728933 0.728933 0.728933
6727.292969 0.000000 1247.730347 0.000000 0.895193 0.000000 0.445679 0.752948 0.752948 0.752948
6817.020020 0.000000 1253.710083 0.000000 0.629108 0.000000 -0.777318 0.890695 0.890695 0.890695
6816.602539 0.000000 1252.383667 0.000000 0.420445 0.000000 0.907318 0.684200 0.684200 0.684200
6817.610840 0.000000 1252.732178 0.000000 0.851461 0.000000 -0.524419 0.856229 0.856229 0.856229
7038.084961 0.000000 1223.166748 0.000000 0.541013 0.000000 -0.841015 0.901773 0.901773 0.901773
7038.801758 0.000000 1222.275879 0.000000 0.092172 0.000000 0.995743 0.649402 0.649402 0.649402
7039.063965 0.000000 1223.247192 0.000000 0.408211 0.000000 0.912888 0.682831 0.682831 0.682831
7067.181641 0.000000 1207.621826 0.000000 0.337626 0.000000 -0.941280 0.924920 0.924920 0.924920
7066.748535 0.000000 1200.818970 0.000000 0.336386 0.000000 -0.941724 0.925054 0.925054 0.925054
7065.296875 0.000000 1212.217896 0.000000 0.732987 0.000000 0.680243 0.723800 0.723800 0.723800
7070.538086 0.000000 1204.763550 0.000000 0.826534 0.000000 0.562887 0.739101 0.739101 0.739101
7068.077148 0.000000 1204.545166 0.000000 0.947456 0.000000 -0.319887 0.833166 0.833166 0.833166
7065.734863 0.000000 1213.515259 0.000000 0.636394 0.000000 -0.771364 0.889736 0.889736 0.889736
7064.055176 0.000000 1212.132568 0.000000 0.005718 0.000000 -0.999984 0.959418 0.959418 0.959418
7066.675293 0.000000 1206.566284 0.000000 0.847046 0.000000 0.531519 0.742919 0.742919 0.742919
7067.767578 0.000000 1200.376831 0.000000 0.903456 0.000000 0.428681 0.754873 0.754873 0.754873
7066.047363 0.000000 1201.650391 0.000000 0.116198 0.000000 -0.993226 0.948137 0.948137 0.948137
7067.842773 0.000000 1206.783936 0.000000 0.476182 0.000000 -0.879347 0.909447 0.909447 0.909447
7067.465332 0.000000 1201.490479 0.000000 0.555942 0.000000 0.831221 0.700046 0.700046 0.700046
7066.166504 0.000000 1200.088501 0.000000 0.979756 0.000000 0.200196 0.779469 0.779469 0.779469
7076.040527 0.000000 1200.102051 0.000000 0.882306 0.000000 0.470677 0.750083 0.750083 0.750083
7079.142578 0.000000 1200.314087 0.000000 0.793545 0.000000 0.608511 0.733365 0.733365 0.733365
7077.477539 0.000000 1200.825439 0.000000 0.389780 0.000000 -0.920908 0.919216 0.919216 0.919216
7072.633789 0.000000 1209.330200 0.000000 0.948861 0.000000 0.315695 0.767284 0.767284 0.767284
7071.721680 0.000000 1211.349854 0.000000 0.829424 0.000000 -0.558620 0.860374 0.860374 0.860374
7075.002930 0.000000 1210.282715 0.000000 0.918392 0.000000 -0.395672 0.841436 0.841436 0.841436
7073.960449 0.000000 1208.495361 0.000000 0.110819 0.000000 -0.993841 0.948689 0.948689 0.948689
7076.173340 0.000000 1201.440063 0.000000 0.178416 0.000000 0.983955 0.658271 0.658271 0.658271
7075.911621 0.000000 1205.895508 0.000000 0.968510 0.000000 -0.248973 0.825630 0.825630 0.825630
7076.339844 0.000000 1198.925903 0.000000 0.846170 0.000000 0.532913 0.742751 0.742751 0.742751
7074.650879 0.000000 1205.402100 0.000000 0.079607 0.000000 0.996826 0.648117 0.648117 0.648117
7079.722656 0.000000 1201.377563 0.000000 0.535470 0.000000 -0.844554 0.902443 0.902443 0.902443
7074.118652 0.000000 1209.664062 0.000000 0.966639 0.000000 0.256144 0.773615 0.773615 0.773615
7071.144043 0.000000 1205.679932 0.000000 0.999886 0.000000 -0.015118 0.801540 0.801540 0.801540
7077.427734 0.000000 1201.876221 0.000000 0.983814 0.000000 -0.179193 0.818352 0.818352 0.818352
7074.448242 0.000000 1211.139038 0.000000 0.013424 0.000000 0.999910 0.641367 0.641367 0.641367
7077.008301 0.000000 1199.803101 0.000000 0.111782 0.000000 -0.993733 0.948590 0.948590 0.948590
7077.991211 0.000000 1198.245483 0.000000 0.872512 0.000000 0.488593 0.748003 0.748003 0.748003
7074.938965 0.000000 1204.199341 0.000000 0.654539 0.000000 0.756028 0.712684 0.712684 0.712684
7078.194336 0.000000 1200.186035 0.000000 0.992932 0.000000 0.118688 0.787882 0.787882 0.787882
7071.308105 0.000000 1204.744751 0.000000 0.715258 0.000000 -0.698860 0.878819 0.878819 0.878819
7039.335938 0.000000 1222.054077 0.000000 0.999040 0.000000 -0.043807 0.804464 0.804464 0.804464
7060.721191 0.000000 1218.543579 0.000000 0.998535 0.000000 0.054115 0.794485 0.794485 0.794485
7061.833984 0.000000 1219.680298 0.000000 0.159172 0.000000 -0.987251 0.943718 0.943718 0.943718
7060.194336 0.000000 1219.294067 0.000000 0.748735 0.000000 -0.662870 0.873812 0.873812 0.873812
6916.211914 0.000000 1535.193970 0.000000 0.738356 0.000000 -0.674411 0.875393 0.875393 0.875393
6917.594727 0.000000 1535.285645 0.000000 0.114878 0.000000 0.993380 0.651727 0.651727 0.651727
6916.869141 0.000000 1534.115479 0.000000 0.123391 0.000000 -0.992358 0.947399 0.947399 0.947399
6917.984375 0.000000 1534.289795 0.000000 0.885904 0.000000 -0.463868 0.849132 0.849132 0.849132
6432.969238 0.000000 1724.134277 0.000000 0.736529 0.000000 0.676406 0.724332 0.724332 0.724332
6432.603516 0.000000 1725.730591 0.000000 0.679757 0.000000 0.733438 0.716133 0.716133 0.716133
6432.035156 0.000000 1724.224487 0.000000 0.994762 0.000000 0.102220 0.789570 0.789570 0.789570
6433.250488 0.000000 1725.082642 0.000000 0.968705 0.000000 -0.248217 0.825550 0.825550 0.825550
6490.016602 0.000000 1710.745239 0.000000 0.886968 0.000000 0.461830 0.751102 0.751102 0.751102
6494.453613 0.000000 1706.262085 0.000000 0.215018 0.000000 -0.976610 0.937926 0.937926 0.937926
6491.032715 0.000000 1711.400635 0.000000 0.921990 0.000000 0.387213 0.759500 0.759500 0.759500
6494.869141 0.000000 1707.198975 0.000000 0.938905 0.000000 -0.344175 0.835789 0.835789 0.835789
6491.256836 0.000000 1710.491211 0.000000 0.921592 0.000000 0.388161 0.759395 0.759395 0.759395
6490.236816 0.000000 1711.963501 0.000000 0.381491 0.000000 -0.924372 0.920131 0.920131 0.920131
6503.635254 0.000000 1704.364136 0.000000 0.146939 0.000000 0.989146 0.655021 0.655021 0.655021
6500.228027 0.000000 1700.833984 0.000000 0.880743 0.000000 -0.473595 0.850254 0.850254 0.850254
6504.899414 0.000000 1700.332642 0.000000 0.960449 0.000000 -0.278455 0.828743 0.828743 0.828743
6495.738770 0.000000 1707.747314 0.000000 0.283793 0.000000 0.958886 0.669310 0.669310 0.669310
6499.685547 0.000000 1697.750854 0.000000 0.732823 0.000000 -0.680420 0.876225 0.876225 0.876225
6502.454590 0.000000 1699.111816 0.000000 0.319342 0.000000 0.947639 0.673108 0.673108 0.673108
6497.839844 0.000000 1699.586426 0.000000 0.154063 0.000000 0.988061 0.655756 0.655756 0.655756
6496.207031 0.000000 1698.529053 0.000000 0.488260 0.000000 -0.872698 0.908042 0.908042 0.908042
6501.864258 0.000000 1700.609131 0.000000 0.925104 0.000000 0.379714 0.760327 0.760327 0.760327
6504.160645 0.000000 1701.632324 0.000000 0.603544 0.000000 -0.797329 0.894001 0.894001 0.894001
6504.771973 0.000000 1704.999268 0.000000 0.064723 0.000000 0.997903 0.646597 0.646597 0.646597
6502.266602 0.000000 1704.700317 0.000000 0.384528 0.000000 0.923113 0.680203 0.680203 0.680203
6498.088379 0.000000 1696.652710 0.000000 0.632890 0.000000 0.774241 0.709802 0.709802 0.709802
6499.594727 0.000000 1696.569946 0.000000 0.119202 0.000000 0.992870 0.652171 0.652171 0.652171
6505.231445 0.000000 1701.388672 0.000000 0.804865 0.000000 0.593458 0.735284 0.735284 0.735284
6495.913574 0.000000 1706.619507 0.000000 0.971512 0.000000 -0.236992 0.824372 0.824372 0.824372
6503.154785 0.000000 1705.330811 0.000000 0.860974 0.000000 0.508649 0.745646 0.745646 0.745646
6501.093262 0.000000 1701.472412 0.000000 0.078389 0.000000 0.996923 0.647993 0.647993 0.647993
6497.187500 0.000000 1698.792603 0.000000 0.846938 0.000000 0.531692 0.742898 0.742898 0.742898
6498.842285 0.000000 1697.245117 0.000000 0.376848 0.000000 -0.926275 0.920642 0.920642 0.920642
6496.069824 0.000000 1699.459961 0.000000 0.264530 0.000000 0.964377 0.667269 0.667269 0.667269
6505.659180 0.000000 1705.208618 0.000000 0.407452 0.000000 -0.913227 0.917254 0.917254 0.917254
6590.659668 0.000000 1714.988647 0.000000 0.553421 0.000000 0.832902 0.699737 0.699737 0.699737
6584.046875 0.000000 1708.798828 0.000000 0.996924 0.000000 0.078378 0.792008 0.792008 0.792008
6589.302734 0.000000 1706.931396 0.000000 0.207132 0.000000 -0.978313 0.938748 0.938748 0.938748
6586.792969 0.000000 1714.360352 0.000000 0.983156 0.000000 0.182769 0.781278 0.781278 0.781278
6585.474609 0.000000 1709.352783 0.000000 0.076645 0.000000 0.997058 0.647815 0.647815 0.647815
6588.171875 0.000000 1706.631470 0.000000 0.667781 0.000000 0.744358 0.714482 0.714482 0.714482
6585.052246 0.000000 1708.353760 0.000000 0.601078 0.000000 -0.799190 0.894316 0.894316 0.894316
6587.418457 0.000000 1715.226318 0.000000 0.256109 0.000000 0.966648 0.666381 0.666381 0.666381
6586.275391 0.000000 1715.227051 0.000000 0.371464 0.000000 0.928447 0.678766 0.678766 0.678766
6598.407227 0.000000 1716.434692 0.000000 0.963115 0.000000 0.269089 0.772249 0.772249 0.772249
6591.224609 0.000000 1715.594360 0.000000 0.949651 0.000000 -0.313311 0.832460 0.832460 0.832460
6591.462891 0.000000 1714.205566 0.000000 0.482947 0.000000 0.875650 0.691339 0.691339 0.691339
6599.538086 0.000000 1716.952881 0.000000 0.973101 0.000000 0.230379 0.776321 0.776321 0.776321
6598.183594 0.000000 1717.443359 0.000000 0.624483 0.000000 0.781038 0.708701 0.708701 0.708701
6599.311523 0.000000 1716.023315 0.000000 0.811334 0.000000 0.584582 0.736403 0.736403 0.736403
6599.187500 0.000000 1717.799927 0.000000 0.958103 0.000000 -0.286422 0.829589 0.829589 0.829589
6591.890137 0.000000 1714.985229 0.000000 0.341823 0.000000 -0.939764 0.924466 0.924466 0.924466
6759.604004 0.000000 1608.387573 0.000000 0.696413 0.000000 0.717641 0.718471 0.718471 0.718471
6763.650879 0.000000 1610.200684 0.000000 0.747459 0.000000 0.664308 0.725992 0.725992 0.725992
6760.933105 0.000000 1616.986938 0.000000 0.769547 0.000000 0.638590 0.729446 0.729446 0.729446
6756.769531 0.000000 1618.573975 0.000000 0.760858 0.000000 -0.648919 0.871929 0.871929 0.871929
6763.563477 0.000000 1611.890015 0.000000 0.981444 0.000000 -0.191749 0.819653 0.819653 0.819653
6762.364258 0.000000 1611.105957 0.000000 0.613589 0.000000 -0.789626 0.892712 0.892712 0.892712
6757.174316 0.000000 1619.877441 0.000000 0.332297 0.000000 0.943175 0.674504 0.674504 0.674504
6758.235352 0.000000 1608.723755 0.000000 0.089981 0.000000 0.995943 0.649178 0.649178 0.649178
6757.930176 0.000000 1618.712036 0.000000 0.988063 0.000000 -0.154049 0.815754 0.815754 0.815754
6759.123535 0.000000 1609.354248 0.000000 0.358479 0.000000 -0.933538 0.922655 0.922655 0.922655
6760.394531 0.000000 1616.054443 0.000000 0.981158 0.000000 -0.193208 0.819804 0.819804 0.819804
6756.261230 0.000000 1619.448486 0.000000 0.466588 0.000000 0.884475 0.689445 0.689445 0.689445
6765.564941 0.000000 1651.646240 0.000000 0.761826 0.000000 0.647782 0.728223 0.728223 0.728223
6768.906250 0.000000 1638.126099 0.000000 0.028311 0.000000 0.999599 0.642884 0.642884 0.642884
6781.378906 0.000000 1634.762451 0.000000 0.189359 0.000000 0.981908 0.659405 0.659405 0.659405
6778.095703 0.000000 1644.129395 0.000000 0.572842 0.000000 0.819666 0.702131 0.702131 0.702131
6772.033203 0.000000 1646.952759 0.000000 0.563513 0.000000 -0.826107 0.899024 0.899024 0.899024
6781.279297 0.000000 1642.947021 0.000000 0.962637 0.000000 -0.270796 0.827932 0.827932 0.827932
6771.359863 0.000000 1634.864014 0.000000 0.232973 0.000000 -0.972483 0.936049 0.936049 0.936049
6779.137695 0.000000 1645.538208 0.000000 0.871741 0.000000 0.489968 0.747843 0.747843 0.747843
6773.723145 0.000000 1650.599121 0.000000 0.998762 0.000000 -0.049745 0.805069 0.805069 0.805069
6773.343262 0.000000 1647.644775 0.000000 0.963085 0.000000 0.269197 0.772237 0.772237 0.772237
6765.567871 0.000000 1650.136230 0.000000 0.494101 0.000000 0.869405 0.692641 0.692641 0.692641
6774.875977 0.000000 1644.013062 0.000000 0.926813 0.000000 -0.375524 0.839212 0.839212 0.839212
6774.792480 0.000000 1645.375000 0.000000 0.180542 0.000000 0.983567 0.658491 0.658491 0.658491
6772.078613 0.000000 1651.842773 0.000000 0.529768 0.000000 -0.848143 0.903129 0.903129 0.903129
6768.990234 0.000000 1639.446899 0.000000 0.965818 0.000000 0.259220 0.773291 0.773291 0.773291
6772.555176 0.000000 1650.186646 0.000000 0.093741 0.000000 -0.995597 0.950438 0.950438 0.950438
6764.604980 0.000000 1650.902100 0.000000 0.977525 0.000000 0.210819 0.778364 0.778364 0.778364
6778.997559 0.000000 1647.416260 0.000000 0.909832 0.000000 0.414976 0.756413 0.756413 0.756413
6780.148438 0.000000 1642.647095 0.000000 0.284045 0.000000 -0.958811 0.930664 0.930664 0.930664
6779.992188 0.000000 1644.867676 0.000000 0.982008 0.000000 0.188837 0.780649 0.780649 0.780649
6770.437500 0.000000 1635.759888 0.000000 0.885883 0.000000 0.463909 0.750863 0.750863 0.750863
6779.034668 0.000000 1644.526123 0.000000 0.770938 0.000000 -0.636910 0.870332 0.870332 0.870332
6773.019043 0.000000 1646.650391 0.000000 0.899021 0.000000 -0.437906 0.846169 0.846169 0.846169
6780.022461 0.000000 1635.717896 0.000000 0.729178 0.000000 -0.684324 0.876769 0.876769 0.876769
6772.881836 0.000000 1651.121704 0.000000 0.491758 0.000000 -0.870732 0.907633 0.907633 0.907633
6780.708496 0.000000 1634.060913 0.000000 0.816088 0.000000 0.577928 0.737236 0.737236 0.737236
6764.667969 0.000000 1651.984863 0.000000 0.287013 0.000000 -0.957927 0.930348 0.930348 0.930348
6779.221680 0.000000 1646.506836 0.000000 0.945776 0.000000 0.324821 0.766303 0.766303 0.766303
6778.201660 0.000000 1647.979126 0.000000 0.833852 0.000000 -0.551988 0.859562 0.859562 0.859562
6770.461426 0.000000 1634.632690 0.000000 0.693184 0.000000 -0.720761 0.881986 0.881986 0.881986
6778.291504 0.000000 1645.880493 0.000000 0.161715 0.000000 -0.986837 0.943455 0.943455 0.943455
6845.371094 0.000000 1570.778076 0.000000 0.771504 0.000000 0.636224 0.729759 0.729759 0.729759
6846.407227 0.000000 1573.197266 0.000000 0.879529 0.000000 0.475845 0.749486 0.749486 0.749486
6844.014648 0.000000 1571.733521 0.000000 0.312305 0.000000 0.949982 0.672352 0.672352 0.672352
6844.700684 0.000000 1570.076538 0.000000 0.987119 0.000000 -0.159987 0.816366 0.816366 0.816366
6863.811523 0.000000 1562.979370 0.000000 0.268114 0.000000 0.963387 0.667648 0.667648 0.667648
6862.111328 0.000000 1562.036133 0.000000 0.853675 0.000000 0.520806 0.744202 0.744202 0.744202
6854.901367 0.000000 1566.799438 0.000000 0.297171 0.000000 0.954824 0.670734 0.670734 0.670734
6862.319824 0.000000 1563.539307 0.000000 0.648043 0.000000 -0.761603 0.888188 0.888188 0.888188
6863.245605 0.000000 1563.921265 0.000000 0.938766 0.000000 -0.344556 0.835831 0.835831 0.835831
6855.978027 0.000000 1566.821289 0.000000 0.970289 0.000000 -0.241950 0.824892 0.824892 0.824892
6862.774902 0.000000 1562.759033 0.000000 0.514296 0.000000 -0.857612 0.904977 0.904977 0.904977
6854.681641 0.000000 1585.760132 0.000000 0.895657 0.000000 -0.444746 0.846946 0.846946 0.846946
6855.179688 0.000000 1580.639038 0.000000 0.976147 0.000000 0.217112 0.777708 0.777708 0.777708
6859.524902 0.000000 1574.645386 0.000000 0.881250 0.000000 0.472651 0.749855 0.749855 0.749855
6847.189941 0.000000 1572.004150 0.000000 0.800819 0.000000 0.598907 0.734593 0.734593 0.734593
6857.983398 0.000000 1580.718262 0.000000 0.997203 0.000000 -0.074747 0.807621 0.807621 0.807621
6857.074219 0.000000 1574.646240 0.000000 0.761554 0.000000 -0.648101 0.871820 0.871820 0.871820
6852.634766 0.000000 1568.246460 0.000000 0.108718 0.000000 -0.994073 0.948904 0.948904 0.948904
6847.359375 0.000000 1573.968140 0.000000 0.999949 0.000000 0.010142 0.798967 0.798967 0.798967
6853.483887 0.000000 1569.752441 0.000000 0.559196 0.000000 -0.829036 0.899555 0.899555 0.899555
6855.169922 0.000000 1584.220337 0.000000 0.494368 0.000000 -0.869253 0.907328 0.907328 0.907328
6856.609375 0.000000 1581.465210 0.000000 0.997296 0.000000 0.073495 0.792507 0.792507 0.792507
6849.406738 0.000000 1575.933105 0.000000 0.996062 0.000000 0.088665 0.790957 0.790957 0.790957
6851.230957 0.000000 1571.787354 0.000000 0.043797 0.000000 -0.999040 0.955537 0.955537 0.955537
6858.280273 0.000000 1575.027222 0.000000 0.640587 0.000000 0.767885 0.710819 0.710819 0.710819
6856.713867 0.000000 1575.813843 0.000000 0.992113 0.000000 -0.125348 0.812801 0.812801 0.812801
6855.750000 0.000000 1585.283813 0.000000 0.968462 0.000000 0.249161 0.774350 0.774350 0.774350
6859.283203 0.000000 1575.791626 0.000000 0.410036 0.000000 -0.912069 0.916965 0.916965 0.916965
6849.509277 0.000000 1574.766968 0.000000 0.387477 0.000000 -0.921879 0.919471 0.919471 0.919471
6850.903809 0.000000 1570.678589 0.000000 0.799134 0.000000 0.601153 0.734307 0.734307 0.734307
6848.398926 0.000000 1574.594116 0.000000 0.215852 0.000000 -0.976426 0.937839 0.937839 0.937839
6847.709961 0.000000 1572.953979 0.000000 0.859500 0.000000 -0.511136 0.854648 0.854648 0.854648
6852.470703 0.000000 1569.235840 0.000000 0.886997 0.000000 0.461776 0.751108 0.751108 0.751108
6855.277344 0.000000 1567.652222 0.000000 0.858743 0.000000 -0.512406 0.854799 0.854799 0.854799
6853.580078 0.000000 1568.759644 0.000000 0.684078 0.000000 -0.729409 0.883265 0.883265 0.883265
6854.221680 0.000000 1584.092285 0.000000 0.937491 0.000000 0.348011 0.763794 0.763794 0.763794
6856.933594 0.000000 1580.583008 0.000000 0.923826 0.000000 0.382813 0.759986 0.759986 0.759986
6857.854492 0.000000 1574.182617 0.000000 0.996445 0.000000 -0.084248 0.808592 0.808592 0.808592
6857.513184 0.000000 1581.480835 0.000000 0.923099 0.000000 0.384563 0.759793 0.759793 0.759793
6856.055664 0.000000 1580.727783 0.000000 0.873934 0.000000 0.486044 0.748301 0.748301 0.748301
6857.643555 0.000000 1575.703613 0.000000 0.993514 0.000000 -0.113714 0.811608 0.811608 0.811608
6783.209473 0.000000 1647.120361 0.000000 0.722996 0.000000 -0.690852 0.877685 0.877685 0.877685
6783.523926 0.000000 1646.194702 0.000000 0.059140 0.000000 0.998250 0.646028 0.646028 0.646028
6799.147949 0.000000 1788.962646 0.000000 0.980989 0.000000 0.194063 0.780107 0.780107 0.780107
6799.678223 0.000000 1784.839966 0.000000 0.801365 0.000000 -0.598176 0.865314 0.865314 0.865314
6803.217773 0.000000 1780.758789 0.000000 0.085638 0.000000 0.996326 0.648734 0.648734 0.648734
6800.504395 0.000000 1790.593018 0.000000 0.987335 0.000000 0.158650 0.783771 0.783771 0.783771
6798.119141 0.000000 1785.981445 0.000000 0.985485 0.000000 -0.169763 0.817376 0.817376 0.817376
6798.321289 0.000000 1790.825195 0.000000 0.761768 0.000000 0.647850 0.728214 0.728214 0.728214
6804.937012 0.000000 1789.160645 0.000000 0.450772 0.000000 -0.892639 0.912368 0.912368 0.912368
6802.187012 0.000000 1781.383057 0.000000 0.711311 0.000000 0.702877 0.720607 0.720607 0.720607
6799.382324 0.000000 1790.107056 0.000000 0.916976 0.000000 -0.398942 0.841799 0.841799 0.841799
6798.518066 0.000000 1784.876587 0.000000 0.828324 0.000000 -0.560249 0.860574 0.860574 0.860574
6799.271973 0.000000 1785.913940 0.000000 0.488427 0.000000 0.872604 0.691977 0.691977 0.691977
6798.191406 0.000000 1789.711914 0.000000 0.973460 0.000000 0.228855 0.776481 0.776481 0.776481
6799.604492 0.000000 1791.185913 0.000000 0.030992 0.000000 0.999520 0.643157 0.643157 0.643157
6798.363770 0.000000 1788.481201 0.000000 0.765918 0.000000 0.642939 0.728869 0.728869 0.728869
6801.798340 0.000000 1791.429810 0.000000 0.987978 0.000000 -0.154597 0.815811 0.815811 0.815811
6803.697754 0.000000 1781.577271 0.000000 0.998752 0.000000 -0.049950 0.805090 0.805090 0.805090
6917.668945 0.000000 1535.667358 0.000000 0.951772 0.000000 0.306805 0.768237 0.768237 0.768237
6712.185547 0.000000 1862.443848 0.000000 0.596126 0.000000 0.802891 0.705054 0.705054 0.705054
6715.330566 0.000000 1865.758179 0.000000 0.999806 0.000000 0.019682 0.797995 0.797995 0.797995
6705.669922 0.000000 1859.027100 0.000000 0.012620 0.000000 0.999920 0.641285 0.641285 0.641285
6702.159668 0.000000 1856.602295 0.000000 0.977414 0.000000 -0.211336 0.821690 0.821690 0.821690
6707.247070 0.000000 1861.778687 0.000000 0.782619 0.000000 0.622502 0.731557 0.731557 0.731557
6712.713379 0.000000 1856.664795 0.000000 0.364758 0.000000 -0.931102 0.921968 0.921968 0.921968
6700.471191 0.000000 1864.288574 0.000000 0.670299 0.000000 -0.742091 0.885173 0.885173 0.885173
6716.538574 0.000000 1875.168823 0.000000 0.856953 0.000000 -0.515395 0.855154 0.855154 0.855154
6716.347656 0.000000 1864.171143 0.000000 0.535519 0.000000 0.844523 0.697563 0.697563 0.697563
6714.562988 0.000000 1864.465576 0.000000 0.836151 0.000000 0.548499 0.740864 0.740864 0.740864
6703.916504 0.000000 1857.015991 0.000000 0.731250 0.000000 -0.682109 0.876460 0.876460 0.876460
6707.331543 0.000000 1860.252441 0.000000 0.915931 0.000000 -0.401336 0.842065 0.842065 0.842065
6716.872559 0.000000 1865.466797 0.000000 0.847018 0.000000 -0.531564 0.857086 0.857086 0.857086
6712.165527 0.000000 1863.795898 0.000000 0.577870 0.000000 -0.816129 0.897243 0.897243 0.897243
6704.716797 0.000000 1858.073486 0.000000 0.732109 0.000000 -0.681188 0.876332 0.876332 0.876332
6717.608887 0.000000 1875.832520 0.000000 0.946682 0.000000 -0.322170 0.833412 0.833412 0.833412
6714.045898 0.000000 1865.624146 0.000000 0.143239 0.000000 0.989688 0.654641 0.654641 0.654641
6713.252930 0.000000 1857.758911 0.000000 0.994474 0.000000 0.104987 0.789286 0.789286 0.789286
6701.587402 0.000000 1864.685181 0.000000 0.673021 0.000000 -0.739623 0.884799 0.884799 0.884799
6713.990234 0.000000 1856.892456 0.000000 0.738208 0.000000 -0.674573 0.875415 0.875415 0.875415
6716.005371 0.000000 1874.152588 0.000000 0.729909 0.000000 -0.683544 0.876660 0.876660 0.876660
6713.303223 0.000000 1863.699951 0.000000 0.677557 0.000000 0.735470 0.715828 0.715828 0.715828
6704.463867 0.000000 1859.172363 0.000000 0.529347 0.000000 0.848405 0.696820 0.696820 0.696820
6702.893066 0.000000 1857.482666 0.000000 0.383557 0.000000 -0.923517 0.919904 0.919904 0.919904
6700.493164 0.000000 1865.420410 0.000000 0.665505 0.000000 -0.746393 0.885829 0.885829 0.885829
6717.521973 0.000000 1864.168701 0.000000 0.319244 0.000000 0.947673 0.673097 0.673097 0.673097
6705.213379 0.000000 1859.951416 0.000000 0.406632 0.000000 0.913592 0.682655 0.682655 0.682655
6715.665039 0.000000 1864.865723 0.000000 0.987705 0.000000 -0.156328 0.815989 0.815989 0.815989
6713.057617 0.000000 1862.800659 0.000000 0.142184 0.000000 0.989840 0.654532 0.654532 0.654532
6717.478516 0.000000 1874.893921 0.000000 0.451473 0.000000 0.892285 0.687712 0.687712 0.687712
6703.084473 0.000000 1856.465088 0.000000 0.950255 0.000000 0.311473 0.767737 0.767737 0.767737
6712.354492 0.000000 1857.809814 0.000000 0.567578 0.000000 -0.823319 0.898522 0.898522 0.898522
6749.034180 0.000000 1881.331299 0.000000 0.667605 0.000000 0.744515 0.714458 0.714458 0.714458
6723.246582 0.000000 1859.717041 0.000000 0.979487 0.000000 0.201506 0.779333 0.779333 0.779333
6722.919434 0.000000 1858.608276 0.000000 0.566959 0.000000 -0.823746 0.898598 0.898598 0.898598
6750.771484 0.000000 1871.965210 0.000000 0.893581 0.000000 0.448902 0.752581 0.752581 0.752581
6749.848633 0.000000 1881.821533 0.000000 0.092747 0.000000 -0.995690 0.950539 0.950539 0.950539
6749.723633 0.000000 1880.586426 0.000000 0.517392 0.000000 0.855749 0.695391 0.695391 0.695391
6765.564941 0.000000 1875.591553 0.000000 0.181070 0.000000 -0.983470 0.941454 0.941454 0.941454
6764.885254 0.000000 1871.366211 0.000000 0.966613 0.000000 0.256241 0.773605 0.773605 0.773605
6765.567871 0.000000 1874.081543 0.000000 0.048291 0.000000 0.998833 0.644921 0.644921 0.644921
6751.213379 0.000000 1871.065674 0.000000 0.680238 0.000000 -0.732991 0.883800 0.883800 0.883800
6765.387207 0.000000 1870.233276 0.000000 0.996826 0.000000 0.079608 0.791883 0.791883 0.791883
6764.604980 0.000000 1874.847412 0.000000 0.952451 0.000000 0.304693 0.768463 0.768463 0.768463
6765.969238 0.000000 1871.036377 0.000000 0.055367 0.000000 -0.998466 0.954358 0.954358 0.954358
6764.667969 0.000000 1875.930176 0.000000 0.911053 0.000000 -0.412288 0.843287 0.843287 0.843287
6751.527832 0.000000 1870.140015 0.000000 0.984937 0.000000 0.172913 0.782298 0.782298 0.782298
6798.147949 0.000000 1792.617920 0.000000 0.762852 0.000000 -0.646574 0.871616 0.871616 0.871616
6799.471680 0.000000 1791.640381 0.000000 0.513506 0.000000 -0.858086 0.905071 0.905071 0.905071
6799.904785 0.000000 1793.031616 0.000000 0.060748 0.000000 -0.998153 0.953808 0.953808 0.953808
6792.736816 0.000000 1800.975830 0.000000 0.652703 0.000000 -0.757614 0.887563 0.887563 0.887563
6798.881348 0.000000 1793.498291 0.000000 0.184723 0.000000 0.982791 0.658924 0.658924 0.658924
6798.314453 0.000000 1791.598633 0.000000 0.987653 0.000000 -0.156658 0.816023 0.816023 0.816023
6799.072754 0.000000 1792.480713 0.000000 0.629554 0.000000 -0.776956 0.890636 0.890636 0.890636
6793.624023 0.000000 1801.185181 0.000000 0.827908 0.000000 0.560864 0.739350 0.739350 0.739350
7088.867188 0.000000 2022.032349 0.000000 0.895459 0.000000 0.445145 0.753009 0.753009 0.753009
7096.666504 0.000000 2016.625732 0.000000 0.877999 0.000000 -0.478663 0.850841 0.850841 0.850841
7087.683105 0.000000 2028.243896 0.000000 0.150317 0.000000 -0.988638 0.944631 0.944631 0.944631
7084.042480 0.000000 2020.715698 0.000000 0.999053 0.000000 0.043515 0.795566 0.795566 0.795566
7076.553223 0.000000 2019.096802 0.000000 0.624371 0.000000 0.781128 0.708686 0.708686 0.708686
7082.722168 0.000000 2029.779785 0.000000 0.996000 0.000000 -0.089350 0.809113 0.809113 0.809113
7085.479004 0.000000 2020.657349 0.000000 0.753394 0.000000 -0.657569 0.873093 0.873093 0.873093
7088.951172 0.000000 2023.353149 0.000000 0.223710 0.000000 -0.974656 0.937019 0.937019 0.937019
7097.206055 0.000000 2017.719849 0.000000 0.962787 0.000000 0.270262 0.772125 0.772125 0.772125
7097.943359 0.000000 2016.853394 0.000000 0.992818 0.000000 -0.119637 0.812215 0.812215 0.812215
7086.776367 0.000000 2028.977661 0.000000 0.594620 0.000000 0.804007 0.704863 0.704863 0.704863
7083.243164 0.000000 2028.827271 0.000000 0.139718 0.000000 -0.990191 0.945722 0.945722 0.945722
7084.215820 0.000000 2021.742310 0.000000 0.465035 0.000000 0.885293 0.689267 0.689267 0.689267
7077.444824 0.000000 2019.571045 0.000000 0.363865 0.000000 -0.931451 0.922066 0.922066 0.922066
7076.470215 0.000000 2018.141846 0.000000 0.889798 0.000000 -0.456356 0.848271 0.848271 0.848271
7077.528809 0.000000 2018.628418 0.000000 0.948030 0.000000 0.318181 0.767017 0.767017 0.767017
7096.307617 0.000000 2017.770752 0.000000 0.911342 0.000000 -0.411650 0.843215 0.843215 0.843215
7133.181641 0.000000 2004.983154 0.000000 0.131122 0.000000 -0.991366 0.946605 0.946605 0.946605
7133.372070 0.000000 2007.655029 0.000000 0.152006 0.000000 0.988380 0.655543 0.655543 0.655543
7121.502930 0.000000 2012.680664 0.000000 0.075809 0.000000 -0.997122 0.952271 0.952271 0.952271
7132.799316 0.000000 2006.345581 0.000000 0.019022 0.000000 0.999819 0.641938 0.641938 0.641938
7129.408203 0.000000 1997.282471 0.000000 0.489500 0.000000 0.872003 0.692103 0.692103 0.692103
7128.964355 0.000000 2004.844482 0.000000 0.630448 0.000000 0.776232 0.709481 0.709481 0.709481
7120.152344 0.000000 2012.136353 0.000000 0.954064 0.000000 -0.299602 0.830993 0.830993 0.830993
7132.069336 0.000000 2004.349854 0.000000 0.315866 0.000000 0.948804 0.672734 0.672734 0.672734
7120.483398 0.000000 2013.297974 0.000000 0.975305 0.000000 -0.220862 0.822684 0.822684 0.822684
7128.985840 0.000000 1996.283447 0.000000 0.480767 0.000000 0.876849 0.691085 0.691085 0.691085
7132.328125 0.000000 2007.499512 0.000000 0.096196 0.000000 0.995362 0.649814 0.649814 0.649814
7133.702637 0.000000 2005.888672 0.000000 0.927702 0.000000 -0.373323 0.838970 0.838970 0.838970
7121.396973 0.000000 2013.669922 0.000000 0.033648 0.000000 -0.999434 0.956572 0.956572 0.956572
7129.801270 0.000000 2004.336792 0.000000 0.990622 0.000000 0.136631 0.786039 0.786039 0.786039
7133.851562 0.000000 2006.833740 0.000000 0.160862 0.000000 0.986977 0.656457 0.656457 0.656457
7141.845703 0.000000 2013.099976 0.000000 0.803614 0.000000 -0.595151 0.864930 0.864930 0.864930
7138.877441 0.000000 2001.503296 0.000000 0.111667 0.000000 -0.993746 0.948602 0.948602 0.948602
7141.160156 0.000000 2009.644043 0.000000 0.500383 0.000000 -0.865804 0.906622 0.906622 0.906622
7140.235840 0.000000 2012.891968 0.000000 0.770123 0.000000 -0.637896 0.870462 0.870462 0.870462
7140.727539 0.000000 2008.395630 0.000000 0.776974 0.000000 0.629533 0.730639 0.730639 0.730639
7140.841797 0.000000 2013.998291 0.000000 0.961113 0.000000 -0.276156 0.828499 0.828499 0.828499
7141.085938 0.000000 2012.096558 0.000000 0.735826 0.000000 0.677170 0.724226 0.724226 0.724226
7140.027832 0.000000 2009.662109 0.000000 0.991579 0.000000 0.129500 0.786772 0.786772 0.786772
7139.062988 0.000000 2000.439331 0.000000 0.332380 0.000000 0.943146 0.674513 0.674513 0.674513
7142.940918 0.000000 1999.059204 0.000000 0.064828 0.000000 0.997896 0.646608 0.646608 0.646608
7138.097168 0.000000 2000.805176 0.000000 0.990486 0.000000 0.137614 0.785938 0.785938 0.785938
7142.186523 0.000000 1999.990723 0.000000 0.717547 0.000000 0.696510 0.721515 0.721515 0.721515
7260.236816 0.000000 1089.319702 0.000000 0.843524 0.000000 -0.537092 0.857753 0.857753 0.857753
7261.791992 0.000000 1089.708496 0.000000 0.945180 0.000000 -0.326551 0.833884 0.833884 0.833884
7261.141113 0.000000 1088.752563 0.000000 0.971035 0.000000 -0.238937 0.824576 0.824576 0.824576
7635.487793 0.000000 1118.201782 0.000000 0.874952 0.000000 -0.484209 0.851486 0.851486 0.851486
7626.035156 0.000000 1114.201050 0.000000 0.843621 0.000000 -0.536940 0.857734 0.857734 0.857734
7637.913086 0.000000 1118.544434 0.000000 0.757920 0.000000 0.652347 0.727611 0.727611 0.727611
7635.129395 0.000000 1116.169312 0.000000 0.179691 0.000000 0.983723 0.658403 0.658403 0.658403
7626.721680 0.000000 1115.878540 0.000000 0.081376 0.000000 0.996683 0.648298 0.648298 0.648298
7636.468262 0.000000 1119.694336 0.000000 0.784234 0.000000 -0.620465 0.868178 0.868178 0.868178
7627.851074 0.000000 1114.142090 0.000000 0.885742 0.000000 -0.464178 0.849168 0.849168 0.849168
7633.078613 0.000000 1115.515991 0.000000 0.989545 0.000000 0.144228 0.785258 0.785258 0.785258
7632.672363 0.000000 1114.087891 0.000000 0.998753 0.000000 -0.049922 0.805087 0.805087 0.805087
7634.612305 0.000000 1117.332275 0.000000 0.944237 0.000000 -0.329268 0.834177 0.834177 0.834177
7636.566895 0.000000 1118.363159 0.000000 0.556547 0.000000 0.830816 0.700120 0.700120 0.700120
7635.762207 0.000000 1117.128540 0.000000 0.976738 0.000000 -0.214438 0.822013 0.822013 0.822013
7627.561035 0.000000 1115.195557 0.000000 0.921472 0.000000 -0.388444 0.840636 0.840636 0.840636
7635.187012 0.000000 1119.247681 0.000000 0.147729 0.000000 -0.989028 0.944897 0.944897 0.944897
7637.489258 0.000000 1119.434692 0.000000 0.983502 0.000000 -0.180895 0.818528 0.818528 0.818528
7626.912598 0.000000 1114.518555 0.000000 0.926649 0.000000 0.375928 0.760744 0.760744 0.760744
7626.110840 0.000000 1115.173096 0.000000 0.494384 0.000000 0.869244 0.692674 0.692674 0.692674
7669.221680 0.000000 1108.175293 0.000000 0.998537 0.000000 -0.054079 0.805511 0.805511 0.805511
7669.988281 0.000000 1109.624634 0.000000 0.468754 0.000000 -0.883329 0.910305 0.910305 0.910305
7659.430176 0.000000 1111.544189 0.000000 0.967399 0.000000 -0.253258 0.826081 0.826081 0.826081
7661.339844 0.000000 1117.015625 0.000000 0.999883 0.000000 0.015288 0.798443 0.798443 0.798443
7668.462891 0.000000 1109.455811 0.000000 0.315177 0.000000 -0.949033 0.927340 0.927340 0.927340
7660.146484 0.000000 1116.657715 0.000000 0.854800 0.000000 -0.518957 0.855577 0.855577 0.855577
7661.363281 0.000000 1116.063843 0.000000 0.951788 0.000000 0.306757 0.768242 0.768242 0.768242
7624.762695 0.000000 1124.473267 0.000000 0.558961 0.000000 -0.829194 0.899584 0.899584 0.899584
7633.556641 0.000000 1123.206787 0.000000 0.618551 0.000000 -0.785745 0.892070 0.892070 0.892070
7625.046387 0.000000 1121.636719 0.000000 0.978270 0.000000 0.207337 0.778727 0.778727 0.778727
7620.955566 0.000000 1127.896606 0.000000 0.601097 0.000000 0.799176 0.705686 0.705686 0.705686
7626.901367 0.000000 1123.255981 0.000000 0.996905 0.000000 -0.078622 0.808017 0.808017 0.808017
7630.187012 0.000000 1129.845825 0.000000 0.126881 0.000000 -0.991918 0.947041 0.947041 0.947041
7627.976074 0.000000 1124.934448 0.000000 0.841795 0.000000 -0.539798 0.858080 0.858080 0.858080
7620.541016 0.000000 1120.355835 0.000000 0.525409 0.000000 -0.850850 0.903652 0.903652 0.903652
7626.267090 0.000000 1125.447510 0.000000 0.672642 0.000000 0.739968 0.715149 0.715149 0.715149
7634.715332 0.000000 1119.731079 0.000000 0.214822 0.000000 -0.976653 0.937946 0.937946 0.937946
7621.390137 0.000000 1121.861816 0.000000 0.749586 0.000000 -0.661907 0.873681 0.873681 0.873681
7629.161133 0.000000 1126.431641 0.000000 0.477648 0.000000 -0.878551 0.909277 0.909277 0.909277
7620.099121 0.000000 1126.650635 0.000000 0.740956 0.000000 -0.671553 0.874999 0.874999 0.874999
7636.430664 0.000000 1119.995972 0.000000 0.493578 0.000000 0.869701 0.692580 0.692580 0.692580
7636.650879 0.000000 1122.567017 0.000000 0.697391 0.000000 0.716691 0.718610 0.718610 0.718610
7623.234863 0.000000 1124.520996 0.000000 0.071795 0.000000 0.997419 0.647319 0.647319 0.647319
7624.023926 0.000000 1125.772949 0.000000 0.993371 0.000000 0.114956 0.788265 0.788265 0.788265
7632.603516 0.000000 1122.253174 0.000000 0.388108 0.000000 0.921614 0.680599 0.680599 0.680599
7625.516113 0.000000 1120.203491 0.000000 0.995908 0.000000 0.090369 0.790782 0.790782 0.790782
7621.411621 0.000000 1126.611816 0.000000 0.843730 0.000000 0.536768 0.742286 0.742286 0.742286
7637.763672 0.000000 1123.703735 0.000000 0.191245 0.000000 -0.981542 0.940399 0.940399 0.940399
7626.143555 0.000000 1124.203857 0.000000 0.999027 0.000000 -0.044099 0.804493 0.804493 0.804493
7630.874512 0.000000 1128.873535 0.000000 0.467892 0.000000 0.883785 0.689596 0.689596 0.689596
7626.228516 0.000000 1122.219849 0.000000 0.802627 0.000000 -0.596481 0.865099 0.865099 0.865099
7628.452637 0.000000 1127.333008 0.000000 0.933880 0.000000 -0.357586 0.837248 0.837248 0.837248
7625.094727 0.000000 1125.529297 0.000000 0.999940 0.000000 -0.011002 0.801121 0.801121 0.801121
7632.350586 0.000000 1123.352051 0.000000 0.852394 0.000000 -0.522901 0.856048 0.856048 0.856048
7631.671387 0.000000 1129.538086 0.000000 0.778454 0.000000 0.627702 0.730879 0.730879 0.730879
7627.189453 0.000000 1124.268188 0.000000 0.962603 0.000000 -0.270917 0.827945 0.827945 0.827945
7627.288574 0.000000 1122.197876 0.000000 0.057100 0.000000 -0.998368 0.954181 0.954181 0.954181
7620.376953 0.000000 1121.345215 0.000000 0.357136 0.000000 -0.934052 0.922801 0.922801 0.922801
7627.221680 0.000000 1125.680786 0.000000 0.905856 0.000000 0.423585 0.755447 0.755447 0.755447
7621.486328 0.000000 1120.869019 0.000000 0.373818 0.000000 -0.927502 0.920975 0.920975 0.920975
7629.463867 0.000000 1127.314697 0.000000 0.992089 0.000000 0.125536 0.787179 0.787179 0.787179
7636.124023 0.000000 1123.317505 0.000000 0.928666 0.000000 0.370917 0.761294 0.761294 0.761294
7622.395020 0.000000 1124.148315 0.000000 0.440022 0.000000 -0.897987 0.913591 0.913591 0.913591
7655.082031 0.000000 1132.748413 0.000000 0.096292 0.000000 -0.995353 0.950177 0.950177 0.950177
7655.958008 0.000000 1132.837158 0.000000 0.636748 0.000000 -0.771072 0.889689 0.889689 0.889689
7598.757324 0.000000 1238.258545 0.000000 0.970191 0.000000 -0.242340 0.824933 0.824933 0.824933
7601.340820 0.000000 1240.847412 0.000000 0.584586 0.000000 -0.811331 0.896402 0.896402 0.896402
7598.049316 0.000000 1239.801147 0.000000 0.179276 0.000000 -0.983799 0.941640 0.941640 0.941640
7599.171387 0.000000 1239.935425 0.000000 0.238250 0.000000 0.971204 0.664504 0.664504 0.664504
7600.361816 0.000000 1240.389282 0.000000 0.705104 0.000000 0.709104 0.719712 0.719712 0.719712
7599.354980 0.000000 1239.013916 0.000000 0.442484 0.000000 0.896776 0.686689 0.686689 0.686689
7601.586914 0.000000 1241.811035 0.000000 0.940427 0.000000 0.339996 0.764664 0.764664 0.764664
7476.458496 0.000000 1384.000977 0.000000 0.563311 0.000000 -0.826245 0.899049 0.899049 0.899049
7485.908203 0.000000 1391.406616 0.000000 0.325343 0.000000 0.945596 0.673753 0.673753 0.673753
7475.328613 0.000000 1394.673706 0.000000 0.999666 0.000000 -0.025830 0.802631 0.802631 0.802631
7477.528809 0.000000 1388.643066 0.000000 0.339592 0.000000 0.940573 0.675292 0.675292 0.675292
7484.444824 0.000000 1395.286011 0.000000 0.907083 0.000000 -0.420952 0.844257 0.844257 0.844257
7476.471191 0.000000 1389.644165 0.000000 0.581117 0.000000 -0.813820 0.896837 0.896837 0.896837
7481.365234 0.000000 1389.430908 0.000000 0.878383 0.000000 -0.477957 0.850759 0.850759 0.850759
7474.416016 0.000000 1395.584351 0.000000 0.910857 0.000000 0.412721 0.756665 0.756665 0.756665
7475.992676 0.000000 1395.905273 0.000000 0.851842 0.000000 0.523800 0.743845 0.743845 0.743845
7485.515137 0.000000 1395.949707 0.000000 0.122863 0.000000 -0.992424 0.947454 0.947454 0.947454
7485.757324 0.000000 1394.116333 0.000000 0.424118 0.000000 -0.905607 0.915387 0.915387 0.915387
7477.628418 0.000000 1389.918701 0.000000 0.174865 0.000000 0.984592 0.657904 0.657904 0.657904
7485.536621 0.000000 1390.256958 0.000000 0.092415 0.000000 0.995721 0.649427 0.649427 0.649427
7476.913574 0.000000 1385.121338 0.000000 0.617015 0.000000 0.786951 0.707731 0.707731 0.707731
7480.942871 0.000000 1388.431885 0.000000 0.535637 0.000000 0.844448 0.697577 0.697577 0.697577
7484.964844 0.000000 1391.138428 0.000000 0.675578 0.000000 -0.737289 0.884446 0.884446 0.884446
7476.249023 0.000000 1388.738647 0.000000 0.689098 0.000000 0.724668 0.717438 0.717438 0.717438
7485.384766 0.000000 1395.011108 0.000000 0.379505 0.000000 -0.925190 0.920350 0.920350 0.920350
7477.864746 0.000000 1384.753906 0.000000 0.589257 0.000000 0.807946 0.704185 0.704185 0.704185
7527.940430 0.000000 1398.216675 0.000000 0.366307 0.000000 0.930494 0.678201 0.678201 0.678201
7523.274902 0.000000 1400.763794 0.000000 0.359055 0.000000 0.933317 0.677408 0.677408 0.677408
7528.227539 0.000000 1396.089722 0.000000 0.850101 0.000000 0.526620 0.743507 0.743507 0.743507
7529.405762 0.000000 1397.351074 0.000000 0.609361 0.000000 -0.792893 0.893256 0.893256 0.893256
7526.495117 0.000000 1398.568970 0.000000 0.631456 0.000000 0.775412 0.709614 0.709614 0.709614
7523.980957 0.000000 1401.810547 0.000000 0.877842 0.000000 0.478950 0.749126 0.749126 0.749126
7526.853027 0.000000 1399.629639 0.000000 0.548674 0.000000 -0.836037 0.900842 0.900842 0.900842
7522.063965 0.000000 1401.617188 0.000000 0.205477 0.000000 0.978662 0.661080 0.661080 0.661080
7528.410645 0.000000 1397.231201 0.000000 0.514642 0.000000 0.857405 0.695064 0.695064 0.695064
7527.714844 0.000000 1399.123047 0.000000 0.318504 0.000000 -0.947922 0.926982 0.926982 0.926982
7671.905762 0.000000 1343.105957 0.000000 0.535914 0.000000 0.844272 0.697611 0.697611 0.697611
7671.176758 0.000000 1342.075439 0.000000 0.250405 0.000000 -0.968141 0.934220 0.934220 0.934220
7670.835449 0.000000 1343.129517 0.000000 0.953241 0.000000 0.302212 0.768728 0.768728 0.768728
7567.314453 0.000000 1378.540161 0.000000 0.694621 0.000000 0.719376 0.718217 0.718217 0.718217
7566.639648 0.000000 1379.897217 0.000000 0.500161 0.000000 -0.865932 0.906648 0.906648 0.906648
7566.162109 0.000000 1379.109375 0.000000 0.566382 0.000000 -0.824143 0.898670 0.898670 0.898670
7567.460938 0.000000 1379.527710 0.000000 0.693673 0.000000 -0.720290 0.881917 0.881917 0.881917
7671.636230 0.000000 1343.695557 0.000000 0.600433 0.000000 0.799675 0.705602 0.705602 0.705602
7446.150391 0.000000 1465.177979 0.000000 0.646762 0.000000 0.762692 0.711641 0.711641 0.711641
7447.933105 0.000000 1471.074707 0.000000 0.087304 0.000000 -0.996182 0.951096 0.951096 0.951096
7447.675293 0.000000 1465.154907 0.000000 0.861300 0.000000 0.508096 0.745712 0.745712 0.745712
7447.204102 0.000000 1470.044189 0.000000 0.992842 0.000000 -0.119433 0.812194 0.812194 0.812194
7446.909668 0.000000 1464.177368 0.000000 0.803188 0.000000 0.595725 0.734997 0.734997 0.734997
7446.862793 0.000000 1471.098267 0.000000 0.042976 0.000000 -0.999076 0.955621 0.955621 0.955621
7504.050781 0.000000 1418.451782 0.000000 0.348138 0.000000 -0.937443 0.923780 0.923780 0.923780
7509.241211 0.000000 1428.097168 0.000000 0.920767 0.000000 -0.390112 0.840820 0.840820 0.840820
7508.918945 0.000000 1435.672363 0.000000 0.336174 0.000000 -0.941800 0.925077 0.925077 0.925077
7517.325195 0.000000 1431.795654 0.000000 0.781582 0.000000 -0.623803 0.868612 0.868612 0.868612
7512.669434 0.000000 1434.491821 0.000000 0.658087 0.000000 0.752942 0.713163 0.713163 0.713163
7500.795410 0.000000 1423.475586 0.000000 0.923518 0.000000 -0.383556 0.840096 0.840096 0.840096
7503.632324 0.000000 1420.392334 0.000000 0.075979 0.000000 -0.997109 0.952253 0.952253 0.952253
7505.473145 0.000000 1419.847290 0.000000 0.430406 0.000000 -0.902635 0.914679 0.914679 0.914679
7504.610352 0.000000 1425.789917 0.000000 0.301651 0.000000 -0.953419 0.928788 0.928788 0.928788
7502.807129 0.000000 1426.753540 0.000000 0.970030 0.000000 0.242985 0.774999 0.774999 0.774999
7497.150391 0.000000 1435.455078 0.000000 0.037208 0.000000 -0.999308 0.956209 0.956209 0.956209
7516.940430 0.000000 1433.440674 0.000000 0.366774 0.000000 -0.930310 0.921748 0.921748 0.921748
7518.631836 0.000000 1436.273926 0.000000 0.238713 0.000000 -0.971090 0.935448 0.935448 0.935448
7518.311035 0.000000 1439.080200 0.000000 0.845640 0.000000 0.533754 0.742650 0.742650 0.742650
7499.142578 0.000000 1437.211792 0.000000 0.787310 0.000000 0.616557 0.732329 0.732329 0.732329
7508.482422 0.000000 1429.377686 0.000000 0.002773 0.000000 -0.999996 0.959718 0.959718 0.959718
7516.752441 0.000000 1430.486206 0.000000 0.995750 0.000000 -0.092100 0.809395 0.809395 0.809395
7509.614746 0.000000 1434.480713 0.000000 0.854127 0.000000 0.520064 0.744291 0.744291 0.744291
7496.070312 0.000000 1434.791138 0.000000 0.999861 0.000000 -0.016646 0.801696 0.801696 0.801696
7501.297363 0.000000 1422.342651 0.000000 0.342420 0.000000 0.939547 0.675599 0.675599 0.675599
7516.876953 0.000000 1439.104614 0.000000 0.868938 0.000000 -0.494922 0.852737 0.852737 0.852737
7504.869629 0.000000 1424.593506 0.000000 0.347998 0.000000 0.937495 0.676204 0.676204 0.676204
7518.925293 0.000000 1437.959473 0.000000 0.312365 0.000000 -0.949962 0.927641 0.927641 0.927641
7504.405762 0.000000 1419.509644 0.000000 0.895532 0.000000 0.444997 0.753026 0.753026 0.753026
7502.725586 0.000000 1421.126099 0.000000 0.922770 0.000000 0.385350 0.759706 0.759706 0.759706
7516.281250 0.000000 1431.640137 0.000000 0.251104 0.000000 0.967960 0.665854 0.665854 0.665854
7502.660156 0.000000 1420.114502 0.000000 0.372528 0.000000 -0.928021 0.921117 0.921117 0.921117
7518.226562 0.000000 1437.227295 0.000000 0.534882 0.000000 -0.844927 0.902514 0.902514 0.902514
7517.655762 0.000000 1430.029297 0.000000 0.493244 0.000000 -0.869891 0.907459 0.907459 0.907459
7502.473633 0.000000 1427.713501 0.000000 0.681312 0.000000 0.731993 0.716349 0.716349 0.716349
7497.005859 0.000000 1434.469849 0.000000 0.753973 0.000000 0.656906 0.726997 0.726997 0.726997
7505.532715 0.000000 1418.813232 0.000000 0.926488 0.000000 -0.376324 0.839300 0.839300 0.839300
7501.879395 0.000000 1423.145752 0.000000 0.962080 0.000000 -0.272769 0.828141 0.828141 0.828141
7503.472168 0.000000 1426.032715 0.000000 0.851765 0.000000 -0.523923 0.856170 0.856170 0.856170
7513.351074 0.000000 1435.195801 0.000000 0.895864 0.000000 -0.444328 0.846898 0.846898 0.846898
7517.754883 0.000000 1433.930908 0.000000 0.994526 0.000000 0.104487 0.789338 0.789338 0.789338
7498.399902 0.000000 1437.820068 0.000000 0.350506 0.000000 -0.936560 0.923523 0.923523 0.923523
7517.629883 0.000000 1432.695801 0.000000 0.869713 0.000000 -0.493558 0.852577 0.852577 0.852577
7517.804688 0.000000 1430.974365 0.000000 0.305533 0.000000 0.952182 0.671627 0.671627 0.671627
7508.484375 0.000000 1434.839966 0.000000 0.949056 0.000000 -0.315107 0.832653 0.832653 0.832653
7516.615723 0.000000 1438.244629 0.000000 0.155939 0.000000 0.987767 0.655949 0.655949 0.655949
7523.274902 0.000000 1432.755981 0.000000 0.946228 0.000000 0.323499 0.766445 0.766445 0.766445
7519.176758 0.000000 1436.846436 0.000000 0.825519 0.000000 -0.564374 0.861082 0.861082 0.861082
7521.471680 0.000000 1434.501343 0.000000 0.998599 0.000000 0.052913 0.794608 0.794608 0.794608
7522.679199 0.000000 1430.544556 0.000000 0.848352 0.000000 0.529433 0.743169 0.743169 0.743169
7519.369141 0.000000 1439.007690 0.000000 0.987371 0.000000 0.158424 0.783795 0.783795 0.783795
7526.366699 0.000000 1415.445557 0.000000 0.672583 0.000000 0.740022 0.715141 0.715141 0.715141
7527.581543 0.000000 1414.921265 0.000000 0.173970 0.000000 0.984751 0.657811 0.657811 0.657811
7522.820801 0.000000 1431.677490 0.000000 1.000000 0.000000 -0.000634 0.800065 0.800065 0.800065
7523.980957 0.000000 1433.802734 0.000000 0.477681 0.000000 0.878533 0.690727 0.690727 0.690727
7520.270508 0.000000 1434.324829 0.000000 0.782971 0.000000 0.622058 0.731615 0.731615 0.731615
7522.063965 0.000000 1433.609375 0.000000 0.048186 0.000000 -0.998838 0.955090 0.955090 0.955090
7519.447754 0.000000 1437.842407 0.000000 0.317198 0.000000 -0.948359 0.927123 0.927123 0.927123
7521.538086 0.000000 1435.535522 0.000000 0.553123 0.000000 0.833100 0.699700 0.699700 0.699700
7520.668457 0.000000 1435.178101 0.000000 0.995945 0.000000 -0.089960 0.809176 0.809176 0.809176
7519.902344 0.000000 1436.294800 0.000000 0.855039 0.000000 0.518563 0.744469 0.744469 0.744469
7514.612793 0.000000 1440.024536 0.000000 0.498317 0.000000 0.866995 0.693135 0.693135 0.693135
7517.716309 0.000000 1439.832764 0.000000 0.495406 0.000000 0.868662 0.692794 0.692794 0.692794
7489.475586 0.000000 1466.493530 0.000000 0.783763 0.000000 0.621061 0.731745 0.731745 0.731745
7516.032227 0.000000 1439.758789 0.000000 0.940616 0.000000 0.339474 0.764720 0.764720 0.764720
7515.073730 0.000000 1441.086060 0.000000 0.109325 0.000000 0.994006 0.651158 0.651158 0.651158
7488.274414 0.000000 1466.317017 0.000000 0.999087 0.000000 -0.042723 0.804353 0.804353 0.804353
7489.541992 0.000000 1467.527710 0.000000 0.694108 0.000000 0.719871 0.718144 0.718144 0.718144
7488.672363 0.000000 1467.170288 0.000000 0.808169 0.000000 -0.588951 0.864147 0.864147 0.864147
7515.527832 0.000000 1441.897827 0.000000 0.631815 0.000000 0.775119 0.709661 0.709661 0.709661
7519.353516 0.000000 1439.787720 0.000000 0.481415 0.000000 0.876493 0.691161 0.691161 0.691161
7440.992188 0.000000 1472.106812 0.000000 0.685399 0.000000 0.728168 0.716919 0.716919 0.716919
7446.204102 0.000000 1471.972900 0.000000 0.777995 0.000000 -0.628270 0.869196 0.869196 0.869196
7441.994629 0.000000 1473.468140 0.000000 0.726778 0.000000 -0.686872 0.877125 0.877125 0.877125
7447.663574 0.000000 1471.664307 0.000000 0.999973 0.000000 -0.007379 0.800752 0.800752 0.800752
7441.015137 0.000000 1473.218994 0.000000 0.918593 0.000000 0.395206 0.758615 0.758615 0.758615
7480.619629 0.000000 1472.758545 0.000000 0.953634 0.000000 0.300968 0.768861 0.768861 0.768861
7482.354004 0.000000 1474.094116 0.000000 0.949955 0.000000 0.312386 0.767639 0.767639 0.767639
7483.747070 0.000000 1474.764404 0.000000 0.284087 0.000000 -0.958798 0.930659 0.930659 0.930659
7481.159180 0.000000 1473.852661 0.000000 0.835284 0.000000 -0.549819 0.859297 0.859297 0.859297
7481.896484 0.000000 1472.986206 0.000000 0.990503 0.000000 -0.137493 0.814049 0.814049 0.814049
7482.795410 0.000000 1475.106812 0.000000 0.025409 0.000000 -0.999677 0.957412 0.957412 0.957412
7483.936523 0.000000 1475.756958 0.000000 0.997446 0.000000 0.071423 0.792719 0.792719 0.792719
7480.260742 0.000000 1473.903564 0.000000 0.552495 0.000000 -0.833516 0.900376 0.900376 0.900376
7491.564453 0.000000 1473.805542 0.000000 0.788678 0.000000 0.614806 0.732555 0.732555 0.732555
7502.240723 0.000000 1479.769287 0.000000 0.588629 0.000000 0.808403 0.704106 0.704106 0.704106
7494.333496 0.000000 1475.166504 0.000000 0.891372 0.000000 0.453273 0.752082 0.752082 0.752082
7489.718750 0.000000 1475.641113 0.000000 0.356428 0.000000 -0.934323 0.922878 0.922878 0.922878
7510.733398 0.000000 1476.706177 0.000000 0.245572 0.000000 -0.969378 0.934728 0.934728 0.934728
7507.131836 0.000000 1492.829102 0.000000 0.662131 0.000000 -0.749388 0.886289 0.886289 0.886289
7511.025879 0.000000 1490.205566 0.000000 0.950056 0.000000 -0.312081 0.832328 0.832328 0.832328
7488.085938 0.000000 1474.583740 0.000000 0.700809 0.000000 -0.713349 0.880903 0.880903 0.880903
7495.979980 0.000000 1474.828125 0.000000 0.382115 0.000000 -0.924115 0.920063 0.920063 0.920063
7503.486328 0.000000 1478.853394 0.000000 0.998127 0.000000 0.061181 0.793764 0.793764 0.793764
7488.855469 0.000000 1482.977173 0.000000 0.327290 0.000000 -0.944924 0.926037 0.926037 0.926037
7510.499512 0.000000 1491.648071 0.000000 0.977873 0.000000 0.209201 0.778532 0.778532 0.778532
7511.916992 0.000000 1476.231323 0.000000 0.905896 0.000000 0.423500 0.755456 0.755456 0.755456
7506.101074 0.000000 1493.453369 0.000000 0.889816 0.000000 -0.456319 0.848266 0.848266 0.848266
7511.124512 0.000000 1477.829834 0.000000 0.053621 0.000000 -0.998561 0.954536 0.954536 0.954536
7491.473633 0.000000 1472.624634 0.000000 0.598827 0.000000 -0.800878 0.894603 0.894603 0.894603
7502.396973 0.000000 1478.483643 0.000000 0.572586 0.000000 0.819844 0.702099 0.702099 0.702099
7489.066406 0.000000 1474.847290 0.000000 0.202184 0.000000 0.979347 0.660737 0.660737 0.660737
7503.228027 0.000000 1479.876709 0.000000 0.999879 0.000000 0.015566 0.798414 0.798414 0.798414
7510.125488 0.000000 1477.653564 0.000000 0.936706 0.000000 -0.350117 0.836435 0.836435 0.836435
7490.721191 0.000000 1473.299805 0.000000 0.781914 0.000000 0.623386 0.731442 0.731442 0.731442
7495.948242 0.000000 1475.784180 0.000000 0.998697 0.000000 0.051042 0.794799 0.794799 0.794799
7507.611816 0.000000 1493.647583 0.000000 0.343911 0.000000 0.939002 0.675761 0.675761 0.675761
7489.152832 0.000000 1483.850708 0.000000 0.985441 0.000000 -0.170017 0.817402 0.817402 0.817402
7511.230469 0.000000 1491.081299 0.000000 0.526860 0.000000 -0.849952 0.903478 0.903478 0.903478
7595.979980 0.000000 1444.856323 0.000000 0.810988 0.000000 0.585062 0.736342 0.736342 0.736342
7607.913574 0.000000 1471.074707 0.000000 0.731365 0.000000 0.681987 0.723557 0.723557 0.723557
7594.270996 0.000000 1445.369385 0.000000 0.236815 0.000000 -0.971555 0.935647 0.935647 0.935647
7607.184570 0.000000 1470.044189 0.000000 0.133061 0.000000 -0.991108 0.946406 0.946406 0.946406
7594.147461 0.000000 1444.125732 0.000000 0.771155 0.000000 -0.636647 0.870297 0.870297 0.870297
7606.843262 0.000000 1471.098267 0.000000 0.063763 0.000000 0.997965 0.646499 0.646499 0.646499
7595.193359 0.000000 1444.190063 0.000000 0.996563 0.000000 0.082842 0.791552 0.791552 0.791552
7595.225586 0.000000 1445.602661 0.000000 0.948729 0.000000 0.316091 0.767241 0.767241 0.767241
7633.913574 0.000000 1416.536133 0.000000 0.943321 0.000000 -0.331882 0.834459 0.834459 0.834459
7636.803223 0.000000 1418.514771 0.000000 0.291569 0.000000 -0.956550 0.929863 0.929863 0.929863
7624.980469 0.000000 1414.685303 0.000000 0.816117 0.000000 0.577886 0.737241 0.737241 0.737241
7639.917969 0.000000 1420.869141 0.000000 0.953936 0.000000 -0.300009 0.831037 0.831037 0.831037
7643.958008 0.000000 1422.985596 0.000000 0.930094 0.000000 0.367321 0.761688 0.761688 0.761688
7628.357910 0.000000 1416.397949 0.000000 0.309898 0.000000 -0.950770 0.927906 0.927906 0.927906
7632.019531 0.000000 1416.475586 0.000000 0.995392 0.000000 0.095891 0.790218 0.790218 0.790218
7642.664062 0.000000 1426.430664 0.000000 0.156756 0.000000 0.987637 0.656033 0.656033 0.656033
7635.704590 0.000000 1417.314941 0.000000 0.821307 0.000000 -0.570486 0.861838 0.861838 0.861838
7638.770508 0.000000 1420.067749 0.000000 0.776058 0.000000 0.630661 0.730491 0.730491 0.730491
7633.275391 0.000000 1417.874634 0.000000 0.985376 0.000000 0.170392 0.782559 0.782559 0.782559
7638.687012 0.000000 1421.429688 0.000000 0.441293 0.000000 0.897363 0.686554 0.686554 0.686554
7636.405762 0.000000 1419.782593 0.000000 0.823585 0.000000 0.567194 0.738569 0.738569 0.738569
7646.312988 0.000000 1418.332397 0.000000 0.859410 0.000000 0.511287 0.745334 0.745334 0.745334
7624.620117 0.000000 1415.852905 0.000000 0.123122 0.000000 0.992392 0.652573 0.652573 0.652573
7629.474121 0.000000 1416.794556 0.000000 0.831658 0.000000 -0.555289 0.859966 0.859966 0.859966
7636.894043 0.000000 1417.113525 0.000000 0.915255 0.000000 -0.402875 0.842237 0.842237 0.842237
7643.892090 0.000000 1426.261963 0.000000 0.384730 0.000000 0.923029 0.680226 0.680226 0.680226
7642.892090 0.000000 1423.470947 0.000000 0.791722 0.000000 -0.610882 0.866939 0.866939 0.866939
7628.379883 0.000000 1417.529785 0.000000 0.672573 0.000000 0.740031 0.715140 0.715140 0.715140
7643.289551 0.000000 1427.296631 0.000000 0.175316 0.000000 0.984512 0.657950 0.657950 0.657950
7634.552734 0.000000 1417.394409 0.000000 0.827368 0.000000 -0.561661 0.860748 0.860748 0.860748
7632.958984 0.000000 1416.874512 0.000000 0.231634 0.000000 -0.972803 0.936190 0.936190 0.936190
7646.728516 0.000000 1419.269287 0.000000 0.422276 0.000000 -0.906467 0.915594 0.915594 0.915594
7642.146484 0.000000 1427.297363 0.000000 0.336960 0.000000 -0.941519 0.924992 0.924992 0.924992
7643.116211 0.000000 1422.561523 0.000000 0.900545 0.000000 -0.434763 0.845814 0.845814 0.845814
7637.352539 0.000000 1419.693359 0.000000 0.239822 0.000000 -0.970817 0.935332 0.935332 0.935332
7625.760742 0.000000 1414.221680 0.000000 0.980009 0.000000 -0.198954 0.820401 0.820401 0.820401
7637.845215 0.000000 1416.746094 0.000000 0.968426 0.000000 0.249300 0.774336 0.774336 0.774336
7625.549805 0.000000 1415.742676 0.000000 0.963480 0.000000 0.267781 0.772387 0.772387 0.772387
7647.598145 0.000000 1419.817627 0.000000 0.927575 0.000000 0.373637 0.760995 0.760995 0.760995
7647.772949 0.000000 1418.689819 0.000000 0.796445 0.000000 0.604711 0.733852 0.733852 0.733852
7582.135742 0.000000 1481.003784 0.000000 0.066634 0.000000 0.997777 0.646792 0.646792 0.646792
7582.851074 0.000000 1480.127319 0.000000 0.590307 0.000000 -0.807179 0.895682 0.895682 0.895682
7600.039062 0.000000 1482.436157 0.000000 0.999159 0.000000 0.040993 0.795823 0.795823 0.795823
7588.095215 0.000000 1476.888672 0.000000 0.783574 0.000000 -0.621298 0.868286 0.868286 0.868286
7600.972656 0.000000 1472.106812 0.000000 0.720702 0.000000 0.693245 0.721978 0.721978 0.721978
7606.184570 0.000000 1471.972900 0.000000 0.213325 0.000000 0.976981 0.661897 0.661897 0.661897
7600.804688 0.000000 1478.165161 0.000000 0.373200 0.000000 -0.927751 0.921043 0.921043 0.921043
7608.343750 0.000000 1474.917603 0.000000 0.650416 0.000000 -0.759578 0.887870 0.887870 0.887870
7598.050293 0.000000 1472.696045 0.000000 0.997676 0.000000 0.068139 0.793054 0.793054 0.793054
7588.504395 0.000000 1484.080444 0.000000 0.861244 0.000000 -0.508192 0.854299 0.854299 0.854299
7604.807129 0.000000 1482.499146 0.000000 0.181985 0.000000 0.983301 0.658641 0.658641 0.658641
7594.905273 0.000000 1475.170044 0.000000 0.994965 0.000000 -0.100222 0.810226 0.810226 0.810226
7598.544434 0.000000 1477.461548 0.000000 0.637817 0.000000 0.770188 0.710452 0.710452 0.710452
7603.931641 0.000000 1486.991821 0.000000 0.491731 0.000000 -0.870747 0.907637 0.907637 0.907637
7583.109863 0.000000 1481.808960 0.000000 0.068797 0.000000 -0.997631 0.952987 0.952987 0.952987
7600.059570 0.000000 1476.326050 0.000000 0.033732 0.000000 -0.999431 0.956563 0.956563 0.956563
7601.461426 0.000000 1483.831665 0.000000 0.976944 0.000000 -0.213496 0.821915 0.821915 0.821915
7588.544922 0.000000 1472.269897 0.000000 0.104694 0.000000 -0.994504 0.949316 0.949316 0.949316
7601.975098 0.000000 1473.468140 0.000000 0.983643 0.000000 0.180130 0.781551 0.781551 0.781551
7589.394043 0.000000 1473.775879 0.000000 0.912879 0.000000 0.408229 0.757167 0.757167 0.757167
7601.887695 0.000000 1476.762939 0.000000 0.993409 0.000000 0.114623 0.788299 0.788299 0.788299
7588.821289 0.000000 1485.715942 0.000000 0.074593 0.000000 -0.997214 0.952395 0.952395 0.952395
7602.614746 0.000000 1486.028320 0.000000 0.334506 0.000000 0.942394 0.674742 0.674742 0.674742
7603.708496 0.000000 1481.299316 0.000000 0.721672 0.000000 0.692236 0.722120 0.722120 0.722120
7589.731445 0.000000 1476.663818 0.000000 0.099390 0.000000 -0.995049 0.949859 0.949859 0.949859
7599.807129 0.000000 1473.109741 0.000000 0.639096 0.000000 -0.769127 0.889379 0.889379 0.889379
7594.659668 0.000000 1485.912598 0.000000 0.321817 0.000000 -0.946802 0.926626 0.926626 0.926626
7607.644043 0.000000 1471.664307 0.000000 0.943548 0.000000 -0.331237 0.834389 0.834389 0.834389
7609.686523 0.000000 1475.482056 0.000000 0.915786 0.000000 0.401666 0.757898 0.757898 0.757898
7604.409668 0.000000 1483.766968 0.000000 0.930378 0.000000 0.366601 0.761767 0.761767 0.761767
7592.639160 0.000000 1481.053955 0.000000 0.997612 0.000000 -0.069062 0.807040 0.807040 0.807040
7600.888672 0.000000 1479.485962 0.000000 0.753194 0.000000 0.657798 0.726876 0.726876 0.726876
7583.994629 0.000000 1480.823608 0.000000 0.661803 0.000000 0.749678 0.713667 0.713667 0.713667
7589.905762 0.000000 1485.060669 0.000000 0.843952 0.000000 0.536419 0.742329 0.742329 0.742329
7602.754395 0.000000 1487.313354 0.000000 0.843435 0.000000 -0.537231 0.857769 0.857769 0.857769
7599.718262 0.000000 1477.523193 0.000000 0.803100 0.000000 0.595844 0.734982 0.734982 0.734982
7594.232422 0.000000 1474.133911 0.000000 0.324317 0.000000 -0.945948 0.926357 0.926357 0.926357
7600.394043 0.000000 1483.494019 0.000000 0.670660 0.000000 -0.741765 0.885124 0.885124 0.885124
7598.783691 0.000000 1473.576416 0.000000 0.994156 0.000000 0.107955 0.788982 0.788982 0.788982
7588.960449 0.000000 1477.527100 0.000000 0.042775 0.000000 0.999085 0.644358 0.644358 0.644358
7595.180664 0.000000 1484.960083 0.000000 0.024178 0.000000 -0.999708 0.957537 0.957537 0.957537
7600.846191 0.000000 1477.062012 0.000000 0.863834 0.000000 0.503776 0.746222 0.746222 0.746222
7602.556641 0.000000 1481.378784 0.000000 0.907327 0.000000 -0.420426 0.844198 0.844198 0.844198
7601.797363 0.000000 1477.791138 0.000000 0.991015 0.000000 0.133751 0.786335 0.786335 0.786335
7595.292480 0.000000 1474.111938 0.000000 0.892361 0.000000 0.451321 0.752305 0.752305 0.752305
7601.104004 0.000000 1476.045166 0.000000 0.174891 0.000000 -0.984588 0.942094 0.942094 0.942094
7600.995605 0.000000 1473.218994 0.000000 0.903063 0.000000 -0.429509 0.845220 0.845220 0.845220
7588.380859 0.000000 1473.259277 0.000000 0.959278 0.000000 0.282463 0.770832 0.770832 0.770832
7601.520996 0.000000 1482.797607 0.000000 0.425690 0.000000 -0.904869 0.915210 0.915210 0.915210
7589.490234 0.000000 1472.783081 0.000000 0.204406 0.000000 -0.978886 0.939032 0.939032 0.939032
7608.813965 0.000000 1475.871948 0.000000 0.306284 0.000000 -0.951940 0.928293 0.928293 0.928293
7599.190430 0.000000 1476.750488 0.000000 0.173192 0.000000 -0.984888 0.942269 0.942269 0.942269
7605.356445 0.000000 1483.677734 0.000000 0.150759 0.000000 -0.988571 0.944585 0.944585 0.944585
7598.975098 0.000000 1472.558838 0.000000 0.579220 0.000000 0.815171 0.702926 0.702926 0.702926
7589.022949 0.000000 1484.830078 0.000000 0.175092 0.000000 -0.984552 0.942073 0.942073 0.942073
7594.578613 0.000000 1484.127930 0.000000 0.043652 0.000000 -0.999047 0.955552 0.955552 0.955552
7593.526367 0.000000 1481.263306 0.000000 0.986558 0.000000 0.163413 0.783280 0.783280 0.783280
7594.462402 0.000000 1534.763428 0.000000 0.902519 0.000000 -0.430650 0.845349 0.845349 0.845349
7597.347656 0.000000 1532.914062 0.000000 0.307419 0.000000 -0.951574 0.928171 0.928171 0.928171
7596.154297 0.000000 1532.556152 0.000000 0.120051 0.000000 -0.992768 0.947742 0.947742 0.947742
7595.635254 0.000000 1535.221069 0.000000 0.202030 0.000000 0.979379 0.660721 0.660721 0.660721
7595.299805 0.000000 1534.273926 0.000000 0.987596 0.000000 -0.157016 0.816060 0.816060 0.816060
7643.391113 0.000000 1497.817749 0.000000 0.361190 0.000000 0.932492 0.677641 0.677641 0.677641
7645.397461 0.000000 1501.823975 0.000000 0.786388 0.000000 0.617732 0.732176 0.732176 0.732176
7640.653809 0.000000 1498.476196 0.000000 0.918984 0.000000 -0.394295 0.841284 0.841284 0.841284
7643.111328 0.000000 1495.551514 0.000000 0.778563 0.000000 -0.627566 0.869104 0.869104 0.869104
7644.172363 0.000000 1501.219360 0.000000 0.999747 0.000000 -0.022488 0.802291 0.802291 0.802291
7643.874512 0.000000 1496.612183 0.000000 0.220785 0.000000 -0.975322 0.937324 0.937324 0.937324
7645.364258 0.000000 1500.593506 0.000000 0.338345 0.000000 0.941022 0.675157 0.675157 0.675157
7644.861328 0.000000 1503.088989 0.000000 0.411646 0.000000 -0.911344 0.916785 0.916785 0.916785
7642.412598 0.000000 1496.480347 0.000000 0.132946 0.000000 0.991123 0.653582 0.653582 0.653582
7642.604980 0.000000 1494.495972 0.000000 0.075881 0.000000 -0.997117 0.952263 0.952263 0.952263
7643.772461 0.000000 1494.713623 0.000000 0.772702 0.000000 0.634769 0.729950 0.729950 0.729950
7641.335449 0.000000 1499.180176 0.000000 0.581063 0.000000 -0.813859 0.896844 0.896844 0.896844
7644.600098 0.000000 1502.229004 0.000000 0.012081 0.000000 -0.999927 0.958769 0.958769 0.958769
7660.636230 0.000000 1496.649902 0.000000 0.458342 0.000000 -0.888776 0.911502 0.911502 0.911502
7650.814941 0.000000 1489.628296 0.000000 0.440867 0.000000 0.897573 0.686505 0.686505 0.686505
7658.031250 0.000000 1498.107300 0.000000 0.248292 0.000000 -0.968685 0.934442 0.934442 0.934442
7660.312988 0.000000 1502.184814 0.000000 0.083442 0.000000 0.996513 0.648509 0.648509 0.648509
7651.709473 0.000000 1499.520874 0.000000 0.061966 0.000000 0.998078 0.646316 0.646316 0.646316
7648.695312 0.000000 1495.694580 0.000000 0.337673 0.000000 0.941264 0.675085 0.675085 0.675085
7656.682617 0.000000 1503.467041 0.000000 0.245355 0.000000 -0.969433 0.934751 0.934751 0.934751
7651.970215 0.000000 1488.031738 0.000000 0.908477 0.000000 -0.417934 0.843919 0.843919 0.843919
7660.812012 0.000000 1494.589355 0.000000 0.817735 0.000000 0.575595 0.737527 0.737527 0.737527
7658.717773 0.000000 1499.784790 0.000000 0.999647 0.000000 -0.026572 0.802707 0.802707 0.802707
7659.847168 0.000000 1498.048340 0.000000 0.200247 0.000000 0.979745 0.660536 0.660536 0.660536
7650.932617 0.000000 1498.212402 0.000000 0.036636 0.000000 0.999329 0.643732 0.643732 0.643732
7648.360840 0.000000 1494.479614 0.000000 0.922155 0.000000 0.386820 0.759544 0.759544 0.759544
7657.270020 0.000000 1502.391479 0.000000 0.985868 0.000000 0.167526 0.782855 0.782855 0.782855
7649.621094 0.000000 1495.025146 0.000000 0.962943 0.000000 -0.269706 0.827816 0.827816 0.827816
7651.000488 0.000000 1488.564331 0.000000 0.979574 0.000000 -0.201083 0.820623 0.820623 0.820623
7659.557129 0.000000 1499.101807 0.000000 0.607404 0.000000 0.794393 0.706493 0.706493 0.706493
7660.486816 0.000000 1495.587524 0.000000 0.938565 0.000000 -0.345103 0.835890 0.835890 0.835890
7660.942871 0.000000 1503.129028 0.000000 0.033008 0.000000 0.999455 0.643363 0.643363 0.643363
7650.034668 0.000000 1488.930176 0.000000 0.871012 0.000000 0.491261 0.747692 0.747692 0.747692
7653.135742 0.000000 1492.957397 0.000000 0.351194 0.000000 0.936303 0.676552 0.676552 0.676552
7650.377930 0.000000 1499.068726 0.000000 0.998980 0.000000 -0.045150 0.804601 0.804601 0.804601
7661.238770 0.000000 1497.428101 0.000000 0.998917 0.000000 0.046530 0.795259 0.795259 0.795259
7658.908691 0.000000 1498.424805 0.000000 0.986850 0.000000 0.161641 0.783463 0.783463 0.783463
7658.106934 0.000000 1499.079346 0.000000 0.334585 0.000000 0.942366 0.674751 0.674751 0.674751
7661.240234 0.000000 1502.147461 0.000000 0.627235 0.000000 0.778830 0.709060 0.709060 0.709060
7661.539551 0.000000 1496.541138 0.000000 0.279676 0.000000 0.960094 0.668873 0.668873 0.668873
7645.700684 0.000000 1503.817139 0.000000 0.431301 0.000000 0.902208 0.685423 0.685423 0.685423
7644.016602 0.000000 1503.743164 0.000000 0.504945 0.000000 -0.863151 0.906084 0.906084 0.906084
7656.205078 0.000000 1503.758667 0.000000 0.128231 0.000000 -0.991744 0.946902 0.946902 0.946902
7660.815430 0.000000 1503.651733 0.000000 0.923451 0.000000 0.383716 0.759886 0.759886 0.759886
7696.792969 0.000000 1062.266724 0.000000 0.646876 0.000000 0.762595 0.711656 0.711656 0.711656
7697.004395 0.000000 1069.809814 0.000000 0.478199 0.000000 0.878252 0.690787 0.690787 0.690787
7704.960449 0.000000 1065.021606 0.000000 0.933275 0.000000 -0.359161 0.837420 0.837420 0.837420
7706.164062 0.000000 1063.202271 0.000000 0.920963 0.000000 -0.389651 0.840769 0.840769 0.840769
7696.204590 0.000000 1071.645386 0.000000 0.362578 0.000000 0.931953 0.677793 0.677793 0.677793
7695.608887 0.000000 1068.478271 0.000000 0.730525 0.000000 0.682886 0.723432 0.723432 0.723432
7707.024414 0.000000 1069.678833 0.000000 0.412705 0.000000 0.910865 0.683333 0.683333 0.683333
7697.541016 0.000000 1071.099243 0.000000 0.461730 0.000000 0.887021 0.688887 0.688887 0.688887
7696.876953 0.000000 1063.587524 0.000000 0.219587 0.000000 -0.975593 0.937449 0.937449 0.937449
7705.924805 0.000000 1065.819458 0.000000 0.616038 0.000000 -0.787716 0.892396 0.892396 0.892396
7707.432129 0.000000 1063.415771 0.000000 0.661198 0.000000 0.750211 0.713585 0.713585 0.713585
7694.702148 0.000000 1069.212036 0.000000 0.993998 0.000000 -0.109401 0.811166 0.811166 0.811166
7696.687012 0.000000 1068.696045 0.000000 0.612503 0.000000 -0.790468 0.892852 0.892852 0.892852
7707.878906 0.000000 1069.008301 0.000000 0.344739 0.000000 -0.938699 0.924150 0.924150 0.924150
7706.921387 0.000000 1068.666748 0.000000 0.688263 0.000000 -0.725462 0.882680 0.882680 0.882680
7694.636719 0.000000 1068.200439 0.000000 0.426024 0.000000 0.904712 0.684828 0.684828 0.684828
7696.061035 0.000000 1069.464722 0.000000 0.593896 0.000000 -0.804542 0.895229 0.895229 0.895229
7696.703613 0.000000 1070.737305 0.000000 0.271989 0.000000 -0.962300 0.931942 0.931942 0.931942
7698.002930 0.000000 1104.448608 0.000000 0.333738 0.000000 0.942666 0.674659 0.674659 0.674659
7695.568848 0.000000 1113.004028 0.000000 0.592872 0.000000 0.805297 0.704642 0.704642 0.704642
7695.608887 0.000000 1100.470459 0.000000 0.048286 0.000000 0.998834 0.644920 0.644920 0.644920
7694.783691 0.000000 1106.831665 0.000000 0.381329 0.000000 0.924439 0.679851 0.679851 0.679851
7699.626465 0.000000 1104.966187 0.000000 0.649334 0.000000 0.760503 0.711985 0.711985 0.711985
7690.530762 0.000000 1105.420044 0.000000 0.729707 0.000000 0.683760 0.723310 0.723310 0.723310
7701.609863 0.000000 1106.731934 0.000000 0.293663 0.000000 -0.955909 0.929640 0.929640 0.929640
7698.051270 0.000000 1105.926392 0.000000 0.824101 0.000000 -0.566443 0.861338 0.861338 0.861338
7690.971680 0.000000 1112.940063 0.000000 0.660705 0.000000 0.750646 0.713518 0.713518 0.713518
7697.070801 0.000000 1115.515991 0.000000 0.170715 0.000000 0.985321 0.657474 0.657474 0.657474
7696.664551 0.000000 1114.087891 0.000000 0.973486 0.000000 0.228749 0.776492 0.776492 0.776492
7691.610840 0.000000 1104.316650 0.000000 0.275608 0.000000 0.961270 0.668441 0.668441 0.668441
7700.441895 0.000000 1106.319458 0.000000 0.571641 0.000000 0.820504 0.701982 0.701982 0.701982
7694.408691 0.000000 1113.040649 0.000000 0.928646 0.000000 -0.370967 0.838712 0.838712 0.838712
7694.702148 0.000000 1101.204224 0.000000 0.284100 0.000000 0.958795 0.669342 0.669342 0.669342
7694.636719 0.000000 1100.192627 0.000000 0.245242 0.000000 -0.969462 0.934762 0.934762 0.934762
7690.245117 0.000000 1104.413208 0.000000 0.629803 0.000000 0.776755 0.709397 0.709397 0.709397
7694.450195 0.000000 1107.791626 0.000000 0.293627 0.000000 0.955920 0.670356 0.670356 0.670356
7700.768555 0.000000 1107.254517 0.000000 0.836239 0.000000 -0.548365 0.859120 0.859120 0.859120
7695.448730 0.000000 1106.110840 0.000000 0.061034 0.000000 0.998136 0.646221 0.646221 0.646221
7699.141602 0.000000 1105.808594 0.000000 0.630426 0.000000 0.776249 0.709478 0.709478 0.709478
7698.943359 0.000000 1104.320557 0.000000 0.976248 0.000000 0.216656 0.777755 0.777755 0.777755
7691.844238 0.000000 1113.205811 0.000000 0.676056 0.000000 0.736850 0.715620 0.715620 0.715620
7348.625488 0.000000 1700.026245 0.000000 0.441142 0.000000 -0.897437 0.913464 0.913464 0.913464
7350.488281 0.000000 1710.654907 0.000000 0.931677 0.000000 -0.363288 0.837871 0.837871 0.837871
7347.151367 0.000000 1716.774414 0.000000 0.840878 0.000000 0.541225 0.741747 0.741747 0.741747
7340.193848 0.000000 1697.486328 0.000000 0.999226 0.000000 -0.039342 0.804008 0.804008 0.804008
7349.240234 0.000000 1701.991943 0.000000 0.981219 0.000000 0.192897 0.780228 0.780228 0.780228
7348.269043 0.000000 1701.205811 0.000000 0.831127 0.000000 -0.556082 0.860063 0.860063 0.860063
7346.120605 0.000000 1717.398682 0.000000 0.817358 0.000000 0.576130 0.737460 0.737460 0.737460
7349.550781 0.000000 1700.858398 0.000000 0.003087 0.000000 -0.999995 0.959686 0.959686 0.959686
7340.042969 0.000000 1696.359741 0.000000 0.247692 0.000000 -0.968839 0.934505 0.934505 0.934505
7351.546875 0.000000 1711.088867 0.000000 0.352193 0.000000 -0.935927 0.923340 0.923340 0.923340
7340.993164 0.000000 1696.837524 0.000000 0.551991 0.000000 0.833850 0.699562 0.699562 0.699562
7351.350098 0.000000 1710.144409 0.000000 0.484005 0.000000 -0.875065 0.908538 0.908538 0.908538
7347.631348 0.000000 1717.592896 0.000000 0.748119 0.000000 -0.663565 0.873906 0.873906 0.873906
7350.208008 0.000000 1711.525879 0.000000 0.146848 0.000000 -0.989159 0.944988 0.944988 0.944988
7422.343262 0.000000 1731.662720 0.000000 0.991299 0.000000 0.131626 0.786554 0.786554 0.786554
7422.908691 0.000000 1730.560059 0.000000 0.509572 0.000000 0.860428 0.694463 0.694463 0.694463
7476.609863 0.000000 1604.049683 0.000000 0.914606 0.000000 -0.404346 0.842400 0.842400 0.842400
7460.506348 0.000000 1603.198364 0.000000 0.966603 0.000000 0.256279 0.773601 0.773601 0.773601
7476.253418 0.000000 1605.229248 0.000000 0.191862 0.000000 0.981422 0.659665 0.659665 0.659665
7477.535156 0.000000 1604.881836 0.000000 0.704275 0.000000 0.709927 0.719593 0.719593 0.719593
7461.397949 0.000000 1603.672607 0.000000 0.739914 0.000000 -0.672701 0.875157 0.875157 0.875157
7460.423340 0.000000 1602.243408 0.000000 0.977439 0.000000 -0.211216 0.821678 0.821678 0.821678
7461.481934 0.000000 1602.729980 0.000000 0.578677 0.000000 -0.815557 0.897142 0.897142 0.897142
7470.239258 0.000000 1662.856445 0.000000 0.562667 0.000000 0.826684 0.700872 0.700872 0.700872
7469.363281 0.000000 1660.882812 0.000000 0.995901 0.000000 -0.090452 0.809226 0.809226 0.809226
7468.169922 0.000000 1660.524902 0.000000 0.652495 0.000000 0.757793 0.712409 0.712409 0.712409
7471.300293 0.000000 1662.138306 0.000000 0.170954 0.000000 0.985279 0.657499 0.657499 0.657499
7471.522461 0.000000 1663.217163 0.000000 0.649840 0.000000 -0.760071 0.887947 0.887947 0.887947
7499.561035 0.000000 1642.192871 0.000000 0.603221 0.000000 0.797574 0.705957 0.705957 0.705957
7502.240723 0.000000 1639.730225 0.000000 0.424805 0.000000 0.905285 0.684690 0.684690 0.684690
7503.632324 0.000000 1644.337646 0.000000 0.724690 0.000000 -0.689075 0.877435 0.877435 0.877435
7499.473633 0.000000 1643.882202 0.000000 0.236495 0.000000 0.971633 0.664320 0.664320 0.664320
7503.486328 0.000000 1638.814331 0.000000 0.941479 0.000000 -0.337071 0.835020 0.835020 0.835020
7498.274414 0.000000 1643.098145 0.000000 0.474771 0.000000 -0.880109 0.909610 0.909610 0.909610
7502.725586 0.000000 1645.071411 0.000000 0.991517 0.000000 0.129974 0.786723 0.786723 0.786723
7502.396973 0.000000 1638.444580 0.000000 0.463319 0.000000 0.886192 0.689069 0.689069 0.689069
7502.660156 0.000000 1644.059814 0.000000 0.306915 0.000000 0.951737 0.671775 0.671775 0.671775
7503.228027 0.000000 1639.837646 0.000000 0.680729 0.000000 -0.732535 0.883732 0.883732 0.883732
7595.229004 0.000000 1535.635376 0.000000 0.918522 0.000000 -0.395371 0.841403 0.841403 0.841403
7603.258301 0.000000 1538.887451 0.000000 0.689484 0.000000 -0.724301 0.882508 0.882508 0.882508
7602.335938 0.000000 1539.783325 0.000000 0.580914 0.000000 -0.813965 0.896863 0.896863 0.896863
7602.359863 0.000000 1538.656128 0.000000 0.864910 0.000000 -0.501926 0.853560 0.853560 0.853560
7594.381836 0.000000 1535.857422 0.000000 0.528728 0.000000 -0.848791 0.903254 0.903254 0.903254
7665.669434 0.000000 1622.568237 0.000000 0.893094 0.000000 0.449870 0.752471 0.752471 0.752471
7662.494629 0.000000 1614.201294 0.000000 0.484574 0.000000 -0.874750 0.908472 0.908472 0.908472
7668.435059 0.000000 1607.946289 0.000000 0.769645 0.000000 -0.638472 0.870539 0.870539 0.870539
7667.239258 0.000000 1612.360718 0.000000 0.784990 0.000000 0.619508 0.731946 0.731946 0.731946
7669.170410 0.000000 1617.204224 0.000000 0.547749 0.000000 0.836642 0.699045 0.699045 0.699045
7667.305176 0.000000 1618.619019 0.000000 0.133606 0.000000 -0.991035 0.946350 0.946350 0.946350
7671.006348 0.000000 1618.174316 0.000000 0.157366 0.000000 0.987540 0.656096 0.656096 0.656096
7669.201172 0.000000 1606.015381 0.000000 0.822996 0.000000 0.568047 0.738464 0.738464 0.738464
7676.459473 0.000000 1627.781860 0.000000 0.715630 0.000000 0.698480 0.721235 0.721235 0.721235
7666.606934 0.000000 1613.997070 0.000000 0.576330 0.000000 -0.817217 0.897435 0.897435 0.897435
7664.227051 0.000000 1623.305298 0.000000 0.996106 0.000000 -0.088161 0.808992 0.808992 0.808992
7666.133789 0.000000 1607.052368 0.000000 0.336903 0.000000 0.941539 0.675002 0.675002 0.675002
7662.699707 0.000000 1615.585571 0.000000 1.000000 0.000000 -0.000821 0.800084 0.800084 0.800084
7670.479980 0.000000 1619.616821 0.000000 0.999905 0.000000 -0.013816 0.801407 0.801407 0.801407
7666.392578 0.000000 1619.529663 0.000000 0.422567 0.000000 -0.906332 0.915561 0.915561 0.915561
7663.841797 0.000000 1614.262451 0.000000 0.524528 0.000000 -0.851393 0.903757 0.903757 0.903757
7667.969238 0.000000 1619.850586 0.000000 0.096189 0.000000 -0.995363 0.950187 0.950187 0.950187
7667.150879 0.000000 1607.838257 0.000000 0.380652 0.000000 -0.924718 0.920224 0.920224 0.920224
7668.131836 0.000000 1606.690674 0.000000 0.190018 0.000000 -0.981781 0.940526 0.940526 0.940526
7666.056152 0.000000 1612.881104 0.000000 0.757273 0.000000 0.653098 0.727510 0.727510 0.727510
7676.479004 0.000000 1626.553833 0.000000 0.986748 0.000000 0.162262 0.783399 0.783399 0.783399
7669.626465 0.000000 1607.809204 0.000000 0.993213 0.000000 0.116306 0.788126 0.788126 0.788126
7665.984375 0.000000 1623.719238 0.000000 0.872255 0.000000 0.489052 0.747950 0.747950 0.747950
7668.255371 0.000000 1616.015137 0.000000 0.783476 0.000000 -0.621422 0.868302 0.868302 0.868302
7664.669434 0.000000 1622.322021 0.000000 0.752110 0.000000 0.659038 0.726708 0.726708 0.726708
7667.483887 0.000000 1613.327393 0.000000 0.252012 0.000000 -0.967724 0.934051 0.934051 0.934051
7677.259277 0.000000 1627.232666 0.000000 0.889387 0.000000 -0.457154 0.848362 0.848362 0.848362
7669.026855 0.000000 1607.006714 0.000000 0.663526 0.000000 0.748153 0.713901 0.713901 0.713901
7665.112305 0.000000 1623.447876 0.000000 0.991143 0.000000 0.132802 0.786433 0.786433 0.786433
7671.210938 0.000000 1619.050049 0.000000 0.852298 0.000000 -0.523056 0.856067 0.856067 0.856067
7669.684570 0.000000 1616.442627 0.000000 0.733036 0.000000 -0.680190 0.876193 0.876193 0.876193
7462.590820 0.000000 1669.878296 0.000000 0.615034 0.000000 -0.788501 0.892526 0.892526 0.892526
7471.389648 0.000000 1663.671631 0.000000 0.994979 0.000000 0.100083 0.789789 0.789789 0.789789
7474.157227 0.000000 1671.036743 0.000000 0.977810 0.000000 -0.209494 0.821498 0.821498 0.821498
7463.254395 0.000000 1668.388184 0.000000 0.997070 0.000000 -0.076496 0.807799 0.807799 0.807799
7475.174316 0.000000 1671.822632 0.000000 0.886451 0.000000 0.462823 0.750988 0.750988 0.750988
7470.232422 0.000000 1663.629883 0.000000 0.276799 0.000000 -0.960928 0.931432 0.931432 0.931432
7462.414551 0.000000 1668.015503 0.000000 0.916175 0.000000 0.400779 0.757997 0.757997 0.757997
7443.511230 0.000000 1726.053345 0.000000 0.998222 0.000000 0.059612 0.793924 0.793924 0.793924
7439.069824 0.000000 1724.978271 0.000000 0.042610 0.000000 -0.999092 0.955658 0.955658 0.955658
7453.420898 0.000000 1725.769287 0.000000 0.641809 0.000000 -0.766864 0.889019 0.889019 0.889019
7425.483398 0.000000 1722.431030 0.000000 0.206209 0.000000 0.978508 0.661156 0.661156 0.661156
7443.152832 0.000000 1724.020874 0.000000 0.119715 0.000000 -0.992808 0.947777 0.947777 0.947777
7429.862793 0.000000 1723.274658 0.000000 0.248371 0.000000 -0.968665 0.934433 0.934433 0.934433
7433.158203 0.000000 1723.384766 0.000000 0.910783 0.000000 0.412885 0.756647 0.756647 0.756647
7437.367188 0.000000 1724.867188 0.000000 0.659162 0.000000 0.752001 0.713308 0.713308 0.713308
7426.622559 0.000000 1726.789307 0.000000 0.085306 0.000000 -0.996355 0.951300 0.951300 0.951300
7452.195801 0.000000 1725.164673 0.000000 0.534058 0.000000 -0.845448 0.902613 0.902613 0.902613
7442.635742 0.000000 1725.183838 0.000000 0.221398 0.000000 0.975183 0.662740 0.662740 0.662740
7432.078125 0.000000 1722.720825 0.000000 0.274416 0.000000 -0.961611 0.931685 0.931685 0.931685
7453.387695 0.000000 1724.538818 0.000000 0.964157 0.000000 0.265334 0.772646 0.772646 0.772646
7436.173828 0.000000 1724.509277 0.000000 0.318343 0.000000 0.947976 0.673000 0.673000 0.673000
7428.799805 0.000000 1722.818970 0.000000 0.306563 0.000000 0.951850 0.671737 0.671737 0.671737
7438.113281 0.000000 1725.727539 0.000000 0.116084 0.000000 0.993239 0.651851 0.651851 0.651851
7424.282227 0.000000 1722.254517 0.000000 0.762961 0.000000 0.646444 0.728402 0.728402 0.728402
7443.785645 0.000000 1724.980103 0.000000 0.928686 0.000000 -0.370867 0.838701 0.838701 0.838701
7443.210449 0.000000 1727.099243 0.000000 0.991106 0.000000 0.133077 0.786405 0.786405 0.786405
7433.013672 0.000000 1722.399536 0.000000 0.916430 0.000000 -0.400195 0.841938 0.841938 0.841938
7425.549805 0.000000 1723.465210 0.000000 0.993330 0.000000 -0.115308 0.811771 0.811771 0.811771
7424.680176 0.000000 1723.107788 0.000000 0.668249 0.000000 0.743938 0.714546 0.714546 0.714546
7438.285645 0.000000 1724.496826 0.000000 0.904906 0.000000 -0.425611 0.844781 0.844781 0.844781
7430.434570 0.000000 1728.331421 0.000000 0.745648 0.000000 0.666340 0.725715 0.725715 0.725715
7435.568848 0.000000 1738.169434 0.000000 0.970695 0.000000 0.240316 0.775280 0.775280 0.775280
7423.119629 0.000000 1731.965088 0.000000 0.979672 0.000000 -0.200607 0.820573 0.820573 0.820573
7430.594727 0.000000 1733.862671 0.000000 0.965466 0.000000 -0.260530 0.826847 0.826847 0.826847
7448.991699 0.000000 1736.857544 0.000000 0.918138 0.000000 -0.396260 0.841502 0.841502 0.841502
7454.333008 0.000000 1733.158203 0.000000 0.824069 0.000000 -0.566490 0.861344 0.861344 0.861344
7426.790527 0.000000 1727.625610 0.000000 0.125457 0.000000 -0.992099 0.947187 0.947187 0.947187
7424.945801 0.000000 1733.592896 0.000000 0.942394 0.000000 -0.334504 0.834742 0.834742 0.834742
7455.037109 0.000000 1729.316650 0.000000 0.410584 0.000000 0.911823 0.683096 0.683096 0.683096
7451.682129 0.000000 1739.708984 0.000000 0.843846 0.000000 0.536586 0.742308 0.742308 0.742308
7428.510254 0.000000 1731.167114 0.000000 0.782938 0.000000 -0.622100 0.868391 0.868391 0.868391
7442.738770 0.000000 1727.582642 0.000000 0.241271 0.000000 0.970458 0.664821 0.664821 0.664821
7435.481445 0.000000 1739.858765 0.000000 0.722461 0.000000 0.691412 0.722236 0.722236 0.722236
7434.517090 0.000000 1728.938965 0.000000 0.999695 0.000000 0.024682 0.797486 0.797486 0.797486
7431.258301 0.000000 1732.372559 0.000000 0.795595 0.000000 0.605829 0.733709 0.733709 0.733709
7430.981934 0.000000 1729.714355 0.000000 0.353279 0.000000 0.935518 0.676779 0.676779 0.676779
7434.282227 0.000000 1739.074707 0.000000 0.387845 0.000000 0.921725 0.680570 0.680570 0.680570
7450.442383 0.000000 1738.850098 0.000000 0.217620 0.000000 -0.976034 0.937655 0.937655 0.937655
7424.528320 0.000000 1732.266479 0.000000 0.998101 0.000000 0.061595 0.793722 0.793722 0.793722
7449.956055 0.000000 1737.655396 0.000000 0.155887 0.000000 0.987775 0.655944 0.655944 0.655944
7431.996094 0.000000 1728.915894 0.000000 0.667707 0.000000 -0.744424 0.885528 0.885528 0.885528
7454.647949 0.000000 1728.302368 0.000000 0.941277 0.000000 0.337634 0.764919 0.764919 0.764919
7425.536621 0.000000 1732.614990 0.000000 0.987036 0.000000 -0.160500 0.816419 0.816419 0.816419
7429.401855 0.000000 1731.641357 0.000000 0.137647 0.000000 0.990481 0.654065 0.654065 0.654065
7425.989746 0.000000 1733.931030 0.000000 0.164617 0.000000 0.986358 0.656844 0.656844 0.656844
7428.427246 0.000000 1730.212158 0.000000 0.883659 0.000000 0.468131 0.750377 0.750377 0.750377
7429.485840 0.000000 1730.698730 0.000000 0.866968 0.000000 -0.498364 0.853141 0.853141 0.853141
7423.956543 0.000000 1731.452148 0.000000 0.584049 0.000000 -0.811718 0.896470 0.896470 0.896470
7435.379883 0.000000 1729.110840 0.000000 0.694402 0.000000 0.719588 0.718186 0.718186 0.718186
7455.285156 0.000000 1733.929077 0.000000 0.352818 0.000000 -0.935692 0.923272 0.923272 0.923272
7455.133789 0.000000 1729.286865 0.000000 0.228026 0.000000 0.973655 0.663433 0.663433 0.663433
7455.635742 0.000000 1732.914917 0.000000 0.663519 0.000000 0.748159 0.713900 0.713900 0.713900
7675.387207 0.000000 1753.755249 0.000000 0.982749 0.000000 0.184945 0.781053 0.781053 0.781053
7665.669434 0.000000 1750.536987 0.000000 0.099672 0.000000 0.995020 0.650169 0.650169 0.650169
7664.796875 0.000000 1734.102661 0.000000 0.931466 0.000000 -0.363829 0.837930 0.837930 0.837930
7662.221191 0.000000 1735.706787 0.000000 0.524136 0.000000 -0.851635 0.903804 0.903804 0.903804
7662.749512 0.000000 1750.133545 0.000000 0.959728 0.000000 -0.280930 0.829006 0.829006 0.829006
7660.194336 0.000000 1741.404053 0.000000 0.350792 0.000000 0.936453 0.676508 0.676508 0.676508
7662.041504 0.000000 1751.676147 0.000000 0.800474 0.000000 -0.599368 0.865466 0.865466 0.865466
7664.227051 0.000000 1751.274048 0.000000 0.863995 0.000000 -0.503500 0.853745 0.853745 0.853745
7658.534668 0.000000 1745.263794 0.000000 0.649981 0.000000 -0.759950 0.887929 0.887929 0.887929
7663.466797 0.000000 1734.790894 0.000000 0.677266 0.000000 -0.735738 0.884213 0.884213 0.884213
7661.585938 0.000000 1741.069946 0.000000 0.634227 0.000000 -0.773147 0.890022 0.890022 0.890022
7659.614746 0.000000 1744.160400 0.000000 0.510249 0.000000 0.860026 0.694543 0.694543 0.694543
7664.880859 0.000000 1735.423462 0.000000 0.848421 0.000000 -0.529323 0.856817 0.856817 0.856817
7675.870605 0.000000 1752.549683 0.000000 0.088256 0.000000 0.996098 0.649001 0.649001 0.649001
7660.656738 0.000000 1740.197998 0.000000 0.537238 0.000000 -0.843431 0.902230 0.902230 0.902230
7665.984375 0.000000 1751.687988 0.000000 0.801465 0.000000 0.598042 0.734703 0.734703 0.734703
7674.408691 0.000000 1752.417847 0.000000 0.823674 0.000000 -0.567064 0.861415 0.861415 0.861415
7663.163574 0.000000 1751.810425 0.000000 0.864371 0.000000 -0.502855 0.853669 0.853669 0.853669
7662.377441 0.000000 1734.421143 0.000000 0.874826 0.000000 0.484437 0.748488 0.748488 0.748488
7664.669434 0.000000 1750.290771 0.000000 0.394085 0.000000 -0.919074 0.918740 0.918740 0.918740
7658.249023 0.000000 1744.256958 0.000000 0.370565 0.000000 -0.928806 0.921332 0.921332 0.921332
7663.208496 0.000000 1735.814209 0.000000 0.796475 0.000000 -0.604672 0.866143 0.866143 0.866143
7663.347168 0.000000 1750.888916 0.000000 0.188712 0.000000 -0.982032 0.940662 0.940662 0.940662
7665.112305 0.000000 1751.416626 0.000000 0.597685 0.000000 0.801731 0.705252 0.705252 0.705252
7672.068359 0.000000 1830.451660 0.000000 0.438248 0.000000 0.898854 0.686208 0.686208 0.686208
7678.124023 0.000000 1832.917847 0.000000 0.967185 0.000000 0.254073 0.773834 0.773834 0.773834
7678.305664 0.000000 1829.134766 0.000000 0.981881 0.000000 0.189500 0.780580 0.780580 0.780580
7672.048340 0.000000 1831.803711 0.000000 0.692600 0.000000 -0.721322 0.882069 0.882069 0.882069
7668.890137 0.000000 1833.011963 0.000000 0.721042 0.000000 -0.692891 0.877972 0.877972 0.877972
7673.186035 0.000000 1831.707764 0.000000 0.977066 0.000000 -0.212938 0.821857 0.821857 0.821857
7678.839355 0.000000 1832.041382 0.000000 0.672810 0.000000 -0.739816 0.884828 0.884828 0.884828
7672.940430 0.000000 1830.808472 0.000000 0.500655 0.000000 0.865647 0.693410 0.693410 0.693410
7669.841309 0.000000 1832.644531 0.000000 0.927432 0.000000 0.373992 0.760956 0.760956 0.760956
7707.383301 0.000000 1689.770874 0.000000 0.461850 0.000000 0.886958 0.688901 0.688901 0.688901
7699.479980 0.000000 1694.061157 0.000000 0.999356 0.000000 -0.035874 0.803655 0.803655 0.803655
7702.119141 0.000000 1689.123291 0.000000 0.534475 0.000000 0.845184 0.697437 0.697437 0.697437
7705.169922 0.000000 1686.233276 0.000000 0.096530 0.000000 -0.995330 0.950152 0.950152 0.950152
7705.824219 0.000000 1694.680298 0.000000 0.975854 0.000000 -0.218422 0.822429 0.822429 0.822429
7703.644043 0.000000 1689.100220 0.000000 0.737780 0.000000 -0.675041 0.875480 0.875480 0.875480
7697.070801 0.000000 1691.375366 0.000000 0.998467 0.000000 0.055352 0.794359 0.794359 0.794359
7704.259766 0.000000 1687.151245 0.000000 0.645497 0.000000 0.763763 0.711472 0.711472 0.711472
7705.820312 0.000000 1687.341187 0.000000 0.656936 0.000000 -0.753947 0.886993 0.886993 0.886993
7707.866699 0.000000 1688.565308 0.000000 0.675122 0.000000 -0.737706 0.884509 0.884509 0.884509
7702.878418 0.000000 1688.122681 0.000000 0.826044 0.000000 0.563605 0.739012 0.739012 0.739012
7706.404785 0.000000 1688.433472 0.000000 0.645409 0.000000 -0.763837 0.888540 0.888540 0.888540
7704.742188 0.000000 1694.186646 0.000000 0.318917 0.000000 0.947783 0.673062 0.673062 0.673062
7699.179199 0.000000 1695.107056 0.000000 0.952913 0.000000 -0.303243 0.831382 0.831382 0.831382
7703.988770 0.000000 1688.104004 0.000000 0.998525 0.000000 0.054287 0.794468 0.794468 0.794468
7703.851562 0.000000 1689.982788 0.000000 0.616056 0.000000 -0.787702 0.892393 0.892393 0.892393
7696.960938 0.000000 1696.052124 0.000000 0.821124 0.000000 -0.570749 0.861871 0.861871 0.861871
7696.047852 0.000000 1700.271362 0.000000 0.977690 0.000000 -0.210053 0.821556 0.821556 0.821556
7698.707520 0.000000 1695.590454 0.000000 0.604916 0.000000 -0.796289 0.893826 0.893826 0.893826
7697.963379 0.000000 1697.413452 0.000000 0.228463 0.000000 0.973553 0.663478 0.663478 0.663478
7697.875977 0.000000 1700.708252 0.000000 0.922471 0.000000 -0.386067 0.840373 0.840373 0.840373
7705.340820 0.000000 1695.635132 0.000000 0.992276 0.000000 -0.124049 0.812668 0.812668 0.812668
7696.834473 0.000000 1701.007324 0.000000 0.078282 0.000000 -0.996931 0.952018 0.952018 0.952018
7697.996582 0.000000 1696.343872 0.000000 0.775127 0.000000 0.631805 0.730341 0.730341 0.730341
7697.785645 0.000000 1701.736450 0.000000 0.920615 0.000000 0.390471 0.759140 0.759140 0.759140
7696.983887 0.000000 1697.164307 0.000000 0.670093 0.000000 -0.742277 0.885201 0.885201 0.885201
7894.095703 0.000000 1753.107666 0.000000 0.200510 0.000000 -0.979692 0.939437 0.939437 0.939437
7890.148926 0.000000 1754.404785 0.000000 0.976098 0.000000 -0.217331 0.822315 0.822315 0.822315
7892.557617 0.000000 1750.739746 0.000000 0.840940 0.000000 -0.541128 0.858241 0.858241 0.858241
7898.833496 0.000000 1756.824707 0.000000 0.985492 0.000000 -0.169721 0.817372 0.817372 0.817372
7891.009277 0.000000 1752.294556 0.000000 0.604474 0.000000 0.796625 0.706117 0.706117 0.706117
7895.878418 0.000000 1759.004395 0.000000 0.841589 0.000000 0.540118 0.741881 0.741881 0.741881
7888.833496 0.000000 1749.046509 0.000000 0.882729 0.000000 0.469882 0.750175 0.750175 0.750175
7883.819824 0.000000 1753.985840 0.000000 0.935459 0.000000 -0.353435 0.836796 0.836796 0.836796
7895.620605 0.000000 1753.084595 0.000000 0.379052 0.000000 -0.925375 0.920400 0.920400 0.920400
7882.948242 0.000000 1752.783813 0.000000 0.997703 0.000000 -0.067735 0.806905 0.806905 0.806905
7893.773926 0.000000 1751.534546 0.000000 0.668532 0.000000 0.743683 0.714585 0.714585 0.714585
7891.398926 0.000000 1754.810913 0.000000 0.160316 0.000000 -0.987066 0.943600 0.943600 0.943600
7894.854980 0.000000 1752.107056 0.000000 0.291135 0.000000 0.956682 0.670090 0.670090 0.670090
7890.441406 0.000000 1753.297852 0.000000 0.981096 0.000000 -0.193522 0.819837 0.819837 0.819837
7898.607910 0.000000 1757.913574 0.000000 0.630718 0.000000 0.776012 0.709517 0.709517 0.709517
7894.808105 0.000000 1759.027954 0.000000 0.946416 0.000000 -0.322951 0.833496 0.833496 0.833496
7890.066895 0.000000 1755.698608 0.000000 0.840156 0.000000 -0.542344 0.858388 0.858388 0.858388
7889.692383 0.000000 1748.357422 0.000000 0.936313 0.000000 -0.351167 0.836549 0.836549 0.836549
7893.592285 0.000000 1750.472778 0.000000 0.318802 0.000000 0.947821 0.673050 0.673050 0.673050
7888.306641 0.000000 1748.121948 0.000000 0.490354 0.000000 -0.871523 0.907798 0.907798 0.907798
7895.965332 0.000000 1752.088379 0.000000 0.998041 0.000000 0.062560 0.793624 0.793624 0.793624
7899.528809 0.000000 1756.103027 0.000000 0.845793 0.000000 0.533511 0.742679 0.742679 0.742679
7891.769531 0.000000 1752.957153 0.000000 0.094735 0.000000 0.995502 0.649664 0.649664 0.649664
7891.226074 0.000000 1753.840576 0.000000 0.895800 0.000000 -0.444458 0.846913 0.846913 0.846913
7898.167969 0.000000 1756.142334 0.000000 0.125933 0.000000 0.992039 0.652862 0.652862 0.652862
7891.944824 0.000000 1755.579468 0.000000 0.394212 0.000000 0.919020 0.681274 0.681274 0.681274
7895.828125 0.000000 1753.967163 0.000000 0.520599 0.000000 0.853801 0.695773 0.695773 0.695773
7883.820801 0.000000 1753.049561 0.000000 0.554076 0.000000 -0.832466 0.900183 0.900183 0.900183
7933.362305 0.000000 1757.761475 0.000000 0.476118 0.000000 0.879381 0.690546 0.690546 0.690546
7934.576660 0.000000 1750.337036 0.000000 0.746149 0.000000 -0.665779 0.874208 0.874208 0.874208
7932.137207 0.000000 1757.156860 0.000000 0.913917 0.000000 0.405901 0.757426 0.757426 0.757426
7934.484863 0.000000 1751.727539 0.000000 0.215769 0.000000 -0.976444 0.937848 0.937848 0.937848
7933.329102 0.000000 1756.531006 0.000000 0.980971 0.000000 -0.194154 0.819903 0.819903 0.819903
7894.149414 0.000000 1759.902588 0.000000 0.985610 0.000000 -0.169032 0.817300 0.817300 0.817300
7895.608887 0.000000 1759.593994 0.000000 0.779590 0.000000 -0.626291 0.868937 0.868937 0.868937
7934.978516 0.000000 1761.308838 0.000000 0.800098 0.000000 -0.599870 0.865530 0.865530 0.865530
7934.589355 0.000000 1760.294556 0.000000 0.002759 0.000000 0.999996 0.640281 0.640281 0.640281
7943.021973 0.000000 1753.940918 0.000000 0.906604 0.000000 -0.421983 0.844373 0.844373 0.844373
7939.674316 0.000000 1755.458374 0.000000 0.923586 0.000000 -0.383391 0.840078 0.840078 0.840078
7943.754883 0.000000 1752.137695 0.000000 0.924946 0.000000 -0.380099 0.839715 0.839715 0.839715
7935.092773 0.000000 1750.612549 0.000000 0.541198 0.000000 0.840895 0.698249 0.698249 0.698249
7938.897461 0.000000 1754.149902 0.000000 0.946001 0.000000 -0.324165 0.833627 0.833627 0.833627
7938.276855 0.000000 1756.048096 0.000000 0.930676 0.000000 -0.365845 0.838150 0.838150 0.838150
7942.180176 0.000000 1752.928955 0.000000 0.982025 0.000000 -0.188751 0.819342 0.819342 0.819342
7939.479492 0.000000 1757.974121 0.000000 0.886994 0.000000 -0.461781 0.848893 0.848893 0.848893
7938.987305 0.000000 1756.925171 0.000000 0.619909 0.000000 0.784674 0.708106 0.708106 0.708106
7938.342773 0.000000 1755.006226 0.000000 0.054997 0.000000 0.998487 0.645605 0.645605 0.645605
7943.629395 0.000000 1753.142578 0.000000 0.998988 0.000000 0.044984 0.795416 0.795416 0.795416
7935.732910 0.000000 1751.409790 0.000000 0.567193 0.000000 0.823585 0.701431 0.701431 0.701431
7935.075195 0.000000 1761.279053 0.000000 0.923868 0.000000 0.382710 0.759997 0.759997 0.759997
7939.098145 0.000000 1763.740479 0.000000 0.908736 0.000000 0.417371 0.756144 0.756144 0.756144
7938.770996 0.000000 1762.631714 0.000000 0.996400 0.000000 0.084775 0.791355 0.791355 0.791355
7935.942871 0.000000 1761.617676 0.000000 0.174723 0.000000 -0.984618 0.942111 0.942111 0.942111
7688.151855 0.000000 1838.906128 0.000000 0.621885 0.000000 0.783109 0.708363 0.708363 0.708363
7679.098145 0.000000 1833.723022 0.000000 0.290329 0.000000 0.956927 0.670005 0.670005 0.670005
7679.257812 0.000000 1829.905640 0.000000 0.450485 0.000000 -0.892784 0.912400 0.912400 0.912400
7689.464844 0.000000 1838.414307 0.000000 0.670082 0.000000 0.742287 0.714797 0.714797 0.714797
7689.317383 0.000000 1839.711792 0.000000 0.692612 0.000000 0.721310 0.717933 0.717933 0.717933
7679.982910 0.000000 1832.737671 0.000000 0.984277 0.000000 0.176634 0.781913 0.781913 0.781913
7688.281250 0.000000 1839.999756 0.000000 0.012418 0.000000 0.999923 0.641265 0.641265 0.641265
7679.608398 0.000000 1828.891479 0.000000 0.515725 0.000000 0.856754 0.695193 0.695193 0.695193
7751.482910 0.000000 1960.301636 0.000000 0.967240 0.000000 0.253864 0.773855 0.773855 0.773855
7750.572266 0.000000 1969.666382 0.000000 0.367387 0.000000 -0.930068 0.921681 0.921681 0.921681
7769.162109 0.000000 1974.162964 0.000000 0.091093 0.000000 -0.995842 0.950708 0.950708 0.950708
7756.800293 0.000000 1974.472168 0.000000 0.999997 0.000000 -0.002444 0.800249 0.800249 0.800249
7759.601074 0.000000 1964.259521 0.000000 0.639959 0.000000 -0.768409 0.889264 0.889264 0.889264
7751.060547 0.000000 1968.126587 0.000000 0.994797 0.000000 -0.101882 0.810396 0.810396 0.810396
7768.251953 0.000000 1975.080933 0.000000 0.827027 0.000000 0.562162 0.739190 0.739190 0.739190
7750.114258 0.000000 1960.637817 0.000000 0.988133 0.000000 -0.153599 0.815708 0.815708 0.815708
7769.812500 0.000000 1975.270874 0.000000 0.767022 0.000000 -0.641621 0.870956 0.870956 0.870956
7751.640625 0.000000 1969.190063 0.000000 0.339001 0.000000 0.940786 0.675228 0.675228 0.675228
7758.694336 0.000000 1964.993286 0.000000 0.991850 0.000000 0.127414 0.786986 0.786986 0.786986
7751.002441 0.000000 1961.268311 0.000000 0.044171 0.000000 -0.999024 0.955499 0.955499 0.955499
7756.475098 0.000000 1975.470337 0.000000 0.377355 0.000000 -0.926069 0.920587 0.920587 0.920587
7685.740234 0.000000 2031.000000 0.000000 0.950502 0.000000 -0.310717 0.832182 0.832182 0.832182
7684.265625 0.000000 2030.722778 0.000000 0.699713 0.000000 0.714424 0.718940 0.718940 0.718940
7684.934082 0.000000 2031.599976 0.000000 0.966002 0.000000 -0.258533 0.826636 0.826636 0.826636
7685.916992 0.000000 2030.042358 0.000000 0.025947 0.000000 -0.999663 0.957357 0.957357 0.957357
7882.526367 0.000000 2031.223755 0.000000 0.479526 0.000000 0.877527 0.690941 0.690941 0.690941
7889.026367 0.000000 2035.283203 0.000000 0.752001 0.000000 -0.659163 0.873308 0.873308 0.873308
7882.998047 0.000000 2037.697510 0.000000 0.985462 0.000000 -0.169893 0.817390 0.817390 0.817390
7892.557617 0.000000 2038.669434 0.000000 0.786103 0.000000 0.618095 0.732130 0.732130 0.732130
7893.960938 0.000000 2037.398071 0.000000 0.677526 0.000000 -0.735499 0.884177 0.884177 0.884177
7885.312500 0.000000 2044.789062 0.000000 0.632723 0.000000 -0.774379 0.890220 0.890220 0.890220
7892.435547 0.000000 2037.229248 0.000000 0.999866 0.000000 -0.016364 0.801667 0.801667 0.801667
7893.773926 0.000000 2039.464233 0.000000 0.999836 0.000000 -0.018099 0.801844 0.801844 0.801844
7882.219727 0.000000 2036.046509 0.000000 0.995307 0.000000 -0.096764 0.809872 0.809872 0.809872
7883.632812 0.000000 2030.611572 0.000000 0.067626 0.000000 -0.997711 0.953106 0.953106 0.953106
7884.119141 0.000000 2044.431152 0.000000 0.008472 0.000000 -0.999964 0.959137 0.959137 0.959137
7893.592285 0.000000 2038.402466 0.000000 0.932698 0.000000 -0.360658 0.837583 0.837583 0.837583
7883.550293 0.000000 2036.851318 0.000000 0.998228 0.000000 0.059513 0.793934 0.793934 0.793934
7889.271484 0.000000 2034.352417 0.000000 0.414953 0.000000 0.909843 0.683585 0.683585 0.683585
7882.372559 0.000000 2036.984375 0.000000 0.902942 0.000000 0.429762 0.754751 0.754751 0.754751
7945.514648 0.000000 1821.085693 0.000000 0.140892 0.000000 -0.990025 0.945601 0.945601 0.945601
7958.087891 0.000000 1817.092041 0.000000 0.355281 0.000000 -0.934760 0.923003 0.923003 0.923003
7948.277832 0.000000 1822.106689 0.000000 0.719596 0.000000 0.694393 0.721815 0.721815 0.721815
7948.602539 0.000000 1819.365112 0.000000 0.833318 0.000000 -0.552795 0.859660 0.859660 0.859660
7944.788574 0.000000 1808.940063 0.000000 0.992772 0.000000 -0.120017 0.812254 0.812254 0.812254
7950.752441 0.000000 1810.659790 0.000000 0.437908 0.000000 -0.899020 0.913830 0.913830 0.913830
7944.082031 0.000000 1821.812012 0.000000 0.405552 0.000000 -0.914072 0.917465 0.917465 0.917465
7959.612793 0.000000 1817.068970 0.000000 0.011969 0.000000 -0.999928 0.958781 0.958781 0.958781
7958.847168 0.000000 1816.091431 0.000000 0.245486 0.000000 0.969400 0.665263 0.665263 0.665263
7951.985840 0.000000 1810.763672 0.000000 0.790266 0.000000 0.612764 0.732818 0.732818 0.732818
7945.194336 0.000000 1809.994141 0.000000 0.989623 0.000000 -0.143686 0.814687 0.814687 0.814687
7944.426758 0.000000 1820.732666 0.000000 0.650201 0.000000 -0.759762 0.887899 0.887899 0.887899
7944.250000 0.000000 1808.007568 0.000000 0.864389 0.000000 -0.502824 0.853666 0.853666 0.853666
7948.924316 0.000000 1818.296875 0.000000 0.234703 0.000000 0.972067 0.664132 0.664132 0.664132
7942.958984 0.000000 1819.113159 0.000000 0.110118 0.000000 -0.993918 0.948761 0.948761 0.948761
7948.907715 0.000000 1823.050903 0.000000 0.960654 0.000000 0.277748 0.771332 0.771332 0.771332
7942.044434 0.000000 1818.246826 0.000000 0.482910 0.000000 0.875670 0.691334 0.691334 0.691334
7950.418945 0.000000 1811.619751 0.000000 0.813833 0.000000 0.581099 0.736839 0.736839 0.736839
7959.957520 0.000000 1816.072754 0.000000 0.107732 0.000000 -0.994180 0.949005 0.949005 0.949005
7945.737793 0.000000 1820.114380 0.000000 0.719712 0.000000 0.694273 0.721832 0.721832 0.721832
7949.205078 0.000000 1822.069336 0.000000 0.545088 0.000000 -0.838379 0.901279 0.901279 0.901279
7949.328125 0.000000 1819.891968 0.000000 0.664842 0.000000 0.746984 0.714080 0.714080 0.714080
7959.820312 0.000000 1817.951538 0.000000 0.576509 0.000000 0.817091 0.702587 0.702587 0.702587
7950.007324 0.000000 1824.610107 0.000000 0.845565 0.000000 -0.533872 0.857364 0.857364 0.857364
7948.780273 0.000000 1823.573608 0.000000 0.191784 0.000000 0.981437 0.659657 0.659657 0.659657
7951.764160 0.000000 1825.023804 0.000000 0.840454 0.000000 -0.541882 0.858332 0.858332 0.858332
7950.740723 0.000000 1825.490479 0.000000 0.537967 0.000000 0.842966 0.697858 0.697858 0.697858
7950.932129 0.000000 1824.472900 0.000000 0.027114 0.000000 0.999632 0.642762 0.642762 0.642762
8010.411621 0.000000 1822.693115 0.000000 0.210574 0.000000 -0.977578 0.938389 0.938389 0.938389
8011.584473 0.000000 1823.150757 0.000000 0.349451 0.000000 -0.936955 0.923638 0.923638 0.923638
8011.249023 0.000000 1822.203613 0.000000 0.363100 0.000000 -0.931750 0.922150 0.922150 0.922150
8015.988281 0.000000 1834.350220 0.000000 0.570508 0.000000 0.821292 0.701841 0.701841 0.701841
8011.178223 0.000000 1823.565063 0.000000 0.224700 0.000000 0.974428 0.663085 0.663085 0.663085
8020.392090 0.000000 1831.891602 0.000000 0.148814 0.000000 0.988865 0.655214 0.655214 0.655214
8005.364258 0.000000 1840.669189 0.000000 0.389861 0.000000 0.920874 0.680793 0.680793 0.680793
8004.060059 0.000000 1841.283813 0.000000 0.108584 0.000000 -0.994087 0.948918 0.948918 0.948918
8014.842773 0.000000 1834.953979 0.000000 0.885657 0.000000 0.464341 0.750813 0.750813 0.750813
8020.088867 0.000000 1830.635986 0.000000 0.991139 0.000000 -0.132826 0.813570 0.813570 0.813570
8021.583496 0.000000 1831.754517 0.000000 0.980674 0.000000 -0.195651 0.820058 0.820058 0.820058
8005.314453 0.000000 1841.719971 0.000000 0.336735 0.000000 -0.941600 0.925017 0.925017 0.925017
8020.983887 0.000000 1830.952026 0.000000 0.656507 0.000000 -0.754320 0.887051 0.887051 0.887051
8014.989746 0.000000 1834.051636 0.000000 0.178227 0.000000 0.983989 0.658252 0.658252 0.658252
8010.331055 0.000000 1823.787109 0.000000 0.456515 0.000000 -0.889716 0.911711 0.911711 0.911711
8028.416504 0.000000 1915.711548 0.000000 0.949601 0.000000 0.313460 0.767524 0.767524 0.767524
8023.862793 0.000000 1918.965332 0.000000 0.741910 0.000000 -0.670500 0.874855 0.874855 0.874855
8028.436035 0.000000 1914.483521 0.000000 0.913713 0.000000 -0.406359 0.842625 0.842625 0.842625
8022.792480 0.000000 1918.988892 0.000000 0.042584 0.000000 -0.999093 0.955661 0.955661 0.955661
8029.216309 0.000000 1915.162354 0.000000 0.248775 0.000000 0.968561 0.665609 0.665609 0.665609
7953.634277 0.000000 1942.490112 0.000000 0.333380 0.000000 -0.942793 0.925379 0.925379 0.925379
7964.237305 0.000000 1926.293945 0.000000 0.092537 0.000000 -0.995709 0.950561 0.950561 0.950561
7961.836914 0.000000 1934.690552 0.000000 0.232008 0.000000 -0.972714 0.936151 0.936151 0.936151
7966.088867 0.000000 1928.894409 0.000000 0.658480 0.000000 0.752598 0.713216 0.713216 0.713216
7944.120605 0.000000 1934.882690 0.000000 0.999880 0.000000 0.015487 0.798422 0.798422 0.798422
7948.159180 0.000000 1933.357178 0.000000 0.433546 0.000000 -0.901132 0.914324 0.914324 0.914324
7957.470215 0.000000 1932.510254 0.000000 0.162486 0.000000 -0.986711 0.943376 0.943376 0.943376
7955.077148 0.000000 1940.719727 0.000000 0.993258 0.000000 0.115925 0.788165 0.788165 0.788165
7960.075684 0.000000 1935.950439 0.000000 0.994985 0.000000 -0.100029 0.810206 0.810206 0.810206
7963.918945 0.000000 1934.860596 0.000000 0.022013 0.000000 -0.999758 0.957758 0.957758 0.957758
7953.418457 0.000000 1931.722290 0.000000 0.909500 0.000000 0.415705 0.756331 0.756331 0.756331
7965.971680 0.000000 1926.994873 0.000000 0.981435 0.000000 0.191797 0.780342 0.780342 0.780342
7952.191895 0.000000 1943.227173 0.000000 0.037157 0.000000 -0.999309 0.956214 0.956214 0.956214
7960.308105 0.000000 1934.271118 0.000000 0.856369 0.000000 -0.516365 0.855269 0.855269 0.855269
7955.665527 0.000000 1929.189941 0.000000 0.171765 0.000000 -0.985138 0.942417 0.942417 0.942417
7957.971191 0.000000 1929.510376 0.000000 0.535379 0.000000 0.844612 0.697546 0.697546 0.697546
7956.412598 0.000000 1933.511353 0.000000 0.848129 0.000000 -0.529789 0.856873 0.856873 0.856873
7949.550781 0.000000 1933.023071 0.000000 0.788016 0.000000 -0.615655 0.867555 0.867555 0.867555
7945.433594 0.000000 1934.390869 0.000000 0.357081 0.000000 0.934073 0.677193 0.677193 0.677193
7945.286133 0.000000 1935.688354 0.000000 0.772586 0.000000 0.634910 0.729932 0.729932 0.729932
7948.621582 0.000000 1932.151123 0.000000 0.781092 0.000000 0.624416 0.731308 0.731308 0.731308
7954.046387 0.000000 1941.343994 0.000000 0.162405 0.000000 0.986724 0.656616 0.656616 0.656616
7953.949219 0.000000 1943.641113 0.000000 0.693069 0.000000 0.720871 0.717997 0.717997 0.717997
7957.569824 0.000000 1933.785889 0.000000 0.277286 0.000000 -0.960788 0.931381 0.931381 0.931381
7956.854980 0.000000 1928.988525 0.000000 0.733520 0.000000 -0.679668 0.876120 0.876120 0.876120
7962.853027 0.000000 1935.345947 0.000000 0.927154 0.000000 0.374681 0.760881 0.760881 0.760881
7966.804199 0.000000 1928.017944 0.000000 0.922933 0.000000 -0.384960 0.840251 0.840251 0.840251
7964.869629 0.000000 1927.235107 0.000000 0.997846 0.000000 0.065598 0.793313 0.793313 0.793313
7952.351074 0.000000 1931.384644 0.000000 0.177892 0.000000 -0.984050 0.941783 0.941783 0.941783
7961.170898 0.000000 1935.565674 0.000000 0.969646 0.000000 -0.244511 0.825161 0.825161 0.825161
7944.250000 0.000000 1935.976318 0.000000 0.831369 0.000000 -0.555721 0.860019 0.860019 0.860019
7954.513672 0.000000 1929.269409 0.000000 0.999997 0.000000 -0.002467 0.800251 0.800251 0.800251
7952.634277 0.000000 1942.243896 0.000000 0.985159 0.000000 -0.171646 0.817571 0.817571 0.817571
7966.623047 0.000000 1935.949585 0.000000 0.909559 0.000000 0.415574 0.756346 0.756346 0.756346
7953.478027 0.000000 1930.688232 0.000000 0.124915 0.000000 -0.992168 0.947243 0.947243 0.947243
7963.077148 0.000000 1934.436523 0.000000 0.583750 0.000000 -0.811933 0.896507 0.896507 0.896507
7962.057129 0.000000 1935.908813 0.000000 0.788635 0.000000 -0.614862 0.867452 0.867452 0.867452
7956.190430 0.000000 1932.605835 0.000000 0.969495 0.000000 0.245110 0.774776 0.774776 0.774776
7955.557129 0.000000 1941.538208 0.000000 0.872288 0.000000 0.488992 0.747957 0.747957 0.747957
7953.077148 0.000000 1943.369751 0.000000 0.930370 0.000000 -0.366622 0.838235 0.838235 0.838235
7957.806152 0.000000 1928.621094 0.000000 0.745041 0.000000 -0.667019 0.874378 0.874378 0.874378
7967.062988 0.000000 1929.699585 0.000000 0.161189 0.000000 0.986923 0.656491 0.656491 0.656491
7967.064941 0.000000 1935.050049 0.000000 0.935613 0.000000 -0.353026 0.836751 0.836751 0.836751
7967.947754 0.000000 1928.714233 0.000000 0.998448 0.000000 -0.055689 0.805675 0.805675 0.805675
7967.379395 0.000000 1934.124390 0.000000 0.826883 0.000000 -0.562374 0.860836 0.860836 0.860836
8022.133789 0.000000 1919.863525 0.000000 0.085385 0.000000 -0.996348 0.951292 0.951292 0.951292
8024.292969 0.000000 1922.808228 0.000000 0.219856 0.000000 0.975532 0.662579 0.662579 0.662579
8022.406250 0.000000 1926.759521 0.000000 0.095829 0.000000 -0.995398 0.950224 0.950224 0.950224
8023.593262 0.000000 1919.554932 0.000000 0.290806 0.000000 0.956782 0.670055 0.670055 0.670055
8025.635742 0.000000 1923.372681 0.000000 0.167295 0.000000 0.985907 0.657121 0.657121 0.657121
8024.763184 0.000000 1923.762573 0.000000 0.652699 0.000000 0.757617 0.712436 0.712436 0.712436
8023.303711 0.000000 1927.125854 0.000000 0.886667 0.000000 -0.462408 0.848965 0.848965 0.848965
8032.505859 0.000000 1920.774536 0.000000 0.468653 0.000000 0.883382 0.689683 0.689683 0.689683
8033.806641 0.000000 1921.855591 0.000000 0.629012 0.000000 0.777396 0.709293 0.709293 0.709293
8033.900879 0.000000 1920.598022 0.000000 0.560600 0.000000 0.828087 0.700617 0.700617 0.700617
8032.826172 0.000000 1921.710449 0.000000 0.175404 0.000000 0.984497 0.657959 0.657959 0.657959
8076.262207 0.000000 1982.067627 0.000000 0.905162 0.000000 0.425067 0.755280 0.755280 0.755280
8072.631836 0.000000 1983.349854 0.000000 0.476749 0.000000 0.879039 0.690619 0.690619 0.690619
8078.165039 0.000000 1982.778320 0.000000 0.955380 0.000000 -0.295380 0.830543 0.830543 0.830543
8079.211426 0.000000 1972.174561 0.000000 0.725614 0.000000 -0.688102 0.877298 0.877298 0.877298
8074.403809 0.000000 1982.654053 0.000000 0.423907 0.000000 -0.905706 0.915411 0.915411 0.915411
8078.009277 0.000000 1972.896118 0.000000 0.107070 0.000000 0.994252 0.650927 0.650927 0.650927
8073.219238 0.000000 1982.274292 0.000000 0.963631 0.000000 -0.267238 0.827555 0.827555 0.827555
8079.226074 0.000000 1982.060181 0.000000 0.793557 0.000000 -0.608496 0.866633 0.866633 0.866633
8075.576660 0.000000 1983.111694 0.000000 0.889383 0.000000 -0.457163 0.848363 0.848363 0.848363
8079.776855 0.000000 1973.637207 0.000000 0.674785 0.000000 -0.738014 0.884556 0.884556 0.884556
8070.827637 0.000000 1967.067017 0.000000 0.901185 0.000000 -0.433434 0.845663 0.845663 0.845663
8076.892090 0.000000 1983.011841 0.000000 0.389249 0.000000 0.921133 0.680725 0.680725 0.680725
8079.448242 0.000000 1983.139038 0.000000 0.998968 0.000000 -0.045415 0.804628 0.804628 0.804628
8075.241211 0.000000 1982.164551 0.000000 0.972563 0.000000 0.232639 0.776084 0.776084 0.776084
8070.073242 0.000000 1967.998535 0.000000 0.326508 0.000000 -0.945194 0.926121 0.926121 0.926121
8078.917969 0.000000 1973.116699 0.000000 0.986871 0.000000 -0.161510 0.816524 0.816524 0.816524
8077.189453 0.000000 1982.030273 0.000000 0.911891 0.000000 0.410433 0.756921 0.756921 0.756921
8075.170410 0.000000 1983.526001 0.000000 0.254373 0.000000 -0.967106 0.933802 0.933802 0.933802
8083.575684 0.000000 1985.089600 0.000000 0.959453 0.000000 -0.281868 0.829105 0.829105 0.829105
8074.846680 0.000000 1987.045044 0.000000 0.726722 0.000000 -0.686931 0.877134 0.877134 0.877134
8072.154297 0.000000 1983.641479 0.000000 0.946710 0.000000 -0.322088 0.833403 0.833403 0.833403
8079.315430 0.000000 1983.593506 0.000000 0.679479 0.000000 -0.733695 0.883906 0.883906 0.883906
8076.764648 0.000000 1983.534546 0.000000 0.999895 0.000000 0.014499 0.798523 0.798523 0.798523
8073.461426 0.000000 1983.992554 0.000000 0.986987 0.000000 -0.160800 0.816450 0.816450 0.816450
8074.088867 0.000000 1987.992920 0.000000 0.876782 0.000000 -0.480889 0.851099 0.851099 0.851099
8074.173828 0.000000 1986.008911 0.000000 0.671207 0.000000 0.741270 0.714952 0.714952 0.714952
8078.158203 0.000000 1983.551758 0.000000 0.257489 0.000000 0.966281 0.666526 0.666526 0.666526
8082.864746 0.000000 1985.806519 0.000000 0.952372 0.000000 0.304940 0.768436 0.768436 0.768436
8083.488281 0.000000 1984.081299 0.000000 0.965851 0.000000 0.259098 0.773304 0.773304 0.773304
8074.323242 0.000000 1983.748047 0.000000 0.852647 0.000000 0.522487 0.744001 0.744001 0.744001
5968.605957 0.000000 2558.405518 0.000000 0.896447 0.000000 0.443150 0.753236 0.753236 0.753236
5965.149902 0.000000 2558.871094 0.000000 0.356199 0.000000 0.934410 0.677097 0.677097 0.677097
5969.899902 0.000000 2559.242188 0.000000 0.620993 0.000000 -0.783816 0.891753 0.891753 0.891753
5971.690918 0.000000 2589.842529 0.000000 0.254138 0.000000 0.967168 0.666173 0.666173 0.666173
5956.294434 0.000000 2564.623047 0.000000 0.160930 0.000000 0.986966 0.656464 0.656464 0.656464
5969.171875 0.000000 2559.841309 0.000000 0.276848 0.000000 -0.960914 0.931427 0.931427 0.931427
5976.416992 0.000000 2588.943848 0.000000 0.973690 0.000000 0.227876 0.776583 0.776583 0.776583
5967.779785 0.000000 2584.644531 0.000000 0.192636 0.000000 -0.981270 0.940255 0.940255 0.940255
5966.956543 0.000000 2581.930420 0.000000 0.987959 0.000000 0.154719 0.784177 0.784177 0.784177
5971.833496 0.000000 2560.948975 0.000000 0.838877 0.000000 -0.544321 0.858628 0.858628 0.858628
5956.329102 0.000000 2590.936279 0.000000 0.701655 0.000000 0.712517 0.719218 0.719218 0.719218
5962.061523 0.000000 2583.568359 0.000000 0.626094 0.000000 0.779748 0.708911 0.708911 0.708911
5974.920898 0.000000 2564.440430 0.000000 0.060128 0.000000 -0.998191 0.953872 0.953872 0.953872
5977.279785 0.000000 2564.544678 0.000000 0.999203 0.000000 -0.039912 0.804066 0.804066 0.804066
5966.220703 0.000000 2585.786133 0.000000 0.634711 0.000000 0.772749 0.710042 0.710042 0.710042
5964.561035 0.000000 2568.116699 0.000000 0.155920 0.000000 0.987770 0.655947 0.655947 0.655947
5959.997070 0.000000 2583.934570 0.000000 0.634017 0.000000 -0.773319 0.890050 0.890050 0.890050
5966.390137 0.000000 2569.494385 0.000000 0.291064 0.000000 -0.956704 0.929917 0.929917 0.929917
5967.469238 0.000000 2580.026123 0.000000 0.548397 0.000000 -0.836218 0.900876 0.900876 0.900876
5972.671387 0.000000 2591.334961 0.000000 0.805260 0.000000 -0.592921 0.864648 0.864648 0.864648
5971.457520 0.000000 2562.637451 0.000000 0.956503 0.000000 0.291722 0.769847 0.769847 0.769847
5970.174316 0.000000 2561.202393 0.000000 0.994354 0.000000 -0.106115 0.810829 0.810829 0.810829
5959.279297 0.000000 2575.978271 0.000000 0.962540 0.000000 0.271139 0.772032 0.772032 0.772032
5963.637207 0.000000 2583.184814 0.000000 0.122379 0.000000 -0.992483 0.947503 0.947503 0.947503
5973.038574 0.000000 2588.965332 0.000000 0.965867 0.000000 -0.259040 0.826690 0.826690 0.826690
5965.022461 0.000000 2559.394043 0.000000 0.999775 0.000000 0.021203 0.797840 0.797840 0.797840
5957.930664 0.000000 2564.398193 0.000000 0.941473 0.000000 0.337088 0.764979 0.764979 0.764979
5971.357422 0.000000 2582.179443 0.000000 0.900710 0.000000 0.434420 0.754225 0.754225 0.754225
5970.340820 0.000000 2566.817871 0.000000 0.723056 0.000000 -0.690790 0.877676 0.877676 0.877676
5958.686523 0.000000 2582.279785 0.000000 0.540555 0.000000 -0.841309 0.901829 0.901829 0.901829
5966.906738 0.000000 2575.351318 0.000000 0.847489 0.000000 0.530812 0.743004 0.743004 0.743004
5966.267090 0.000000 2580.747559 0.000000 0.815836 0.000000 -0.578283 0.862809 0.862809 0.862809
5957.711914 0.000000 2591.027832 0.000000 0.917193 0.000000 0.398444 0.758256 0.758256 0.758256
5960.868652 0.000000 2582.971191 0.000000 0.901524 0.000000 -0.432729 0.845584 0.845584 0.845584
5977.537598 0.000000 2565.780762 0.000000 0.997599 0.000000 0.069258 0.792940 0.792940 0.792940
5971.357910 0.000000 2567.603760 0.000000 0.474474 0.000000 -0.880270 0.909644 0.909644 0.909644
5977.867676 0.000000 2589.179443 0.000000 0.546576 0.000000 -0.837410 0.901098 0.901098 0.901098
5962.183594 0.000000 2582.262207 0.000000 0.854304 0.000000 -0.519773 0.855675 0.855675 0.855675
5970.815430 0.000000 2588.972900 0.000000 0.317864 0.000000 -0.948136 0.927051 0.927051 0.927051
5967.077637 0.000000 2568.521973 0.000000 0.802860 0.000000 0.596168 0.734941 0.734941 0.734941
5975.312012 0.000000 2565.564209 0.000000 0.999968 0.000000 0.008003 0.799185 0.799185 0.799185
5965.677246 0.000000 2568.513184 0.000000 0.606561 0.000000 -0.795037 0.893616 0.893616 0.893616
5970.191406 0.000000 2583.484863 0.000000 0.488252 0.000000 0.872703 0.691957 0.691957 0.691957
5966.619629 0.000000 2584.681152 0.000000 0.950365 0.000000 -0.311138 0.832227 0.832227 0.832227
5967.373535 0.000000 2585.718506 0.000000 0.355708 0.000000 0.934597 0.677043 0.677043 0.677043
5976.953125 0.000000 2589.967773 0.000000 0.257946 0.000000 0.966159 0.666575 0.666575 0.666575
5959.044434 0.000000 2583.340576 0.000000 0.090816 0.000000 -0.995868 0.950737 0.950737 0.950737
5976.277344 0.000000 2565.083496 0.000000 0.656576 0.000000 -0.754260 0.887041 0.887041 0.887041
5957.159668 0.000000 2565.261475 0.000000 0.063818 0.000000 0.997962 0.646505 0.646505 0.646505
5972.770020 0.000000 2590.003906 0.000000 0.686565 0.000000 0.727069 0.717082 0.717082 0.717082
5964.583008 0.000000 2569.248535 0.000000 0.999647 0.000000 -0.026555 0.802705 0.802705 0.802705
5959.085449 0.000000 2574.918457 0.000000 0.985611 0.000000 0.169032 0.782700 0.782700 0.782700
5971.965332 0.000000 2588.769043 0.000000 0.679567 0.000000 0.733613 0.716106 0.716106 0.716106
5965.149902 0.000000 2590.863281 0.000000 0.240901 0.000000 0.970550 0.664782 0.664782 0.664782
5970.207520 0.000000 2560.133057 0.000000 0.964332 0.000000 0.264695 0.772713 0.772713 0.772713
5967.874512 0.000000 2569.186523 0.000000 0.843967 0.000000 0.536395 0.742331 0.742331 0.742331
5970.535156 0.000000 2563.533447 0.000000 0.921336 0.000000 -0.388768 0.840672 0.840672 0.840672
5971.122559 0.000000 2561.666016 0.000000 0.310789 0.000000 -0.950479 0.927810 0.927810 0.927810
5961.229004 0.000000 2582.003662 0.000000 0.296384 0.000000 0.955069 0.670650 0.670650 0.670650
5966.066895 0.000000 2574.864502 0.000000 0.862789 0.000000 0.505565 0.746011 0.746011 0.746011
5974.312988 0.000000 2565.387939 0.000000 0.079366 0.000000 -0.996846 0.951907 0.951907 0.951907
5958.331055 0.000000 2575.850098 0.000000 0.528367 0.000000 -0.849016 0.903298 0.903298 0.903298
5967.175781 0.000000 2580.968262 0.000000 0.570894 0.000000 -0.821024 0.898111 0.898111 0.898111
5959.906250 0.000000 2582.833984 0.000000 0.184351 0.000000 -0.982860 0.941114 0.941114 0.941114
5973.692383 0.000000 2591.075195 0.000000 0.295607 0.000000 0.955310 0.670567 0.670567 0.670567
5971.004883 0.000000 2583.059814 0.000000 0.637890 0.000000 -0.770128 0.889538 0.889538 0.889538
5970.559082 0.000000 2562.406006 0.000000 0.962258 0.000000 -0.272140 0.828074 0.828074 0.828074
5967.239746 0.000000 2569.871826 0.000000 0.745746 0.000000 -0.666231 0.874270 0.874270 0.874270
5976.542969 0.000000 2594.644287 0.000000 0.597200 0.000000 0.802092 0.705190 0.705190 0.705190
5956.744141 0.000000 2591.996338 0.000000 0.990967 0.000000 0.134105 0.786299 0.786299 0.786299
5971.457520 0.000000 2594.629639 0.000000 0.204532 0.000000 -0.978860 0.939019 0.939019 0.939019
5965.022461 0.000000 2591.386230 0.000000 0.943496 0.000000 -0.331383 0.834405 0.834405 0.834405
5972.633789 0.000000 2591.636719 0.000000 0.766897 0.000000 -0.641770 0.870976 0.870976 0.870976
5977.885742 0.000000 2595.208740 0.000000 0.999877 0.000000 -0.015711 0.801600 0.801600 0.801600
5976.104492 0.000000 2595.957764 0.000000 0.038622 0.000000 0.999254 0.643935 0.643935 0.643935
5957.786133 0.000000 2591.409668 0.000000 0.480636 0.000000 -0.876920 0.908930 0.908930 0.908930
5970.535156 0.000000 2595.525635 0.000000 0.931670 0.000000 0.363305 0.762128 0.762128 0.762128
5977.013184 0.000000 2595.598633 0.000000 0.972333 0.000000 -0.233599 0.824016 0.824016 0.824016
5970.559082 0.000000 2594.398193 0.000000 0.999861 0.000000 -0.016646 0.801696 0.801696 0.801696
5973.474121 0.000000 2591.955811 0.000000 0.614572 0.000000 0.788861 0.707415 0.707415 0.707415
6139.400879 0.000000 2793.531738 0.000000 0.814860 0.000000 -0.579658 0.862980 0.862980 0.862980
6134.901367 0.000000 2788.385742 0.000000 0.174518 0.000000 0.984654 0.657868 0.657868 0.657868
6139.713379 0.000000 2805.423096 0.000000 0.138037 0.000000 0.990427 0.654105 0.654105 0.654105
6137.209961 0.000000 2794.317627 0.000000 0.180588 0.000000 -0.983559 0.941504 0.941504 0.941504
6138.633301 0.000000 2792.239014 0.000000 0.777479 0.000000 -0.628909 0.869280 0.869280 0.869280
6134.870605 0.000000 2797.093750 0.000000 0.995506 0.000000 -0.094702 0.809661 0.809661 0.809661
6138.458496 0.000000 2805.109863 0.000000 0.992084 0.000000 0.125578 0.787175 0.787175 0.787175
6136.366699 0.000000 2795.274658 0.000000 0.145366 0.000000 0.989378 0.654859 0.654859 0.654859
6138.116211 0.000000 2793.397705 0.000000 0.874742 0.000000 -0.484589 0.851530 0.851530 0.851530
6135.292480 0.000000 2789.509521 0.000000 0.981527 0.000000 -0.191326 0.819609 0.819609 0.819609
6139.735352 0.000000 2792.639160 0.000000 0.995441 0.000000 -0.095382 0.809730 0.809730 0.809730
6134.293457 0.000000 2789.333252 0.000000 0.999758 0.000000 0.022016 0.797757 0.797757 0.797757
6135.498535 0.000000 2797.878906 0.000000 0.723180 0.000000 0.690659 0.722342 0.722342 0.722342
6137.664062 0.000000 2795.090088 0.000000 0.469215 0.000000 0.883084 0.689748 0.689748 0.689748
6068.781738 0.000000 3235.651123 0.000000 0.184670 0.000000 -0.982801 0.941081 0.941081 0.941081
6064.992188 0.000000 3237.735596 0.000000 0.795687 0.000000 -0.605708 0.866275 0.866275 0.866275
6075.408691 0.000000 3241.422363 0.000000 0.747485 0.000000 0.664279 0.725996 0.725996 0.725996
6062.416504 0.000000 3239.339600 0.000000 0.838373 0.000000 -0.545096 0.858722 0.858722 0.858722
6069.365723 0.000000 3248.805664 0.000000 0.808697 0.000000 -0.588225 0.864055 0.864055 0.864055
6074.181641 0.000000 3243.738770 0.000000 0.949820 0.000000 -0.312797 0.832405 0.832405 0.832405
6067.500488 0.000000 3250.220703 0.000000 0.769446 0.000000 0.638712 0.729430 0.729430 0.729430
6060.549316 0.000000 3239.952637 0.000000 0.627593 0.000000 -0.778542 0.890893 0.890893 0.890893
6064.210938 0.000000 3240.030273 0.000000 0.980096 0.000000 -0.198523 0.820357 0.820357 0.820357
6063.808105 0.000000 3243.947021 0.000000 0.958469 0.000000 -0.285197 0.829459 0.829459 0.829459
6068.410645 0.000000 3257.466309 0.000000 0.676392 0.000000 0.736542 0.715666 0.715666 0.715666
6075.850098 0.000000 3243.341797 0.000000 0.922936 0.000000 0.384954 0.759750 0.759750 0.759750
6064.786133 0.000000 3249.344482 0.000000 0.882149 0.000000 -0.470970 0.849951 0.849951 0.849951
6073.217773 0.000000 3242.208252 0.000000 0.960192 0.000000 -0.279341 0.828837 0.828837 0.828837
6063.662109 0.000000 3238.423584 0.000000 0.042292 0.000000 -0.999105 0.955691 0.955691 0.955691
6074.641113 0.000000 3240.129639 0.000000 0.054202 0.000000 -0.998530 0.954476 0.954476 0.954476
6068.842285 0.000000 3234.051270 0.000000 0.902229 0.000000 0.431258 0.754582 0.754582 0.754582
6065.466797 0.000000 3241.429199 0.000000 0.754597 0.000000 -0.656189 0.872906 0.872906 0.872906
6070.878418 0.000000 3244.984375 0.000000 0.819479 0.000000 0.573109 0.737836 0.737836 0.737836
6074.610352 0.000000 3242.482910 0.000000 0.628984 0.000000 -0.777418 0.890711 0.890711 0.890711
6063.081055 0.000000 3242.610107 0.000000 0.820773 0.000000 0.571254 0.738066 0.738066 0.738066
6066.587891 0.000000 3251.131348 0.000000 0.036682 0.000000 -0.999327 0.956263 0.956263 0.956263
6072.374512 0.000000 3243.165283 0.000000 0.601011 0.000000 -0.799241 0.894325 0.894325 0.894325
6065.076172 0.000000 3239.056152 0.000000 0.999169 0.000000 0.040749 0.795848 0.795848 0.795848
6069.955078 0.000000 3235.187988 0.000000 0.376143 0.000000 0.926562 0.679280 0.679280 0.679280
6074.124023 0.000000 3241.288330 0.000000 0.795149 0.000000 0.606414 0.733634 0.733634 0.733634
6068.641113 0.000000 3249.796143 0.000000 0.697389 0.000000 -0.716693 0.881390 0.881390 0.881390
6065.045410 0.000000 3248.148193 0.000000 0.891447 0.000000 -0.453125 0.847901 0.847901 0.847901
6060.644043 0.000000 3238.817383 0.000000 0.997526 0.000000 -0.070299 0.807167 0.807167 0.807167
6073.114746 0.000000 3243.978760 0.000000 0.487233 0.000000 -0.873272 0.908162 0.908162 0.908162
6065.033691 0.000000 3236.632324 0.000000 0.029104 0.000000 -0.999576 0.957035 0.957035 0.957035
6062.572754 0.000000 3238.053955 0.000000 0.074447 0.000000 0.997225 0.647590 0.647590 0.647590
6065.984863 0.000000 3237.361328 0.000000 0.773214 0.000000 -0.634146 0.869967 0.869967 0.869967
6065.150391 0.000000 3240.429199 0.000000 0.171702 0.000000 0.985149 0.657577 0.657577 0.657577
6069.348145 0.000000 3257.075684 0.000000 0.574034 0.000000 -0.818832 0.897721 0.897721 0.897721
6062.835938 0.000000 3243.669189 0.000000 0.828417 0.000000 0.560112 0.739443 0.739443 0.739443
6064.031250 0.000000 3248.102783 0.000000 0.616636 0.000000 -0.787248 0.892318 0.892318 0.892318
6063.403809 0.000000 3239.447021 0.000000 0.984632 0.000000 0.174639 0.782120 0.782120 0.782120
6075.743164 0.000000 3240.529785 0.000000 0.920842 0.000000 -0.389936 0.840801 0.840801 0.840801
6071.506348 0.000000 3245.769531 0.000000 0.639526 0.000000 -0.768770 0.889322 0.889322 0.889322
6061.655273 0.000000 3238.799072 0.000000 0.999638 0.000000 -0.026891 0.802739 0.802739 0.802739
6062.055664 0.000000 3242.276123 0.000000 0.956676 0.000000 0.291154 0.769907 0.769907 0.769907
6068.315430 0.000000 3234.801758 0.000000 0.734531 0.000000 -0.678575 0.875969 0.875969 0.875969
6073.671875 0.000000 3242.980713 0.000000 0.985050 0.000000 -0.172269 0.817635 0.817635 0.817635
6069.879883 0.000000 3248.044189 0.000000 0.761505 0.000000 -0.648160 0.871828 0.871828 0.871828
6058.226562 0.000000 3385.646484 0.000000 0.084551 0.000000 -0.996419 0.951377 0.951377 0.951377
6077.116211 0.000000 3384.964111 0.000000 0.964221 0.000000 0.265100 0.772670 0.772670 0.772670
6059.170898 0.000000 3384.385498 0.000000 0.996866 0.000000 0.079103 0.791934 0.791934 0.791934
6076.065918 0.000000 3384.151123 0.000000 0.574298 0.000000 -0.818647 0.897688 0.897688 0.897688
6077.930664 0.000000 3385.454346 0.000000 0.820991 0.000000 -0.570941 0.861895 0.861895 0.861895
6077.805664 0.000000 3384.219238 0.000000 0.972740 0.000000 -0.231899 0.823838 0.823838 0.823838
6059.104004 0.000000 3385.963867 0.000000 0.251721 0.000000 -0.967800 0.934081 0.934081 0.934081
6106.875488 0.000000 3347.705322 0.000000 0.953799 0.000000 -0.300447 0.831083 0.831083 0.831083
6110.718262 0.000000 3346.590088 0.000000 0.854484 0.000000 -0.519478 0.855639 0.855639 0.855639
6102.100586 0.000000 3357.997559 0.000000 0.747143 0.000000 0.664663 0.725944 0.725944 0.725944
6103.062988 0.000000 3355.081543 0.000000 0.959859 0.000000 -0.280481 0.828958 0.828958 0.828958
6102.608398 0.000000 3356.566406 0.000000 0.871003 0.000000 0.491278 0.747690 0.747690 0.747690
6103.368164 0.000000 3357.583252 0.000000 0.395666 0.000000 -0.918395 0.918564 0.918564 0.918564
6102.086426 0.000000 3355.628906 0.000000 0.750549 0.000000 0.660815 0.726467 0.726467 0.726467
6107.477051 0.000000 3346.827881 0.000000 0.353485 0.000000 -0.935440 0.923199 0.923199 0.923199
6106.333984 0.000000 3346.828613 0.000000 0.875644 0.000000 -0.482957 0.851340 0.851340 0.851340
6103.941895 0.000000 3354.589600 0.000000 0.041513 0.000000 0.999138 0.644230 0.644230 0.644230
6103.372559 0.000000 3356.052734 0.000000 0.163648 0.000000 -0.986519 0.943256 0.943256 0.943256
6111.283203 0.000000 3347.196045 0.000000 0.844385 0.000000 0.535738 0.742411 0.742411 0.742411
6111.948730 0.000000 3346.586914 0.000000 0.757826 0.000000 -0.652456 0.872404 0.872404 0.872404
6223.218262 0.000000 2428.806396 0.000000 0.301715 0.000000 -0.953398 0.928781 0.928781 0.928781
6220.488770 0.000000 2429.958252 0.000000 0.953584 0.000000 -0.301129 0.831156 0.831156 0.831156
6215.829102 0.000000 2427.877930 0.000000 0.635792 0.000000 0.771860 0.710185 0.710185 0.710185
6214.011230 0.000000 2427.102783 0.000000 0.471943 0.000000 0.881629 0.690063 0.690063 0.690063
6217.306641 0.000000 2427.212891 0.000000 0.325383 0.000000 0.945582 0.673758 0.673758 0.673758
6221.515625 0.000000 2428.695312 0.000000 0.950188 0.000000 0.311678 0.767715 0.767715 0.767715
6216.226562 0.000000 2426.549072 0.000000 0.185025 0.000000 -0.982734 0.941044 0.941044 0.941044
6220.322266 0.000000 2428.337402 0.000000 0.107176 0.000000 0.994240 0.650938 0.650938 0.650938
6223.452637 0.000000 2429.950684 0.000000 0.615691 0.000000 -0.787988 0.892441 0.892441 0.892441
6222.261719 0.000000 2429.555664 0.000000 0.985710 0.000000 0.168451 0.782760 0.782760 0.782760
6215.169922 0.000000 2426.964844 0.000000 0.479103 0.000000 -0.877759 0.909108 0.909108 0.909108
6214.255371 0.000000 2426.098389 0.000000 0.016027 0.000000 0.999872 0.641632 0.641632 0.641632
6217.162109 0.000000 2426.227783 0.000000 0.529881 0.000000 -0.848072 0.903116 0.903116 0.903116
6217.948730 0.000000 2427.966064 0.000000 0.927085 0.000000 0.374852 0.760862 0.760862 0.760862
6222.434082 0.000000 2428.324951 0.000000 0.850680 0.000000 0.525683 0.743619 0.743619 0.743619
6221.416016 0.000000 2429.920898 0.000000 0.904477 0.000000 -0.426522 0.844884 0.844884 0.844884
6219.603027 0.000000 2438.434570 0.000000 0.991005 0.000000 -0.133825 0.813672 0.813672 0.813672
6217.218262 0.000000 2433.316406 0.000000 0.939149 0.000000 -0.343510 0.835717 0.835717 0.835717
6217.152344 0.000000 2438.435303 0.000000 0.165695 0.000000 0.986177 0.656956 0.656956 0.656956
6230.889648 0.000000 2436.471680 0.000000 0.872433 0.000000 -0.488733 0.852013 0.852013 0.852013
6220.330566 0.000000 2433.306641 0.000000 0.390765 0.000000 -0.920490 0.919107 0.919107 0.919107
6233.248535 0.000000 2436.575928 0.000000 0.193869 0.000000 0.981027 0.659873 0.659873 0.659873
6220.529785 0.000000 2440.147949 0.000000 0.183490 0.000000 -0.983022 0.941203 0.941203 0.941203
6212.658691 0.000000 2434.995117 0.000000 0.952154 0.000000 0.305618 0.768364 0.768364 0.768364
6218.438965 0.000000 2437.127197 0.000000 0.865099 0.000000 -0.501601 0.853522 0.853522 0.853522
6216.136230 0.000000 2434.593750 0.000000 0.446175 0.000000 -0.894946 0.912892 0.912892 0.912892
6217.605469 0.000000 2434.802490 0.000000 0.976931 0.000000 -0.213556 0.821921 0.821921 0.821921
6233.506348 0.000000 2437.812012 0.000000 0.862566 0.000000 0.505944 0.745966 0.745966 0.745966
6218.358398 0.000000 2438.816406 0.000000 0.994370 0.000000 0.105963 0.789186 0.789186 0.789186
6216.144531 0.000000 2432.743896 0.000000 0.492855 0.000000 0.870112 0.692495 0.692495 0.692495
6216.791992 0.000000 2439.603027 0.000000 0.854233 0.000000 0.519890 0.744311 0.744311 0.744311
6231.280762 0.000000 2437.595459 0.000000 0.248471 0.000000 -0.968639 0.934423 0.934423 0.934423
6221.645996 0.000000 2440.544434 0.000000 0.332824 0.000000 0.942989 0.674560 0.674560 0.674560
6219.361328 0.000000 2439.580811 0.000000 0.410760 0.000000 0.911744 0.683116 0.683116 0.683116
6220.179688 0.000000 2432.179932 0.000000 0.817200 0.000000 -0.576354 0.862568 0.862568 0.862568
6232.246094 0.000000 2437.114746 0.000000 0.406264 0.000000 -0.913756 0.917386 0.917386 0.917386
6220.551758 0.000000 2441.279785 0.000000 0.916832 0.000000 0.399274 0.758164 0.758164 0.758164
6221.129883 0.000000 2432.657959 0.000000 0.999628 0.000000 0.027257 0.797223 0.797223 0.797223
6213.550293 0.000000 2435.469482 0.000000 0.246587 0.000000 0.969121 0.665379 0.665379 0.665379
6219.393555 0.000000 2437.360352 0.000000 0.678969 0.000000 -0.734167 0.883977 0.883977 0.883977
6212.575684 0.000000 2434.040283 0.000000 0.669080 0.000000 0.743190 0.714660 0.714660 0.714660
6230.281738 0.000000 2437.419189 0.000000 0.791068 0.000000 0.611728 0.732952 0.732952 0.732952
6213.634277 0.000000 2434.526855 0.000000 0.580513 0.000000 -0.814251 0.896913 0.896913 0.896913
6216.104492 0.000000 2435.549805 0.000000 0.942121 0.000000 -0.335274 0.834825 0.834825 0.834825
6216.377930 0.000000 2433.683105 0.000000 0.919363 0.000000 0.393410 0.758815 0.758815 0.758815
6217.721680 0.000000 2439.492676 0.000000 0.960952 0.000000 -0.276715 0.828559 0.828559 0.828559
6242.116699 0.000000 2461.287109 0.000000 0.250036 0.000000 0.968236 0.665742 0.665742 0.665742
6243.431152 0.000000 2456.505859 0.000000 0.928996 0.000000 -0.370090 0.838615 0.838615 0.838615
6244.985352 0.000000 2445.481445 0.000000 0.961099 0.000000 0.276203 0.771496 0.771496 0.771496
6243.104492 0.000000 2457.978027 0.000000 0.991807 0.000000 -0.127743 0.813048 0.813048 0.813048
6242.062012 0.000000 2456.190674 0.000000 0.832601 0.000000 0.553873 0.740208 0.740208 0.740208
6243.686523 0.000000 2461.802246 0.000000 0.892500 0.000000 -0.451047 0.847664 0.847664 0.847664
6243.194336 0.000000 2460.753418 0.000000 0.823015 0.000000 0.568020 0.738467 0.738467 0.738467
6242.220215 0.000000 2457.359375 0.000000 0.992081 0.000000 0.125602 0.787172 0.787172 0.787172
6245.187012 0.000000 2444.595703 0.000000 0.218444 0.000000 0.975849 0.662431 0.662431 0.662431
6193.233398 0.000000 2515.166016 0.000000 0.180681 0.000000 -0.983542 0.941494 0.941494 0.941494
6201.144043 0.000000 2504.669922 0.000000 0.676212 0.000000 -0.736707 0.884359 0.884359 0.884359
6195.484863 0.000000 2514.400391 0.000000 0.252919 0.000000 0.967487 0.666045 0.666045 0.666045
6205.349609 0.000000 2506.736084 0.000000 0.854259 0.000000 -0.519848 0.855684 0.855684 0.855684
6202.347656 0.000000 2502.850586 0.000000 0.662545 0.000000 0.749022 0.713768 0.713768 0.713768
6204.601074 0.000000 2515.012695 0.000000 0.829980 0.000000 0.557793 0.739727 0.739727 0.739727
6206.831055 0.000000 2509.489502 0.000000 0.711461 0.000000 0.702725 0.720629 0.720629 0.720629
6203.208008 0.000000 2509.327393 0.000000 0.988303 0.000000 0.152506 0.784405 0.784405 0.784405
6201.337891 0.000000 2515.428223 0.000000 0.855787 0.000000 0.517329 0.744616 0.744616 0.744616
6194.572266 0.000000 2515.311035 0.000000 0.983351 0.000000 0.181714 0.781387 0.781387 0.781387
6200.281250 0.000000 2514.729980 0.000000 0.310333 0.000000 0.950628 0.672141 0.672141 0.672141
6205.671387 0.000000 2515.676270 0.000000 0.930540 0.000000 0.366191 0.761812 0.761812 0.761812
6203.615723 0.000000 2503.064209 0.000000 0.522905 0.000000 0.852391 0.696049 0.696049 0.696049
6192.200684 0.000000 2514.591797 0.000000 0.440398 0.000000 -0.897803 0.913548 0.913548 0.913548
6204.953613 0.000000 2507.828125 0.000000 0.592996 0.000000 -0.805206 0.895342 0.895342 0.895342
6204.218750 0.000000 2506.436279 0.000000 0.429514 0.000000 0.903060 0.685221 0.685221 0.685221
6192.513672 0.000000 2515.934326 0.000000 0.910171 0.000000 0.414233 0.756496 0.756496 0.756496
6203.104980 0.000000 2508.315186 0.000000 0.425965 0.000000 -0.904740 0.915179 0.915179 0.915179
6200.300293 0.000000 2505.991943 0.000000 0.831232 0.000000 -0.555926 0.860044 0.860044 0.860044
6193.478516 0.000000 2514.235107 0.000000 0.867888 0.000000 0.496759 0.747047 0.747047 0.747047
6206.072754 0.000000 2508.937500 0.000000 0.809797 0.000000 -0.586711 0.863865 0.863865 0.863865
6205.541016 0.000000 2514.737793 0.000000 0.963764 0.000000 -0.266755 0.827505 0.827505 0.827505
6202.361816 0.000000 2509.669678 0.000000 0.679306 0.000000 0.733855 0.716070 0.716070 0.716070
6207.366699 0.000000 2509.059814 0.000000 0.645992 0.000000 -0.763344 0.888462 0.888462 0.888462
6207.594238 0.000000 2509.983643 0.000000 0.502682 0.000000 0.864471 0.693649 0.693649 0.693649
7084.706543 0.000000 2232.470215 0.000000 0.729788 0.000000 0.683673 0.723322 0.723322 0.723322
7094.193359 0.000000 2232.990479 0.000000 0.159098 0.000000 0.987263 0.656275 0.656275 0.656275
7080.752930 0.000000 2239.287354 0.000000 0.975852 0.000000 -0.218434 0.822430 0.822430 0.822430
7095.060059 0.000000 2230.710449 0.000000 0.345299 0.000000 0.938493 0.675911 0.675911 0.675911
7095.718262 0.000000 2232.967285 0.000000 0.660486 0.000000 0.750839 0.713488 0.713488 0.713488
7081.340332 0.000000 2238.211670 0.000000 0.083144 0.000000 -0.996538 0.951521 0.951521 0.951521
7094.952637 0.000000 2231.989990 0.000000 0.906793 0.000000 -0.421577 0.844327 0.844327 0.844327
7085.309082 0.000000 2233.248291 0.000000 0.596520 0.000000 -0.802598 0.894896 0.894896 0.894896
7085.609863 0.000000 2232.361572 0.000000 0.526566 0.000000 0.850134 0.696487 0.696487 0.696487
7095.925781 0.000000 2233.850098 0.000000 0.289403 0.000000 -0.957208 0.930094 0.930094 0.930094
7104.629883 0.000000 2233.080078 0.000000 0.247617 0.000000 -0.968858 0.934513 0.934513 0.934513
7105.956543 0.000000 2232.245361 0.000000 0.255264 0.000000 -0.966871 0.933708 0.933708 0.933708
7089.623047 0.000000 2242.933350 0.000000 0.224217 0.000000 -0.974539 0.936966 0.936966 0.936966
7094.799316 0.000000 2248.130859 0.000000 0.977882 0.000000 0.209157 0.778537 0.778537 0.778537
7097.143066 0.000000 2244.622803 0.000000 0.864807 0.000000 0.502104 0.746419 0.746419 0.746419
7080.275391 0.000000 2239.578857 0.000000 0.529845 0.000000 -0.848095 0.903120 0.903120 0.903120
7091.320801 0.000000 2242.715576 0.000000 0.742879 0.000000 0.669425 0.725293 0.725293 0.725293
7094.076660 0.000000 2249.432373 0.000000 0.771329 0.000000 -0.636437 0.870270 0.870270 0.870270
7095.719727 0.000000 2249.123535 0.000000 0.985410 0.000000 -0.170198 0.817421 0.817421 0.817421
7081.582520 0.000000 2239.930176 0.000000 0.375974 0.000000 0.926630 0.679261 0.679261 0.679261
7097.400879 0.000000 2245.858887 0.000000 0.484407 0.000000 -0.874843 0.908491 0.908491 0.908491
7088.416992 0.000000 2243.078613 0.000000 0.299965 0.000000 -0.953950 0.928968 0.928968 0.928968
7096.140625 0.000000 2245.161621 0.000000 0.099775 0.000000 0.995010 0.650180 0.650180 0.650180
7090.398438 0.000000 2243.611572 0.000000 0.459365 0.000000 0.888248 0.688615 0.688615 0.688615
7089.166504 0.000000 2243.857666 0.000000 0.981987 0.000000 0.188946 0.780638 0.780638 0.780638
7090.422363 0.000000 2242.484131 0.000000 0.746098 0.000000 -0.665836 0.874216 0.874216 0.874216
6392.806152 0.000000 2682.187256 0.000000 0.483523 0.000000 0.875332 0.691406 0.691406 0.691406
6384.555176 0.000000 2686.374268 0.000000 0.559588 0.000000 -0.828771 0.899507 0.899507 0.899507
6393.378906 0.000000 2683.858398 0.000000 0.985725 0.000000 0.168363 0.782769 0.782769 0.782769
6392.137207 0.000000 2683.773193 0.000000 0.449289 0.000000 0.893387 0.687463 0.687463 0.687463
6393.487793 0.000000 2682.891113 0.000000 0.551757 0.000000 -0.834005 0.900466 0.900466 0.900466
6385.849121 0.000000 2687.210938 0.000000 0.805976 0.000000 0.591949 0.735475 0.735475 0.735475
6154.737305 0.000000 2799.036133 0.000000 0.605185 0.000000 -0.796085 0.893792 0.893792 0.893792
6171.044434 0.000000 2812.566895 0.000000 0.954878 0.000000 -0.296999 0.830715 0.830715 0.830715
6149.904785 0.000000 2807.431885 0.000000 0.861854 0.000000 0.507156 0.745823 0.745823 0.745823
6146.080078 0.000000 2804.022705 0.000000 0.730354 0.000000 0.683069 0.723406 0.723406 0.723406
6152.395508 0.000000 2803.745850 0.000000 0.672293 0.000000 0.740285 0.715101 0.715101 0.715101
6151.255859 0.000000 2799.923584 0.000000 0.915689 0.000000 0.401887 0.757873 0.757873 0.757873
6148.261230 0.000000 2807.028564 0.000000 0.885397 0.000000 -0.464835 0.849244 0.849244 0.849244
6152.347168 0.000000 2802.137939 0.000000 0.524731 0.000000 -0.851268 0.903733 0.903733 0.903733
6155.798340 0.000000 2799.902588 0.000000 0.291210 0.000000 0.956659 0.670098 0.670098 0.670098
6155.843750 0.000000 2798.424072 0.000000 0.098348 0.000000 0.995152 0.650034 0.650034 0.650034
6146.764160 0.000000 2805.011475 0.000000 0.786528 0.000000 -0.617554 0.867800 0.867800 0.867800
6170.818848 0.000000 2813.655762 0.000000 0.891627 0.000000 0.452771 0.752139 0.752139 0.752139
6153.412109 0.000000 2803.355469 0.000000 0.785698 0.000000 0.618610 0.732063 0.732063 0.732063
6151.062012 0.000000 2798.863770 0.000000 0.572417 0.000000 -0.819962 0.897922 0.897922 0.897922
6154.432617 0.000000 2799.999023 0.000000 0.143556 0.000000 -0.989642 0.945327 0.945327 0.945327
6149.145020 0.000000 2806.647949 0.000000 0.931113 0.000000 0.364732 0.761971 0.761971 0.761971
6150.307617 0.000000 2799.795410 0.000000 0.212723 0.000000 0.977112 0.661835 0.661835 0.661835
6385.121094 0.000000 2687.810059 0.000000 0.828396 0.000000 0.560143 0.739439 0.739439 0.739439
6382.198730 0.000000 2688.399170 0.000000 0.981852 0.000000 -0.189646 0.819435 0.819435 0.819435
6383.458984 0.000000 2690.219727 0.000000 0.295090 0.000000 -0.955469 0.929488 0.929488 0.929488
6383.955566 0.000000 2688.812744 0.000000 0.014094 0.000000 -0.999901 0.958564 0.958564 0.958564
6382.784180 0.000000 2691.576904 0.000000 0.259517 0.000000 -0.965739 0.933260 0.933260 0.933260
6382.011719 0.000000 2689.879150 0.000000 0.457608 0.000000 -0.889154 0.911586 0.911586 0.911586
6384.755859 0.000000 2689.870361 0.000000 0.466029 0.000000 0.884770 0.689381 0.689381 0.689381
6382.932129 0.000000 2689.279541 0.000000 0.423174 0.000000 0.906048 0.684507 0.684507 0.684507
6385.144043 0.000000 2688.922119 0.000000 0.636798 0.000000 -0.771031 0.889683 0.889683 0.889683
6382.306641 0.000000 2690.789062 0.000000 0.649614 0.000000 -0.760264 0.887978 0.887978 0.887978
6383.123535 0.000000 2688.261963 0.000000 0.797655 0.000000 0.603113 0.734057 0.734057 0.734057
6383.605469 0.000000 2691.207275 0.000000 0.395314 0.000000 0.918546 0.681397 0.681397 0.681397
6160.980469 0.000000 2821.837158 0.000000 0.989027 0.000000 -0.147736 0.815104 0.815104 0.815104
6171.396973 0.000000 2825.523926 0.000000 0.999494 0.000000 0.031794 0.796761 0.796761 0.796761
6174.068359 0.000000 2831.055176 0.000000 0.084946 0.000000 0.996386 0.648663 0.648663 0.648663
6163.313477 0.000000 2821.544434 0.000000 0.998999 0.000000 0.044742 0.795441 0.795441 0.795441
6173.353516 0.000000 2826.657959 0.000000 0.404503 0.000000 -0.914537 0.917582 0.917582 0.917582
6172.892090 0.000000 2820.135498 0.000000 0.995263 0.000000 0.097224 0.790081 0.790081 0.790081
6160.774414 0.000000 2833.446045 0.000000 0.599179 0.000000 -0.800615 0.894558 0.894558 0.894558
6162.063477 0.000000 2820.434814 0.000000 0.095432 0.000000 -0.995436 0.950265 0.950265 0.950265
6170.629395 0.000000 2824.231201 0.000000 0.829898 0.000000 -0.557916 0.860288 0.860288 0.860288
6163.397949 0.000000 2820.018066 0.000000 0.743567 0.000000 0.668661 0.725398 0.725398 0.725398
6170.112305 0.000000 2825.389893 0.000000 0.922255 0.000000 -0.386581 0.840430 0.840430 0.840430
6173.606445 0.000000 2821.714844 0.000000 0.935558 0.000000 0.353172 0.763233 0.763233 0.763233
6161.033691 0.000000 2832.249756 0.000000 0.474824 0.000000 -0.880081 0.909604 0.909604 0.909604
6172.957520 0.000000 2827.750000 0.000000 0.895491 0.000000 -0.445079 0.846984 0.846984 0.846984
6172.222656 0.000000 2826.358154 0.000000 0.397596 0.000000 -0.917561 0.918350 0.918350 0.918350
6172.133789 0.000000 2820.960938 0.000000 0.978727 0.000000 0.205165 0.778953 0.778953 0.778953
6161.021973 0.000000 2820.733887 0.000000 0.964158 0.000000 -0.265330 0.827354 0.827354 0.827354
6161.973145 0.000000 2821.462891 0.000000 0.864141 0.000000 -0.503249 0.853716 0.853716 0.853716
6160.019531 0.000000 2832.204346 0.000000 0.164542 0.000000 0.986370 0.656837 0.656837 0.656837
6174.841797 0.000000 2831.730713 0.000000 0.683360 0.000000 -0.730082 0.883366 0.883366 0.883366
6171.731445 0.000000 2824.631348 0.000000 0.828712 0.000000 0.559675 0.739496 0.739496 0.739496
6173.864258 0.000000 2820.155273 0.000000 0.770686 0.000000 0.637215 0.729628 0.729628 0.729628
6182.586914 0.000000 2816.065918 0.000000 0.198401 0.000000 0.980121 0.660344 0.660344 0.660344
6183.674316 0.000000 2824.090576 0.000000 0.415240 0.000000 -0.909712 0.916383 0.916383 0.916383
6180.267090 0.000000 2820.560547 0.000000 0.075558 0.000000 0.997141 0.647704 0.647704 0.647704
6179.724609 0.000000 2817.477295 0.000000 0.999986 0.000000 0.005217 0.799469 0.799469 0.799469
6182.230957 0.000000 2825.952148 0.000000 0.302527 0.000000 0.953141 0.671306 0.671306 0.671306
6180.662598 0.000000 2818.901367 0.000000 0.836985 0.000000 0.547227 0.741019 0.741019 0.741019
6178.033203 0.000000 2817.636963 0.000000 0.040522 0.000000 0.999179 0.644129 0.644129 0.644129
6198.596680 0.000000 2844.691406 0.000000 0.630100 0.000000 -0.776514 0.890564 0.890564 0.890564
6181.903320 0.000000 2820.335693 0.000000 0.949473 0.000000 0.313848 0.767482 0.767482 0.767482
6183.134277 0.000000 2817.448730 0.000000 0.884972 0.000000 -0.465645 0.849337 0.849337 0.849337
6175.283691 0.000000 2830.831299 0.000000 0.283213 0.000000 -0.959057 0.930752 0.930752 0.930752
6182.305664 0.000000 2824.427002 0.000000 0.982097 0.000000 -0.188378 0.819303 0.819303 0.819303
6199.356445 0.000000 2845.708252 0.000000 0.216613 0.000000 -0.976258 0.937760 0.937760 0.937760
6178.127441 0.000000 2816.379395 0.000000 0.617781 0.000000 0.786350 0.707830 0.707830 0.707830
6179.633789 0.000000 2816.296387 0.000000 0.971457 0.000000 -0.237215 0.824395 0.824395 0.824395
6183.193848 0.000000 2825.057373 0.000000 0.938214 0.000000 -0.346056 0.835993 0.835993 0.835993
6181.132324 0.000000 2821.198975 0.000000 0.201967 0.000000 -0.979392 0.939285 0.939285 0.939285
6181.554199 0.000000 2819.375732 0.000000 0.598970 0.000000 -0.800772 0.894585 0.894585 0.894585
6178.881348 0.000000 2816.971680 0.000000 0.819037 0.000000 0.573740 0.737757 0.737757 0.737757
6181.638184 0.000000 2818.433105 0.000000 0.645989 0.000000 -0.763347 0.888462 0.888462 0.888462
6199.360840 0.000000 2844.177734 0.000000 0.710853 0.000000 -0.703340 0.879459 0.879459 0.879459
6180.267090 0.000000 2852.552734 0.000000 0.996201 0.000000 -0.087079 0.808881 0.808881 0.808881
6202.166016 0.000000 2859.832520 0.000000 0.586961 0.000000 0.809615 0.703896 0.703896 0.703896
6201.144043 0.000000 2856.583984 0.000000 0.416658 0.000000 -0.909063 0.916224 0.916224 0.916224
6206.064453 0.000000 2863.047363 0.000000 0.851999 0.000000 -0.523543 0.856125 0.856125 0.856125
6206.485352 0.000000 2852.884766 0.000000 0.308030 0.000000 -0.951377 0.928106 0.928106 0.928106
6200.775879 0.000000 2848.422607 0.000000 0.565947 0.000000 0.824442 0.701277 0.701277 0.701277
6202.510254 0.000000 2849.758301 0.000000 0.030026 0.000000 0.999549 0.643059 0.643059 0.643059
6188.533691 0.000000 2856.046387 0.000000 0.690205 0.000000 -0.723614 0.882406 0.882406 0.882406
6203.834473 0.000000 2859.435547 0.000000 0.499998 0.000000 0.866027 0.693333 0.693333 0.693333
6186.442871 0.000000 2853.025635 0.000000 0.981129 0.000000 0.193355 0.780180 0.780180 0.780180
6206.507812 0.000000 2859.873291 0.000000 0.000998 0.000000 1.000000 0.640102 0.640102 0.640102
6181.903320 0.000000 2852.327881 0.000000 0.808465 0.000000 0.588545 0.735904 0.735904 0.735904
6202.594727 0.000000 2858.576660 0.000000 0.884481 0.000000 -0.466575 0.849444 0.849444 0.849444
6201.315430 0.000000 2849.516846 0.000000 0.594550 0.000000 -0.804059 0.895146 0.895146 0.895146
6189.649902 0.000000 2856.442871 0.000000 0.796619 0.000000 0.604482 0.733882 0.733882 0.733882
6202.052734 0.000000 2848.650146 0.000000 0.872685 0.000000 0.488284 0.748039 0.748039 0.748039
6203.233887 0.000000 2848.742432 0.000000 0.006814 0.000000 -0.999977 0.959306 0.959306 0.959306
6181.132324 0.000000 2853.191162 0.000000 0.916576 0.000000 0.399861 0.758099 0.758099 0.758099
6188.555664 0.000000 2857.178223 0.000000 0.567421 0.000000 0.823428 0.701459 0.701459 0.701459
6206.903320 0.000000 2853.877441 0.000000 0.416573 0.000000 0.909102 0.683766 0.683766 0.683766
6206.904297 0.000000 2858.917725 0.000000 0.988036 0.000000 -0.154223 0.815772 0.815772 0.815772
6206.837891 0.000000 2863.722900 0.000000 0.202143 0.000000 0.979356 0.660733 0.660733 0.660733
6200.300293 0.000000 2857.906006 0.000000 0.121292 0.000000 -0.992617 0.947615 0.947615 0.947615
6187.397461 0.000000 2853.258789 0.000000 0.575433 0.000000 0.817849 0.702453 0.702453 0.702453
6203.687988 0.000000 2849.553955 0.000000 0.937299 0.000000 -0.348525 0.836262 0.836262 0.836262
6200.416992 0.000000 2849.567627 0.000000 0.945927 0.000000 -0.324380 0.833650 0.833650 0.833650
6207.773926 0.000000 2859.466064 0.000000 0.993961 0.000000 -0.109736 0.811200 0.811200 0.811200
6219.603027 0.000000 2854.333008 0.000000 0.993558 0.000000 0.113323 0.788432 0.788432 0.788432
6216.999512 0.000000 2864.682373 0.000000 0.998383 0.000000 -0.056843 0.805793 0.805793 0.805793
6207.437500 0.000000 2853.655518 0.000000 0.202584 0.000000 -0.979265 0.939221 0.939221 0.939221
6207.279785 0.000000 2862.823486 0.000000 0.510655 0.000000 0.859785 0.694591 0.694591 0.694591
6218.358398 0.000000 2854.714844 0.000000 0.178822 0.000000 -0.983881 0.941687 0.941687 0.941687
6219.361328 0.000000 2855.479248 0.000000 0.506037 0.000000 0.862512 0.694045 0.694045 0.694045
6217.405273 0.000000 2865.736328 0.000000 0.309245 0.000000 -0.950983 0.927976 0.927976 0.927976
6207.948730 0.000000 2858.338135 0.000000 0.967725 0.000000 -0.252011 0.825949 0.825949 0.825949
6207.788086 0.000000 2852.641357 0.000000 0.991298 0.000000 0.131636 0.786553 0.786553 0.786553
6558.600586 0.000000 2868.357422 0.000000 0.550458 0.000000 0.834863 0.699375 0.699375 0.699375
6563.658203 0.000000 2857.361572 0.000000 0.583024 0.000000 -0.812455 0.896598 0.896598 0.896598
6562.947754 0.000000 2865.292236 0.000000 0.468060 0.000000 0.883697 0.689615 0.689615 0.689615
6566.411133 0.000000 2868.153320 0.000000 0.491172 0.000000 -0.871063 0.907702 0.907702 0.907702
6564.946289 0.000000 2861.379883 0.000000 0.404238 0.000000 -0.914654 0.917612 0.917612 0.917612
6562.769531 0.000000 2856.221191 0.000000 0.997714 0.000000 0.067581 0.793111 0.793111 0.793111
6562.404785 0.000000 2857.899902 0.000000 0.980984 0.000000 0.194088 0.780104 0.780104 0.780104
6567.541992 0.000000 2868.671631 0.000000 0.032438 0.000000 0.999474 0.643305 0.643305 0.643305
6563.133301 0.000000 2864.228271 0.000000 0.999814 0.000000 -0.019276 0.801964 0.801964 0.801964
6559.206543 0.000000 2869.273682 0.000000 0.722415 0.000000 0.691460 0.722230 0.722230 0.722230
6566.187500 0.000000 2869.162109 0.000000 0.088433 0.000000 -0.996082 0.950981 0.950981 0.950981
6562.167480 0.000000 2864.594238 0.000000 0.287125 0.000000 -0.957893 0.930336 0.930336 0.930336
6563.812500 0.000000 2865.936035 0.000000 0.803757 0.000000 -0.594957 0.864906 0.864906 0.864906
6559.370605 0.000000 2868.338623 0.000000 0.953307 0.000000 -0.302004 0.831250 0.831250 0.831250
6567.191406 0.000000 2869.518799 0.000000 0.869806 0.000000 -0.493394 0.852558 0.852558 0.852558
6565.147949 0.000000 2860.494141 0.000000 0.774758 0.000000 0.632257 0.730281 0.730281 0.730281
6544.736328 0.000000 2881.823486 0.000000 0.883301 0.000000 0.468807 0.750299 0.750299 0.750299
6545.124512 0.000000 2880.875244 0.000000 0.630923 0.000000 0.775846 0.709544 0.709544 0.709544
6641.794434 0.000000 2902.255615 0.000000 0.586171 0.000000 -0.810188 0.896203 0.896203 0.896203
6631.619629 0.000000 2888.074951 0.000000 0.559676 0.000000 -0.828712 0.899496 0.899496 0.899496
6635.666504 0.000000 2889.888184 0.000000 0.999550 0.000000 -0.030006 0.803057 0.803057 0.803057
6624.432129 0.000000 2894.054199 0.000000 0.945039 0.000000 -0.326959 0.833928 0.833928 0.833928
6630.176270 0.000000 2889.936523 0.000000 0.134066 0.000000 -0.990972 0.946303 0.946303 0.946303
6634.123047 0.000000 2888.141846 0.000000 0.680241 0.000000 0.732989 0.716200 0.716200 0.716200
6625.973633 0.000000 2895.497070 0.000000 0.665748 0.000000 0.746177 0.714204 0.714204 0.714204
6636.479004 0.000000 2888.038574 0.000000 0.596961 0.000000 -0.802271 0.894840 0.894840 0.894840
6629.190430 0.000000 2901.668457 0.000000 0.203704 0.000000 -0.979033 0.939105 0.939105 0.939105
6637.282227 0.000000 2886.001953 0.000000 0.698719 0.000000 0.715396 0.718799 0.718799 0.718799
6640.352051 0.000000 2902.992920 0.000000 0.422802 0.000000 0.906222 0.684465 0.684465 0.684465
6634.659668 0.000000 2896.982422 0.000000 0.797023 0.000000 0.603949 0.733950 0.733950 0.733950
6654.416504 0.000000 2910.720947 0.000000 0.483230 0.000000 -0.875493 0.908628 0.908628 0.908628
6629.055664 0.000000 2888.888672 0.000000 0.453685 0.000000 0.891162 0.687965 0.687965 0.687965
6624.515137 0.000000 2895.510742 0.000000 0.201550 0.000000 0.979478 0.660671 0.660671 0.660671
6634.398438 0.000000 2889.482910 0.000000 0.993072 0.000000 -0.117508 0.811997 0.811997 0.811997
6639.010742 0.000000 2890.696045 0.000000 0.989012 0.000000 -0.147834 0.815114 0.815114 0.815114
6630.250977 0.000000 2888.411377 0.000000 0.812777 0.000000 -0.582575 0.863346 0.863346 0.863346
6625.838379 0.000000 2894.268066 0.000000 0.251858 0.000000 -0.967764 0.934067 0.934067 0.934067
6635.352539 0.000000 2888.640869 0.000000 0.963082 0.000000 -0.269209 0.827764 0.827764 0.827764
6637.595215 0.000000 2888.435059 0.000000 0.979172 0.000000 -0.203033 0.820826 0.820826 0.820826
6636.573730 0.000000 2886.903320 0.000000 0.919014 0.000000 -0.394224 0.841276 0.841276 0.841276
6631.139160 0.000000 2889.041748 0.000000 0.829733 0.000000 0.558161 0.739682 0.739682 0.739682
6636.500977 0.000000 2889.170410 0.000000 0.953758 0.000000 -0.300577 0.831097 0.831097 0.831097
6629.260742 0.000000 2900.613770 0.000000 0.756155 0.000000 0.654393 0.727336 0.727336 0.727336
6640.794434 0.000000 2902.009521 0.000000 0.998999 0.000000 0.044743 0.795441 0.795441 0.795441
6638.765625 0.000000 2891.755127 0.000000 0.995116 0.000000 -0.098715 0.810071 0.810071 0.810071
6628.149414 0.000000 2888.421143 0.000000 0.974398 0.000000 0.224831 0.776901 0.776901 0.776901
6640.479004 0.000000 2903.982910 0.000000 0.935839 0.000000 -0.352427 0.836686 0.836686 0.836686
6637.584961 0.000000 2886.885010 0.000000 0.518072 0.000000 0.855337 0.695472 0.695472 0.695472
6641.237305 0.000000 2903.135498 0.000000 0.442611 0.000000 -0.896714 0.913297 0.913297 0.913297
6625.058105 0.000000 2894.735352 0.000000 0.407196 0.000000 -0.913341 0.917282 0.917282 0.917282
6427.365723 0.000000 3017.477051 0.000000 0.080233 0.000000 -0.996776 0.951819 0.951819 0.951819
6421.353516 0.000000 3013.671631 0.000000 0.773759 0.000000 -0.633481 0.869880 0.869880 0.869880
6428.860840 0.000000 3012.088623 0.000000 0.479775 0.000000 -0.877391 0.909030 0.909030 0.909030
6425.174805 0.000000 3018.262939 0.000000 0.172613 0.000000 0.984990 0.657671 0.657671 0.657671
6430.480469 0.000000 3019.834229 0.000000 0.790486 0.000000 0.612480 0.732855 0.732855 0.732855
6426.598145 0.000000 3016.184326 0.000000 0.349729 0.000000 0.936851 0.676392 0.676392 0.676392
6424.331543 0.000000 3019.219971 0.000000 0.005527 0.000000 0.999985 0.640563 0.640563 0.640563
6426.081055 0.000000 3017.343018 0.000000 0.449809 0.000000 -0.893125 0.912477 0.912477 0.912477
6420.382324 0.000000 3012.885498 0.000000 0.861142 0.000000 -0.508365 0.854320 0.854320 0.854320
6429.575195 0.000000 3013.667969 0.000000 0.415925 0.000000 0.909399 0.683693 0.683693 0.683693
6421.664062 0.000000 3012.538086 0.000000 0.807241 0.000000 0.590222 0.735693 0.735693 0.735693
6428.102539 0.000000 3012.914062 0.000000 0.882463 0.000000 -0.470382 0.849883 0.849883 0.849883
6430.876953 0.000000 3018.878662 0.000000 0.931133 0.000000 -0.364679 0.838023 0.838023 0.838023
6427.700195 0.000000 3016.584473 0.000000 0.688399 0.000000 0.725332 0.717340 0.717340 0.717340
6429.833008 0.000000 3012.108398 0.000000 0.574358 0.000000 -0.818604 0.897681 0.897681 0.897681
6425.628906 0.000000 3019.035400 0.000000 0.995744 0.000000 0.092161 0.790599 0.790599 0.790599
6431.746582 0.000000 3019.427002 0.000000 0.807437 0.000000 0.589954 0.735727 0.735727 0.735727
6433.066895 0.000000 3013.280273 0.000000 0.184674 0.000000 0.982800 0.658919 0.658919 0.658919
6431.921387 0.000000 3018.299072 0.000000 0.325329 0.000000 -0.945601 0.926248 0.926248 0.926248
6433.657715 0.000000 3012.302490 0.000000 0.464106 0.000000 0.885780 0.689160 0.689160 0.689160
6823.190918 0.000000 2588.940674 0.000000 0.011208 0.000000 0.999937 0.641142 0.641142 0.641142
6822.548340 0.000000 2588.018799 0.000000 0.313525 0.000000 -0.949580 0.927517 0.927517 0.927517
6858.107910 0.000000 2802.565674 0.000000 0.965631 0.000000 0.259916 0.773218 0.773218 0.773218
6857.983398 0.000000 2796.421387 0.000000 0.905747 0.000000 0.423819 0.755421 0.755421 0.755421
6860.261719 0.000000 2801.132568 0.000000 0.009067 0.000000 -0.999959 0.959076 0.959076 0.959076
6861.833496 0.000000 2795.314941 0.000000 0.972375 0.000000 0.233422 0.776002 0.776002 0.776002
6854.375977 0.000000 2804.168945 0.000000 0.272373 0.000000 0.962192 0.668099 0.668099 0.668099
6859.669434 0.000000 2803.643799 0.000000 0.634450 0.000000 0.772964 0.710008 0.710008 0.710008
6856.609375 0.000000 2797.168457 0.000000 0.264211 0.000000 -0.964465 0.932764 0.932764 0.932764
6861.658691 0.000000 2800.422852 0.000000 0.137169 0.000000 0.990548 0.654016 0.654016 0.654016
6861.556152 0.000000 2801.854980 0.000000 0.209798 0.000000 -0.977745 0.938470 0.938470 0.938470
6858.749512 0.000000 2797.592285 0.000000 0.413202 0.000000 0.910640 0.683389 0.683389 0.683389
6861.027344 0.000000 2794.149170 0.000000 0.784195 0.000000 0.620514 0.731816 0.731816 0.731816
6859.450684 0.000000 2802.258789 0.000000 0.106062 0.000000 0.994360 0.650824 0.650824 0.650824
6858.344727 0.000000 2803.858887 0.000000 0.619824 0.000000 -0.784741 0.891905 0.891905 0.891905
6855.506836 0.000000 2804.687256 0.000000 0.273088 0.000000 0.961989 0.668174 0.668174 0.668174
6860.754395 0.000000 2795.940186 0.000000 0.563143 0.000000 -0.826360 0.899069 0.899069 0.899069
6866.844238 0.000000 2798.992920 0.000000 0.812154 0.000000 0.583443 0.736546 0.736546 0.736546
6859.270508 0.000000 2796.639648 0.000000 0.037799 0.000000 0.999285 0.643851 0.643851 0.643851
6854.152344 0.000000 2805.177734 0.000000 0.401918 0.000000 0.915676 0.682130 0.682130 0.682130
6860.337891 0.000000 2794.952148 0.000000 0.838366 0.000000 0.545108 0.741276 0.741276 0.741276
6860.696777 0.000000 2800.187012 0.000000 0.491103 0.000000 0.871102 0.692290 0.692290 0.692290
6858.898926 0.000000 2803.099609 0.000000 0.518097 0.000000 0.855322 0.695475 0.695475 0.695475
6867.044922 0.000000 2799.906494 0.000000 0.926763 0.000000 0.375646 0.760775 0.760775 0.760775
6856.933594 0.000000 2796.286133 0.000000 0.969211 0.000000 0.246232 0.774658 0.774658 0.774658
6861.958008 0.000000 2794.385498 0.000000 0.663946 0.000000 -0.747780 0.886042 0.886042 0.886042
6855.156250 0.000000 2805.534424 0.000000 0.056350 0.000000 -0.998411 0.954257 0.954257 0.954257
6857.513184 0.000000 2797.184082 0.000000 0.952093 0.000000 -0.305807 0.831656 0.831656 0.831656
6856.055664 0.000000 2796.430908 0.000000 0.996762 0.000000 -0.080409 0.808199 0.808199 0.808199
7034.064453 0.000000 2763.855957 0.000000 0.712788 0.000000 -0.701379 0.879178 0.879178 0.879178
7035.732910 0.000000 2763.458984 0.000000 0.756405 0.000000 0.654104 0.727375 0.727375 0.727375
7034.493164 0.000000 2762.600098 0.000000 0.943818 0.000000 0.330465 0.765694 0.765694 0.765694
7058.081055 0.000000 2736.050293 0.000000 0.989361 0.000000 0.145481 0.785129 0.785129 0.785129
7060.509277 0.000000 2727.672852 0.000000 0.458723 0.000000 0.888579 0.688542 0.688542 0.688542
7057.082520 0.000000 2733.403564 0.000000 0.861147 0.000000 0.508355 0.745681 0.745681 0.745681
7061.579590 0.000000 2732.314941 0.000000 0.043029 0.000000 -0.999074 0.955616 0.955616 0.955616
7065.096680 0.000000 2730.333252 0.000000 0.602044 0.000000 -0.798463 0.894193 0.894193 0.894193
7059.704590 0.000000 2736.567627 0.000000 0.152719 0.000000 -0.988270 0.944383 0.944383 0.944383
7058.129395 0.000000 2737.527832 0.000000 0.183910 0.000000 -0.982943 0.941160 0.941160 0.941160
7060.521973 0.000000 2733.315918 0.000000 0.869043 0.000000 -0.494737 0.852715 0.852715 0.852715
7068.829590 0.000000 2729.255859 0.000000 0.983914 0.000000 -0.178643 0.818295 0.818295 0.818295
7064.253418 0.000000 2731.290283 0.000000 0.830806 0.000000 0.556562 0.739879 0.739879 0.739879
7060.206055 0.000000 2726.417236 0.000000 0.877500 0.000000 0.479577 0.749053 0.749053 0.749053
7061.700684 0.000000 2727.535889 0.000000 0.860435 0.000000 -0.509560 0.854461 0.854461 0.854461
7061.679199 0.000000 2733.590576 0.000000 0.933609 0.000000 0.358294 0.762675 0.762675 0.762675
7066.962402 0.000000 2735.150635 0.000000 0.132088 0.000000 -0.991238 0.946506 0.946506 0.946506
7056.765137 0.000000 2732.289795 0.000000 0.969947 0.000000 -0.243315 0.825035 0.825035 0.825035
7059.219727 0.000000 2737.410156 0.000000 0.665776 0.000000 -0.746152 0.885792 0.885792 0.885792
7056.139160 0.000000 2733.058350 0.000000 0.563386 0.000000 -0.826194 0.899039 0.899039 0.899039
7061.101074 0.000000 2726.733398 0.000000 0.979933 0.000000 0.199327 0.779560 0.779560 0.779560
7067.186523 0.000000 2734.241211 0.000000 0.501135 0.000000 0.865369 0.693467 0.693467 0.693467
7066.166504 0.000000 2735.713623 0.000000 0.834467 0.000000 0.551058 0.740552 0.740552 0.740552
7060.299805 0.000000 2732.410400 0.000000 0.678356 0.000000 -0.734733 0.884062 0.884062 0.884062
7065.550781 0.000000 2731.105713 0.000000 0.981755 0.000000 0.190148 0.780513 0.780513 0.780513
6658.065918 0.000000 2909.177734 0.000000 0.247685 0.000000 0.968841 0.665494 0.665494 0.665494
6668.758789 0.000000 2907.099365 0.000000 0.724813 0.000000 -0.688946 0.877416 0.877416 0.877416
6655.474609 0.000000 2910.648193 0.000000 0.701277 0.000000 -0.712889 0.880836 0.880836 0.880836
6663.774414 0.000000 2907.760742 0.000000 0.995854 0.000000 -0.090962 0.809278 0.809278 0.809278
6667.551270 0.000000 2903.106689 0.000000 0.143367 0.000000 -0.989670 0.945346 0.945346 0.945346
6666.097656 0.000000 2902.184082 0.000000 0.998997 0.000000 0.044781 0.795437 0.795437 0.795437
6659.635742 0.000000 2909.692871 0.000000 0.582438 0.000000 0.812875 0.703328 0.703328 0.703328
6662.567871 0.000000 2907.940674 0.000000 0.944572 0.000000 -0.328305 0.834073 0.834073 0.834073
6659.143555 0.000000 2908.644043 0.000000 0.956358 0.000000 -0.292198 0.830204 0.830204 0.830204
6669.080566 0.000000 2906.031250 0.000000 0.556864 0.000000 0.830603 0.700159 0.700159 0.700159
6663.115234 0.000000 2906.847656 0.000000 0.803652 0.000000 0.595100 0.735076 0.735076 0.735076
6669.484375 0.000000 2907.626465 0.000000 0.710735 0.000000 0.703460 0.720524 0.720524 0.720524
6662.528320 0.000000 2912.042480 0.000000 0.851640 0.000000 -0.524128 0.856195 0.856195 0.856195
6659.646484 0.000000 2921.345947 0.000000 0.879380 0.000000 -0.476120 0.850546 0.850546 0.850546
6668.275879 0.000000 2913.189453 0.000000 0.926347 0.000000 0.376670 0.760662 0.760662 0.760662
6661.507324 0.000000 2913.424316 0.000000 0.987711 0.000000 -0.156291 0.815985 0.815985 0.815985
6655.458984 0.000000 2911.428223 0.000000 0.830681 0.000000 -0.556749 0.860144 0.860144 0.860144
6663.075684 0.000000 2913.425293 0.000000 0.989624 0.000000 0.143681 0.785314 0.785314 0.785314
6658.757812 0.000000 2920.205566 0.000000 0.736147 0.000000 0.676822 0.724274 0.724274 0.724274
6669.976562 0.000000 2913.824463 0.000000 0.832134 0.000000 -0.554575 0.859878 0.859878 0.859878
6658.393066 0.000000 2921.884277 0.000000 0.061747 0.000000 -0.998092 0.953706 0.953706 0.953706
6668.125000 0.000000 2912.062744 0.000000 0.870595 0.000000 0.492000 0.747605 0.747605 0.747605
6669.075195 0.000000 2912.540771 0.000000 0.350427 0.000000 -0.936590 0.923532 0.923532 0.923532
6660.494141 0.000000 2912.907715 0.000000 0.296365 0.000000 -0.955075 0.929352 0.929352 0.929352
6661.603516 0.000000 2912.431641 0.000000 0.567643 0.000000 -0.823275 0.898514 0.898514 0.898514
6660.520996 0.000000 2913.923096 0.000000 0.145385 0.000000 0.989375 0.654861 0.654861 0.654861
6669.010742 0.000000 2913.948975 0.000000 0.995490 0.000000 0.094864 0.790323 0.790323 0.790323
6860.733887 0.000000 3000.282715 0.000000 0.656370 0.000000 0.754439 0.712931 0.712931 0.712931
6861.553223 0.000000 2995.318115 0.000000 0.926160 0.000000 0.377132 0.760611 0.760611 0.760611
6870.546875 0.000000 2990.342529 0.000000 0.952427 0.000000 -0.304767 0.831545 0.831545 0.831545
6867.227539 0.000000 2981.505371 0.000000 0.972119 0.000000 -0.234489 0.824109 0.824109 0.824109
6862.139160 0.000000 2999.371338 0.000000 0.595871 0.000000 0.803080 0.705022 0.705022 0.705022
6868.929199 0.000000 3004.863770 0.000000 0.892616 0.000000 0.450817 0.752362 0.752362 0.752362
6860.593262 0.000000 2994.573975 0.000000 0.156683 0.000000 0.987649 0.656026 0.656026 0.656026
6863.261230 0.000000 2999.505859 0.000000 0.912809 0.000000 -0.408388 0.842851 0.842851 0.842851
6871.605469 0.000000 2990.776367 0.000000 0.823308 0.000000 -0.567595 0.861480 0.861480 0.861480
6868.660645 0.000000 3005.902344 0.000000 0.615289 0.000000 -0.788301 0.892493 0.892493 0.892493
6861.336426 0.000000 3001.060791 0.000000 0.981471 0.000000 -0.191612 0.819639 0.819639 0.819639
6863.444824 0.000000 2998.584229 0.000000 0.435051 0.000000 0.900406 0.685846 0.685846 0.685846
6860.656250 0.000000 2995.656738 0.000000 0.807631 0.000000 0.589688 0.735760 0.735760 0.735760
6861.637207 0.000000 3000.174072 0.000000 0.684411 0.000000 0.729097 0.716781 0.716781 0.716781
6870.266602 0.000000 2991.213379 0.000000 0.985774 0.000000 -0.168078 0.817202 0.817202 0.817202
6864.697266 0.000000 3009.792236 0.000000 0.873393 0.000000 -0.487015 0.851813 0.851813 0.851813
6865.085449 0.000000 3008.843994 0.000000 0.572572 0.000000 -0.819854 0.897903 0.897903 0.897903
6974.351562 0.000000 2832.653809 0.000000 0.773818 0.000000 0.633408 0.730130 0.730130 0.730130
6985.631836 0.000000 2844.835693 0.000000 0.813067 0.000000 -0.582170 0.863295 0.863295 0.863295
7001.140137 0.000000 2833.791504 0.000000 0.704421 0.000000 -0.709783 0.880386 0.880386 0.880386
6975.429199 0.000000 2832.451660 0.000000 0.884069 0.000000 0.467356 0.750466 0.750466 0.750466
6992.878906 0.000000 2821.837158 0.000000 0.684301 0.000000 0.729200 0.716766 0.716766 0.716766
7000.150391 0.000000 2822.209473 0.000000 0.999413 0.000000 0.034271 0.796508 0.796508 0.796508
6991.106934 0.000000 2832.804443 0.000000 0.078949 0.000000 -0.996879 0.951950 0.951950 0.951950
6995.387207 0.000000 2834.322266 0.000000 0.076772 0.000000 -0.997049 0.952172 0.952172 0.952172
7005.251953 0.000000 2826.657959 0.000000 0.151573 0.000000 -0.988446 0.944501 0.944501 0.944501
6994.745605 0.000000 2826.075195 0.000000 0.046512 0.000000 -0.998918 0.955261 0.955261 0.955261
6982.885742 0.000000 2846.487061 0.000000 0.999999 0.000000 0.001033 0.799895 0.799895 0.799895
7004.503418 0.000000 2834.934570 0.000000 0.544874 0.000000 0.838518 0.698695 0.698695 0.698695
7006.733398 0.000000 2829.411377 0.000000 0.865259 0.000000 0.501326 0.746511 0.746511 0.746511
6993.961914 0.000000 2820.434814 0.000000 0.676152 0.000000 0.736762 0.715633 0.715633 0.715633
6985.212891 0.000000 2843.111328 0.000000 0.602890 0.000000 0.797824 0.705915 0.705915 0.705915
6984.199219 0.000000 2845.562012 0.000000 0.615718 0.000000 -0.787967 0.892437 0.892437 0.892437
6975.416016 0.000000 2833.932129 0.000000 0.751441 0.000000 -0.659800 0.873395 0.873395 0.873395
7000.130371 0.000000 2823.561523 0.000000 0.042484 0.000000 -0.999097 0.955671 0.955671 0.955671
7001.377930 0.000000 2832.465576 0.000000 0.363071 0.000000 0.931761 0.677847 0.677847 0.677847
6994.474609 0.000000 2835.232910 0.000000 0.424376 0.000000 -0.905486 0.915358 0.915358 0.915358
7000.035645 0.000000 2832.993408 0.000000 0.992991 0.000000 0.118190 0.787933 0.787933 0.787933
7005.573730 0.000000 2835.598145 0.000000 0.862473 0.000000 -0.506103 0.854053 0.854053 0.854053
6984.132812 0.000000 2842.447510 0.000000 0.355171 0.000000 0.934801 0.676985 0.676985 0.676985
6996.972168 0.000000 2824.769775 0.000000 0.543489 0.000000 -0.839416 0.901473 0.901473 0.901473
7004.855957 0.000000 2827.750000 0.000000 0.376161 0.000000 0.926554 0.679282 0.679282 0.679282
7004.121094 0.000000 2826.358154 0.000000 0.519413 0.000000 -0.854523 0.904368 0.904368 0.904368
7001.268066 0.000000 2823.465576 0.000000 0.965233 0.000000 0.261392 0.773062 0.773062 0.773062
6995.481445 0.000000 2826.947998 0.000000 0.972534 0.000000 -0.232762 0.823928 0.823928 0.823928
6984.543945 0.000000 2844.482666 0.000000 0.888662 0.000000 -0.458563 0.848523 0.848523 0.848523
6992.920410 0.000000 2820.733887 0.000000 0.230699 0.000000 -0.973025 0.936288 0.936288 0.936288
6993.871582 0.000000 2821.462891 0.000000 0.380083 0.000000 0.924952 0.679713 0.679713 0.679713
6994.436523 0.000000 2827.050537 0.000000 0.993490 0.000000 -0.113922 0.811629 0.811629 0.811629
6991.917969 0.000000 2832.204346 0.000000 0.966855 0.000000 0.255325 0.773702 0.773702 0.773702
6985.068359 0.000000 2842.126221 0.000000 0.074860 0.000000 0.997194 0.647632 0.647632 0.647632
6995.830566 0.000000 2826.023682 0.000000 0.302501 0.000000 -0.953149 0.928697 0.928697 0.928697
6983.962402 0.000000 2846.508789 0.000000 0.998303 0.000000 -0.058228 0.805934 0.805934 0.805934
6991.534668 0.000000 2833.688965 0.000000 0.731761 0.000000 -0.681562 0.876384 0.876384 0.876384
6985.854980 0.000000 2843.864502 0.000000 0.619958 0.000000 -0.784635 0.891888 0.891888 0.891888
6990.441895 0.000000 2833.548096 0.000000 0.853776 0.000000 -0.520641 0.855778 0.855778 0.855778
7001.022461 0.000000 2822.566162 0.000000 0.897310 0.000000 -0.441401 0.846566 0.846566 0.846566
7005.443359 0.000000 2834.659668 0.000000 0.713626 0.000000 -0.700526 0.879056 0.879056 0.879056
6997.923340 0.000000 2824.402344 0.000000 0.309358 0.000000 0.950946 0.672037 0.672037 0.672037
6990.524414 0.000000 2832.132324 0.000000 0.994174 0.000000 0.107787 0.789000 0.789000 0.789000
7007.269043 0.000000 2828.981689 0.000000 0.683958 0.000000 0.729522 0.716718 0.716718 0.716718
7007.496582 0.000000 2829.905518 0.000000 0.785205 0.000000 -0.619235 0.868018 0.868018 0.868018
6983.261719 0.000000 2847.339844 0.000000 0.184001 0.000000 -0.982926 0.941150 0.941150 0.941150
7016.760742 0.000000 2911.123291 0.000000 0.997081 0.000000 0.076347 0.792216 0.792216 0.792216
7031.983887 0.000000 2910.723145 0.000000 0.183953 0.000000 -0.982935 0.941155 0.941155 0.941155
7026.045898 0.000000 2910.271484 0.000000 0.881133 0.000000 -0.472869 0.850170 0.850170 0.850170
7017.348145 0.000000 2910.047607 0.000000 0.477164 0.000000 -0.878814 0.909333 0.909333 0.909333
7030.913574 0.000000 2910.746826 0.000000 0.123037 0.000000 0.992402 0.652564 0.652564 0.652564
7027.261230 0.000000 2910.810303 0.000000 0.983916 0.000000 0.178631 0.781707 0.781707 0.781707
7030.254883 0.000000 2911.621338 0.000000 0.951647 0.000000 -0.307195 0.831805 0.831805 0.831805
7024.875000 0.000000 2917.813721 0.000000 0.948084 0.000000 -0.318019 0.832966 0.832966 0.832966
7025.630859 0.000000 2914.769287 0.000000 0.722169 0.000000 -0.691717 0.877807 0.877807 0.877807
7018.975586 0.000000 2914.818604 0.000000 0.455399 0.000000 -0.890288 0.911839 0.911839 0.911839
7030.167969 0.000000 2913.929688 0.000000 0.678068 0.000000 0.734999 0.715898 0.715898 0.715898
7016.283203 0.000000 2911.414795 0.000000 0.998251 0.000000 0.059112 0.793975 0.793975 0.793975
7024.129883 0.000000 2915.974609 0.000000 0.084445 0.000000 0.996428 0.648612 0.648612 0.648612
7009.202148 0.000000 2942.855957 0.000000 0.389366 0.000000 -0.921083 0.919262 0.919262 0.919262
7026.789551 0.000000 2911.293701 0.000000 0.485312 0.000000 -0.874341 0.908386 0.908386 0.908386
7025.958008 0.000000 2916.411377 0.000000 0.559820 0.000000 -0.828614 0.899478 0.899478 0.899478
7030.084473 0.000000 2921.268311 0.000000 0.764560 0.000000 -0.644552 0.871346 0.871346 0.871346
7031.454102 0.000000 2913.247070 0.000000 0.341163 0.000000 0.940004 0.675463 0.675463 0.675463
7025.152832 0.000000 2939.070557 0.000000 0.767713 0.000000 -0.640794 0.870846 0.870846 0.870846
7018.729980 0.000000 2925.561035 0.000000 0.610061 0.000000 0.792354 0.706834 0.706834 0.706834
7031.714355 0.000000 2911.312744 0.000000 0.556690 0.000000 -0.830720 0.899863 0.899863 0.899863
7031.727539 0.000000 2920.959473 0.000000 0.907152 0.000000 0.420804 0.755759 0.755759 0.755759
7017.590332 0.000000 2911.766113 0.000000 0.602349 0.000000 -0.798233 0.894154 0.894154 0.894154
7024.164062 0.000000 2939.909668 0.000000 0.903219 0.000000 -0.429180 0.845183 0.845183 0.845183
7024.958984 0.000000 2919.134277 0.000000 0.701634 0.000000 0.712537 0.719215 0.719215 0.719215
7018.217773 0.000000 2915.766357 0.000000 0.055842 0.000000 0.998440 0.645691 0.645691 0.645691
7030.410156 0.000000 2912.838623 0.000000 0.092287 0.000000 -0.995732 0.950586 0.950586 0.950586
7024.424805 0.000000 2914.914551 0.000000 0.504325 0.000000 -0.863514 0.906157 0.906157 0.906157
7019.250977 0.000000 2924.608398 0.000000 0.023477 0.000000 -0.999724 0.957608 0.957608 0.957608
7024.916504 0.000000 2916.710449 0.000000 0.338126 0.000000 -0.941101 0.924866 0.924866 0.924866
7025.867676 0.000000 2917.439453 0.000000 0.915510 0.000000 -0.402295 0.842172 0.842172 0.842172
7019.263672 0.000000 2915.830811 0.000000 0.592481 0.000000 0.805585 0.704592 0.704592 0.704592
7025.174316 0.000000 2915.693604 0.000000 0.626581 0.000000 0.779356 0.708975 0.708975 0.708975
7031.152832 0.000000 2912.157959 0.000000 0.388315 0.000000 -0.921527 0.919378 0.919378 0.919378
7027.617188 0.000000 2911.854736 0.000000 0.240572 0.000000 -0.970631 0.935253 0.935253 0.935253
7008.309082 0.000000 2943.079834 0.000000 0.115684 0.000000 0.993286 0.651810 0.651810 0.651810
7139.321777 0.000000 2840.412109 0.000000 0.998429 0.000000 -0.056026 0.805710 0.805710 0.805710
7150.278320 0.000000 2846.567383 0.000000 0.200774 0.000000 -0.979638 0.939409 0.939409 0.939409
7150.104004 0.000000 2839.410400 0.000000 0.628285 0.000000 -0.777983 0.890802 0.890802 0.890802
7138.995117 0.000000 2841.884277 0.000000 0.881798 0.000000 -0.471628 0.850027 0.850027 0.850027
7151.226074 0.000000 2839.544922 0.000000 0.997554 0.000000 0.069905 0.792874 0.792874 0.792874
7138.110840 0.000000 2841.265625 0.000000 0.167422 0.000000 0.985885 0.657134 0.657134 0.657134
7151.561523 0.000000 2846.927979 0.000000 0.886055 0.000000 -0.463580 0.849099 0.849099 0.849099
7151.409668 0.000000 2838.623291 0.000000 0.066352 0.000000 -0.997796 0.953237 0.953237 0.953237
7142.629883 0.000000 2853.589355 0.000000 0.467584 0.000000 0.883949 0.689560 0.689560 0.689560
7145.039062 0.000000 2854.333740 0.000000 0.164080 0.000000 0.986447 0.656789 0.656789 0.656789
7148.034668 0.000000 2852.512695 0.000000 0.969366 0.000000 -0.245620 0.825277 0.825277 0.825277
7146.325684 0.000000 2853.025635 0.000000 0.077971 0.000000 0.996956 0.647950 0.647950 0.647950
7151.428711 0.000000 2847.382568 0.000000 0.936057 0.000000 -0.351849 0.836623 0.836623 0.836623
7143.293457 0.000000 2852.099121 0.000000 0.536164 0.000000 0.844114 0.697641 0.697641 0.697641
7139.195801 0.000000 2851.474854 0.000000 0.265207 0.000000 0.964191 0.667341 0.667341 0.667341
7149.471191 0.000000 2852.454102 0.000000 0.096609 0.000000 0.995322 0.649856 0.649856 0.649856
7144.678711 0.000000 2855.501465 0.000000 0.985790 0.000000 0.167983 0.782808 0.782808 0.782808
7138.868652 0.000000 2850.365967 0.000000 0.580508 0.000000 -0.814255 0.896913 0.896913 0.896913
7150.271484 0.000000 2847.340820 0.000000 0.870288 0.000000 -0.492543 0.852458 0.852458 0.852458
7148.208008 0.000000 2853.539307 0.000000 0.340995 0.000000 0.940065 0.675444 0.675444 0.675444
7147.280273 0.000000 2853.258789 0.000000 0.412401 0.000000 -0.911002 0.916701 0.916701 0.916701
7145.608398 0.000000 2855.391113 0.000000 0.346736 0.000000 0.937963 0.676067 0.676067 0.676067
7040.910156 0.000000 2922.625732 0.000000 0.969888 0.000000 0.243551 0.774940 0.774940 0.774940
7041.207520 0.000000 2923.499023 0.000000 0.838166 0.000000 -0.545416 0.858761 0.858761 0.858761
6921.639648 0.000000 2972.804443 0.000000 0.938124 0.000000 -0.346300 0.836020 0.836020 0.836020
6916.211914 0.000000 2974.842529 0.000000 0.436607 0.000000 0.899652 0.686022 0.686022 0.686022
6929.526367 0.000000 2972.446289 0.000000 0.751504 0.000000 -0.659728 0.873385 0.873385 0.873385
6921.944336 0.000000 2967.474609 0.000000 0.242234 0.000000 -0.970218 0.935078 0.935078 0.935078
6926.131348 0.000000 2967.379150 0.000000 0.914978 0.000000 -0.403505 0.842307 0.842307 0.842307
6920.207031 0.000000 2973.530762 0.000000 0.934991 0.000000 0.354672 0.763070 0.763070 0.763070
6917.594727 0.000000 2974.934082 0.000000 0.756652 0.000000 -0.653818 0.872587 0.872587 0.872587
6920.751465 0.000000 2966.877441 0.000000 0.820924 0.000000 -0.571038 0.861907 0.861907 0.861907
6919.179199 0.000000 2972.846924 0.000000 0.990048 0.000000 0.140732 0.785617 0.785617 0.785617
6928.506836 0.000000 2973.063721 0.000000 0.133986 0.000000 0.990983 0.653689 0.653689 0.653689
6927.253418 0.000000 2967.513672 0.000000 0.471732 0.000000 0.881742 0.690039 0.690039 0.690039
6920.551758 0.000000 2972.451416 0.000000 0.828827 0.000000 -0.559504 0.860483 0.860483 0.860483
6925.032715 0.000000 2974.769531 0.000000 0.024050 0.000000 -0.999711 0.957550 0.957550 0.957550
6920.984863 0.000000 2967.942871 0.000000 0.896615 0.000000 0.442811 0.753274 0.753274 0.753274
6929.420410 0.000000 2973.435547 0.000000 0.998498 0.000000 0.054780 0.794417 0.794417 0.794417
6927.437012 0.000000 2966.592041 0.000000 0.998964 0.000000 0.045500 0.795364 0.795364 0.795364
6916.626953 0.000000 2975.902588 0.000000 0.667342 0.000000 -0.744751 0.885578 0.885578 0.885578
6924.905273 0.000000 2975.292480 0.000000 0.896455 0.000000 0.443135 0.753237 0.753237 0.753237
6917.668945 0.000000 2975.315918 0.000000 0.126130 0.000000 0.992014 0.652882 0.652882 0.652882
6973.391602 0.000000 2999.412842 0.000000 0.765786 0.000000 -0.643096 0.871152 0.871152 0.871152
6972.818848 0.000000 2998.103516 0.000000 0.990565 0.000000 -0.137041 0.814003 0.814003 0.814003
6974.991699 0.000000 3005.576660 0.000000 0.820943 0.000000 -0.571010 0.861903 0.861903 0.861903
6972.347656 0.000000 2999.257324 0.000000 0.595409 0.000000 0.803423 0.704963 0.704963 0.704963
6974.292969 0.000000 3004.844482 0.000000 0.320664 0.000000 -0.947193 0.926750 0.926750 0.926750
6973.871094 0.000000 2998.591553 0.000000 0.439166 0.000000 -0.898406 0.913688 0.913688 0.913688
7019.619629 0.000000 2953.872559 0.000000 0.081351 0.000000 0.996686 0.648295 0.648295 0.648295
7027.317383 0.000000 2956.032471 0.000000 0.991763 0.000000 -0.128089 0.813083 0.813083 0.813083
7030.807129 0.000000 2951.958984 0.000000 0.494849 0.000000 -0.868979 0.907271 0.907271 0.907271
7032.674316 0.000000 2944.399170 0.000000 0.454161 0.000000 -0.890920 0.911981 0.911981 0.911981
7018.076172 0.000000 2952.126221 0.000000 0.425859 0.000000 -0.904789 0.915191 0.915191 0.915191
7026.741699 0.000000 2954.043945 0.000000 0.253373 0.000000 0.967369 0.666093 0.666093 0.666093
7016.038574 0.000000 2946.468750 0.000000 0.376129 0.000000 -0.926567 0.920722 0.920722 0.920722
7024.938965 0.000000 2964.749512 0.000000 0.616357 0.000000 -0.787467 0.892354 0.892354 0.892354
7026.685059 0.000000 2957.668945 0.000000 0.688639 0.000000 0.725105 0.717373 0.717373 0.717373
7030.527344 0.000000 2950.509521 0.000000 0.798664 0.000000 -0.601778 0.865773 0.865773 0.865773
7017.507812 0.000000 2946.677490 0.000000 0.203608 0.000000 -0.979052 0.939115 0.939115 0.939115
7018.351562 0.000000 2953.467285 0.000000 0.741203 0.000000 -0.671281 0.874962 0.874962 0.874962
7009.242188 0.000000 2943.353271 0.000000 0.923369 0.000000 -0.383913 0.840136 0.840136 0.840136
7019.305664 0.000000 2952.625244 0.000000 0.999953 0.000000 -0.009681 0.800986 0.800986 0.800986
7026.134277 0.000000 2956.552979 0.000000 0.699123 0.000000 -0.715002 0.881144 0.881144 0.881144
7033.213867 0.000000 2945.493408 0.000000 0.936767 0.000000 -0.349953 0.836417 0.836417 0.836417
7033.951172 0.000000 2944.626709 0.000000 0.703300 0.000000 -0.710894 0.880547 0.880547 0.880547
7020.526855 0.000000 2950.887695 0.000000 0.835330 0.000000 0.549749 0.740712 0.740712 0.740712
7027.477539 0.000000 2954.916748 0.000000 0.926639 0.000000 -0.375951 0.839259 0.839259 0.839259
7025.797852 0.000000 2964.060547 0.000000 0.800698 0.000000 0.599068 0.734572 0.734572 0.734572
7026.432617 0.000000 2955.019287 0.000000 0.075353 0.000000 -0.997157 0.952317 0.952317 0.952317
7024.747559 0.000000 2965.993896 0.000000 0.364973 0.000000 -0.931018 0.921945 0.921945 0.921945
7027.562012 0.000000 2956.999268 0.000000 0.448283 0.000000 -0.893891 0.912651 0.912651 0.912651
7031.424805 0.000000 2950.875732 0.000000 0.586309 0.000000 0.810088 0.703814 0.703814 0.703814
7021.538086 0.000000 2950.869385 0.000000 0.995849 0.000000 0.091022 0.790716 0.790716 0.790716
7016.006836 0.000000 2947.424805 0.000000 0.944582 0.000000 0.328276 0.765930 0.765930 0.765930
7008.285156 0.000000 2943.688721 0.000000 0.139710 0.000000 -0.990192 0.945723 0.945723 0.945723
7032.315430 0.000000 2945.544189 0.000000 0.981152 0.000000 0.193238 0.780192 0.780192 0.780192
6975.243164 0.000000 3004.463623 0.000000 0.999576 0.000000 -0.029122 0.802967 0.802967 0.802967
6977.538086 0.000000 3002.118652 0.000000 0.209086 0.000000 0.977897 0.661456 0.661456 0.661456
6976.902832 0.000000 3003.821777 0.000000 0.857875 0.000000 -0.513859 0.854971 0.854971 0.854971
6975.514160 0.000000 3005.459717 0.000000 0.220054 0.000000 -0.975488 0.937401 0.937401 0.937401
6977.604492 0.000000 3003.152588 0.000000 0.987656 0.000000 -0.156639 0.816021 0.816021 0.816021
6976.734863 0.000000 3002.795410 0.000000 0.820539 0.000000 0.571591 0.738024 0.738024 0.738024
6957.541504 0.000000 3027.310303 0.000000 0.995687 0.000000 0.092775 0.790536 0.790536 0.790536
6971.026855 0.000000 3011.726318 0.000000 0.554192 0.000000 -0.832389 0.900169 0.900169 0.900169
6975.095703 0.000000 3009.004150 0.000000 0.051715 0.000000 -0.998662 0.954730 0.954730 0.954730
6971.809570 0.000000 3010.389404 0.000000 0.976904 0.000000 0.213678 0.778066 0.778066 0.778066
6956.581543 0.000000 3026.566162 0.000000 0.396787 0.000000 -0.917911 0.918440 0.918440 0.918440
6970.857910 0.000000 3010.731934 0.000000 0.282695 0.000000 0.959210 0.669193 0.669193 0.669193
6971.999023 0.000000 3011.382080 0.000000 0.996363 0.000000 -0.085209 0.808690 0.808690 0.808690
6956.644531 0.000000 3027.648926 0.000000 0.484547 0.000000 0.874765 0.691525 0.691525 0.691525
6980.169434 0.000000 3012.513672 0.000000 0.791385 0.000000 -0.611318 0.866995 0.866995 0.866995
7006.551758 0.000000 3032.707520 0.000000 0.486719 0.000000 0.873559 0.691778 0.691778 0.691778
6975.192383 0.000000 3008.974365 0.000000 0.991099 0.000000 -0.133127 0.813601 0.813601 0.813601
6981.805664 0.000000 3012.288818 0.000000 0.835464 0.000000 0.549544 0.740736 0.740736 0.740736
6981.034668 0.000000 3013.152100 0.000000 0.998415 0.000000 0.056285 0.794264 0.794264 0.794264
7007.150879 0.000000 3033.463379 0.000000 0.948909 0.000000 0.315548 0.767300 0.767300 0.767300
7017.932617 0.000000 3031.458984 0.000000 0.966468 0.000000 -0.256786 0.826452 0.826452 0.826452
7014.881836 0.000000 3038.440186 0.000000 0.820056 0.000000 -0.572283 0.862062 0.862062 0.862062
7016.739746 0.000000 3030.861816 0.000000 0.936248 0.000000 0.351339 0.763433 0.763433 0.763433
7016.973145 0.000000 3031.927246 0.000000 0.953380 0.000000 -0.301773 0.831225 0.831225 0.831225
7015.958496 0.000000 3038.461914 0.000000 0.536130 0.000000 0.844135 0.697637 0.697637 0.697637
7007.724609 0.000000 3032.736328 0.000000 0.666559 0.000000 -0.745452 0.885685 0.885685 0.885685
7005.351562 0.000000 3042.418701 0.000000 0.091645 0.000000 0.995792 0.649348 0.649348 0.649348
7003.189453 0.000000 3063.168701 0.000000 0.648841 0.000000 -0.760924 0.888081 0.888081 0.888081
7006.689941 0.000000 3062.016602 0.000000 0.213196 0.000000 -0.977009 0.938116 0.938116 0.938116
7006.373535 0.000000 3070.681885 0.000000 0.086029 0.000000 0.996293 0.648774 0.648774 0.648774
7006.598145 0.000000 3063.407227 0.000000 0.588255 0.000000 0.808675 0.704059 0.704059 0.704059
7004.939453 0.000000 3070.706299 0.000000 0.881181 0.000000 0.472780 0.749840 0.749840 0.749840
7002.683105 0.000000 3062.113037 0.000000 0.872436 0.000000 0.488729 0.747987 0.747987 0.747987
7003.850586 0.000000 3062.330811 0.000000 0.829364 0.000000 0.558708 0.739615 0.739615 0.739615
7017.627930 0.000000 3068.781006 0.000000 0.510405 0.000000 0.859934 0.694561 0.694561 0.694561
7017.118164 0.000000 3049.952393 0.000000 0.881006 0.000000 0.473106 0.749803 0.749803 0.749803
7018.975586 0.000000 3042.787354 0.000000 0.101862 0.000000 0.994799 0.650394 0.650394 0.650394
7007.431641 0.000000 3070.609131 0.000000 0.996291 0.000000 0.086048 0.791224 0.791224 0.791224
7020.854004 0.000000 3055.077148 0.000000 0.414198 0.000000 -0.910187 0.916500 0.916500 0.916500
7020.050293 0.000000 3044.465820 0.000000 0.911037 0.000000 -0.412324 0.843290 0.843290 0.843290
7018.532715 0.000000 3070.388428 0.000000 0.510120 0.000000 -0.860103 0.905472 0.905472 0.905472
7007.206055 0.000000 3062.292236 0.000000 0.944060 0.000000 -0.329773 0.834231 0.834231 0.834231
7021.235352 0.000000 3045.962891 0.000000 0.756380 0.000000 -0.654133 0.872629 0.872629 0.872629
7016.195312 0.000000 3069.507324 0.000000 0.999949 0.000000 0.010110 0.798970 0.798970 0.798970
7007.284668 0.000000 3063.910400 0.000000 0.152327 0.000000 -0.988330 0.944423 0.944423 0.944423
7021.486816 0.000000 3044.407227 0.000000 0.972763 0.000000 -0.231803 0.823828 0.823828 0.823828
7016.709473 0.000000 3048.671143 0.000000 0.529281 0.000000 0.848447 0.696812 0.696812 0.696812
7018.217773 0.000000 3043.735107 0.000000 0.304662 0.000000 -0.952460 0.928466 0.928466 0.928466
7019.705566 0.000000 3070.845947 0.000000 0.096286 0.000000 -0.995354 0.950177 0.950177 0.950177
7015.166016 0.000000 3051.108643 0.000000 0.996989 0.000000 -0.077546 0.807907 0.807907 0.807907
7016.540039 0.000000 3068.427979 0.000000 0.999076 0.000000 0.042967 0.795622 0.795622 0.795622
7019.263672 0.000000 3043.799561 0.000000 0.584227 0.000000 -0.811590 0.896447 0.896447 0.896447
7020.223633 0.000000 3045.492432 0.000000 0.972407 0.000000 0.233291 0.776016 0.776016 0.776016
7021.937988 0.000000 3054.747314 0.000000 0.513934 0.000000 -0.857830 0.905020 0.905020 0.905020
7015.257812 0.000000 3039.292969 0.000000 0.999892 0.000000 0.014675 0.798505 0.798505 0.798505
7007.846191 0.000000 3063.089600 0.000000 0.157531 0.000000 -0.987514 0.943887 0.943887 0.943887
7017.596680 0.000000 3048.880371 0.000000 0.982453 0.000000 -0.186508 0.819109 0.819109 0.819109
7643.111328 0.000000 2327.348389 0.000000 0.941132 0.000000 -0.338040 0.835124 0.835124 0.835124
7642.604980 0.000000 2326.292725 0.000000 0.772622 0.000000 0.634867 0.729938 0.729938 0.729938
7643.772461 0.000000 2326.510498 0.000000 0.631262 0.000000 -0.775569 0.890412 0.890412 0.890412
7980.155273 0.000000 2157.302490 0.000000 0.965029 0.000000 0.262143 0.772983 0.772983 0.772983
7980.314941 0.000000 2152.218262 0.000000 0.446376 0.000000 -0.894845 0.912869 0.912869 0.912869
7981.546875 0.000000 2156.968506 0.000000 0.136599 0.000000 -0.990626 0.946042 0.946042 0.946042
7980.617676 0.000000 2156.096436 0.000000 0.948250 0.000000 -0.317526 0.832913 0.832913 0.832913
7981.431152 0.000000 2152.614746 0.000000 0.832280 0.000000 0.554356 0.740149 0.740149 0.740149
7980.336914 0.000000 2153.350098 0.000000 0.126749 0.000000 0.991935 0.652945 0.652945 0.652945
8007.881836 0.000000 2166.029053 0.000000 0.705177 0.000000 -0.709032 0.880278 0.880278 0.880278
8007.014160 0.000000 2169.839355 0.000000 0.953557 0.000000 0.301212 0.768835 0.768835 0.768835
8007.747070 0.000000 2168.036133 0.000000 0.984369 0.000000 -0.176120 0.818034 0.818034 0.818034
8006.436523 0.000000 2166.381348 0.000000 0.191191 0.000000 0.981553 0.659595 0.659595 0.659595
8006.172363 0.000000 2168.827393 0.000000 0.693820 0.000000 0.720149 0.718104 0.718104 0.718104
8006.794434 0.000000 2167.442139 0.000000 0.910943 0.000000 -0.412532 0.843314 0.843314 0.843314
8007.621582 0.000000 2169.041016 0.000000 0.282453 0.000000 -0.959281 0.930833 0.930833 0.930833
8007.656250 0.000000 2166.935547 0.000000 0.960212 0.000000 0.279271 0.771170 0.771170 0.771170
7955.147949 0.000000 2302.958740 0.000000 0.992056 0.000000 0.125798 0.787152 0.787152 0.787152
7709.265625 0.000000 2466.559326 0.000000 0.783944 0.000000 -0.620831 0.868226 0.868226 0.868226
7710.120117 0.000000 2472.761475 0.000000 0.240992 0.000000 -0.970527 0.935209 0.935209 0.935209
7706.164062 0.000000 2470.858398 0.000000 0.899151 0.000000 -0.437639 0.846139 0.846139 0.846139
7707.432129 0.000000 2471.072021 0.000000 0.260703 0.000000 0.965419 0.666865 0.666865 0.666865
7719.486816 0.000000 2472.176514 0.000000 0.443608 0.000000 0.896221 0.686817 0.686817 0.686817
7721.990234 0.000000 2472.243408 0.000000 0.993180 0.000000 0.116595 0.788097 0.788097 0.788097
7711.094238 0.000000 2473.566650 0.000000 0.922130 0.000000 -0.386881 0.840463 0.840463 0.840463
7720.623535 0.000000 2472.811768 0.000000 0.251894 0.000000 -0.967755 0.934063 0.934063 0.934063
7718.118164 0.000000 2472.512939 0.000000 0.499288 0.000000 0.866436 0.693250 0.693250 0.693250
7711.979004 0.000000 2472.581299 0.000000 0.231315 0.000000 0.972879 0.663777 0.663777 0.663777
7719.006348 0.000000 2473.143311 0.000000 0.497213 0.000000 -0.867629 0.906994 0.906994 0.906994
7721.510742 0.000000 2473.020996 0.000000 0.870124 0.000000 -0.492833 0.852492 0.852492 0.852492
7942.532227 0.000000 2309.722168 0.000000 0.999751 0.000000 -0.022324 0.802274 0.802274 0.802274
7954.676270 0.000000 2303.442139 0.000000 0.576840 0.000000 -0.816857 0.897371 0.897371 0.897371
7943.195801 0.000000 2308.231934 0.000000 0.270601 0.000000 -0.962692 0.932089 0.932089 0.932089
7943.984863 0.000000 2309.483887 0.000000 0.858480 0.000000 0.512847 0.745149 0.745149 0.745149
8004.887695 0.000000 2313.029297 0.000000 0.998880 0.000000 -0.047319 0.804822 0.804822 0.804822
7571.194824 0.000000 2686.864990 0.000000 0.769406 0.000000 0.638760 0.729423 0.729423 0.729423
7546.689941 0.000000 2768.436279 0.000000 0.965391 0.000000 0.260806 0.773124 0.773124 0.773124
7550.623535 0.000000 2774.086914 0.000000 0.999635 0.000000 0.027027 0.797247 0.797247 0.797247
7550.531738 0.000000 2775.477539 0.000000 0.100235 0.000000 0.994964 0.650227 0.650227 0.650227
7547.903809 0.000000 2769.933838 0.000000 0.966655 0.000000 0.256084 0.773622 0.773622 0.773622
7547.406738 0.000000 2769.107666 0.000000 0.478919 0.000000 -0.877859 0.909129 0.909129 0.909129
7549.285156 0.000000 2786.481201 0.000000 0.158108 0.000000 -0.987422 0.943827 0.943827 0.943827
7577.998047 0.000000 2699.871582 0.000000 0.332711 0.000000 -0.943029 0.925452 0.925452 0.925452
7574.101562 0.000000 2689.984375 0.000000 0.998974 0.000000 0.045295 0.795385 0.795385 0.795385
7574.740723 0.000000 2696.021484 0.000000 0.492056 0.000000 0.870564 0.692401 0.692401 0.692401
7578.179688 0.000000 2694.803711 0.000000 0.999999 0.000000 0.001134 0.799884 0.799884 0.799884
7570.675293 0.000000 2698.106445 0.000000 0.304144 0.000000 0.952626 0.671479 0.671479 0.671479
7566.194824 0.000000 2697.463135 0.000000 0.994053 0.000000 0.108897 0.788886 0.788886 0.788886
7582.663086 0.000000 2701.442627 0.000000 0.572477 0.000000 0.819921 0.702086 0.702086 0.702086
7579.666504 0.000000 2699.474609 0.000000 0.999189 0.000000 0.040269 0.795897 0.795897 0.795897
7570.723145 0.000000 2687.348389 0.000000 0.330783 0.000000 0.943707 0.674340 0.674340 0.674340
7577.034180 0.000000 2698.341064 0.000000 0.384786 0.000000 0.923006 0.680232 0.680232 0.680232
7574.018066 0.000000 2697.322998 0.000000 0.927139 0.000000 -0.374718 0.839123 0.839123 0.839123
7573.245605 0.000000 2703.386963 0.000000 0.525263 0.000000 -0.850940 0.903669 0.903669 0.903669
7575.387695 0.000000 2689.301758 0.000000 0.701361 0.000000 -0.712807 0.880824 0.880824 0.880824
7575.661133 0.000000 2697.014160 0.000000 0.765568 0.000000 0.643355 0.728813 0.728813 0.728813
7578.426758 0.000000 2698.615723 0.000000 0.759300 0.000000 0.650741 0.727827 0.727827 0.727827
7576.190918 0.000000 2699.298096 0.000000 0.976168 0.000000 0.217014 0.777718 0.777718 0.777718
7579.447754 0.000000 2695.017334 0.000000 0.469568 0.000000 0.882896 0.689789 0.689789 0.689789
7566.882324 0.000000 2696.490723 0.000000 0.693708 0.000000 0.720256 0.718088 0.718088 0.718088
7571.411133 0.000000 2698.979248 0.000000 0.145610 0.000000 0.989342 0.654885 0.654885 0.654885
7574.343750 0.000000 2688.893311 0.000000 0.688315 0.000000 -0.725412 0.882672 0.882672 0.882672
7572.267090 0.000000 2703.749512 0.000000 0.402724 0.000000 0.915322 0.682220 0.682220 0.682220
7567.679199 0.000000 2697.155273 0.000000 0.130153 0.000000 -0.991494 0.946705 0.946705 0.946705
7572.921387 0.000000 2702.392578 0.000000 0.384160 0.000000 -0.923267 0.919837 0.919837 0.919837
7570.366211 0.000000 2699.081787 0.000000 0.984879 0.000000 0.173244 0.782264 0.782264 0.782264
7575.086426 0.000000 2688.212646 0.000000 0.061682 0.000000 0.998096 0.646287 0.646287 0.646287
7571.760254 0.000000 2698.054932 0.000000 0.943268 0.000000 0.332032 0.765525 0.765525 0.765525
7571.550781 0.000000 2687.909424 0.000000 0.994984 0.000000 -0.100031 0.810206 0.810206 0.810206
7567.044434 0.000000 2697.840576 0.000000 0.998267 0.000000 -0.058847 0.805998 0.805998 0.805998
7577.488281 0.000000 2699.113525 0.000000 0.871006 0.000000 -0.491273 0.852310 0.852310 0.852310
7591.502441 0.000000 2696.121826 0.000000 0.558810 0.000000 0.829296 0.700397 0.700397 0.700397
7590.059082 0.000000 2697.983398 0.000000 0.898071 0.000000 -0.439850 0.846390 0.846390 0.846390
7588.959473 0.000000 2695.513672 0.000000 0.248095 0.000000 -0.968736 0.934463 0.934463 0.934463
7585.576660 0.000000 2701.023438 0.000000 0.875658 0.000000 -0.482931 0.851337 0.851337 0.851337
7588.103027 0.000000 2694.267822 0.000000 0.618531 0.000000 0.785761 0.707927 0.707927 0.707927
7583.198730 0.000000 2701.012939 0.000000 0.065901 0.000000 -0.997826 0.953283 0.953283 0.953283
7589.415527 0.000000 2694.229004 0.000000 0.409770 0.000000 0.912189 0.683005 0.683005 0.683005
7590.133789 0.000000 2696.458252 0.000000 0.924206 0.000000 -0.381895 0.839913 0.839913 0.839913
7584.527832 0.000000 2700.352783 0.000000 0.837786 0.000000 -0.545999 0.858832 0.858832 0.858832
7591.021973 0.000000 2697.088623 0.000000 0.701637 0.000000 -0.712534 0.880785 0.880785 0.880785
7584.176270 0.000000 2701.203369 0.000000 0.888414 0.000000 -0.459043 0.848578 0.848578 0.848578
7583.426270 0.000000 2701.936768 0.000000 0.801764 0.000000 -0.597641 0.865246 0.865246 0.865246
7562.021973 0.000000 2770.573486 0.000000 0.084682 0.000000 0.996408 0.648636 0.648636 0.648636
7554.675293 0.000000 2774.216553 0.000000 0.984589 0.000000 -0.174883 0.817905 0.817905 0.817905
7563.583496 0.000000 2771.651611 0.000000 0.067245 0.000000 -0.997737 0.953145 0.953145 0.953145
7551.139648 0.000000 2774.362549 0.000000 0.978468 0.000000 0.206398 0.778824 0.778824 0.778824
7551.218262 0.000000 2775.980713 0.000000 0.898326 0.000000 0.439330 0.753669 0.753669 0.753669
7563.364746 0.000000 2770.266602 0.000000 0.486096 0.000000 -0.873905 0.908294 0.908294 0.908294
7562.258789 0.000000 2771.866699 0.000000 0.835229 0.000000 0.549902 0.740693 0.740693 0.740693
7554.816895 0.000000 2775.349365 0.000000 0.504545 0.000000 -0.863385 0.906131 0.906131 0.906131
7551.779785 0.000000 2775.159912 0.000000 0.385845 0.000000 0.922564 0.680349 0.680349 0.680349
7562.812988 0.000000 2771.107422 0.000000 0.862978 0.000000 0.505241 0.746049 0.746049 0.746049
7721.541992 0.000000 2620.890381 0.000000 0.730106 0.000000 -0.683333 0.876630 0.876630 0.876630
7720.109375 0.000000 2621.616699 0.000000 0.930894 0.000000 0.365289 0.761910 0.761910 0.761910
7720.454102 0.000000 2620.537354 0.000000 0.990789 0.000000 0.135412 0.786165 0.786165 0.786165
7708.704590 0.000000 2628.182373 0.000000 0.161932 0.000000 -0.986802 0.943433 0.943433 0.943433
7709.418945 0.000000 2629.761719 0.000000 0.851899 0.000000 -0.523706 0.856144 0.856144 0.856144
7709.676758 0.000000 2628.202148 0.000000 0.867427 0.000000 -0.497565 0.853047 0.853047 0.853047
7718.399414 0.000000 2624.112793 0.000000 0.868513 0.000000 0.495666 0.747176 0.747176 0.747176
7728.789062 0.000000 2629.884033 0.000000 0.958914 0.000000 -0.283698 0.829300 0.829300 0.829300
7713.096191 0.000000 2633.289307 0.000000 0.650377 0.000000 -0.759612 0.887876 0.887876 0.887876
7720.968750 0.000000 2630.388428 0.000000 0.622023 0.000000 -0.782999 0.891620 0.891620 0.891620
7728.043945 0.000000 2628.044922 0.000000 0.991224 0.000000 0.132196 0.786495 0.786495 0.786495
7729.872070 0.000000 2628.481689 0.000000 0.942342 0.000000 0.334652 0.765242 0.765242 0.765242
7719.516602 0.000000 2634.099121 0.000000 0.113684 0.000000 -0.993517 0.948395 0.948395 0.948395
7721.421875 0.000000 2626.755615 0.000000 0.376718 0.000000 0.926328 0.679343 0.679343 0.679343
7718.946777 0.000000 2625.495605 0.000000 0.094688 0.000000 0.995507 0.649659 0.649659 0.649659
7719.960938 0.000000 2624.697021 0.000000 0.907141 0.000000 0.420827 0.755757 0.755757 0.755757
7720.608398 0.000000 2631.556152 0.000000 0.888743 0.000000 0.458407 0.751495 0.751495 0.751495
7719.080078 0.000000 2635.210205 0.000000 0.998055 0.000000 0.062337 0.793646 0.793646 0.793646
7728.830566 0.000000 2628.780762 0.000000 0.428389 0.000000 0.903594 0.685094 0.685094 0.685094
7729.781738 0.000000 2629.509766 0.000000 0.856935 0.000000 -0.515425 0.855157 0.855157 0.855157
7713.720703 0.000000 2632.561279 0.000000 0.473560 0.000000 0.880762 0.690250 0.690250 0.690250
7712.214355 0.000000 2633.561279 0.000000 0.992894 0.000000 -0.119002 0.812150 0.812150 0.812150
7721.538086 0.000000 2631.445801 0.000000 0.992565 0.000000 -0.121715 0.812429 0.812429 0.812429
6210.120605 0.000000 3133.123047 0.000000 0.910151 0.000000 -0.414276 0.843509 0.843509 0.843509
6227.659668 0.000000 3133.709717 0.000000 0.708353 0.000000 0.705858 0.720180 0.720180 0.720180
6219.201172 0.000000 3125.431885 0.000000 0.926522 0.000000 0.376242 0.760709 0.760709 0.760709
6225.184082 0.000000 3117.309814 0.000000 0.997611 0.000000 0.069085 0.792957 0.792957 0.792957
6222.217285 0.000000 3127.340088 0.000000 0.290994 0.000000 0.956725 0.670076 0.670076 0.670076
6220.862305 0.000000 3124.658447 0.000000 0.717417 0.000000 0.696644 0.721496 0.721496 0.721496
6228.638672 0.000000 3124.963623 0.000000 0.966325 0.000000 0.257326 0.773491 0.773491 0.773491
6224.017578 0.000000 3117.895264 0.000000 0.250528 0.000000 -0.968109 0.934207 0.934207 0.934207
6226.784180 0.000000 3132.840088 0.000000 0.967542 0.000000 0.252709 0.773977 0.773977 0.773977
6211.690430 0.000000 3133.638184 0.000000 0.672826 0.000000 0.739801 0.715174 0.715174 0.715174
6223.339355 0.000000 3127.474609 0.000000 0.337522 0.000000 0.941318 0.675068 0.675068 0.675068
6211.198242 0.000000 3132.589355 0.000000 0.892260 0.000000 -0.451522 0.847718 0.847718 0.847718
6224.866699 0.000000 3116.196045 0.000000 0.000943 0.000000 1.000000 0.640096 0.640096 0.640096
6227.934082 0.000000 3132.636230 0.000000 0.777676 0.000000 -0.628666 0.869248 0.869248 0.869248
6221.803711 0.000000 3125.587402 0.000000 0.621592 0.000000 -0.783341 0.891676 0.891676 0.891676
6220.234863 0.000000 3125.471924 0.000000 0.913153 0.000000 0.407617 0.757235 0.757235 0.757235
6219.753418 0.000000 3124.585693 0.000000 0.065209 0.000000 -0.997872 0.953353 0.953353 0.953353
6224.240723 0.000000 3116.964600 0.000000 0.301916 0.000000 -0.953334 0.928760 0.928760 0.928760
6218.575684 0.000000 3124.718750 0.000000 0.135693 0.000000 0.990751 0.653864 0.653864 0.653864
6223.522949 0.000000 3126.552979 0.000000 0.969634 0.000000 -0.244559 0.825166 0.825166 0.825166
6242.116699 0.000000 3133.123047 0.000000 0.565207 0.000000 0.824949 0.701185 0.701185 0.701185
6240.626953 0.000000 3133.386719 0.000000 0.774993 0.000000 -0.631969 0.869681 0.869681 0.869681
6243.686523 0.000000 3133.638184 0.000000 0.286946 0.000000 -0.957947 0.930355 0.930355 0.930355
6243.194336 0.000000 3132.589355 0.000000 0.770347 0.000000 -0.637625 0.870427 0.870427 0.870427
6241.487793 0.000000 3133.859131 0.000000 0.220278 0.000000 0.975437 0.662623 0.662623 0.662623
6241.273926 0.000000 3132.738770 0.000000 0.990435 0.000000 0.137980 0.785901 0.785901 0.785901
6237.122559 0.000000 3148.799805 0.000000 0.548375 0.000000 -0.836232 0.900879 0.900879 0.900879
6221.631348 0.000000 3155.279053 0.000000 0.847965 0.000000 -0.530052 0.856905 0.856905 0.856905
6229.346191 0.000000 3152.829102 0.000000 0.988330 0.000000 -0.152331 0.815577 0.815577 0.815577
6227.212402 0.000000 3159.950928 0.000000 0.911257 0.000000 0.411839 0.756764 0.756764 0.756764
6227.288086 0.000000 3156.422852 0.000000 0.989454 0.000000 -0.144849 0.814806 0.814806 0.814806
6223.788574 0.000000 3147.970459 0.000000 0.993366 0.000000 0.114995 0.788261 0.788261 0.788261
6225.036621 0.000000 3156.702637 0.000000 0.946613 0.000000 0.322371 0.766566 0.766566 0.766566
6233.333984 0.000000 3155.271973 0.000000 0.935418 0.000000 -0.353542 0.836807 0.836807 0.836807
6227.326172 0.000000 3158.038818 0.000000 0.437022 0.000000 -0.899451 0.913931 0.913931 0.913931
6231.192383 0.000000 3138.925537 0.000000 0.533880 0.000000 0.845560 0.697365 0.697365 0.697365
6223.061523 0.000000 3146.633545 0.000000 0.256107 0.000000 -0.966649 0.933619 0.933619 0.933619
6232.277344 0.000000 3154.573730 0.000000 0.051722 0.000000 0.998662 0.645271 0.645271 0.645271
6226.257324 0.000000 3157.047119 0.000000 0.998189 0.000000 -0.060154 0.806131 0.806131 0.806131
6228.621582 0.000000 3153.819580 0.000000 0.999374 0.000000 0.035372 0.796396 0.796396 0.796396
6226.160156 0.000000 3159.344238 0.000000 0.373591 0.000000 -0.927593 0.921000 0.921000 0.921000
6220.671387 0.000000 3154.534912 0.000000 0.993341 0.000000 -0.115214 0.811762 0.811762 0.811762
6237.688965 0.000000 3149.827393 0.000000 0.484896 0.000000 0.874572 0.691566 0.691566 0.691566
6224.003418 0.000000 3157.348145 0.000000 0.963911 0.000000 0.266224 0.772552 0.772552 0.772552
6225.895508 0.000000 3156.013672 0.000000 0.281246 0.000000 -0.959636 0.930961 0.930961 0.930961
6236.058594 0.000000 3148.500488 0.000000 0.016336 0.000000 0.999867 0.641664 0.641664 0.641664
6236.344727 0.000000 3149.537109 0.000000 0.991807 0.000000 -0.127747 0.813048 0.813048 0.813048
6224.845215 0.000000 3157.947021 0.000000 0.993444 0.000000 0.114317 0.788330 0.788330 0.788330
6222.816406 0.000000 3147.692627 0.000000 0.744764 0.000000 0.667328 0.725580 0.725580 0.725580
6220.734375 0.000000 3155.617676 0.000000 0.800910 0.000000 0.598785 0.734608 0.734608 0.734608
6222.036133 0.000000 3146.299561 0.000000 0.952605 0.000000 -0.304210 0.831486 0.831486 0.831486
6226.973633 0.000000 3158.919189 0.000000 0.342595 0.000000 -0.939483 0.924382 0.924382 0.924382
6231.679199 0.000000 3138.102295 0.000000 0.275243 0.000000 -0.961375 0.931597 0.931597 0.931597
6227.768066 0.000000 3157.241455 0.000000 0.407763 0.000000 -0.913088 0.917219 0.917219 0.917219
6229.860352 0.000000 3152.067627 0.000000 0.821599 0.000000 0.570066 0.738214 0.738214 0.738214
6243.204590 0.000000 3149.793945 0.000000 0.387547 0.000000 -0.921850 0.919463 0.919463 0.919463
6240.479004 0.000000 3149.991699 0.000000 0.814520 0.000000 0.580136 0.736960 0.736960 0.736960
6242.020508 0.000000 3151.434570 0.000000 0.920437 0.000000 -0.390890 0.840907 0.840907 0.840907
6244.654785 0.000000 3138.823242 0.000000 0.975037 0.000000 0.222042 0.777193 0.777193 0.777193
6241.740723 0.000000 3148.914062 0.000000 0.914738 0.000000 0.404047 0.757633 0.757633 0.757633
6243.430664 0.000000 3148.332031 0.000000 0.741109 0.000000 0.671385 0.725024 0.725024 0.725024
6240.691895 0.000000 3148.243408 0.000000 0.955205 0.000000 -0.295943 0.830603 0.830603 0.830603
6243.109375 0.000000 3151.018066 0.000000 0.465874 0.000000 -0.884851 0.910637 0.910637 0.910637
6245.546387 0.000000 3139.297607 0.000000 0.836925 0.000000 -0.547317 0.858992 0.858992 0.858992
6243.998535 0.000000 3149.187744 0.000000 0.766300 0.000000 0.642483 0.728929 0.728929 0.728929
6245.630371 0.000000 3138.354980 0.000000 0.940915 0.000000 0.338643 0.764810 0.764810 0.764810
6242.702637 0.000000 3148.989990 0.000000 0.998871 0.000000 -0.047501 0.804840 0.804840 0.804840
6240.340332 0.000000 3149.093994 0.000000 0.756140 0.000000 -0.654410 0.872667 0.872667 0.872667
6283.595215 0.000000 3078.278320 0.000000 0.175144 0.000000 -0.984543 0.942067 0.942067 0.942067
6287.470703 0.000000 3074.125977 0.000000 0.394906 0.000000 -0.918722 0.918649 0.918649 0.918649
6284.521973 0.000000 3079.991699 0.000000 0.778117 0.000000 -0.628119 0.869176 0.869176 0.869176
6279.958008 0.000000 3095.809570 0.000000 0.101945 0.000000 0.994790 0.650402 0.650402 0.650402
6276.981445 0.000000 3085.325195 0.000000 0.723118 0.000000 -0.690725 0.877667 0.877667 0.877667
6282.702637 0.000000 3088.935547 0.000000 0.882726 0.000000 0.469888 0.750174 0.750174 0.750174
6278.647461 0.000000 3094.154785 0.000000 0.400983 0.000000 0.916086 0.682026 0.682026 0.682026
6286.795898 0.000000 3075.483154 0.000000 0.080723 0.000000 -0.996737 0.951769 0.951769 0.951769
6278.050781 0.000000 3083.360107 0.000000 0.766198 0.000000 -0.642605 0.871087 0.871087 0.871087
6289.048828 0.000000 3079.095215 0.000000 0.931139 0.000000 0.364665 0.761979 0.761979 0.761979
6282.350586 0.000000 3078.660156 0.000000 0.860331 0.000000 0.509736 0.745518 0.745518 0.745518
6283.353516 0.000000 3079.424561 0.000000 0.058133 0.000000 -0.998309 0.954075 0.954075 0.954075
6279.255859 0.000000 3083.100830 0.000000 0.891708 0.000000 -0.452612 0.847842 0.847842 0.847842
6284.616699 0.000000 3078.856445 0.000000 0.838417 0.000000 -0.545029 0.858714 0.858714 0.858714
6279.005371 0.000000 3095.215576 0.000000 0.387306 0.000000 -0.921951 0.919490 0.919490 0.919490
6279.867188 0.000000 3094.708984 0.000000 0.792816 0.000000 0.609461 0.733244 0.733244 0.733244
6285.627930 0.000000 3078.838135 0.000000 0.199616 0.000000 -0.979874 0.939530 0.939530 0.939530
6286.318359 0.000000 3074.695312 0.000000 0.999134 0.000000 -0.041597 0.804238 0.804238 0.804238
6277.183105 0.000000 3084.439453 0.000000 0.755859 0.000000 -0.654734 0.872710 0.872710 0.872710
6287.617188 0.000000 3075.113525 0.000000 0.772164 0.000000 0.635423 0.729864 0.729864 0.729864
6700.430176 0.000000 3261.755127 0.000000 0.997890 0.000000 0.064924 0.793382 0.793382 0.793382
6715.810547 0.000000 3262.109131 0.000000 0.490125 0.000000 0.871652 0.692176 0.692176 0.692176
6701.457031 0.000000 3260.492188 0.000000 0.284649 0.000000 0.958632 0.669401 0.669401 0.669401
6700.263672 0.000000 3260.134277 0.000000 0.093206 0.000000 -0.995647 0.950492 0.950492 0.950492
6714.950195 0.000000 3262.852539 0.000000 0.254008 0.000000 -0.967202 0.933840 0.933840 0.933840
6701.357422 0.000000 3261.717773 0.000000 0.824531 0.000000 0.565817 0.738739 0.738739 0.738739
6714.710449 0.000000 3263.579346 0.000000 0.971329 0.000000 0.237740 0.775550 0.775550 0.775550
7005.778809 0.000000 3071.434326 0.000000 0.518907 0.000000 0.854831 0.695572 0.695572 0.695572
7002.412598 0.000000 3073.703613 0.000000 0.157266 0.000000 -0.987556 0.943914 0.943914 0.943914
7004.094727 0.000000 3071.360352 0.000000 0.896131 0.000000 -0.443790 0.846837 0.846837 0.846837
7003.136230 0.000000 3072.687744 0.000000 0.928894 0.000000 0.370346 0.761357 0.761357 0.761357
7006.702637 0.000000 3071.974121 0.000000 0.036844 0.000000 0.999321 0.643754 0.643754 0.643754
7003.590332 0.000000 3073.499268 0.000000 0.412601 0.000000 0.910912 0.683321 0.683321 0.683321
7021.328613 0.000000 3075.082275 0.000000 0.592725 0.000000 0.805405 0.704623 0.704623 0.704623
7019.299316 0.000000 3071.260254 0.000000 0.483701 0.000000 0.875233 0.691426 0.691426 0.691426
7014.645508 0.000000 3077.534668 0.000000 0.891308 0.000000 0.453398 0.752068 0.752068 0.752068
7020.232910 0.000000 3073.150391 0.000000 0.961147 0.000000 0.276037 0.771513 0.771513 0.771513
7007.416016 0.000000 3071.389160 0.000000 0.908881 0.000000 -0.417056 0.843820 0.843820 0.843820
7015.309082 0.000000 3076.044434 0.000000 0.490227 0.000000 0.871595 0.692188 0.692188 0.692188
7021.933594 0.000000 3073.785400 0.000000 0.054042 0.000000 0.998539 0.645507 0.645507 0.645507
7020.163574 0.000000 3074.480957 0.000000 0.885810 0.000000 0.464048 0.750847 0.750847 0.750847
7020.082031 0.000000 3072.023682 0.000000 0.469727 0.000000 0.882812 0.689807 0.689807 0.689807
7021.032227 0.000000 3072.501709 0.000000 0.457549 0.000000 0.889185 0.688407 0.688407 0.688407
7020.360840 0.000000 3075.511475 0.000000 0.125503 0.000000 0.992093 0.652817 0.652817 0.652817
7020.967773 0.000000 3073.909912 0.000000 0.726124 0.000000 0.687564 0.722778 0.722778 0.722778
7018.452148 0.000000 3071.482422 0.000000 0.997482 0.000000 -0.070916 0.807229 0.807229 0.807229
7020.714355 0.000000 3352.196777 0.000000 0.328137 0.000000 -0.944630 0.925945 0.925945 0.925945
7014.662109 0.000000 3345.330566 0.000000 0.508347 0.000000 0.861152 0.694318 0.694318 0.694318
7010.893066 0.000000 3345.175049 0.000000 0.454865 0.000000 0.890560 0.688100 0.688100 0.688100
7019.103516 0.000000 3349.377197 0.000000 0.334498 0.000000 0.942396 0.674741 0.674741 0.674741
7016.290039 0.000000 3347.613037 0.000000 0.915927 0.000000 0.401346 0.757934 0.757934 0.757934
7015.868164 0.000000 3351.747070 0.000000 0.170940 0.000000 0.985281 0.657498 0.657498 0.657498
7024.938965 0.000000 3348.655762 0.000000 0.994036 0.000000 -0.109056 0.811131 0.811131 0.811131
7019.508301 0.000000 3350.997314 0.000000 0.960434 0.000000 0.278507 0.771251 0.771251 0.771251
7016.241699 0.000000 3346.005127 0.000000 0.730166 0.000000 0.683270 0.723378 0.723378 0.723378
7014.557617 0.000000 3350.092285 0.000000 0.448993 0.000000 0.893535 0.687430 0.687430 0.687430
7018.054688 0.000000 3350.074707 0.000000 0.721778 0.000000 0.692124 0.722136 0.722136 0.722136
7015.730469 0.000000 3344.854004 0.000000 0.125564 0.000000 -0.992086 0.947176 0.947176 0.947176
7014.915527 0.000000 3351.153076 0.000000 0.349818 0.000000 0.936818 0.676402 0.676402 0.676402
7021.037598 0.000000 3353.921875 0.000000 0.741429 0.000000 0.671031 0.725073 0.725073 0.725073
7011.078613 0.000000 3344.111084 0.000000 0.713132 0.000000 0.701030 0.720872 0.720872 0.720872
7017.306641 0.000000 3347.222656 0.000000 0.989721 0.000000 0.143015 0.785383 0.785383 0.785383
7010.112793 0.000000 3344.477051 0.000000 0.416028 0.000000 0.909352 0.683705 0.683705 0.683705
7024.747559 0.000000 3349.900146 0.000000 0.989601 0.000000 0.143839 0.785298 0.785298 0.785298
7019.655762 0.000000 3348.531006 0.000000 0.778379 0.000000 0.627795 0.730866 0.730866 0.730866
7011.757812 0.000000 3345.818848 0.000000 0.608722 0.000000 0.793383 0.706662 0.706662 0.706662
7021.316895 0.000000 3352.974854 0.000000 0.140784 0.000000 0.990040 0.654388 0.654388 0.654388
7018.478027 0.000000 3348.664062 0.000000 0.987197 0.000000 0.159504 0.783683 0.783683 0.783683
7015.777344 0.000000 3350.646484 0.000000 0.342429 0.000000 0.939544 0.675600 0.675600 0.675600
7021.617676 0.000000 3352.088135 0.000000 0.815542 0.000000 0.578699 0.737139 0.737139 0.737139
6270.463379 0.000000 3614.549072 0.000000 0.913533 0.000000 0.406764 0.757330 0.757330 0.757330
6270.792480 0.000000 3615.841309 0.000000 0.850477 0.000000 -0.526012 0.856420 0.856420 0.856420
6271.521484 0.000000 3614.476318 0.000000 0.997036 0.000000 0.076938 0.792155 0.792155 0.792155
6271.505859 0.000000 3615.256348 0.000000 0.677890 0.000000 0.735163 0.715874 0.715874 0.715874
6325.385742 0.000000 3635.558105 0.000000 0.813520 0.000000 0.581537 0.736785 0.736785 0.736785
6321.217773 0.000000 3634.892578 0.000000 0.126247 0.000000 -0.991999 0.947106 0.947106 0.947106
6315.189453 0.000000 3637.306885 0.000000 0.881614 0.000000 0.471972 0.749934 0.749934 0.749934
6314.195312 0.000000 3641.583984 0.000000 0.926173 0.000000 -0.377099 0.839385 0.839385 0.839385
6319.736816 0.000000 3640.386719 0.000000 0.981686 0.000000 -0.190506 0.819524 0.819524 0.819524
6330.848145 0.000000 3635.635010 0.000000 0.277010 0.000000 0.960867 0.668590 0.668590 0.668590
6324.087891 0.000000 3630.468506 0.000000 0.578616 0.000000 0.815600 0.702850 0.702850 0.702850
6323.276367 0.000000 3636.305664 0.000000 0.330785 0.000000 0.943706 0.674340 0.674340 0.674340
6318.177734 0.000000 3641.528320 0.000000 0.354742 0.000000 0.934964 0.676938 0.676938 0.676938
6316.976074 0.000000 3638.065918 0.000000 0.075774 0.000000 0.997125 0.647726 0.647726 0.647726
6324.379395 0.000000 3641.372559 0.000000 0.175643 0.000000 -0.984454 0.942016 0.942016 0.942016
6332.585449 0.000000 3634.739258 0.000000 0.988176 0.000000 -0.153324 0.815679 0.815679 0.815679
6315.618164 0.000000 3627.397705 0.000000 0.633092 0.000000 -0.774076 0.890171 0.890171 0.890171
6326.152344 0.000000 3637.007568 0.000000 0.421062 0.000000 0.907032 0.684270 0.684270 0.684270
6329.322266 0.000000 3635.154785 0.000000 0.978217 0.000000 -0.207586 0.821299 0.821299 0.821299
6325.777832 0.000000 3634.114746 0.000000 0.509147 0.000000 0.860680 0.694412 0.694412 0.694412
6323.314453 0.000000 3637.921631 0.000000 0.660054 0.000000 -0.751218 0.886571 0.886571 0.886571
6325.397949 0.000000 3631.160400 0.000000 0.611942 0.000000 -0.790902 0.892924 0.892924 0.892924
6315.139648 0.000000 3640.322998 0.000000 0.420733 0.000000 0.907185 0.684233 0.684233 0.684233
6327.939453 0.000000 3637.153564 0.000000 0.655463 0.000000 0.755228 0.712808 0.712808 0.712808
6314.418945 0.000000 3626.613770 0.000000 0.999582 0.000000 0.028895 0.797056 0.797056 0.797056
6325.759277 0.000000 3641.941650 0.000000 0.236525 0.000000 -0.971625 0.935677 0.935677 0.935677
6326.847168 0.000000 3628.890625 0.000000 0.128971 0.000000 -0.991648 0.946826 0.946826 0.946826
6324.133301 0.000000 3635.358398 0.000000 0.877055 0.000000 0.480391 0.748958 0.748958 0.748958
6332.166992 0.000000 3635.951416 0.000000 0.830514 0.000000 -0.556997 0.860175 0.860175 0.860175
6328.265625 0.000000 3634.456543 0.000000 0.958767 0.000000 0.284193 0.770648 0.770648 0.770648
6333.655762 0.000000 3635.402832 0.000000 0.786743 0.000000 -0.617280 0.867765 0.867765 0.867765
6322.245605 0.000000 3636.929932 0.000000 0.140819 0.000000 0.990035 0.654392 0.654392 0.654392
6320.185059 0.000000 3634.318359 0.000000 0.173607 0.000000 0.984815 0.657774 0.657774 0.657774
6318.576660 0.000000 3640.423340 0.000000 0.994287 0.000000 0.106739 0.789107 0.789107 0.789107
6319.330566 0.000000 3641.460693 0.000000 0.220249 0.000000 0.975444 0.662620 0.662620 0.662620
6321.883789 0.000000 3635.896484 0.000000 0.996521 0.000000 -0.083342 0.808499 0.808499 0.808499
6331.449707 0.000000 3634.757568 0.000000 0.961577 0.000000 0.274534 0.771672 0.771672 0.771672
6316.650879 0.000000 3639.064209 0.000000 0.240136 0.000000 0.970739 0.664701 0.664701 0.664701
6320.498047 0.000000 3635.660889 0.000000 0.175879 0.000000 -0.984412 0.941991 0.941991 0.941991
6326.871582 0.000000 3636.168701 0.000000 0.641679 0.000000 -0.766973 0.889036 0.889036 0.889036
6324.419434 0.000000 3631.522949 0.000000 0.934260 0.000000 0.356592 0.762860 0.762860 0.762860
6325.073730 0.000000 3630.166016 0.000000 0.773493 0.000000 -0.633805 0.869923 0.869923 0.869923
6325.316895 0.000000 3640.981934 0.000000 0.923811 0.000000 0.382850 0.759982 0.759982 0.759982
6315.741699 0.000000 3636.460693 0.000000 0.996809 0.000000 0.079827 0.791860 0.791860 0.791860
6330.306641 0.000000 3634.758301 0.000000 0.761004 0.000000 0.648747 0.728094 0.728094 0.728094
6324.936523 0.000000 3634.637451 0.000000 0.718363 0.000000 0.695668 0.721635 0.721635 0.721635
6329.898926 0.000000 3635.938477 0.000000 0.047536 0.000000 -0.998870 0.955156 0.955156 0.955156
6327.475098 0.000000 3629.675781 0.000000 0.294357 0.000000 -0.955696 0.929566 0.929566 0.929566
6314.563965 0.000000 3636.593750 0.000000 0.876459 0.000000 -0.481477 0.851168 0.851168 0.851168
6315.072754 0.000000 3641.901367 0.000000 0.566326 0.000000 -0.824181 0.898677 0.898677 0.898677
6333.525391 0.000000 3634.464355 0.000000 0.419250 0.000000 0.907871 0.684066 0.684066 0.684066
6323.756348 0.000000 3637.124268 0.000000 0.532458 0.000000 -0.846456 0.902806 0.902806 0.902806
6314.734863 0.000000 3627.604492 0.000000 0.724832 0.000000 0.688926 0.722586 0.722586 0.722586
6325.848633 0.000000 3631.950439 0.000000 0.261195 0.000000 -0.965286 0.933083 0.933083 0.933083
6410.606934 0.000000 3614.255615 0.000000 0.998918 0.000000 0.046506 0.795261 0.795261 0.795261
6411.779785 0.000000 3614.713135 0.000000 0.285282 0.000000 0.958444 0.669468 0.669468 0.669468
6422.987793 0.000000 3614.574951 0.000000 0.602894 0.000000 -0.797821 0.894084 0.894084 0.894084
6422.329102 0.000000 3615.449463 0.000000 0.684333 0.000000 0.729169 0.716770 0.716770 0.716770
6411.373535 0.000000 3615.127441 0.000000 0.071078 0.000000 -0.997471 0.952754 0.952754 0.952754
6423.788574 0.000000 3615.140869 0.000000 0.987214 0.000000 -0.159403 0.816306 0.816306 0.816306
6423.227051 0.000000 3615.986084 0.000000 0.741583 0.000000 0.670861 0.725096 0.725096 0.725096
6410.526367 0.000000 3615.349609 0.000000 0.591569 0.000000 -0.806254 0.895523 0.895523 0.895523
6412.790039 0.000000 3674.911865 0.000000 0.980922 0.000000 -0.194403 0.819929 0.819929 0.819929
6402.042480 0.000000 3671.893799 0.000000 0.876011 0.000000 -0.482291 0.851263 0.851263 0.851263
6402.957520 0.000000 3671.130615 0.000000 0.999617 0.000000 0.027687 0.797180 0.797180 0.797180
6413.515625 0.000000 3675.438965 0.000000 0.282436 0.000000 -0.959286 0.930834 0.930834 0.930834
6457.206543 0.000000 3665.588379 0.000000 0.571863 0.000000 -0.820349 0.897991 0.897991 0.897991
6456.744629 0.000000 3648.227295 0.000000 0.570727 0.000000 -0.821140 0.898132 0.898132 0.898132
6457.444336 0.000000 3664.262451 0.000000 0.963983 0.000000 -0.265964 0.827421 0.827421 0.827421
6456.102051 0.000000 3664.790283 0.000000 0.996705 0.000000 0.081114 0.791729 0.791729 0.791729
6457.284180 0.000000 3649.321533 0.000000 0.578596 0.000000 -0.815614 0.897152 0.897152 0.897152
6456.385742 0.000000 3649.372314 0.000000 0.723359 0.000000 -0.690472 0.877631 0.877631 0.877631
6546.104492 0.000000 3646.091797 0.000000 0.786660 0.000000 0.617386 0.732221 0.732221 0.732221
6547.319824 0.000000 3646.630615 0.000000 0.535861 0.000000 0.844306 0.697604 0.697604 0.697604
6552.205078 0.000000 3654.006348 0.000000 0.946499 0.000000 0.322708 0.766530 0.766530 0.766530
6546.848145 0.000000 3647.114014 0.000000 0.140586 0.000000 0.990068 0.654368 0.654368 0.654368
6552.185059 0.000000 3655.358398 0.000000 0.864483 0.000000 0.502662 0.746353 0.746353 0.746353
6553.322754 0.000000 3655.262451 0.000000 0.313265 0.000000 -0.949666 0.927545 0.927545 0.927545
6546.137207 0.000000 3647.867432 0.000000 0.790616 0.000000 -0.612312 0.867123 0.867123 0.867123
6553.077148 0.000000 3654.363037 0.000000 0.453631 0.000000 0.891190 0.687959 0.687959 0.687959
6547.675781 0.000000 3647.675049 0.000000 0.682633 0.000000 0.730762 0.716533 0.716533 0.716533
6561.236816 0.000000 3657.039307 0.000000 0.962573 0.000000 0.271024 0.772044 0.772044 0.772044
6560.119629 0.000000 3656.292236 0.000000 0.904618 0.000000 -0.426222 0.844850 0.844850 0.844850
6561.861328 0.000000 3656.311279 0.000000 0.833448 0.000000 0.552597 0.740364 0.740364 0.740364
6560.354980 0.000000 3657.311279 0.000000 0.853838 0.000000 0.520539 0.744234 0.744234 0.744234
7226.041016 0.000000 3275.730957 0.000000 0.973912 0.000000 -0.226928 0.823318 0.823318 0.823318
7229.224609 0.000000 3274.548584 0.000000 0.642700 0.000000 -0.766118 0.888901 0.888901 0.888901
7230.662598 0.000000 3285.961914 0.000000 0.165073 0.000000 -0.986281 0.943108 0.943108 0.943108
7227.709473 0.000000 3275.333984 0.000000 0.958206 0.000000 -0.286079 0.829553 0.829553 0.829553
7230.518555 0.000000 3284.255859 0.000000 0.876574 0.000000 0.481268 0.748856 0.748856 0.748856
7226.469727 0.000000 3274.475098 0.000000 0.524892 0.000000 -0.851169 0.903714 0.903714 0.903714
7228.828613 0.000000 3275.640625 0.000000 0.439332 0.000000 0.898325 0.686331 0.686331 0.686331
7228.093750 0.000000 3274.248779 0.000000 0.684867 0.000000 -0.728668 0.883155 0.883155 0.883155
7237.794922 0.000000 3278.695312 0.000000 0.304706 0.000000 0.952447 0.671539 0.671539 0.671539
7244.826660 0.000000 3279.022461 0.000000 0.990837 0.000000 0.135062 0.786201 0.786201 0.786201
7236.020996 0.000000 3279.594238 0.000000 0.611938 0.000000 0.790906 0.707075 0.707075 0.707075
7242.702637 0.000000 3277.475098 0.000000 0.804221 0.000000 -0.594331 0.864827 0.864827 0.864827
7236.320312 0.000000 3278.417969 0.000000 0.864711 0.000000 -0.502270 0.853601 0.853601 0.853601
7243.223633 0.000000 3276.522461 0.000000 0.038776 0.000000 -0.999248 0.956049 0.956049 0.956049
7231.124512 0.000000 3285.172119 0.000000 0.823604 0.000000 0.567165 0.738573 0.738573 0.738573
7236.988770 0.000000 3279.295410 0.000000 0.642430 0.000000 0.766345 0.711064 0.711064 0.711064
7245.910645 0.000000 3278.692627 0.000000 0.231064 0.000000 0.972939 0.663751 0.663751 0.663751
7231.288574 0.000000 3284.237061 0.000000 0.956571 0.000000 0.291499 0.769871 0.769871 0.769871
7305.592773 0.000000 3292.726318 0.000000 0.972402 0.000000 0.233312 0.776014 0.776014 0.776014
7317.952148 0.000000 3294.013184 0.000000 0.811384 0.000000 -0.584513 0.863589 0.863589 0.863589
7316.507324 0.000000 3295.163086 0.000000 0.958999 0.000000 0.283408 0.770731 0.770731 0.770731
7304.160156 0.000000 3293.452637 0.000000 0.946931 0.000000 -0.321436 0.833333 0.833333 0.833333
7305.312988 0.000000 3293.953857 0.000000 0.370059 0.000000 0.929008 0.678612 0.678612 0.678612
7304.504883 0.000000 3292.373291 0.000000 0.493904 0.000000 -0.869516 0.907382 0.907382 0.907382
7317.528320 0.000000 3294.903320 0.000000 0.360016 0.000000 0.932946 0.677513 0.677513 0.677513
7309.293457 0.000000 3299.027588 0.000000 0.526529 0.000000 -0.850157 0.903518 0.903518 0.903518
7325.436523 0.000000 3325.378662 0.000000 0.660554 0.000000 0.750779 0.713497 0.713497 0.713497
7315.669434 0.000000 3296.769287 0.000000 0.767678 0.000000 -0.640836 0.870852 0.870852 0.870852
7302.094238 0.000000 3305.834961 0.000000 0.406935 0.000000 0.913457 0.682689 0.682689 0.682689
7317.952148 0.000000 3326.005371 0.000000 0.461505 0.000000 -0.887137 0.911139 0.911139 0.911139
7315.079590 0.000000 3319.911865 0.000000 0.954354 0.000000 -0.298679 0.830895 0.830895 0.830895
7311.345703 0.000000 3298.071289 0.000000 0.336802 0.000000 0.941576 0.674990 0.674990 0.674990
7308.854980 0.000000 3318.144043 0.000000 0.997599 0.000000 0.069248 0.792941 0.792941 0.792941
7310.226074 0.000000 3305.314697 0.000000 0.503293 0.000000 0.864116 0.693721 0.693721 0.693721
7310.258789 0.000000 3326.450195 0.000000 0.378692 0.000000 -0.925523 0.920440 0.920440 0.920440
7316.507324 0.000000 3327.155273 0.000000 0.547554 0.000000 0.836770 0.699021 0.699021 0.699021
7314.010254 0.000000 3297.022705 0.000000 0.713088 0.000000 -0.701074 0.879135 0.879135 0.879135
7312.903809 0.000000 3316.663574 0.000000 0.047867 0.000000 0.998854 0.644878 0.644878 0.644878
7314.010742 0.000000 3326.169922 0.000000 0.992883 0.000000 -0.119091 0.812159 0.812159 0.812159
7304.625488 0.000000 3321.076172 0.000000 0.975697 0.000000 -0.219124 0.822502 0.822502 0.822502
7318.459961 0.000000 3324.574219 0.000000 0.912143 0.000000 -0.409873 0.843017 0.843017 0.843017
7306.532715 0.000000 3296.556152 0.000000 0.996282 0.000000 0.086150 0.791214 0.791214 0.791214
7316.469727 0.000000 3295.464844 0.000000 0.815659 0.000000 -0.578534 0.862840 0.862840 0.862840
7303.567383 0.000000 3305.935059 0.000000 0.751593 0.000000 0.659627 0.726628 0.726628 0.726628
7313.117676 0.000000 3322.976807 0.000000 0.018836 0.000000 0.999823 0.641919 0.641919 0.641919
7310.670898 0.000000 3299.428467 0.000000 0.931926 0.000000 0.362649 0.762199 0.762199 0.762199
7324.211426 0.000000 3324.773926 0.000000 0.985480 0.000000 0.169791 0.782621 0.782621 0.782621
7312.642578 0.000000 3297.721924 0.000000 0.478280 0.000000 0.878207 0.690797 0.690797 0.690797
7302.168945 0.000000 3304.309814 0.000000 0.914515 0.000000 -0.404551 0.842423 0.842423 0.842423
7319.219727 0.000000 3325.591064 0.000000 0.983124 0.000000 0.182938 0.781261 0.781261 0.781261
7312.128906 0.000000 3323.815918 0.000000 0.142532 0.000000 -0.989790 0.945432 0.945432 0.945432
7308.128418 0.000000 3298.426270 0.000000 0.069755 0.000000 0.997564 0.647111 0.647111 0.647111
7326.559082 0.000000 3319.344727 0.000000 0.996209 0.000000 0.086995 0.791128 0.791128 0.791128
7325.403320 0.000000 3324.148193 0.000000 0.831920 0.000000 -0.554895 0.859917 0.859917 0.859917
7310.913574 0.000000 3304.342285 0.000000 0.871884 0.000000 0.489712 0.747873 0.747873 0.747873
7314.027344 0.000000 3319.305176 0.000000 0.187812 0.000000 -0.982205 0.940755 0.940755 0.940755
7305.702637 0.000000 3320.556641 0.000000 0.712944 0.000000 -0.701221 0.879156 0.879156 0.879156
7306.267578 0.000000 3297.688721 0.000000 0.219362 0.000000 0.975644 0.662527 0.662527 0.662527
7303.130859 0.000000 3307.046143 0.000000 0.649291 0.000000 0.760540 0.711979 0.711979 0.711979
7315.878906 0.000000 3319.160400 0.000000 0.866030 0.000000 0.499992 0.746668 0.746668 0.746668
7303.057129 0.000000 3304.940186 0.000000 0.970878 0.000000 0.239574 0.775358 0.775358 0.775358
7315.226074 0.000000 3326.708740 0.000000 0.661175 0.000000 0.750231 0.713582 0.713582 0.713582
7308.529785 0.000000 3319.142334 0.000000 0.998066 0.000000 0.062158 0.793665 0.793665 0.793665
7308.985840 0.000000 3326.683594 0.000000 0.816591 0.000000 0.577217 0.737324 0.737324 0.737324
7311.710449 0.000000 3305.006836 0.000000 0.964728 0.000000 0.263247 0.772866 0.772866 0.772866
7311.541992 0.000000 3326.810791 0.000000 0.659296 0.000000 -0.751884 0.886673 0.886673 0.886673
7314.958496 0.000000 3297.486328 0.000000 0.996515 0.000000 -0.083419 0.808507 0.808507 0.808507
7312.712402 0.000000 3317.907959 0.000000 0.998956 0.000000 0.045680 0.795345 0.795345 0.795345
7307.327637 0.000000 3297.666504 0.000000 0.349886 0.000000 -0.936792 0.923590 0.923590 0.923590
7308.325684 0.000000 3299.456787 0.000000 0.952755 0.000000 0.303741 0.768565 0.768565 0.768565
7313.030762 0.000000 3296.773682 0.000000 0.989218 0.000000 -0.146453 0.814971 0.814971 0.814971
7317.528320 0.000000 3326.895508 0.000000 0.123412 0.000000 -0.992356 0.947397 0.947397 0.947397
7310.193359 0.000000 3298.640625 0.000000 0.954429 0.000000 -0.298439 0.830869 0.830869 0.830869
7314.840820 0.000000 3318.880127 0.000000 0.974150 0.000000 0.225902 0.776789 0.776789 0.776789
7319.224121 0.000000 3324.060547 0.000000 0.219705 0.000000 0.975566 0.662563 0.662563 0.662563
7311.075684 0.000000 3305.692139 0.000000 0.635095 0.000000 -0.772434 0.889907 0.889907 0.889907
7317.310059 0.000000 3295.783936 0.000000 0.746354 0.000000 0.665549 0.725823 0.725823 0.725823
7311.492188 0.000000 3299.058838 0.000000 0.986817 0.000000 0.161841 0.783442 0.783442 0.783442
7324.639160 0.000000 3325.783691 0.000000 0.080179 0.000000 0.996780 0.648176 0.648176 0.648176
7307.395508 0.000000 3296.728027 0.000000 0.615104 0.000000 -0.788446 0.892517 0.892517 0.892517
7334.842773 0.000000 3326.369873 0.000000 0.312711 0.000000 -0.949848 0.927604 0.927604 0.927604
7327.166992 0.000000 3318.229736 0.000000 0.799585 0.000000 -0.600553 0.865617 0.865617 0.865617
7333.874512 0.000000 3322.884033 0.000000 0.462400 0.000000 -0.886671 0.911036 0.911036 0.911036
7331.191406 0.000000 3314.720459 0.000000 0.981036 0.000000 0.193827 0.780131 0.780131 0.780131
7336.621582 0.000000 3321.076172 0.000000 0.453366 0.000000 -0.891324 0.912071 0.912071 0.912071
7327.245605 0.000000 3319.847900 0.000000 0.805689 0.000000 -0.592338 0.864574 0.864574 0.864574
7337.698730 0.000000 3320.556641 0.000000 0.996626 0.000000 -0.082072 0.808369 0.808369 0.808369
7333.062500 0.000000 3323.776367 0.000000 0.933284 0.000000 -0.359140 0.837418 0.837418 0.837418
7332.811523 0.000000 3322.428467 0.000000 0.278163 0.000000 0.960534 0.668712 0.668712 0.668712
7330.907715 0.000000 3315.683838 0.000000 0.996053 0.000000 0.088764 0.790947 0.790947 0.790947
7335.919434 0.000000 3326.391602 0.000000 0.946643 0.000000 0.322285 0.766576 0.766576 0.766576
7327.807129 0.000000 3319.027100 0.000000 0.205021 0.000000 0.978758 0.661032 0.661032 0.661032
7219.538574 0.000000 3389.647217 0.000000 0.603503 0.000000 -0.797361 0.894007 0.894007 0.894007
7220.954102 0.000000 3387.195801 0.000000 0.975821 0.000000 -0.218570 0.822445 0.822445 0.822445
7223.061035 0.000000 3377.744629 0.000000 0.565178 0.000000 -0.824969 0.898818 0.898818 0.898818
7223.960449 0.000000 3390.605957 0.000000 0.956008 0.000000 0.293342 0.769674 0.769674 0.769674
7211.177734 0.000000 3388.735107 0.000000 0.473632 0.000000 0.880723 0.690258 0.690258 0.690258
7221.649902 0.000000 3386.004150 0.000000 0.602293 0.000000 -0.798275 0.894161 0.894161 0.894161
7218.663086 0.000000 3388.777588 0.000000 0.129969 0.000000 -0.991518 0.946724 0.946724 0.946724
7222.278809 0.000000 3376.983398 0.000000 0.286694 0.000000 -0.958022 0.930382 0.930382 0.930382
7221.949707 0.000000 3387.621094 0.000000 0.365911 0.000000 0.930650 0.678158 0.678158 0.678158
7222.890137 0.000000 3390.629639 0.000000 0.848577 0.000000 -0.529072 0.856787 0.856787 0.856787
7219.812988 0.000000 3388.573730 0.000000 0.772635 0.000000 0.634851 0.729940 0.729940 0.729940
7211.346680 0.000000 3389.820801 0.000000 0.240074 0.000000 -0.970755 0.935305 0.935305 0.935305
7210.435059 0.000000 3389.343506 0.000000 0.982939 0.000000 0.183931 0.781158 0.781158 0.781158
7220.519531 0.000000 3386.363281 0.000000 0.999631 0.000000 0.027171 0.797232 0.797232 0.797232
7220.026855 0.000000 3387.181152 0.000000 0.251106 0.000000 0.967959 0.665854 0.665854 0.665854
7223.130859 0.000000 3376.688477 0.000000 0.366856 0.000000 0.930278 0.678261 0.678261 0.678261
7212.690918 0.000000 3416.181152 0.000000 0.998077 0.000000 0.061988 0.793682 0.793682 0.793682
7213.510254 0.000000 3411.216553 0.000000 0.806804 0.000000 -0.590819 0.864382 0.864382 0.864382
7222.231445 0.000000 3391.504150 0.000000 0.857115 0.000000 0.515125 0.744879 0.744879 0.744879
7221.276367 0.000000 3411.612793 0.000000 0.016009 0.000000 -0.999872 0.958369 0.958369 0.958369
7219.293945 0.000000 3403.923096 0.000000 0.310042 0.000000 -0.950723 0.927890 0.927890 0.927890
7225.926758 0.000000 3406.331299 0.000000 0.274801 0.000000 0.961501 0.668356 0.668356 0.668356
7220.954102 0.000000 3419.187988 0.000000 0.512463 0.000000 0.858709 0.694805 0.694805 0.694805
7219.359863 0.000000 3410.181641 0.000000 0.759369 0.000000 -0.650660 0.872162 0.872162 0.872162
7214.591309 0.000000 3396.992920 0.000000 0.999154 0.000000 -0.041119 0.804190 0.804190 0.804190
7224.165527 0.000000 3407.591064 0.000000 0.691042 0.000000 -0.722815 0.882289 0.882289 0.882289
7225.882812 0.000000 3422.258301 0.000000 0.141905 0.000000 0.989880 0.654503 0.654503 0.654503
7212.866699 0.000000 3414.120605 0.000000 0.961934 0.000000 0.273282 0.771805 0.771805 0.771805
7215.667480 0.000000 3403.907959 0.000000 0.934575 0.000000 0.355767 0.762950 0.762950 0.762950
7217.508301 0.000000 3403.362793 0.000000 0.535344 0.000000 -0.844634 0.902458 0.902458 0.902458
7216.645508 0.000000 3409.305420 0.000000 0.909763 0.000000 0.415128 0.756396 0.756396 0.756396
7209.444824 0.000000 3412.858887 0.000000 0.182440 0.000000 -0.983217 0.941312 0.941312 0.941312
7221.668457 0.000000 3410.169434 0.000000 0.111202 0.000000 -0.993798 0.948650 0.948650 0.948650
7211.177734 0.000000 3420.727295 0.000000 0.074221 0.000000 -0.997242 0.952433 0.952433 0.952433
7223.690918 0.000000 3391.195557 0.000000 0.985117 0.000000 -0.171887 0.817596 0.817596 0.817596
7214.940430 0.000000 3402.571045 0.000000 0.001791 0.000000 0.999998 0.640182 0.640182 0.640182
7218.447266 0.000000 3411.092285 0.000000 0.848195 0.000000 -0.529684 0.856861 0.856861 0.856861
7220.023926 0.000000 3411.413086 0.000000 0.764440 0.000000 0.644695 0.728635 0.728635 0.728635
7213.524902 0.000000 3400.310059 0.000000 0.391407 0.000000 0.920218 0.680964 0.680964 0.680964
7212.550293 0.000000 3410.472412 0.000000 0.979198 0.000000 -0.202909 0.820813 0.820813 0.820813
7216.904785 0.000000 3408.109131 0.000000 0.085559 0.000000 -0.996333 0.951274 0.951274 0.951274
7215.765137 0.000000 3397.054443 0.000000 0.456856 0.000000 -0.889541 0.911672 0.911672 0.911672
7219.454102 0.000000 3402.807373 0.000000 0.935926 0.000000 0.352197 0.763339 0.763339 0.763339
7216.440918 0.000000 3403.025146 0.000000 0.572136 0.000000 -0.820159 0.897957 0.897957 0.897957
7225.260742 0.000000 3407.206299 0.000000 0.985744 0.000000 -0.168249 0.817220 0.817220 0.817220
7213.014160 0.000000 3417.906250 0.000000 0.972487 0.000000 0.232959 0.776051 0.776051 0.776051
7221.949707 0.000000 3419.613281 0.000000 0.839065 0.000000 0.544030 0.741407 0.741407 0.741407
7212.430664 0.000000 3401.045410 0.000000 0.372029 0.000000 -0.928221 0.921172 0.921172 0.921172
7212.541504 0.000000 3415.118896 0.000000 0.802150 0.000000 0.597123 0.734819 0.734819 0.734819
7218.409180 0.000000 3402.909912 0.000000 0.166930 0.000000 0.985969 0.657083 0.657083 0.657083
7214.695312 0.000000 3403.630127 0.000000 0.790949 0.000000 0.611882 0.732932 0.732932 0.732932
7208.449707 0.000000 3412.739014 0.000000 0.445121 0.000000 -0.895470 0.913011 0.913011 0.913011
7209.076660 0.000000 3413.800537 0.000000 0.260580 0.000000 0.965452 0.666852 0.666852 0.666852
7217.567871 0.000000 3402.328857 0.000000 0.375010 0.000000 -0.927021 0.920845 0.920845 0.920845
7211.346680 0.000000 3421.812988 0.000000 0.212372 0.000000 0.977189 0.661798 0.661798 0.661798
7220.827148 0.000000 3410.692139 0.000000 0.935264 0.000000 -0.353951 0.836852 0.836852 0.836852
7213.293457 0.000000 3416.959229 0.000000 0.928863 0.000000 0.370424 0.761348 0.761348 0.761348
7210.435059 0.000000 3421.335693 0.000000 0.353415 0.000000 0.935467 0.676794 0.676794 0.676794
7220.519531 0.000000 3418.355469 0.000000 0.718399 0.000000 0.695631 0.721640 0.721640 0.721640
7212.613281 0.000000 3411.555176 0.000000 0.905685 0.000000 0.423952 0.755406 0.755406 0.755406
7215.237305 0.000000 3396.281738 0.000000 0.132849 0.000000 0.991136 0.653572 0.653572 0.653572
7220.026855 0.000000 3419.173340 0.000000 0.590672 0.000000 0.806912 0.704364 0.704364 0.704364
7213.594238 0.000000 3416.072510 0.000000 0.987775 0.000000 0.155886 0.784057 0.784057 0.784057
7218.188477 0.000000 3430.606934 0.000000 0.475810 0.000000 0.879548 0.690510 0.690510 0.690510
7219.205566 0.000000 3431.392822 0.000000 0.657720 0.000000 -0.753262 0.886887 0.886887 0.886887
7225.399414 0.000000 3423.213379 0.000000 0.436075 0.000000 0.899910 0.685962 0.685962 0.685962
7242.768555 0.000000 3419.315918 0.000000 0.999443 0.000000 -0.033378 0.803401 0.803401 0.803401
7243.607910 0.000000 3418.633057 0.000000 0.442394 0.000000 0.896821 0.686679 0.686679 0.686679
7242.157715 0.000000 3418.610596 0.000000 0.570716 0.000000 0.821148 0.701867 0.701867 0.701867
7242.604492 0.000000 3438.879883 0.000000 0.959788 0.000000 0.280725 0.771016 0.771016 0.771016
7248.082031 0.000000 3433.959717 0.000000 0.035557 0.000000 -0.999368 0.956378 0.956378 0.956378
7239.132812 0.000000 3436.186035 0.000000 0.998154 0.000000 -0.060736 0.806190 0.806190 0.806190
7232.603516 0.000000 3424.407227 0.000000 0.848621 0.000000 0.529001 0.743221 0.743221 0.743221
7241.936523 0.000000 3436.265137 0.000000 0.101113 0.000000 -0.994875 0.949683 0.949683 0.949683
7238.618164 0.000000 3429.448730 0.000000 0.640985 0.000000 0.767553 0.710872 0.710872 0.710872
7249.960449 0.000000 3432.043945 0.000000 0.885282 0.000000 0.465054 0.750731 0.750731 0.750731
7236.547363 0.000000 3435.603760 0.000000 0.999173 0.000000 -0.040670 0.804144 0.804144 0.804144
7241.090820 0.000000 3433.858643 0.000000 0.935527 0.000000 0.353254 0.763224 0.763224 0.763224
7244.826660 0.000000 3438.983398 0.000000 0.502448 0.000000 0.864608 0.693621 0.693621 0.693621
7236.710938 0.000000 3442.128662 0.000000 0.158774 0.000000 -0.987315 0.943759 0.943759 0.943759
7244.205566 0.000000 3425.064453 0.000000 0.817270 0.000000 -0.576254 0.862556 0.862556 0.862556
7246.233887 0.000000 3433.283447 0.000000 0.804773 0.000000 0.593582 0.735268 0.735268 0.735268
7236.864258 0.000000 3437.239258 0.000000 0.652226 0.000000 -0.758024 0.887627 0.887627 0.887627
7233.904297 0.000000 3425.488525 0.000000 0.062140 0.000000 0.998067 0.646334 0.646334 0.646334
7240.562500 0.000000 3437.012207 0.000000 0.289239 0.000000 0.957257 0.669889 0.669889 0.669889
7237.458008 0.000000 3440.278564 0.000000 0.774151 0.000000 0.633001 0.730183 0.730183 0.730183
7239.012695 0.000000 3437.601807 0.000000 0.411024 0.000000 0.911624 0.683145 0.683145 0.683145
7237.933594 0.000000 3435.274170 0.000000 0.347870 0.000000 0.937543 0.676190 0.676190 0.676190
7236.740234 0.000000 3434.209229 0.000000 0.002354 0.000000 0.999997 0.640240 0.640240 0.640240
7245.906250 0.000000 3425.699463 0.000000 0.736060 0.000000 0.676916 0.724261 0.724261 0.724261
7249.322266 0.000000 3433.382324 0.000000 0.404913 0.000000 -0.914355 0.917537 0.917537 0.917537
7237.115723 0.000000 3443.432129 0.000000 0.678501 0.000000 0.734600 0.715958 0.715958 0.715958
7243.665527 0.000000 3439.746338 0.000000 0.694230 0.000000 -0.719753 0.881838 0.881838 0.881838
7240.682129 0.000000 3432.577393 0.000000 0.111813 0.000000 -0.993729 0.948587 0.948587 0.948587
7236.153809 0.000000 3440.893066 0.000000 0.699575 0.000000 0.714559 0.718921 0.718921 0.718921
7243.710938 0.000000 3438.267822 0.000000 0.988814 0.000000 0.149151 0.784751 0.784751 0.784751
7237.948730 0.000000 3436.584229 0.000000 0.082179 0.000000 -0.996618 0.951620 0.951620 0.951620
7233.998535 0.000000 3424.230957 0.000000 0.267416 0.000000 -0.963581 0.932426 0.932426 0.932426
7246.921387 0.000000 3432.311035 0.000000 0.683014 0.000000 0.730405 0.716586 0.716586 0.716586
7237.871582 0.000000 3442.266602 0.000000 0.995149 0.000000 -0.098384 0.810038 0.810038 0.810038
7237.408203 0.000000 3441.329346 0.000000 0.586035 0.000000 0.810286 0.703780 0.703780 0.703780
7247.718262 0.000000 3432.975586 0.000000 0.714753 0.000000 -0.699377 0.878893 0.878893 0.878893
7245.004883 0.000000 3424.415771 0.000000 0.277671 0.000000 0.960676 0.668660 0.668660 0.668660
7249.005859 0.000000 3432.382324 0.000000 0.220924 0.000000 0.975291 0.662690 0.662690 0.662690
7236.202637 0.000000 3443.003174 0.000000 0.955324 0.000000 0.295560 0.769438 0.769438 0.769438
7242.299805 0.000000 3439.842773 0.000000 0.655813 0.000000 -0.754923 0.887144 0.887144 0.887144
7232.923828 0.000000 3425.343262 0.000000 0.880221 0.000000 -0.474565 0.850366 0.850366 0.850366
7245.910645 0.000000 3438.653564 0.000000 0.617533 0.000000 0.786545 0.707798 0.707798 0.707798
7237.971680 0.000000 3437.698730 0.000000 0.460004 0.000000 0.887917 0.688689 0.688689 0.688689
7244.940430 0.000000 3425.823975 0.000000 0.761228 0.000000 -0.648485 0.871871 0.871871 0.871871
7240.886719 0.000000 3436.129883 0.000000 0.998490 0.000000 0.054940 0.794401 0.794401 0.794401
7247.083496 0.000000 3433.660889 0.000000 0.474293 0.000000 -0.880367 0.909665 0.909665 0.909665
7237.065918 0.000000 3436.353516 0.000000 0.568795 0.000000 0.822479 0.701629 0.701629 0.701629
7241.569336 0.000000 3432.786621 0.000000 0.826937 0.000000 0.562294 0.739174 0.739174 0.739174
7241.466309 0.000000 3437.027832 0.000000 0.972942 0.000000 -0.231051 0.823749 0.823749 0.823749
7232.028809 0.000000 3425.211426 0.000000 0.155349 0.000000 0.987860 0.655888 0.655888 0.655888
7240.008789 0.000000 3436.274658 0.000000 0.936536 0.000000 0.350572 0.763516 0.763516 0.763516
7325.312500 0.000000 3330.348389 0.000000 0.686625 0.000000 0.727012 0.717091 0.717091 0.717091
7315.669434 0.000000 3328.761475 0.000000 0.236742 0.000000 -0.971573 0.935655 0.935655 0.935655
7319.032715 0.000000 3350.437012 0.000000 0.682744 0.000000 -0.730658 0.883452 0.883452 0.883452
7322.373535 0.000000 3329.641113 0.000000 0.833081 0.000000 0.553151 0.740296 0.740296 0.740296
7327.052734 0.000000 3328.926025 0.000000 0.630633 0.000000 -0.776081 0.890495 0.890495 0.890495
7314.754395 0.000000 3327.192139 0.000000 0.914838 0.000000 -0.403820 0.842342 0.842342 0.842342
7314.010254 0.000000 3329.014893 0.000000 0.965163 0.000000 -0.261649 0.826965 0.826965 0.826965
7311.409180 0.000000 3327.265381 0.000000 0.610694 0.000000 -0.791867 0.893085 0.893085 0.893085
7308.858398 0.000000 3327.206543 0.000000 0.601976 0.000000 0.798514 0.705798 0.705798 0.705798
7316.469727 0.000000 3327.457031 0.000000 0.986346 0.000000 -0.164684 0.816851 0.816851 0.816851
7319.059570 0.000000 3330.878662 0.000000 0.752946 0.000000 -0.658082 0.873162 0.873162 0.873162
7319.940430 0.000000 3331.778076 0.000000 0.021345 0.000000 0.999772 0.642174 0.642174 0.642174
7318.925293 0.000000 3351.716553 0.000000 0.217630 0.000000 -0.976031 0.937654 0.937654 0.937654
7323.097168 0.000000 3328.625244 0.000000 0.973009 0.000000 -0.230765 0.823719 0.823719 0.823719
7308.046875 0.000000 3327.961182 0.000000 0.156170 0.000000 0.987730 0.655973 0.655973 0.655973
7314.043457 0.000000 3327.945557 0.000000 0.028722 0.000000 -0.999587 0.957074 0.957074 0.957074
7310.251953 0.000000 3327.223633 0.000000 0.314682 0.000000 0.949197 0.672607 0.672607 0.672607
7314.958496 0.000000 3329.478516 0.000000 0.995635 0.000000 -0.093329 0.809520 0.809520 0.809520
7315.582031 0.000000 3327.753174 0.000000 0.003079 0.000000 0.999995 0.640314 0.640314 0.640314
7319.546387 0.000000 3330.055420 0.000000 0.043607 0.000000 0.999049 0.644443 0.644443 0.644443
7323.551270 0.000000 3329.436768 0.000000 0.154664 0.000000 0.987967 0.655817 0.655817 0.655817
7317.310059 0.000000 3327.776123 0.000000 0.843690 0.000000 0.536830 0.742279 0.742279 0.742279
7334.446289 0.000000 3327.940918 0.000000 0.977677 0.000000 -0.210114 0.821563 0.821563 0.821563
7340.352051 0.000000 3357.731689 0.000000 0.107552 0.000000 0.994199 0.650976 0.650976 0.650976
7331.748535 0.000000 3355.067627 0.000000 0.872352 0.000000 -0.488878 0.852030 0.852030 0.852030
7329.738281 0.000000 3331.187988 0.000000 0.998577 0.000000 0.053326 0.794566 0.794566 0.794566
7328.105469 0.000000 3330.130615 0.000000 0.172217 0.000000 -0.985059 0.942370 0.942370 0.942370
7341.378906 0.000000 3356.468750 0.000000 0.792685 0.000000 -0.609631 0.866778 0.866778 0.866778
7327.149414 0.000000 3328.896240 0.000000 0.987641 0.000000 -0.156731 0.816031 0.816031 0.816031
7330.351074 0.000000 3355.657471 0.000000 0.932276 0.000000 0.361748 0.762298 0.762298 0.762298
7328.540039 0.000000 3331.875977 0.000000 0.865078 0.000000 0.501637 0.746474 0.746474 0.746474
7340.185547 0.000000 3356.110840 0.000000 0.563151 0.000000 -0.826354 0.899068 0.899068 0.899068
7329.085938 0.000000 3330.394043 0.000000 0.966168 0.000000 0.257913 0.773429 0.773429 0.773429
7330.416992 0.000000 3354.615723 0.000000 0.820729 0.000000 -0.571317 0.861942 0.861942 0.861942
7335.218750 0.000000 3327.222656 0.000000 0.999859 0.000000 -0.016772 0.801708 0.801708 0.801708
7341.279297 0.000000 3357.694336 0.000000 0.491353 0.000000 0.870961 0.692319 0.692319 0.692319
7318.756836 0.000000 3364.245117 0.000000 0.973711 0.000000 -0.227785 0.823407 0.823407 0.823407
7320.639160 0.000000 3360.297607 0.000000 0.375505 0.000000 -0.926821 0.920790 0.920790 0.920790
7321.178711 0.000000 3361.391846 0.000000 0.951896 0.000000 0.306421 0.768278 0.768278 0.768278
7319.147949 0.000000 3365.368896 0.000000 0.942314 0.000000 -0.334729 0.834766 0.834766 0.834766
7321.916016 0.000000 3360.525146 0.000000 0.411737 0.000000 0.911303 0.683225 0.683225 0.683225
7318.148926 0.000000 3365.192627 0.000000 0.034234 0.000000 0.999414 0.643488 0.643488 0.643488
7320.280273 0.000000 3361.442627 0.000000 0.972693 0.000000 -0.232095 0.823859 0.823859 0.823859
7335.533691 0.000000 3367.957764 0.000000 0.331482 0.000000 -0.943462 0.925584 0.925584 0.925584
7340.393066 0.000000 3367.921387 0.000000 0.244170 0.000000 -0.969733 0.934875 0.934875 0.934875
7333.425293 0.000000 3361.314941 0.000000 0.999546 0.000000 0.030139 0.796930 0.796930 0.796930
7332.969727 0.000000 3368.771484 0.000000 0.996598 0.000000 0.082412 0.791596 0.791596 0.791596
7334.390137 0.000000 3366.968994 0.000000 0.876745 0.000000 -0.480955 0.851107 0.851107 0.851107
7335.604980 0.000000 3366.444824 0.000000 0.943815 0.000000 0.330473 0.765693 0.765693 0.765693
7340.487793 0.000000 3366.786133 0.000000 0.788247 0.000000 -0.615359 0.867517 0.867517 0.867517
7332.063477 0.000000 3368.303955 0.000000 0.968239 0.000000 0.250025 0.774260 0.774260 0.774260
7332.412109 0.000000 3360.798340 0.000000 0.001447 0.000000 0.999999 0.640147 0.640147 0.640147
7333.521484 0.000000 3360.322266 0.000000 0.688008 0.000000 -0.725703 0.882715 0.882715 0.882715
7332.438965 0.000000 3361.813721 0.000000 0.950949 0.000000 0.309346 0.767965 0.767965 0.767965
7341.499023 0.000000 3366.767822 0.000000 0.987446 0.000000 -0.157958 0.816157 0.816157 0.816157
"}
